budget_id,user_id,income_id,needs_amount,wants_amount,investment_amount,income_amount,budget_limit,source,income_date
BGT01352,USR053,INC06728,3400000.0,2250000.0,1600000.0,7250000.0,5650000.0,salary,2023-01-10 00:38:00
BGT06784,USR016,INC00797,650000.0,400000.0,300000.0,1400000.0,1050000.0,scholarship,2024-05-25 12:49:00
BGT02948,USR013,INC08009,600000.0,350000.0,250000.0,1200000.0,950000.0,scholarship,2023-07-21 06:16:00
BGT03140,USR038,INC06623,2550000.0,1450000.0,950000.0,4950000.0,4000000.0,freelance,2024-04-07 04:12:00
BGT01706,USR026,INC01374,1900000.0,1150000.0,650000.0,3700000.0,3050000.0,freelance,2024-11-20 09:55:00
BGT01104,USR068,INC06927,4350000.0,2700000.0,1650000.0,8700000.0,7050000.0,freelance,2024-04-30 16:24:00
BGT07466,USR040,INC00896,1500000.0,1100000.0,650000.0,3300000.0,2600000.0,freelance,2024-11-29 03:02:00
BGT02716,USR064,INC07291,4700000.0,2550000.0,1300000.0,8550000.0,7250000.0,bonus,2023-03-31 09:31:00
BGT09094,USR013,INC09837,650000.0,500000.0,300000.0,1450000.0,1150000.0,scholarship,2023-06-23 12:06:00
BGT07765,USR059,INC03771,1950000.0,1350000.0,1150000.0,4450000.0,3300000.0,business,2024-09-13 00:58:00
BGT05419,USR050,INC09112,2450000.0,1300000.0,1000000.0,4750000.0,3750000.0,business,2024-03-12 05:21:00
BGT04426,USR042,INC04036,3700000.0,2450000.0,1450000.0,7600000.0,6150000.0,freelance,2024-02-25 04:30:00
BGT07838,USR069,INC04524,3650000.0,1850000.0,1350000.0,6850000.0,5500000.0,freelance,2024-02-15 04:25:00
BGT06692,USR022,INC03399,1700000.0,1050000.0,650000.0,3400000.0,2750000.0,allowance,2023-10-18 08:02:00
BGT03932,USR002,INC02227,600000.0,450000.0,300000.0,135000000.0,1050000.0,part_time,2023-04-04 07:05:00
BGT06756,USR064,INC01568,2500000.0,1500000.0,1000000.0,5050000.0,4000000.0,salary,2023-03-02 15:04:00
BGT08555,USR019,INC08024,1350000.0,850000.0,700000.0,2900000.0,2200000.0,part_time,2024-04-07 04:06:00
BGT07385,USR051,INC09047,1750000.0,1050000.0,700000.0,3500000.0,2800000.0,salary,2023-12-29 11:31:00
BGT03180,USR010,INC05291,1150000.0,700000.0,350000.0,2250000.0,1850000.0,allowance,2023-04-21 04:28:00
BGT03709,USR043,INC00388,2150000.0,1250000.0,600000.0,4000000.0,3400000.0,salary,2024-06-01 07:11:00
BGT08608,USR069,INC03524,4350000.0,2800000.0,2150000.0,9300000.0,7150000.0,business,2024-11-19 21:44:00
BGT01888,USR040,INC03741,2300000.0,1250000.0,1000000.0,4550000.0,3550000.0,part_time,2023-08-17 06:17:00
BGT04373,USR062,INC02051,2900000.0,1950000.0,1000000.0,5850000.0,4850000.0,salary,2024-08-13 13:45:00
BGT09262,USR051,INC04123,3200000.0,2300000.0,1750000.0,7250000.0,5500000.0,business,2024-08-26 01:21:00
BGT00175,USR006,INC09691,1000000.0,500000.0,500000.0,2000000.0,1500000.0,allowance,2024-01-02 13:09:00
BGT06235,USR053,INC09665,2200000.0,1350000.0,1100000.0,4650000.0,3550000.0,salary,2023-07-26 23:08:00
BGT04162,USR037,INC09109,1400000.0,700000.0,400000.0,2500000.0,2100000.0,allowance,2023-02-01 22:54:00
BGT04353,USR020,INC05695,950000.0,500000.0,300000.0,1750000.0,1450000.0,allowance,2023-03-30 23:47:00
BGT02633,USR062,INC01144,4150000.0,2500000.0,1150000.0,7800000.0,6650000.0,business,2023-08-30 20:48:00
BGT03992,USR024,INC03760,1450000.0,700000.0,550000.0,2700000.0,2150000.0,part_time,2023-01-30 23:28:00
BGT04115,USR002,INC09745,600000.0,400000.0,250000.0,1300000.0,1000000.0,scholarship,2023-04-28 01:09:00
BGT01349,USR029,INC05204,1700000.0,1150000.0,1000000.0,3850000.0,2850000.0,allowance,2023-06-21 21:26:00
BGT06486,USR039,INC04027,1900000.0,1100000.0,550000.0,3550000.0,3000000.0,freelance,2023-12-28 02:17:00
BGT05351,USR030,INC02272,1550000.0,1050000.0,800000.0,3400000.0,2600000.0,internship,2023-08-25 15:26:00
BGT01142,USR047,INC05584,1900000.0,1250000.0,650000.0,3850000.0,3150000.0,freelance,2023-07-28 02:09:00
BGT02798,USR006,INC07516,1050000.0,650000.0,550000.0,2250000.0,1700000.0,scholarship,2023-12-07 11:48:00
BGT07905,USR007,INC00561,1300000.0,900000.0,550000.0,2750000.0,2200000.0,part_time,2023-05-13 23:28:00
BGT07293,USR014,INC08302,1500000.0,850000.0,300000.0,2650000.0,2350000.0,allowance,2024-06-16 01:02:00
BGT01963,USR053,INC03324,2050000.0,1000000.0,700000.0,3750000.0,3050000.0,bonus,2023-07-02 17:26:00
BGT09893,USR058,INC07857,2750000.0,1650000.0,750000.0,5150000.0,4400000.0,salary,2024-07-18 11:21:00
BGT07882,USR004,INC05157,1150000.0,700000.0,500000.0,2350000.0,1850000.0,allowance,2024-01-20 07:16:00
BGT03655,USR008,INC04915,1100000.0,800000.0,600000.0,2500000.0,1900000.0,part_time,2023-08-02 21:35:00
BGT01639,USR051,INC09683,1400000.0,850000.0,850000.0,3100000.0,2250000.0,salary,2024-10-24 15:55:00
BGT01591,USR011,INC01302,500000.0,350000.0,250000.0,1100000.0,850000.0,part_time,2023-07-24 10:58:00
BGT05262,USR012,INC08768,1150000.0,600000.0,350000.0,2100000.0,1750000.0,allowance,2023-05-21 02:07:00
BGT09507,USR010,INC00889,1250000.0,750000.0,350000.0,2400000.0,2000000.0,scholarship,2023-07-20 23:32:00
BGT09165,USR014,INC05215,700000.0,500000.0,350000.0,1550000.0,1200000.0,part_time,2023-06-19 06:08:00
BGT06714,USR051,INC09925,2350000.0,1200000.0,650000.0,4200000.0,3550000.0,bonus,2024-09-05 09:38:00
BGT07358,USR022,INC08656,1300000.0,800000.0,350000.0,2450000.0,2100000.0,freelance,2024-05-20 17:17:00
BGT09600,USR044,INC06575,1700000.0,900000.0,850000.0,3450000.0,2600000.0,salary,2024-02-18 06:36:00
BGT08548,USR009,INC06476,1300000.0,850000.0,500000.0,2700000.0,2150000.0,allowance,2023-05-20 15:27:00
BGT09495,USR009,INC07153,900000.0,550000.0,400000.0,1850000.0,1450000.0,part_time,2023-06-06 06:24:00
BGT00987,USR020,INC02207,1300000.0,800000.0,600000.0,2700000.0,2100000.0,scholarship,2023-10-26 06:59:00
BGT05054,USR029,INC03453,1000000.0,600000.0,350000.0,1950000.0,1600000.0,part_time,2023-11-05 00:06:00
BGT08776,USR010,INC05030,850000.0,500000.0,200000.0,1600000.0,1350000.0,allowance,2024-03-08 11:39:00
BGT01082,USR047,INC01676,3750000.0,2150000.0,1450000.0,7350000.0,5900000.0,salary,2023-10-17 13:33:00
BGT08057,USR023,INC06776,1850000.0,1000000.0,650000.0,3500000.0,2850000.0,freelance,2023-12-23 15:03:00
BGT09304,USR003,INC04850,900000.0,500000.0,350000.0,1750000.0,1400000.0,allowance,2023-08-16 16:42:00
BGT02466,USR010,INC06024,950000.0,500000.0,300000.0,1750000.0,1450000.0,part_time,2023-11-06 15:07:00
BGT08380,USR026,INC00408,950000.0,600000.0,250000.0,1800000.0,1550000.0,internship,2023-03-27 08:25:00
BGT02003,USR007,INC07421,1550000.0,850000.0,450000.0,2850000.0,2400000.0,scholarship,2024-09-17 17:54:00
BGT01560,USR006,INC03360,1350000.0,800000.0,450000.0,2600000.0,2150000.0,allowance,2024-11-19 11:11:00
BGT05726,USR004,INC04237,1400000.0,800000.0,750000.0,2950000.0,2200000.0,allowance,2023-02-02 04:08:00
BGT03069,USR063,INC01447,4800000.0,3350000.0,1650000.0,9800000.0,8150000.0,business,2024-10-05 06:59:00
BGT05838,USR043,INC00314,1700000.0,1000000.0,450000.0,3150000.0,2700000.0,freelance,2023-04-30 10:11:00
BGT02780,USR019,INC09232,1100000.0,750000.0,600000.0,2450000.0,1850000.0,scholarship,2024-12-02 17:47:00
BGT06831,USR007,INC03158,800000.0,450000.0,350000.0,1600000.0,1250000.0,allowance,2024-08-18 20:16:00
BGT09329,USR037,INC07329,2400000.0,1600000.0,900000.0,4900000.0,4000000.0,allowance,2024-12-22 20:00:00
BGT09137,USR006,INC04325,-850000.0,500000.0,300000.0,1650000.0,-350000.0,allowance,2024-12-05 15:48:00
BGT06941,USR063,INC01323,3550000.0,2100000.0,900000.0,6600000.0,5650000.0,business,2024-05-06 19:06:00
BGT02593,USR024,INC00223,1900000.0,1150000.0,450000.0,355000000.0,3050000.0,freelance,2023-08-29 13:23:00
BGT05378,USR002,INC08968,1150000.0,800000.0,500000.0,2500000.0,1950000.0,part_time,2024-06-21 05:56:00
BGT07008,USR059,INC02382,3600000.0,2400000.0,1700000.0,7700000.0,6000000.0,salary,2024-02-08 20:14:00
BGT08759,USR072,INC00987,5200000.0,2500000.0,1900000.0,9600000.0,7700000.0,bonus,2023-11-01 09:32:00
BGT02328,USR023,INC03195,950000.0,600000.0,500000.0,2050000.0,1550000.0,part_time,2024-01-27 22:28:00
BGT00241,USR012,INC01502,950000.0,500000.0,450000.0,1900000.0,1450000.0,scholarship,2024-01-04 15:13:00
BGT09522,USR032,INC02481,2450000.0,1300000.0,750000.0,4500000.0,3750000.0,allowance,2024-03-27 06:42:00
BGT03750,USR028,INC04785,2100000.0,1500000.0,900000.0,4500000.0,3600000.0,part_time,2023-01-18 02:06:00
BGT05684,USR056,INC01269,2850000.0,1550000.0,1400000.0,5800000.0,4400000.0,bonus,2024-02-07 04:27:00
BGT05409,USR052,INC02659,3950000.0,2550000.0,1250000.0,7750000.0,6500000.0,bonus,2024-09-13 02:27:00
BGT03230,USR073,INC06886,1950000.0,1300000.0,1200000.0,4450000.0,3250000.0,salary,2023-10-29 14:57:00
BGT02041,USR049,INC01940,3850000.0,2100000.0,1050000.0,7000000.0,5950000.0,freelance,2024-05-23 07:37:00
BGT09620,USR039,INC01023,1550000.0,1100000.0,750000.0,3400000.0,2650000.0,allowance,2024-08-29 18:19:00
BGT04457,USR047,INC07183,2550000.0,1700000.0,850000.0,5100000.0,4250000.0,salary,2023-08-29 02:20:00
BGT05746,USR069,INC07529,2800000.0,1750000.0,1700000.0,6250000.0,4550000.0,salary,2024-04-24 15:46:00
BGT01652,USR003,INC04692,1250000.0,700000.0,300000.0,2250000.0,1950000.0,allowance,2023-02-19 11:08:00
BGT07459,USR049,INC00213,3700000.0,2050000.0,1350000.0,7100000.0,5750000.0,bonus,2023-11-08 23:30:00
BGT00371,USR035,INC08500,1400000.0,850000.0,900000.0,3150000.0,2250000.0,freelance,2023-08-03 20:06:00
BGT03110,USR073,INC06222,1950000.0,1250000.0,900000.0,4100000.0,3200000.0,freelance,2023-04-01 08:25:00
BGT03487,USR004,INC05658,1600000.0,850000.0,500000.0,2950000.0,2450000.0,part_time,2023-02-16 19:17:00
BGT03507,USR012,INC03325,900000.0,500000.0,250000.0,1650000.0,1400000.0,allowance,2024-03-30 07:57:00
BGT05720,USR018,INC01497,900000.0,650000.0,500000.0,2050000.0,1550000.0,allowance,2024-07-01 19:47:00
BGT01358,USR021,INC00994,2250000.0,1300000.0,650000.0,4200000.0,3550000.0,allowance,2024-03-29 06:45:00
BGT01170,USR064,INC01463,2100000.0,1500000.0,800000.0,4400000.0,3600000.0,bonus,2024-10-08 23:00:00
BGT06922,USR041,INC01869,2350000.0,1600000.0,700000.0,4650000.0,3950000.0,bonus,2023-06-16 16:17:00
BGT09760,USR069,INC02260,4800000.0,2750000.0,1550000.0,9100000.0,7550000.0,business,2024-07-23 17:51:00
BGT04787,USR019,INC02743,650000.0,300000.0,200000.0,1150000.0,950000.0,allowance,2023-10-14 08:37:00
BGT09452,USR047,INC07226,2750000.0,1750000.0,600000.0,5100000.0,4500000.0,bonus,2023-08-23 17:28:00
BGT09439,USR041,INC05029,1800000.0,1100000.0,850000.0,3800000.0,2900000.0,bonus,2023-07-02 21:26:00
BGT00851,USR001,INC05248,750000.0,450000.0,350000.0,1550000.0,1200000.0,scholarship,2023-02-28 01:18:00
BGT01351,USR050,INC06009,3000000.0,2050000.0,1600000.0,6650000.0,5050000.0,business,2023-07-11 05:13:00
BGT00805,USR004,INC00246,750000.0,350000.0,250000.0,135000000.0,1100000.0,allowance,2024-05-16 17:40:00
BGT08290,USR029,INC01901,2650000.0,1450000.0,850000.0,4950000.0,4100000.0,part_time,2023-04-16 19:46:00
BGT03802,USR051,INC06227,3050000.0,1700000.0,750000.0,5500000.0,4750000.0,business,2024-02-22 19:49:00
BGT08577,USR019,INC02189,700000.0,400000.0,250000.0,1350000.0,1100000.0,scholarship,2023-01-27 18:07:00
BGT08169,USR035,INC05138,1350000.0,1000000.0,700000.0,3050000.0,2350000.0,internship,2024-10-25 04:06:00
BGT07100,USR065,INC00665,2300000.0,1300000.0,950000.0,4550000.0,3600000.0,salary,2023-05-03 15:46:00
BGT08373,USR008,INC06790,950000.0,550000.0,550000.0,2100000.0,1500000.0,part_time,2024-04-04 23:08:00
BGT09120,USR026,INC02167,2450000.0,1450000.0,650000.0,4550000.0,3900000.0,internship,2024-06-19 00:39:00
BGT00546,USR015,INC08688,950000.0,600000.0,250000.0,1800000.0,1550000.0,allowance,2023-03-31 10:58:00
BGT02469,USR021,INC05899,1850000.0,1300000.0,900000.0,4050000.0,3150000.0,part_time,2023-01-14 20:54:00
BGT05071,USR055,INC00219,4250000.0,2300000.0,1150000.0,7700000.0,6550000.0,freelance,2024-03-02 19:53:00
BGT07235,USR065,INC01787,2550000.0,1650000.0,750000.0,4950000.0,4200000.0,freelance,2023-01-22 21:33:00
BGT04792,USR017,INC08019,450000.0,300000.0,250000.0,1000000.0,750000.0,part_time,2023-08-28 20:28:00
BGT00190,USR004,INC05944,850000.0,500000.0,250000.0,1600000.0,1350000.0,part_time,2024-03-21 17:44:00
BGT06664,USR047,INC05015,1600000.0,1050000.0,550000.0,3200000.0,2650000.0,bonus,2024-05-08 18:51:00
BGT09403,USR050,INC07416,4050000.0,2550000.0,1150000.0,7750000.0,6600000.0,bonus,2024-04-30 05:54:00
BGT05867,USR002,INC02609,950000.0,600000.0,300000.0,1900000.0,1550000.0,scholarship,2023-07-17 20:50:00
BGT04037,USR048,INC00899,3450000.0,2050000.0,1100000.0,6600000.0,5500000.0,bonus,2023-03-05 23:05:00
BGT08651,USR051,INC01611,3100000.0,1900000.0,1550000.0,6550000.0,5000000.0,salary,2023-08-16 18:41:00
BGT04575,USR068,INC08975,3200000.0,1600000.0,900000.0,5750000.0,4800000.0,business,2024-12-27 10:28:00
BGT00604,USR010,INC06264,750000.0,450000.0,350000.0,1550000.0,1200000.0,allowance,2023-04-25 03:22:00
BGT04166,USR031,INC07373,1900000.0,1300000.0,1050000.0,4250000.0,3200000.0,internship,2024-11-18 09:29:00
BGT04637,USR063,INC06736,4500000.0,2450000.0,1200000.0,8150000.0,6950000.0,business,2024-06-17 02:43:00
BGT08411,USR009,INC07268,850000.0,550000.0,300000.0,1700000.0,1400000.0,part_time,2024-08-12 05:55:00
BGT05554,USR053,INC01793,3050000.0,2100000.0,1200000.0,6350000.0,5150000.0,salary,2024-02-04 23:05:00
BGT04290,USR028,INC04010,1250000.0,800000.0,600000.0,2650000.0,2050000.0,internship,2024-11-05 16:44:00
BGT07872,USR061,INC04653,4100000.0,2550000.0,1550000.0,8250000.0,6650000.0,business,2023-03-24 21:51:00
BGT03066,USR012,INC06046,1250000.0,850000.0,650000.0,2800000.0,2100000.0,part_time,2024-12-22 10:38:00
BGT02660,USR021,INC04373,1750000.0,1200000.0,600000.0,3600000.0,2950000.0,internship,2023-01-22 15:17:00
BGT01991,USR028,INC07723,1100000.0,850000.0,500000.0,2450000.0,1950000.0,allowance,2023-02-02 08:18:00
BGT03510,USR051,INC06493,1900000.0,950000.0,600000.0,3450000.0,2850000.0,salary,2024-12-05 17:23:00
BGT07592,USR060,INC06141,3450000.0,1900000.0,1700000.0,7050000.0,5350000.0,freelance,2024-12-08 10:21:00
BGT07419,USR060,INC04578,2150000.0,1400000.0,750000.0,4300000.0,3550000.0,freelance,2023-02-04 03:47:00
BGT00339,USR004,INC09788,1100000.0,650000.0,500000.0,2250000.0,1750000.0,scholarship,2023-10-15 18:29:00
BGT02242,USR038,INC08709,1250000.0,800000.0,350000.0,2400000.0,2050000.0,part_time,2023-07-26 12:49:00
BGT06356,USR064,INC05174,4400000.0,2400000.0,2050000.0,8850000.0,6800000.0,investment_return,2023-10-24 01:25:00
BGT08856,USR038,INC03361,1700000.0,950000.0,700000.0,3350000.0,2650000.0,freelance,2023-05-29 04:03:00
BGT06971,USR005,INC05735,1000000.0,700000.0,350000.0,2050000.0,1700000.0,allowance,2024-10-05 16:32:00
BGT01252,USR032,INC08592,2600000.0,1500000.0,550000.0,4650000.0,4100000.0,allowance,2024-08-17 07:59:00
BGT04864,USR046,INC03513,1700000.0,950000.0,1000000.0,3650000.0,2650000.0,bonus,2024-09-16 12:17:00
BGT04958,USR075,INC03155,4600000.0,2850000.0,1200000.0,8700000.0,7450000.0,bonus,2023-11-07 21:47:00
BGT00527,USR052,INC07959,1500000.0,950000.0,650000.0,3100000.0,2450000.0,freelance,2024-06-28 11:47:00
BGT02723,USR004,INC03547,1350000.0,750000.0,300000.0,2400000.0,2100000.0,part_time,2023-06-07 03:10:00
BGT02612,USR029,INC05700,1800000.0,1150000.0,850000.0,3800000.0,2950000.0,internship,2024-05-19 15:46:00
BGT07910,USR062,INC02496,2800000.0,1750000.0,1150000.0,5700000.0,4550000.0,investment_return,2024-08-12 00:10:00
BGT01748,USR069,INC09732,2200000.0,1250000.0,1200000.0,4650000.0,3450000.0,freelance,2023-08-29 03:12:00
BGT04509,USR007,INC09389,550000.0,350000.0,100000.0,1000000.0,900000.0,scholarship,2023-11-15 05:42:00
BGT07329,USR042,INC00926,3750000.0,2500000.0,1400000.0,7650000.0,6250000.0,freelance,2024-03-07 16:42:00
BGT05807,USR014,INC01266,900000.0,600000.0,350000.0,1850000.0,1500000.0,part_time,2023-09-11 03:09:00
BGT03250,USR042,INC07688,1450000.0,1050000.0,750000.0,3250000.0,2500000.0,salary,2024-12-01 12:11:00
BGT08878,USR065,INC08040,4500000.0,2150000.0,1650000.0,8300000.0,6650000.0,bonus,2024-04-20 09:17:00
BGT03044,USR035,INC06778,1400000.0,800000.0,700000.0,2900000.0,2200000.0,part_time,2024-07-02 13:53:00
BGT03500,USR002,INC03008,550000.0,350000.0,300000.0,1200000.0,900000.0,part_time,2024-07-06 05:13:00
BGT07605,USR042,INC08733,3150000.0,1900000.0,1750000.0,6800000.0,5050000.0,salary,2024-02-23 16:28:00
BGT02854,USR042,INC01316,2600000.0,1700000.0,900000.0,5200000.0,4300000.0,business,2023-02-09 08:21:00
BGT02905,USR010,INC03853,1250000.0,650000.0,500000.0,2450000.0,1900000.0,part_time,2024-01-27 05:45:00
BGT07248,USR055,INC08359,3150000.0,1750000.0,1400000.0,6300000.0,4900000.0,business,2023-09-09 03:07:00
BGT06018,USR025,INC09570,1000000.0,700000.0,550000.0,2250000.0,1700000.0,internship,2023-06-07 02:58:00
BGT02265,USR023,INC02551,2400000.0,1450000.0,700000.0,4550000.0,3850000.0,part_time,2024-05-20 13:28:00
BGT07925,USR062,INC06693,3100000.0,1750000.0,850000.0,5700000.0,4850000.0,investment_return,2023-10-18 12:21:00
BGT09720,USR072,INC00265,2400000.0,-1450000.0,900000.0,4750000.0,950000.0,freelance,2024-12-28 06:09:00
BGT09535,USR065,INC08903,3400000.0,2250000.0,1150000.0,6850000.0,5650000.0,investment_return,2023-01-11 10:57:00
BGT02453,USR061,INC09354,2550000.0,1650000.0,750000.0,4950000.0,4200000.0,investment_return,2024-06-02 22:33:00
BGT09834,USR005,INC09584,1150000.0,850000.0,600000.0,2600000.0,2000000.0,scholarship,2024-11-30 05:33:00
BGT09225,USR073,INC09564,2950000.0,2150000.0,1350000.0,6450000.0,5100000.0,freelance,2023-05-31 09:24:00
BGT02666,USR032,INC08305,1450000.0,950000.0,450000.0,2850000.0,2400000.0,internship,2024-01-24 03:20:00
BGT02823,USR017,INC07424,1150000.0,700000.0,600000.0,2500000.0,1850000.0,scholarship,2023-11-04 18:26:00
BGT03305,USR019,INC05579,650000.0,350000.0,300000.0,1350000.0,1000000.0,part_time,2023-04-26 12:49:00
BGT09607,USR057,INC08235,3350000.0,1950000.0,1000000.0,6350000.0,5300000.0,salary,2024-12-31 14:05:00
BGT08267,USR036,INC05968,1950000.0,1300000.0,1000000.0,4250000.0,3250000.0,allowance,2024-05-12 23:33:00
BGT07809,USR075,INC08309,3650000.0,1800000.0,1300000.0,6750000.0,5450000.0,freelance,2023-10-01 06:48:00
BGT00284,USR039,INC08407,1100000.0,650000.0,450000.0,2200000.0,1750000.0,freelance,2023-08-09 23:06:00
BGT00810,USR030,INC08163,1450000.0,800000.0,450000.0,2700000.0,2250000.0,allowance,2023-01-16 04:55:00
BGT02203,USR048,INC08685,3150000.0,1750000.0,1150000.0,6050000.0,4900000.0,salary,2024-10-18 01:48:00
BGT00881,USR050,INC06246,4150000.0,2600000.0,1200000.0,7950000.0,6750000.0,salary,2023-03-15 17:06:00
BGT07030,USR046,INC04342,2250000.0,1600000.0,1050000.0,4900000.0,3850000.0,freelance,2023-04-11 22:28:00
BGT00687,USR038,INC06708,800000.0,600000.0,300000.0,1700000.0,1400000.0,freelance,2023-12-11 18:08:00
BGT01714,USR007,INC02271,1150000.0,700000.0,550000.0,2400000.0,1850000.0,part_time,2023-06-24 20:29:00
BGT07810,USR061,INC05202,3800000.0,2500000.0,1300000.0,7650000.0,6300000.0,business,2023-04-04 12:32:00
BGT05505,USR036,INC06110,2300000.0,1550000.0,850000.0,4700000.0,3850000.0,part_time,2023-06-25 17:03:00
BGT00536,USR075,INC04603,4150000.0,2200000.0,1500000.0,7850000.0,6350000.0,salary,2023-06-08 17:19:00
BGT05788,USR005,INC09023,750000.0,400000.0,350000.0,1500000.0,1150000.0,part_time,2024-03-10 22:59:00
BGT09932,USR074,INC06954,3450000.0,1750000.0,1300000.0,6500000.0,5200000.0,bonus,2023-08-09 08:26:00
BGT06873,USR059,INC00992,1750000.0,1150000.0,1050000.0,3950000.0,2900000.0,bonus,2024-03-04 11:27:00
BGT06465,USR026,INC07676,900000.0,600000.0,450000.0,1950000.0,1500000.0,allowance,2024-06-16 03:56:00
BGT09432,USR035,INC02861,1250000.0,600000.0,450000.0,2300000.0,1850000.0,freelance,2023-09-06 08:31:00
BGT05044,USR021,INC08952,1750000.0,1050000.0,550000.0,3350000.0,2800000.0,internship,2023-10-25 07:37:00
BGT07071,USR047,INC08162,1800000.0,1050000.0,1150000.0,4050000.0,2850000.0,bonus,2024-02-20 16:55:00
BGT00293,USR068,INC04618,2650000.0,1700000.0,1150000.0,5500000.0,4350000.0,freelance,2023-06-28 14:24:00
BGT03621,USR034,INC03968,1750000.0,1250000.0,700000.0,3700000.0,3000000.0,allowance,2023-07-26 04:59:00
BGT04214,USR061,INC08091,4850000.0,2600000.0,2100000.0,9550000.0,7450000.0,business,2024-08-21 21:52:00
BGT01778,USR002,INC03405,1100000.0,650000.0,400000.0,2200000.0,1750000.0,part_time,2024-04-12 00:40:00
BGT04609,USR074,INC07449,3800000.0,2150000.0,1200000.0,7200000.0,5950000.0,salary,2024-12-08 22:13:00
BGT08933,USR058,INC02940,2000000.0,1300000.0,700000.0,4000000.0,3300000.0,bonus,2023-04-07 22:45:00
BGT00472,USR021,INC09740,1500000.0,1000000.0,800000.0,3300000.0,2500000.0,allowance,2024-05-30 04:43:00
BGT00865,USR059,INC08515,3450000.0,1900000.0,1000000.0,6400000.0,5350000.0,business,2023-11-13 23:18:00
BGT01556,USR065,INC07149,3950000.0,2300000.0,2300000.0,8550000.0,6250000.0,investment_return,2023-05-31 13:08:00
BGT07111,USR055,INC03214,3700000.0,2100000.0,1200000.0,7000000.0,5800000.0,business,2024-05-03 09:45:00
BGT06228,USR024,INC04867,1250000.0,750000.0,700000.0,2700000.0,2000000.0,freelance,2023-10-20 17:37:00
BGT09067,USR073,INC02943,4450000.0,2600000.0,1850000.0,8900000.0,7050000.0,freelance,2023-06-15 09:07:00
BGT05416,USR036,INC09485,1700000.0,1150000.0,650000.0,3550000.0,2850000.0,allowance,2023-12-31 05:10:00
BGT06437,USR059,INC05797,2050000.0,1200000.0,400000.0,3650000.0,3250000.0,freelance,2024-08-05 16:18:00
BGT07550,USR043,INC01538,2000000.0,1050000.0,800000.0,3850000.0,3050000.0,freelance,2023-07-02 15:51:00
BGT09396,USR029,INC08997,1050000.0,600000.0,500000.0,2150000.0,1650000.0,allowance,2023-11-29 09:05:00
BGT09549,USR027,INC07444,1100000.0,600000.0,450000.0,2150000.0,1700000.0,freelance,2024-07-30 02:23:00
BGT02771,USR033,INC02169,850000.0,450000.0,400000.0,1700000.0,1300000.0,allowance,2024-12-30 23:16:00
BGT06101,USR052,INC03514,2350000.0,1400000.0,1450000.0,5250000.0,3750000.0,business,2023-03-04 02:21:00
BGT04032,USR061,INC05852,2600000.0,1400000.0,750000.0,4750000.0,4000000.0,business,2023-08-06 18:48:00
BGT01008,USR020,INC07086,900000.0,500000.0,400000.0,1800000.0,1400000.0,scholarship,2024-09-03 19:21:00
BGT01942,USR056,INC04481,2550000.0,1250000.0,750000.0,4550000.0,3800000.0,freelance,2024-09-11 17:08:00
BGT03921,USR041,INC07995,2550000.0,1350000.0,650000.0,4550000.0,3900000.0,business,2023-03-02 22:48:00
BGT00502,USR017,INC05963,1100000.0,650000.0,600000.0,2350000.0,1750000.0,scholarship,2023-06-17 17:45:00
BGT01420,USR029,INC00073,2500000.0,1350000.0,900000.0,4750000.0,3850000.0,allowance,2024-09-12 18:15:00
BGT02058,USR028,INC00454,2250000.0,1450000.0,850000.0,4550000.0,3700000.0,allowance,2024-09-04 16:32:00
BGT06796,USR064,INC04615,3500000.0,2050000.0,1750000.0,7300000.0,5550000.0,investment_return,2024-04-11 21:57:00
BGT02673,USR067,INC08104,2100000.0,-1300000.0,1200000.0,4600000.0,800000.0,bonus,2023-09-16 04:10:00
BGT06209,USR053,INC09054,2450000.0,1500000.0,450000.0,4400000.0,3950000.0,salary,2023-10-05 01:27:00
BGT08433,USR059,INC09989,2350000.0,1500000.0,800000.0,4650000.0,3850000.0,freelance,2024-03-07 22:03:00
BGT07803,USR043,INC08457,1950000.0,1300000.0,900000.0,4150000.0,3250000.0,salary,2024-12-22 00:36:00
BGT04621,USR003,INC03863,1350000.0,850000.0,400000.0,2650000.0,2200000.0,part_time,2024-01-18 05:46:00
BGT01378,USR050,INC04881,3500000.0,2300000.0,1450000.0,7250000.0,5800000.0,freelance,2023-07-02 00:51:00
BGT04116,USR049,INC01191,1550000.0,950000.0,950000.0,3450000.0,2500000.0,freelance,2024-11-27 10:43:00
BGT08067,USR011,INC07867,700000.0,400000.0,250000.0,1350000.0,1100000.0,allowance,2024-11-20 21:31:00
BGT05127,USR002,INC00108,1450000.0,750000.0,500000.0,2700000.0,2200000.0,part_time,2023-05-23 00:12:00
BGT05839,USR067,INC09859,3400000.0,1700000.0,1200000.0,6300000.0,5100000.0,business,2023-09-08 15:51:00
BGT08389,USR057,INC01741,4350000.0,2050000.0,1500000.0,7900000.0,6400000.0,salary,2024-07-16 17:53:00
BGT04322,USR058,INC00882,1800000.0,1100000.0,900000.0,3850000.0,2900000.0,business,2023-08-18 05:57:00
BGT07965,USR017,INC01665,1250000.0,850000.0,650000.0,2750000.0,2100000.0,part_time,2024-09-05 17:41:00
BGT09608,USR063,INC09689,3700000.0,2150000.0,2150000.0,8000000.0,5850000.0,business,2024-06-16 02:47:00
BGT00576,USR068,INC01454,4500000.0,2700000.0,2150000.0,9350000.0,7200000.0,bonus,2024-03-10 13:16:00
BGT06982,USR038,INC07589,1900000.0,1300000.0,1150000.0,4350000.0,3200000.0,allowance,2024-10-14 17:38:00
BGT00597,USR051,INC01395,3150000.0,1750000.0,1300000.0,6200000.0,4900000.0,bonus,2023-07-21 18:57:00
BGT08150,USR049,INC04952,2700000.0,1600000.0,1300000.0,5600000.0,4300000.0,salary,2024-03-22 10:25:00
BGT05188,USR059,INC06625,4150000.0,-2300000.0,1250000.0,7700000.0,1850000.0,salary,2023-03-25 10:23:00
BGT03058,USR048,INC04471,1300000.0,1000000.0,700000.0,3000000.0,2300000.0,freelance,2024-12-23 00:32:00
BGT07127,USR027,INC09035,1550000.0,1000000.0,700000.0,3250000.0,2550000.0,allowance,2024-06-11 05:24:00
BGT05267,USR002,INC06212,1450000.0,900000.0,450000.0,2800000.0,2350000.0,scholarship,2024-02-04 22:58:00
BGT06804,USR033,INC03334,2450000.0,1500000.0,500000.0,4450000.0,3950000.0,allowance,2024-10-15 01:35:00
BGT02403,USR072,INC01567,3000000.0,1550000.0,800000.0,5350000.0,4550000.0,business,2023-08-29 13:19:00
BGT05452,USR049,INC09881,2250000.0,1200000.0,950000.0,4400000.0,3450000.0,freelance,2023-11-03 19:54:00
BGT03611,USR062,INC02216,2900000.0,1850000.0,1700000.0,6450000.0,4750000.0,salary,2024-10-28 13:53:00
BGT08500,USR064,INC00442,4050000.0,2750000.0,2050000.0,8850000.0,6800000.0,business,2023-06-11 20:41:00
BGT05736,USR070,INC04670,2700000.0,1700000.0,1250000.0,5650000.0,4400000.0,investment_return,2024-06-04 12:45:00
BGT01784,USR050,INC01189,3800000.0,1800000.0,1300000.0,6900000.0,5600000.0,business,2024-05-06 11:54:00
BGT08936,USR030,INC06679,900000.0,500000.0,450000.0,1850000.0,1400000.0,freelance,2023-10-19 04:09:00
BGT06195,USR020,INC00075,1050000.0,650000.0,450000.0,2150000.0,1700000.0,part_time,2024-01-25 11:40:00
BGT03394,USR024,INC07058,1500000.0,950000.0,950000.0,3450000.0,2450000.0,part_time,2023-11-24 19:56:00
BGT04840,USR037,INC05598,950000.0,600000.0,450000.0,2050000.0,1550000.0,allowance,2023-10-10 17:05:00
BGT05951,USR031,INC08228,2050000.0,1450000.0,700000.0,4200000.0,3500000.0,freelance,2023-05-13 01:51:00
BGT00483,USR038,INC02779,950000.0,650000.0,400000.0,2000000.0,1600000.0,allowance,2024-01-13 03:06:00
BGT04288,USR009,INC00949,450000.0,300000.0,200000.0,1000000.0,750000.0,allowance,2023-12-17 10:52:00
BGT02462,USR061,INC00782,4000000.0,1900000.0,1200000.0,7100000.0,5900000.0,business,2024-12-26 10:14:00
BGT06350,USR073,INC01957,3150000.0,2050000.0,1650000.0,6850000.0,5200000.0,salary,2023-02-02 02:42:00
BGT08248,USR074,INC06658,4100000.0,2750000.0,1500000.0,8400000.0,6850000.0,business,2024-02-03 01:59:00
BGT09416,USR010,INC00245,900000.0,500000.0,250000.0,1650000.0,1400000.0,allowance,2024-04-19 03:26:00
BGT01679,USR026,INC09744,1500000.0,1000000.0,900000.0,3400000.0,2500000.0,allowance,2024-11-15 00:44:00
BGT03084,USR038,INC09898,2150000.0,1200000.0,750000.0,4100000.0,3350000.0,part_time,2023-08-30 10:19:00
BGT07615,USR032,INC09902,1150000.0,750000.0,550000.0,2450000.0,1900000.0,freelance,2024-09-20 13:22:00
BGT04300,USR073,INC07054,3650000.0,2050000.0,1350000.0,7050000.0,5700000.0,freelance,2024-03-12 11:04:00
BGT07661,USR072,INC02259,3300000.0,1600000.0,1250000.0,6150000.0,4900000.0,salary,2024-08-27 13:46:00
BGT02710,USR039,INC05568,750000.0,500000.0,250000.0,1500000.0,1250000.0,internship,2024-12-06 18:13:00
BGT03333,USR034,INC05384,1850000.0,1100000.0,950000.0,3900000.0,2950000.0,internship,2023-10-29 07:14:00
BGT08716,USR020,INC03981,1450000.0,900000.0,650000.0,3000000.0,2350000.0,part_time,2023-12-15 23:27:00
BGT07377,USR010,INC05871,1350000.0,950000.0,700000.0,3000000.0,2300000.0,allowance,2023-12-14 22:16:00
BGT05727,USR070,INC02139,3100000.0,1600000.0,1250000.0,5950000.0,4700000.0,salary,2023-05-23 09:29:00
BGT02472,USR072,INC09261,2650000.0,1250000.0,850000.0,4750000.0,3900000.0,investment_return,2024-05-27 09:15:00
BGT06679,USR060,INC03619,3450000.0,2500000.0,1700000.0,7650000.0,5950000.0,salary,2023-06-24 23:12:00
BGT03515,USR010,INC06183,1300000.0,800000.0,800000.0,2900000.0,2100000.0,part_time,2023-10-22 13:43:00
BGT03297,USR044,INC02315,1550000.0,900000.0,1000000.0,3450000.0,2450000.0,business,2024-06-14 18:58:00
BGT09429,USR003,INC05198,1350000.0,800000.0,650000.0,2800000.0,2150000.0,scholarship,2024-03-11 15:18:00
BGT04727,USR075,INC08939,3400000.0,2000000.0,2000000.0,7400000.0,5400000.0,salary,2023-09-15 10:14:00
BGT07898,USR043,INC05940,1950000.0,1000000.0,850000.0,3800000.0,2950000.0,freelance,2023-09-10 05:24:00
BGT03633,USR035,INC01252,2450000.0,1650000.0,900000.0,5000000.0,4100000.0,part_time,2024-05-21 07:22:00
BGT09738,USR008,INC02713,1050000.0,700000.0,300000.0,2100000.0,1750000.0,scholarship,2024-03-07 20:30:00
BGT00304,USR038,INC08534,850000.0,550000.0,300000.0,1700000.0,1400000.0,freelance,2023-01-31 00:41:00
BGT08863,USR016,INC02574,850000.0,550000.0,500000.0,1900000.0,1400000.0,scholarship,2023-02-06 22:02:00
BGT06095,USR025,INC05820,1700000.0,1200000.0,750000.0,3650000.0,2900000.0,freelance,2023-04-03 15:19:00
BGT03999,USR050,INC01499,2500000.0,1250000.0,950000.0,4700000.0,3750000.0,freelance,2023-06-23 06:06:00
BGT04001,USR047,INC03212,2400000.0,1650000.0,1150000.0,5200000.0,4050000.0,business,2024-05-05 15:59:00
BGT02276,USR041,INC08043,3350000.0,1800000.0,900000.0,6050000.0,5150000.0,bonus,2024-09-28 17:58:00
BGT00340,USR016,INC02374,1100000.0,650000.0,250000.0,2000000.0,1750000.0,allowance,2023-11-02 00:08:00
BGT08905,USR057,INC04794,1550000.0,850000.0,800000.0,3200000.0,2400000.0,freelance,2024-01-01 17:02:00
BGT04667,USR061,INC03086,3200000.0,1800000.0,1250000.0,6250000.0,5000000.0,freelance,2023-04-03 01:20:00
BGT09162,USR069,INC06915,4350000.0,3250000.0,2300000.0,9900000.0,7600000.0,bonus,2024-03-23 16:08:00
BGT07674,USR036,INC01127,1650000.0,1100000.0,750000.0,3500000.0,2750000.0,freelance,2023-12-27 03:34:00
BGT00999,USR012,INC01843,1150000.0,800000.0,650000.0,2600000.0,1950000.0,allowance,2024-06-18 15:47:00
BGT09992,USR066,INC06555,2550000.0,1750000.0,1350000.0,5700000.0,4300000.0,bonus,2023-06-13 06:58:00
BGT01182,USR060,INC03040,2300000.0,1450000.0,1450000.0,5200000.0,3750000.0,business,2024-10-08 12:31:00
BGT08896,USR053,INC01982,2950000.0,1450000.0,1200000.0,5600000.0,4400000.0,bonus,2023-03-14 13:16:00
BGT08884,USR048,INC01683,-3650000.0,2150000.0,1850000.0,7650000.0,-1500000.0,freelance,2024-11-13 03:46:00
BGT08365,USR009,INC04225,1500000.0,800000.0,400000.0,2750000.0,2300000.0,scholarship,2024-03-20 00:37:00
BGT01485,USR009,INC07285,750000.0,450000.0,150000.0,1350000.0,1200000.0,part_time,2023-07-13 14:24:00
BGT00158,USR041,INC00558,2450000.0,1400000.0,900000.0,4750000.0,3850000.0,freelance,2024-10-27 22:00:00
BGT08571,USR057,INC04529,2500000.0,1600000.0,700000.0,4800000.0,4100000.0,business,2024-05-27 14:53:00
BGT05687,USR033,INC06738,900000.0,650000.0,450000.0,2000000.0,1550000.0,allowance,2023-07-24 18:57:00
BGT06367,USR026,INC00538,1300000.0,800000.0,450000.0,2550000.0,2100000.0,freelance,2024-04-27 23:19:00
BGT00963,USR047,INC07411,3050000.0,1850000.0,1050000.0,5950000.0,4900000.0,salary,2023-05-29 12:53:00
BGT09050,USR053,INC03314,2100000.0,1100000.0,1100000.0,4300000.0,3200000.0,salary,2023-04-11 20:46:00
BGT00178,USR070,INC06124,2700000.0,1500000.0,1300000.0,5500000.0,4200000.0,business,2023-10-29 07:52:00
BGT06462,USR068,INC06412,2950000.0,2050000.0,1000000.0,6000000.0,5000000.0,business,2023-10-28 22:56:00
BGT00602,USR031,INC00047,1700000.0,1000000.0,700000.0,3450000.0,2700000.0,allowance,2023-11-29 17:09:00
BGT00165,USR002,INC06905,1100000.0,700000.0,650000.0,2450000.0,1800000.0,part_time,2024-05-10 01:23:00
BGT00449,USR067,INC07206,2450000.0,1600000.0,1150000.0,5200000.0,4050000.0,freelance,2024-02-22 08:40:00
BGT01589,USR028,INC00187,2400000.0,1500000.0,750000.0,4650000.0,3900000.0,part_time,2023-03-21 09:21:00
BGT05526,USR011,INC09096,-1000000.0,650000.0,550000.0,2200000.0,-350000.0,scholarship,2024-08-06 20:54:00
BGT03243,USR064,INC00064,3700000.0,2100000.0,1750000.0,7550000.0,5800000.0,investment_return,2024-12-23 16:35:00
BGT00073,USR007,INC09283,1300000.0,750000.0,300000.0,2350000.0,2050000.0,allowance,2024-01-16 19:59:00
BGT04799,USR050,INC06419,2600000.0,1600000.0,800000.0,5000000.0,4200000.0,bonus,2023-06-10 14:33:00
BGT05958,USR051,INC05079,2000000.0,1100000.0,1150000.0,4300000.0,3100000.0,freelance,2023-04-12 13:50:00
BGT06659,USR063,INC03983,5500000.0,3100000.0,1400000.0,10000000.0,8600000.0,salary,2023-03-05 04:03:00
BGT03202,USR045,INC06629,1600000.0,1050000.0,1000000.0,3650000.0,2650000.0,freelance,2024-09-15 23:57:00
BGT02786,USR061,INC02565,3350000.0,1700000.0,1250000.0,6300000.0,5050000.0,bonus,2024-06-14 02:14:00
BGT02984,USR019,INC00182,900000.0,600000.0,200000.0,1700000.0,1500000.0,scholarship,2023-06-14 15:54:00
BGT05799,USR007,INC02052,1050000.0,650000.0,400000.0,2100000.0,1700000.0,scholarship,2023-09-10 08:21:00
BGT04619,USR009,INC05588,1500000.0,850000.0,500000.0,2850000.0,2350000.0,scholarship,2024-12-15 12:16:00
BGT01174,USR026,INC00886,800000.0,550000.0,350000.0,1750000.0,1350000.0,internship,2023-09-14 22:09:00
BGT01460,USR011,INC01514,900000.0,500000.0,300000.0,1750000.0,1400000.0,scholarship,2024-02-21 08:23:00
BGT02102,USR071,INC08506,3750000.0,2650000.0,2100000.0,8500000.0,6400000.0,salary,2024-11-28 05:17:00
BGT03705,USR052,INC08094,2850000.0,1350000.0,1000000.0,5200000.0,4200000.0,salary,2024-03-20 03:30:00
BGT09918,USR074,INC05943,4400000.0,2550000.0,1200000.0,8150000.0,6950000.0,investment_return,2023-11-16 09:03:00
BGT06142,USR026,INC07701,2000000.0,1250000.0,500000.0,3750000.0,3250000.0,freelance,2023-02-22 23:53:00
BGT00136,USR008,INC03891,1450000.0,850000.0,450000.0,2750000.0,2300000.0,allowance,2023-07-06 07:05:00
BGT07154,USR006,INC02799,550000.0,350000.0,250000.0,1150000.0,900000.0,allowance,2024-01-27 20:43:00
BGT05971,USR075,INC08670,3100000.0,1850000.0,1900000.0,6850000.0,4950000.0,freelance,2024-09-16 22:01:00
BGT07086,USR071,INC01227,5450000.0,3200000.0,1300000.0,9950000.0,8650000.0,investment_return,2023-06-23 16:21:00
BGT02286,USR021,INC01518,1000000.0,600000.0,550000.0,2150000.0,1600000.0,part_time,2023-02-24 06:46:00
BGT06230,USR025,INC02127,1900000.0,1100000.0,950000.0,4000000.0,3000000.0,internship,2024-10-27 15:46:00
BGT05770,USR053,INC05847,3400000.0,1750000.0,1300000.0,6450000.0,5150000.0,business,2024-10-23 14:57:00
BGT03371,USR047,INC03715,2650000.0,1800000.0,1550000.0,6050000.0,4450000.0,business,2023-08-15 17:58:00
BGT02900,USR058,INC06643,2750000.0,1650000.0,550000.0,495000000.0,4400000.0,salary,2024-12-11 04:12:00
BGT06948,USR010,INC09813,1400000.0,950000.0,650000.0,3000000.0,2350000.0,allowance,2024-02-17 17:11:00
BGT00367,USR012,INC01678,500000.0,300000.0,150000.0,1000000.0,800000.0,scholarship,2023-02-11 12:02:00
BGT06006,USR012,INC01628,500000.0,350000.0,150000.0,1000000.0,850000.0,allowance,2024-08-29 14:52:00
BGT05013,USR041,INC00056,3400000.0,2600000.0,1700000.0,7700000.0,6000000.0,business,2023-12-21 03:46:00
BGT08602,USR009,INC02269,1350000.0,800000.0,750000.0,2900000.0,2150000.0,allowance,2024-01-29 13:30:00
BGT02624,USR073,INC00322,3050000.0,1850000.0,850000.0,5750000.0,4900000.0,bonus,2024-10-31 16:02:00
BGT04296,USR010,INC06300,1250000.0,750000.0,250000.0,2250000.0,2000000.0,allowance,2024-12-31 11:36:00
BGT01581,USR073,INC04617,2150000.0,1150000.0,800000.0,4100000.0,3300000.0,salary,2023-07-09 06:27:00
BGT06872,USR062,INC07412,2500000.0,1600000.0,1200000.0,5300000.0,4100000.0,freelance,2024-02-16 16:49:00
BGT06553,USR043,INC05201,1900000.0,900000.0,750000.0,3550000.0,2800000.0,business,2024-12-31 17:32:00
BGT08089,USR034,INC04301,1800000.0,1200000.0,650000.0,3700000.0,3000000.0,allowance,2024-07-17 22:57:00
BGT03437,USR046,INC01493,1450000.0,950000.0,600000.0,3000000.0,2400000.0,bonus,2024-05-03 22:08:00
BGT06201,USR044,INC05309,3200000.0,2150000.0,1200000.0,6550000.0,5350000.0,bonus,2024-01-15 01:59:00
BGT09749,USR059,INC06992,3050000.0,1800000.0,1000000.0,5850000.0,4850000.0,business,2024-01-18 02:33:00
BGT00888,USR006,INC03480,1350000.0,750000.0,650000.0,2800000.0,2100000.0,part_time,2024-02-14 05:03:00
BGT01950,USR073,INC07818,2700000.0,1450000.0,850000.0,5000000.0,4150000.0,salary,2024-03-10 08:56:00
BGT06878,USR013,INC06486,800000.0,500000.0,350000.0,1650000.0,1300000.0,scholarship,2024-03-12 17:40:00
BGT02549,USR005,INC08937,650000.0,450000.0,250000.0,1350000.0,1100000.0,part_time,2024-05-21 14:25:00
BGT09685,USR016,INC00317,600000.0,400000.0,250000.0,1250000.0,1000000.0,allowance,2023-08-26 09:14:00
BGT03695,USR019,INC03556,-1350000.0,900000.0,650000.0,2850000.0,-450000.0,part_time,2024-05-12 05:42:00
BGT03674,USR032,INC04489,1950000.0,1200000.0,900000.0,4050000.0,3150000.0,freelance,2023-01-29 07:43:00
BGT00210,USR020,INC07216,900000.0,600000.0,400000.0,1950000.0,1500000.0,scholarship,2023-02-28 07:40:00
BGT04304,USR012,INC03151,900000.0,500000.0,500000.0,1900000.0,1400000.0,part_time,2024-07-26 21:28:00
BGT09188,USR070,INC08247,4250000.0,2350000.0,1550000.0,8150000.0,6600000.0,business,2024-12-20 14:57:00
BGT03551,USR051,INC02622,3450000.0,1950000.0,1600000.0,7050000.0,5400000.0,bonus,2024-04-21 17:10:00
BGT03970,USR045,INC00005,1750000.0,1100000.0,650000.0,3500000.0,2850000.0,bonus,2024-11-26 10:47:00
BGT01318,USR032,INC07485,1800000.0,1050000.0,650000.0,3550000.0,2850000.0,allowance,2023-09-04 16:29:00
BGT02730,USR019,INC09066,800000.0,450000.0,300000.0,1550000.0,1250000.0,part_time,2023-05-15 13:19:00
BGT01699,USR008,INC00729,550000.0,400000.0,250000.0,1200000.0,950000.0,allowance,2024-03-01 22:32:00
BGT07484,USR065,INC03756,4900000.0,2850000.0,2050000.0,9800000.0,7750000.0,investment_return,2024-10-30 07:00:00
BGT05886,USR055,INC05976,3300000.0,1700000.0,1300000.0,6300000.0,5000000.0,business,2023-10-22 01:29:00
BGT03677,USR072,INC04383,4050000.0,2000000.0,1700000.0,7750000.0,6050000.0,bonus,2024-12-28 18:55:00
BGT00145,USR048,INC04226,3550000.0,2000000.0,1550000.0,7100000.0,5550000.0,freelance,2024-08-22 08:27:00
BGT02958,USR029,INC03364,1600000.0,800000.0,550000.0,3000000.0,2400000.0,internship,2024-09-13 10:28:00
BGT03241,USR015,INC05453,650000.0,450000.0,250000.0,1350000.0,1100000.0,allowance,2024-11-02 19:42:00
BGT01161,USR052,INC07484,3750000.0,2150000.0,2050000.0,7950000.0,5900000.0,business,2024-03-05 02:34:00
BGT01747,USR044,INC05260,1650000.0,950000.0,850000.0,3450000.0,2600000.0,bonus,2023-02-27 22:23:00
BGT03657,USR022,INC08671,1100000.0,650000.0,350000.0,2100000.0,1750000.0,internship,2023-05-01 07:11:00
BGT09643,USR055,INC06936,2300000.0,1400000.0,550000.0,4250000.0,3700000.0,business,2023-01-16 15:40:00
BGT09250,USR033,INC04260,1350000.0,700000.0,450000.0,2500000.0,2050000.0,internship,2023-07-30 13:36:00
BGT01121,USR066,INC02529,4100000.0,2450000.0,1050000.0,7600000.0,6550000.0,business,2023-11-08 19:21:00
BGT09114,USR050,INC07841,3750000.0,2400000.0,900000.0,7100000.0,6150000.0,freelance,2024-09-11 05:30:00
BGT03326,USR066,INC04199,5200000.0,2750000.0,1850000.0,9850000.0,7950000.0,salary,2024-11-04 08:11:00
BGT02176,USR062,INC04550,3150000.0,2100000.0,1300000.0,6600000.0,5250000.0,freelance,2024-10-13 20:04:00
BGT07116,USR062,INC00196,2400000.0,1400000.0,1400000.0,5200000.0,3800000.0,salary,2023-01-21 04:57:00
BGT06897,USR073,INC06964,2700000.0,1550000.0,750000.0,5000000.0,4250000.0,investment_return,2023-10-04 23:43:00
BGT02401,USR074,INC02367,2950000.0,1800000.0,1250000.0,6000000.0,4750000.0,bonus,2023-09-11 03:18:00
BGT06097,USR055,INC09850,1750000.0,900000.0,600000.0,3250000.0,2650000.0,freelance,2024-05-09 10:36:00
BGT04276,USR038,INC07610,1800000.0,1250000.0,850000.0,3900000.0,3050000.0,freelance,2023-08-14 14:39:00
BGT00506,USR043,INC05153,2750000.0,1300000.0,950000.0,5000000.0,4050000.0,business,2023-11-03 16:42:00
BGT00793,USR032,INC06018,2200000.0,1600000.0,900000.0,4700000.0,3800000.0,internship,2024-03-09 22:29:00
BGT07534,USR012,INC04102,600000.0,300000.0,250000.0,120000000.0,900000.0,scholarship,2024-05-28 02:42:00
BGT03886,USR040,INC02860,2500000.0,1650000.0,750000.0,4900000.0,4150000.0,part_time,2024-11-16 03:45:00
BGT07677,USR024,INC07164,1800000.0,1000000.0,800000.0,3600000.0,2800000.0,internship,2023-03-02 17:06:00
BGT01046,USR025,INC02984,1700000.0,1100000.0,600000.0,3400000.0,2800000.0,allowance,2024-08-02 14:01:00
BGT02538,USR041,INC02902,3750000.0,2050000.0,1250000.0,7050000.0,5800000.0,business,2024-06-09 11:12:00
BGT02838,USR071,INC07464,4850000.0,2850000.0,950000.0,8700000.0,7700000.0,investment_return,2024-06-15 03:34:00
BGT08223,USR008,INC02307,1150000.0,750000.0,450000.0,2350000.0,1900000.0,scholarship,2024-09-07 03:39:00
BGT07174,USR045,INC02029,2400000.0,1400000.0,650000.0,4450000.0,3800000.0,freelance,2024-05-30 13:19:00
BGT03965,USR056,INC06042,2400000.0,1150000.0,900000.0,4450000.0,3550000.0,freelance,2023-02-13 05:22:00
BGT04201,USR055,INC01098,1700000.0,1000000.0,950000.0,3650000.0,2700000.0,bonus,2024-02-09 05:33:00
BGT03603,USR003,INC03280,600000.0,350000.0,200000.0,1150000.0,950000.0,part_time,2024-02-28 15:22:00
BGT04491,USR024,INC00225,1350000.0,950000.0,550000.0,2850000.0,2300000.0,internship,2024-07-25 13:09:00
BGT06978,USR037,INC00624,2200000.0,1250000.0,1400000.0,4850000.0,3450000.0,freelance,2024-06-23 09:12:00
BGT07623,USR037,INC08135,1400000.0,900000.0,600000.0,2900000.0,2300000.0,allowance,2023-08-03 14:41:00
BGT06211,USR016,INC09703,1250000.0,900000.0,550000.0,2700000.0,2150000.0,allowance,2023-03-03 00:49:00
BGT04896,USR070,INC03122,3800000.0,2000000.0,1850000.0,7650000.0,5800000.0,bonus,2024-12-25 11:47:00
BGT07583,USR056,INC05281,3200000.0,2050000.0,1150000.0,6450000.0,5250000.0,salary,2024-07-04 03:57:00
BGT06965,USR041,INC00849,4300000.0,2550000.0,1100000.0,8000000.0,6850000.0,business,2024-11-28 18:59:00
BGT02650,USR027,INC08245,1800000.0,1350000.0,850000.0,4000000.0,3150000.0,internship,2023-08-22 01:54:00
BGT07695,USR031,INC06734,1300000.0,650000.0,400000.0,2350000.0,1950000.0,allowance,2023-09-27 09:34:00
BGT01033,USR024,INC05225,2100000.0,1000000.0,800000.0,3900000.0,3100000.0,part_time,2024-07-05 02:42:00
BGT05859,USR032,INC05676,1600000.0,1200000.0,700000.0,3500000.0,2800000.0,allowance,2023-03-28 11:40:00
BGT05531,USR004,INC01890,-1200000.0,650000.0,650000.0,2450000.0,-550000.0,allowance,2023-12-10 09:01:00
BGT08486,USR048,INC09843,2000000.0,1450000.0,1050000.0,4500000.0,3450000.0,salary,2023-12-05 02:06:00
BGT09147,USR070,INC08313,4800000.0,2450000.0,1800000.0,9100000.0,7250000.0,salary,2023-02-17 18:22:00
BGT04323,USR062,INC02141,3400000.0,2000000.0,1250000.0,6700000.0,5400000.0,investment_return,2023-09-13 07:51:00
BGT03439,USR052,INC02158,1650000.0,1100000.0,600000.0,3400000.0,2750000.0,bonus,2024-07-29 00:24:00
BGT06605,USR069,INC03494,4950000.0,2750000.0,2200000.0,9900000.0,7700000.0,bonus,2024-07-20 07:45:00
BGT07651,USR051,INC01215,2250000.0,1300000.0,900000.0,4450000.0,3550000.0,salary,2023-02-07 06:44:00
BGT03759,USR049,INC04242,2900000.0,1700000.0,900000.0,5500000.0,4600000.0,bonus,2024-04-02 13:14:00
BGT05902,USR047,INC07761,3650000.0,2050000.0,2100000.0,7800000.0,5700000.0,business,2024-03-30 01:38:00
BGT02715,USR025,INC07428,900000.0,500000.0,350000.0,1750000.0,1400000.0,freelance,2023-06-14 05:34:00
BGT03433,USR017,INC03999,650000.0,450000.0,300000.0,1400000.0,1100000.0,part_time,2023-12-16 18:05:00
BGT01869,USR041,INC03398,2900000.0,2150000.0,1400000.0,6450000.0,5050000.0,business,2024-03-09 20:33:00
BGT02622,USR023,INC08516,950000.0,600000.0,600000.0,2150000.0,1550000.0,freelance,2024-08-19 08:31:00
BGT07187,USR017,INC00703,500000.0,300000.0,200000.0,1000000.0,800000.0,allowance,2024-12-06 05:34:00
BGT01551,USR059,INC00848,3800000.0,2550000.0,1400000.0,7800000.0,6350000.0,bonus,2024-12-26 00:44:00
BGT09983,USR040,INC06324,2550000.0,1550000.0,800000.0,4900000.0,4100000.0,allowance,2024-12-29 20:40:00
BGT08532,USR038,INC02292,1100000.0,750000.0,350000.0,2200000.0,1850000.0,allowance,2023-09-13 03:40:00
BGT05734,USR017,INC04726,1150000.0,700000.0,550000.0,2400000.0,1850000.0,part_time,2024-03-22 16:18:00
BGT08354,USR046,INC00234,1750000.0,1200000.0,600000.0,3550000.0,2950000.0,freelance,2023-04-29 06:24:00
BGT07670,USR062,INC01340,4350000.0,3100000.0,2000000.0,9450000.0,7450000.0,business,2023-06-02 00:14:00
BGT09694,USR024,INC05192,2100000.0,1100000.0,950000.0,4150000.0,3200000.0,internship,2024-11-08 22:40:00
BGT00603,USR063,INC06636,3900000.0,2800000.0,1600000.0,8300000.0,6700000.0,salary,2024-05-17 11:40:00
BGT09658,USR039,INC09592,2150000.0,1150000.0,600000.0,3900000.0,3300000.0,part_time,2024-08-01 03:44:00
BGT04757,USR042,INC03251,1850000.0,1150000.0,750000.0,3750000.0,3000000.0,salary,2024-05-19 16:38:00
BGT00564,USR039,INC03223,1900000.0,1150000.0,650000.0,3700000.0,3050000.0,freelance,2024-06-17 11:37:00
BGT00389,USR061,INC01586,2250000.0,1500000.0,1250000.0,5050000.0,3750000.0,freelance,2024-03-27 18:00:00
BGT04125,USR001,INC02236,1050000.0,600000.0,600000.0,2250000.0,1650000.0,allowance,2024-01-11 22:20:00
BGT02231,USR074,INC00137,4350000.0,2950000.0,2550000.0,9850000.0,7300000.0,investment_return,2023-11-17 18:12:00
BGT01769,USR019,INC01309,1600000.0,750000.0,550000.0,2900000.0,2350000.0,part_time,2024-07-27 06:49:00
BGT02531,USR072,INC03818,4150000.0,2500000.0,1200000.0,7850000.0,6650000.0,bonus,2023-03-26 12:04:00
BGT02048,USR007,INC06229,1350000.0,950000.0,550000.0,2850000.0,2300000.0,part_time,2023-04-23 07:41:00
BGT02099,USR054,INC00967,1950000.0,1100000.0,1250000.0,4300000.0,3050000.0,salary,2023-05-18 01:29:00
BGT04447,USR014,INC05034,1250000.0,750000.0,350000.0,2350000.0,2000000.0,allowance,2023-12-08 04:52:00
BGT01912,USR073,INC08750,4250000.0,3100000.0,2300000.0,9650000.0,7350000.0,salary,2023-02-24 11:34:00
BGT09765,USR029,INC08118,1600000.0,900000.0,600000.0,3100000.0,2500000.0,internship,2024-02-03 19:38:00
BGT09293,USR010,INC03854,900000.0,500000.0,300000.0,1700000.0,1400000.0,part_time,2023-09-09 05:12:00
BGT02753,USR018,INC01103,1600000.0,1000000.0,400000.0,3000000.0,2600000.0,scholarship,2023-01-13 12:55:00
BGT02288,USR056,INC08290,1500000.0,800000.0,700000.0,3000000.0,2300000.0,bonus,2024-05-07 00:29:00
BGT09882,USR035,INC04652,2200000.0,1300000.0,1050000.0,4550000.0,3500000.0,allowance,2024-09-25 08:45:00
BGT00257,USR014,INC05503,1000000.0,650000.0,550000.0,2200000.0,1650000.0,part_time,2024-08-03 06:11:00
BGT09185,USR060,INC04433,3650000.0,2200000.0,1750000.0,7650000.0,5850000.0,salary,2024-07-05 02:22:00
BGT05157,USR067,INC00940,3400000.0,1850000.0,1400000.0,6650000.0,5250000.0,investment_return,2023-05-17 10:34:00
BGT02116,USR034,INC02576,2250000.0,1200000.0,700000.0,4150000.0,3450000.0,freelance,2023-09-28 03:50:00
BGT07586,USR024,INC09417,900000.0,450000.0,350000.0,1700000.0,1350000.0,allowance,2024-07-21 13:26:00
BGT04043,USR048,INC04029,3000000.0,1550000.0,1000000.0,5600000.0,4550000.0,bonus,2023-03-02 17:00:00
BGT06960,USR048,INC00011,1600000.0,1150000.0,750000.0,3500000.0,2750000.0,freelance,2024-05-11 06:50:00
BGT01410,USR043,INC08845,3150000.0,2050000.0,1850000.0,7050000.0,5200000.0,salary,2023-07-27 08:40:00
BGT03215,USR020,INC03235,500000.0,300000.0,300000.0,1100000.0,800000.0,part_time,2023-02-26 10:21:00
BGT01900,USR073,INC08874,1850000.0,1150000.0,1100000.0,4150000.0,3000000.0,freelance,2023-09-28 01:44:00
BGT03362,USR059,INC07081,2650000.0,1500000.0,1150000.0,5300000.0,4150000.0,business,2024-10-21 19:37:00
BGT07692,USR064,INC02278,2400000.0,1450000.0,750000.0,4600000.0,3850000.0,business,2024-01-08 02:14:00
BGT06503,USR046,INC03914,2500000.0,1350000.0,1150000.0,5050000.0,3850000.0,business,2023-05-01 06:50:00
BGT08131,USR007,INC09475,1150000.0,650000.0,700000.0,2550000.0,1800000.0,scholarship,2023-06-10 18:58:00
BGT08662,USR004,INC02196,1150000.0,600000.0,550000.0,2300000.0,1750000.0,scholarship,2024-01-03 22:05:00
BGT09470,USR027,INC07846,1200000.0,650000.0,450000.0,2300000.0,1850000.0,freelance,2024-04-30 01:12:00
BGT01036,USR041,INC01860,3200000.0,1850000.0,1100000.0,6200000.0,5050000.0,freelance,2023-06-05 22:22:00
BGT08764,USR032,INC05426,1400000.0,750000.0,600000.0,2750000.0,2150000.0,allowance,2023-11-11 16:20:00
BGT07035,USR065,INC01935,5000000.0,2950000.0,1500000.0,9450000.0,7950000.0,investment_return,2023-10-31 16:50:00
BGT07097,USR028,INC04185,900000.0,550000.0,350000.0,1800000.0,1450000.0,allowance,2024-11-29 00:06:00
BGT06660,USR040,INC00340,1350000.0,850000.0,800000.0,3050000.0,2200000.0,internship,2023-03-21 17:32:00
BGT03629,USR075,INC08030,3250000.0,1650000.0,1450000.0,6400000.0,4900000.0,salary,2023-10-20 23:31:00
BGT05317,USR014,INC05885,1200000.0,600000.0,550000.0,2400000.0,1800000.0,part_time,2023-04-24 14:17:00
BGT09730,USR029,INC00017,2000000.0,1150000.0,850000.0,4050000.0,3150000.0,part_time,2023-07-14 12:50:00
BGT04202,USR024,INC07194,2000000.0,1450000.0,800000.0,4250000.0,3450000.0,part_time,2024-05-30 07:05:00
BGT06139,USR031,INC07389,2550000.0,1450000.0,800000.0,4800000.0,4000000.0,allowance,2023-12-03 05:48:00
BGT06892,USR049,INC01759,2500000.0,1450000.0,1400000.0,5350000.0,3950000.0,business,2024-09-25 08:23:00
BGT04415,USR042,INC09934,1900000.0,1200000.0,550000.0,3700000.0,3100000.0,freelance,2023-06-03 19:34:00
BGT04294,USR048,INC00487,3600000.0,2200000.0,1000000.0,6800000.0,5800000.0,freelance,2023-08-09 15:42:00
BGT04762,USR057,INC04574,2400000.0,1500000.0,1250000.0,5150000.0,3900000.0,freelance,2024-08-25 20:00:00
BGT02467,USR032,INC07694,1950000.0,1350000.0,850000.0,4150000.0,3300000.0,part_time,2023-08-20 05:04:00
BGT01645,USR068,INC09074,4250000.0,2800000.0,1650000.0,8700000.0,7050000.0,business,2024-02-07 01:56:00
BGT01218,USR023,INC06001,800000.0,550000.0,300000.0,1650000.0,1350000.0,part_time,2023-10-15 14:26:00
BGT07117,USR064,INC02440,3250000.0,2200000.0,1450000.0,6950000.0,5450000.0,freelance,2024-04-09 07:41:00
BGT08526,USR023,INC08467,2500000.0,1450000.0,850000.0,4850000.0,3950000.0,allowance,2023-01-30 20:35:00
BGT01757,USR073,INC07502,4050000.0,2500000.0,1550000.0,8100000.0,6550000.0,bonus,2023-09-05 12:27:00
BGT03720,USR030,INC05125,1500000.0,1000000.0,650000.0,3200000.0,2500000.0,freelance,2023-11-18 06:40:00
BGT05634,USR058,INC02857,3450000.0,2100000.0,600000.0,6200000.0,5550000.0,freelance,2024-01-08 19:22:00
BGT03988,USR038,INC07996,1700000.0,950000.0,700000.0,3350000.0,2650000.0,part_time,2024-10-02 03:42:00
BGT03467,USR018,INC01171,900000.0,450000.0,350000.0,1750000.0,1350000.0,scholarship,2023-07-27 04:14:00
BGT05109,USR067,INC01432,3950000.0,2300000.0,2000000.0,8250000.0,6250000.0,salary,2024-05-21 04:44:00
BGT08188,USR025,INC03130,2250000.0,1350000.0,1100000.0,4700000.0,3600000.0,freelance,2023-04-12 13:03:00
BGT03033,USR057,INC05762,1750000.0,1200000.0,850000.0,3800000.0,2950000.0,bonus,2023-01-10 17:44:00
BGT04191,USR034,INC06779,1850000.0,1400000.0,850000.0,4100000.0,3250000.0,internship,2023-12-11 02:28:00
BGT01787,USR046,INC01909,3650000.0,1900000.0,1000000.0,6550000.0,5550000.0,business,2024-09-07 12:36:00
BGT03267,USR022,INC07627,1350000.0,-750000.0,650000.0,2750000.0,600000.0,part_time,2024-04-27 23:16:00
BGT09378,USR002,INC03878,700000.0,450000.0,250000.0,1400000.0,1150000.0,scholarship,2023-03-09 08:06:00
BGT05342,USR045,INC03147,3200000.0,1850000.0,1600000.0,6650000.0,5050000.0,bonus,2023-10-07 05:11:00
BGT01850,USR059,INC00090,2000000.0,1300000.0,550000.0,3850000.0,3300000.0,salary,2024-04-15 18:54:00
BGT01599,USR041,INC05548,3000000.0,2050000.0,1100000.0,6150000.0,5050000.0,salary,2023-04-29 01:55:00
BGT09968,USR019,INC09700,1550000.0,-900000.0,550000.0,3000000.0,650000.0,part_time,2023-09-15 05:17:00
BGT03307,USR040,INC02826,1000000.0,500000.0,350000.0,1850000.0,1500000.0,freelance,2023-09-23 17:01:00
BGT06089,USR071,INC06247,2300000.0,1350000.0,750000.0,4400000.0,3650000.0,business,2023-10-18 22:03:00
BGT06637,USR013,INC02261,1250000.0,900000.0,650000.0,2800000.0,2150000.0,part_time,2023-02-21 19:50:00
BGT07608,USR020,INC03942,1450000.0,950000.0,600000.0,3000000.0,2400000.0,allowance,2023-03-03 23:40:00
BGT07368,USR067,INC07159,2100000.0,1150000.0,850000.0,4150000.0,3250000.0,freelance,2024-01-29 15:45:00
BGT07258,USR041,INC01882,3800000.0,2200000.0,1300000.0,7300000.0,6000000.0,bonus,2023-12-01 22:05:00
BGT09014,USR047,INC01391,3850000.0,1950000.0,1200000.0,7000000.0,5800000.0,freelance,2023-10-17 09:22:00
BGT01820,USR049,INC01350,1950000.0,1100000.0,550000.0,3600000.0,3050000.0,freelance,2024-05-30 13:47:00
BGT04624,USR033,INC04181,2500000.0,1500000.0,450000.0,4450000.0,4000000.0,internship,2024-12-11 13:23:00
BGT07632,USR062,INC02498,1850000.0,1300000.0,850000.0,4000000.0,3150000.0,salary,2023-05-25 19:42:00
BGT01393,USR018,INC04443,1350000.0,750000.0,750000.0,2850000.0,2100000.0,allowance,2024-07-25 00:48:00
BGT00772,USR011,INC03046,1250000.0,800000.0,400000.0,2450000.0,2050000.0,scholarship,2024-07-29 17:47:00
BGT05151,USR063,INC03211,3000000.0,1900000.0,850000.0,5750000.0,4900000.0,bonus,2024-11-23 10:03:00
BGT02752,USR042,INC07554,3150000.0,1900000.0,1500000.0,6600000.0,5050000.0,salary,2024-09-19 00:40:00
BGT07215,USR037,INC07989,1500000.0,800000.0,550000.0,2850000.0,2300000.0,internship,2024-08-03 01:06:00
BGT01505,USR031,INC09243,1600000.0,1050000.0,600000.0,3250000.0,2650000.0,allowance,2024-09-12 15:36:00
BGT03165,USR035,INC05009,2350000.0,1400000.0,950000.0,4700000.0,3750000.0,allowance,2023-04-17 12:56:00
BGT05781,USR033,INC07307,950000.0,650000.0,450000.0,2050000.0,1600000.0,internship,2024-11-05 05:35:00
BGT09349,USR022,INC01369,2250000.0,1300000.0,1100000.0,4650000.0,3550000.0,freelance,2024-12-20 03:12:00
BGT07906,USR006,INC09620,1150000.0,750000.0,400000.0,2300000.0,1900000.0,allowance,2023-09-02 17:40:00
BGT06640,USR027,INC06074,2450000.0,1500000.0,850000.0,4800000.0,3950000.0,freelance,2023-04-15 00:04:00
BGT06499,USR061,INC08170,4800000.0,2700000.0,1200000.0,8700000.0,7500000.0,business,2024-08-14 00:06:00
BGT03016,USR029,INC06108,1500000.0,1050000.0,750000.0,3300000.0,2550000.0,internship,2023-03-11 03:58:00
BGT05012,USR048,INC04308,2600000.0,1400000.0,800000.0,4850000.0,4000000.0,freelance,2024-02-03 16:15:00
BGT06551,USR013,INC02380,550000.0,350000.0,200000.0,1100000.0,900000.0,part_time,2023-05-31 17:35:00
BGT09667,USR027,INC00557,2250000.0,1550000.0,950000.0,4750000.0,3800000.0,freelance,2023-01-26 13:01:00
BGT03538,USR044,INC05350,2050000.0,1200000.0,400000.0,3650000.0,3250000.0,business,2024-04-27 20:11:00
BGT08451,USR011,INC04476,1300000.0,700000.0,450000.0,2500000.0,2000000.0,part_time,2023-02-25 00:45:00
BGT02456,USR003,INC08213,1550000.0,900000.0,550000.0,3000000.0,2450000.0,part_time,2024-01-12 15:03:00
BGT01512,USR024,INC01694,1500000.0,900000.0,700000.0,3100000.0,2400000.0,allowance,2024-10-10 22:25:00
BGT00214,USR042,INC01276,1800000.0,1200000.0,800000.0,3800000.0,3000000.0,freelance,2023-12-24 20:40:00
BGT04511,USR003,INC09562,900000.0,650000.0,350000.0,1900000.0,1550000.0,scholarship,2024-03-02 23:53:00
BGT06541,USR012,INC05353,750000.0,500000.0,350000.0,1600000.0,1250000.0,allowance,2024-05-29 06:09:00
BGT04758,USR067,INC08944,3050000.0,2100000.0,1200000.0,6350000.0,5150000.0,freelance,2023-02-14 05:28:00
BGT05310,USR049,INC08853,2550000.0,1650000.0,1100000.0,5300000.0,4200000.0,salary,2024-06-20 08:47:00
BGT00530,USR055,INC08409,1350000.0,850000.0,800000.0,3000000.0,2200000.0,business,2023-11-05 17:42:00
BGT09904,USR042,INC08936,2900000.0,2000000.0,1000000.0,5900000.0,4900000.0,freelance,2023-03-01 15:48:00
BGT05178,USR063,INC02351,4600000.0,2950000.0,1450000.0,9000000.0,7550000.0,bonus,2023-03-13 00:46:00
BGT07270,USR038,INC03344,1100000.0,700000.0,550000.0,2350000.0,1800000.0,internship,2024-01-24 20:19:00
BGT09267,USR059,INC00922,1550000.0,850000.0,800000.0,3200000.0,2400000.0,salary,2023-07-03 01:15:00
BGT00786,USR049,INC01022,3800000.0,2700000.0,1450000.0,7950000.0,6500000.0,business,2024-01-26 19:43:00
BGT00176,USR016,INC09557,1100000.0,750000.0,550000.0,2400000.0,1850000.0,part_time,2024-12-30 03:41:00
BGT07609,USR056,INC03247,3300000.0,2050000.0,900000.0,6250000.0,5350000.0,business,2024-10-15 12:48:00
BGT01019,USR019,INC04136,1600000.0,850000.0,450000.0,2900000.0,2450000.0,allowance,2024-11-19 11:34:00
BGT05110,USR068,INC05101,2300000.0,1450000.0,650000.0,4450000.0,3750000.0,business,2024-03-09 02:23:00
BGT04256,USR040,INC05261,2150000.0,1250000.0,500000.0,3900000.0,3400000.0,part_time,2024-10-11 21:38:00
BGT01814,USR044,INC09866,3350000.0,1850000.0,1000000.0,6200000.0,5200000.0,business,2024-04-21 16:02:00
BGT03306,USR005,INC06014,1200000.0,800000.0,650000.0,2650000.0,2000000.0,allowance,2024-01-18 06:41:00
BGT04324,USR029,INC03598,2300000.0,1450000.0,750000.0,4500000.0,3750000.0,internship,2023-11-20 10:14:00
BGT06952,USR048,INC06146,2950000.0,1850000.0,650000.0,5500000.0,4800000.0,freelance,2023-04-10 20:08:00
BGT07039,USR010,INC09344,900000.0,500000.0,350000.0,1750000.0,1400000.0,part_time,2024-01-15 23:32:00
BGT04066,USR035,INC03907,1800000.0,950000.0,550000.0,3300000.0,2750000.0,freelance,2023-02-08 07:49:00
BGT05961,USR047,INC04111,3400000.0,1900000.0,1400000.0,6700000.0,5300000.0,business,2024-12-15 23:37:00
BGT09984,USR043,INC02778,3200000.0,2100000.0,1950000.0,7300000.0,5300000.0,salary,2024-07-14 01:16:00
BGT09307,USR032,INC06659,1550000.0,850000.0,550000.0,2950000.0,2400000.0,freelance,2024-11-17 16:10:00
BGT04802,USR001,INC01881,850000.0,450000.0,200000.0,1500000.0,1300000.0,scholarship,2024-10-08 13:04:00
BGT02031,USR053,INC03923,3000000.0,-1550000.0,1450000.0,6050000.0,1450000.0,freelance,2024-02-04 10:32:00
BGT03268,USR042,INC04873,-2400000.0,1400000.0,1000000.0,4850000.0,-1000000.0,freelance,2024-03-01 03:41:00
BGT09341,USR067,INC01691,2500000.0,1450000.0,650000.0,4600000.0,3950000.0,freelance,2023-01-04 15:28:00
BGT04053,USR057,INC00362,3050000.0,1700000.0,1000000.0,575000000.0,4750000.0,bonus,2024-08-06 18:49:00
BGT03299,USR017,INC03505,450000.0,300000.0,250000.0,1000000.0,750000.0,allowance,2024-08-03 10:30:00
BGT06461,USR040,INC04715,950000.0,600000.0,250000.0,1800000.0,1550000.0,internship,2024-10-27 07:57:00
BGT07229,USR030,INC02788,1900000.0,-1100000.0,450000.0,3450000.0,800000.0,allowance,2023-11-09 12:47:00
BGT02120,USR019,INC04124,650000.0,450000.0,300000.0,1400000.0,1100000.0,part_time,2023-04-04 05:16:00
BGT01292,USR066,INC00357,2250000.0,1250000.0,1350000.0,4900000.0,3500000.0,bonus,2024-06-11 22:02:00
BGT08127,USR017,INC04791,1000000.0,650000.0,400000.0,2050000.0,1650000.0,scholarship,2023-11-13 07:50:00
BGT06656,USR016,INC06282,800000.0,400000.0,300000.0,1550000.0,1200000.0,part_time,2024-10-08 07:50:00
BGT05470,USR018,INC07979,1150000.0,850000.0,600000.0,2650000.0,2000000.0,part_time,2023-09-02 06:12:00
BGT08869,USR051,INC09162,1850000.0,1050000.0,1100000.0,4000000.0,2900000.0,business,2023-03-25 12:08:00
BGT08230,USR049,INC05965,3800000.0,2100000.0,1400000.0,7300000.0,5900000.0,bonus,2023-03-28 21:06:00
BGT05700,USR064,INC05581,4250000.0,3000000.0,2400000.0,9700000.0,7250000.0,business,2024-08-09 21:09:00
BGT04058,USR066,INC09664,3800000.0,2200000.0,1300000.0,7350000.0,6000000.0,investment_return,2024-11-02 23:57:00
BGT00784,USR019,INC01294,1150000.0,600000.0,400000.0,2150000.0,1750000.0,allowance,2024-01-24 20:40:00
BGT00399,USR037,INC02682,1850000.0,1000000.0,700000.0,3550000.0,2850000.0,freelance,2024-10-28 10:34:00
BGT09934,USR034,INC07913,1650000.0,1100000.0,650000.0,3400000.0,2750000.0,allowance,2024-08-22 08:13:00
BGT05001,USR018,INC03186,950000.0,550000.0,250000.0,1750000.0,1500000.0,part_time,2023-03-25 12:20:00
BGT08654,USR046,INC07806,2200000.0,1250000.0,1150000.0,4600000.0,3450000.0,business,2023-01-29 05:06:00
BGT03356,USR040,INC05176,950000.0,600000.0,300000.0,1850000.0,1550000.0,part_time,2024-04-06 21:10:00
BGT07698,USR066,INC05748,3800000.0,2250000.0,1700000.0,7750000.0,6050000.0,salary,2023-12-30 06:29:00
BGT08235,USR045,INC00777,1700000.0,1000000.0,300000.0,3000000.0,2700000.0,freelance,2024-10-11 04:01:00
BGT09706,USR035,INC04931,1400000.0,850000.0,450000.0,2700000.0,2250000.0,part_time,2024-12-28 20:50:00
BGT06545,USR052,INC02751,2700000.0,1500000.0,800000.0,5000000.0,4200000.0,business,2023-12-17 12:55:00
BGT09400,USR035,INC00089,900000.0,650000.0,450000.0,2000000.0,1550000.0,allowance,2024-06-26 17:36:00
BGT04622,USR025,INC05207,1600000.0,950000.0,900000.0,3450000.0,2550000.0,allowance,2023-09-20 05:16:00
BGT06622,USR059,INC06784,1950000.0,1400000.0,1050000.0,4400000.0,3350000.0,freelance,2024-11-10 21:31:00
BGT06730,USR019,INC05828,950000.0,600000.0,300000.0,1850000.0,1550000.0,scholarship,2023-02-25 19:44:00
BGT02507,USR021,INC04343,1800000.0,900000.0,550000.0,3300000.0,2700000.0,freelance,2023-12-15 18:22:00
BGT00678,USR039,INC06665,1750000.0,900000.0,700000.0,3400000.0,2650000.0,allowance,2024-07-04 01:53:00
BGT02427,USR038,INC00177,1200000.0,800000.0,700000.0,2700000.0,2000000.0,internship,2023-06-06 17:41:00
BGT06324,USR033,INC05908,900000.0,550000.0,250000.0,1700000.0,1450000.0,allowance,2023-11-21 04:41:00
BGT00477,USR025,INC05286,850000.0,550000.0,300000.0,1700000.0,1400000.0,internship,2023-03-17 12:50:00
BGT09260,USR031,INC01858,1900000.0,1000000.0,800000.0,3750000.0,2900000.0,allowance,2023-11-12 00:10:00
BGT02343,USR007,INC05117,1300000.0,650000.0,400000.0,2350000.0,1950000.0,allowance,2024-12-12 00:02:00
BGT06080,USR043,INC00950,3700000.0,1950000.0,1500000.0,7150000.0,5650000.0,salary,2023-07-29 00:29:00
BGT00025,USR058,INC03221,3600000.0,2200000.0,1250000.0,7050000.0,5800000.0,freelance,2023-05-10 22:47:00
BGT07549,USR072,INC00916,3100000.0,1550000.0,1400000.0,6050000.0,4650000.0,investment_return,2024-10-31 09:03:00
BGT00177,USR003,INC05241,1300000.0,950000.0,650000.0,2900000.0,2250000.0,scholarship,2023-04-04 21:48:00
BGT08574,USR012,INC04611,750000.0,500000.0,400000.0,1650000.0,1250000.0,allowance,2023-05-28 07:09:00
BGT04820,USR004,INC07199,1150000.0,700000.0,600000.0,2450000.0,1850000.0,allowance,2023-05-07 08:32:00
BGT07115,USR006,INC09633,900000.0,450000.0,400000.0,1800000.0,1350000.0,allowance,2023-11-11 03:06:00
BGT02135,USR021,INC05012,1900000.0,1350000.0,950000.0,4200000.0,3250000.0,part_time,2023-03-18 19:43:00
BGT09251,USR053,INC09098,-1800000.0,1100000.0,1100000.0,4000000.0,-700000.0,business,2024-08-17 07:34:00
BGT09205,USR021,INC09809,1250000.0,850000.0,450000.0,2550000.0,2100000.0,freelance,2023-02-11 15:27:00
BGT07719,USR038,INC06616,1150000.0,700000.0,700000.0,2550000.0,1850000.0,freelance,2024-07-14 01:32:00
BGT03982,USR025,INC07810,1250000.0,800000.0,650000.0,2700000.0,2050000.0,part_time,2024-08-20 11:40:00
BGT03479,USR041,INC01319,3600000.0,2250000.0,1850000.0,7700000.0,5850000.0,business,2023-03-12 06:01:00
BGT03779,USR048,INC08341,2950000.0,1800000.0,1950000.0,6700000.0,4750000.0,business,2024-12-14 03:18:00
BGT07058,USR053,INC06655,2100000.0,1550000.0,1050000.0,4700000.0,3650000.0,salary,2024-01-05 03:51:00
BGT00264,USR001,INC01893,650000.0,400000.0,350000.0,1400000.0,1050000.0,part_time,2024-04-16 12:57:00
BGT08493,USR030,INC00733,1750000.0,1100000.0,500000.0,3350000.0,2850000.0,allowance,2024-05-19 18:17:00
BGT03235,USR002,INC05969,700000.0,400000.0,250000.0,1350000.0,1100000.0,allowance,2023-06-17 11:54:00
BGT08085,USR032,INC00864,1650000.0,950000.0,400000.0,3000000.0,2600000.0,internship,2023-12-21 16:22:00
BGT07650,USR034,INC05186,1450000.0,750000.0,500000.0,2700000.0,2200000.0,allowance,2024-08-18 07:56:00
BGT08862,USR041,INC07031,1600000.0,1000000.0,850000.0,3450000.0,2600000.0,business,2024-02-22 03:36:00
BGT02024,USR037,INC08698,2600000.0,1400000.0,700000.0,4750000.0,4000000.0,allowance,2023-02-26 19:24:00
BGT01594,USR006,INC04062,550000.0,300000.0,150000.0,1000000.0,850000.0,allowance,2024-06-24 10:47:00
BGT05828,USR037,INC02183,1100000.0,550000.0,350000.0,2000000.0,1650000.0,freelance,2023-09-21 04:28:00
BGT07256,USR006,INC05169,800000.0,500000.0,400000.0,1750000.0,1300000.0,part_time,2023-01-08 00:10:00
BGT07370,USR074,INC04672,3750000.0,2150000.0,1050000.0,6950000.0,5900000.0,investment_return,2023-02-01 17:56:00
BGT02464,USR049,INC06823,4300000.0,2350000.0,1000000.0,7650000.0,6650000.0,bonus,2024-12-26 07:49:00
BGT07372,USR067,INC05871,4250000.0,2150000.0,1500000.0,7900000.0,6400000.0,freelance,2024-03-09 13:44:00
BGT07233,USR057,INC05178,2500000.0,1400000.0,1200000.0,5100000.0,3900000.0,freelance,2024-10-15 20:48:00
BGT05196,USR050,INC05430,2000000.0,1100000.0,450000.0,3550000.0,3100000.0,freelance,2024-06-15 12:27:00
BGT03790,USR031,INC09406,2400000.0,1450000.0,900000.0,4750000.0,3850000.0,freelance,2024-10-31 10:04:00
BGT08620,USR041,INC01968,1800000.0,950000.0,800000.0,3550000.0,2750000.0,freelance,2023-04-04 20:30:00
BGT04421,USR031,INC07385,2200000.0,1150000.0,700000.0,4050000.0,3350000.0,allowance,2023-03-09 06:50:00
BGT02733,USR068,INC03391,4150000.0,2300000.0,1500000.0,7950000.0,6450000.0,salary,2024-11-15 11:33:00
BGT03269,USR009,INC03055,1500000.0,850000.0,500000.0,2850000.0,2350000.0,part_time,2023-02-27 20:08:00
BGT04432,USR057,INC06295,2250000.0,1650000.0,1100000.0,5050000.0,3900000.0,bonus,2023-03-22 03:34:00
BGT02418,USR062,INC07860,4250000.0,2700000.0,1200000.0,8150000.0,6950000.0,investment_return,2023-12-17 17:16:00
BGT07289,USR027,INC03768,1850000.0,1400000.0,850000.0,4100000.0,3250000.0,freelance,2024-02-23 10:21:00
BGT08447,USR019,INC04741,1100000.0,600000.0,400000.0,2100000.0,1700000.0,scholarship,2024-10-11 04:36:00
BGT07182,USR004,INC09121,600000.0,450000.0,250000.0,1300000.0,1050000.0,allowance,2024-12-18 20:47:00
BGT01319,USR060,INC05868,2750000.0,1500000.0,1150000.0,5400000.0,4250000.0,freelance,2024-10-14 04:45:00
BGT06427,USR036,INC00095,850000.0,650000.0,400000.0,1900000.0,1500000.0,freelance,2024-01-26 18:53:00
BGT05909,USR044,INC05142,-2900000.0,1550000.0,1250000.0,5650000.0,-1350000.0,freelance,2023-07-24 15:34:00
BGT00766,USR047,INC09282,3050000.0,1900000.0,800000.0,5750000.0,4950000.0,bonus,2023-05-18 19:11:00
BGT05025,USR023,INC03515,1900000.0,1150000.0,400000.0,3450000.0,3050000.0,part_time,2024-04-05 08:11:00
BGT07278,USR075,INC05882,4900000.0,2600000.0,2100000.0,9650000.0,7500000.0,business,2024-01-06 12:24:00
BGT03481,USR065,INC02978,4050000.0,2450000.0,700000.0,7200000.0,6500000.0,freelance,2023-07-07 11:49:00
BGT03966,USR019,INC09196,1250000.0,750000.0,650000.0,2650000.0,2000000.0,part_time,2023-04-13 08:47:00
BGT07457,USR046,INC08368,1800000.0,1050000.0,650000.0,3550000.0,2850000.0,bonus,2024-09-30 11:20:00
BGT05308,USR009,INC09254,1550000.0,850000.0,500000.0,2900000.0,2400000.0,scholarship,2024-09-20 15:33:00
BGT03419,USR013,INC06624,1150000.0,750000.0,650000.0,2550000.0,1900000.0,allowance,2024-01-04 18:05:00
BGT08937,USR007,INC07624,600000.0,450000.0,250000.0,1300000.0,1050000.0,allowance,2023-08-24 11:27:00
BGT01246,USR064,INC07204,3600000.0,2600000.0,1750000.0,7950000.0,6200000.0,business,2023-06-15 17:54:00
BGT09132,USR045,INC09298,1650000.0,1050000.0,450000.0,3150000.0,2700000.0,freelance,2024-05-24 21:03:00
BGT09221,USR039,INC03277,1150000.0,600000.0,350000.0,2150000.0,1750000.0,freelance,2023-03-13 09:11:00
BGT09784,USR041,INC08905,3300000.0,1700000.0,1350000.0,6350000.0,5000000.0,freelance,2023-09-01 06:14:00
BGT05573,USR072,INC02709,4050000.0,1950000.0,1500000.0,7500000.0,6000000.0,business,2024-09-27 20:08:00
BGT00652,USR048,INC08093,2900000.0,2000000.0,1000000.0,5950000.0,4900000.0,business,2024-07-09 01:02:00
BGT09769,USR049,INC02113,1850000.0,1050000.0,1000000.0,3900000.0,2900000.0,bonus,2023-09-17 19:47:00
BGT01480,USR030,INC06503,1700000.0,1000000.0,700000.0,3400000.0,2700000.0,allowance,2024-08-05 18:27:00
BGT09442,USR044,INC02908,2500000.0,1450000.0,850000.0,4850000.0,3950000.0,freelance,2024-10-09 14:49:00
BGT03715,USR025,INC00610,1100000.0,600000.0,400000.0,2100000.0,1700000.0,allowance,2023-04-28 06:00:00
BGT08859,USR059,INC04465,1900000.0,1450000.0,950000.0,4300000.0,3350000.0,business,2024-06-03 08:10:00
BGT02687,USR019,INC07367,1350000.0,800000.0,550000.0,2700000.0,2150000.0,allowance,2023-10-26 07:40:00
BGT00193,USR036,INC04439,1500000.0,900000.0,550000.0,2950000.0,2400000.0,part_time,2024-05-20 03:15:00
BGT05040,USR053,INC08676,3900000.0,2600000.0,1350000.0,7850000.0,6500000.0,business,2023-04-26 21:15:00
BGT09286,USR052,INC05239,2750000.0,1550000.0,1200000.0,5500000.0,4300000.0,bonus,2024-11-17 21:27:00
BGT00519,USR008,INC00846,1200000.0,750000.0,650000.0,2650000.0,1950000.0,allowance,2024-04-14 05:36:00
BGT09574,USR035,INC00964,1450000.0,950000.0,400000.0,2800000.0,2400000.0,allowance,2024-09-17 03:27:00
BGT07607,USR048,INC09902,2250000.0,1150000.0,650000.0,4050000.0,3400000.0,business,2024-09-04 23:09:00
BGT06449,USR005,INC01357,1400000.0,850000.0,650000.0,2900000.0,2250000.0,part_time,2023-10-16 09:10:00
BGT02726,USR054,INC02740,1400000.0,1000000.0,750000.0,3150000.0,2400000.0,business,2024-01-06 09:08:00
BGT05347,USR065,INC07958,3500000.0,2550000.0,1700000.0,7750000.0,6050000.0,freelance,2024-07-28 15:13:00
BGT04245,USR032,INC07713,850000.0,500000.0,200000.0,1550000.0,1350000.0,internship,2024-07-31 01:41:00
BGT04371,USR013,INC05701,850000.0,450000.0,250000.0,1550000.0,1300000.0,scholarship,2023-07-01 21:30:00
BGT01261,USR016,INC03723,1000000.0,650000.0,250000.0,1900000.0,1650000.0,scholarship,2024-01-01 02:58:00
BGT05606,USR046,INC09084,1800000.0,900000.0,700000.0,3400000.0,2700000.0,salary,2024-06-14 12:05:00
BGT05806,USR010,INC09446,1050000.0,-750000.0,400000.0,2200000.0,300000.0,part_time,2023-11-21 23:48:00
BGT01824,USR042,INC09398,2650000.0,1350000.0,900000.0,4900000.0,4000000.0,bonus,2023-10-02 20:35:00
BGT08023,USR057,INC03157,4250000.0,2500000.0,1100000.0,7850000.0,6750000.0,salary,2024-11-07 18:28:00
BGT05805,USR064,INC05193,4100000.0,2550000.0,1250000.0,7900000.0,6650000.0,investment_return,2024-11-20 01:35:00
BGT04504,USR023,INC07868,850000.0,550000.0,250000.0,1650000.0,1400000.0,freelance,2024-10-16 11:48:00
BGT04186,USR027,INC04505,2300000.0,1600000.0,950000.0,4850000.0,3900000.0,allowance,2023-08-08 09:07:00
BGT08827,USR031,INC06081,1150000.0,600000.0,350000.0,2100000.0,1750000.0,part_time,2024-11-30 20:15:00
BGT07901,USR018,INC03408,1100000.0,650000.0,200000.0,2000000.0,1750000.0,part_time,2023-06-13 02:38:00
BGT09563,USR046,INC03732,1850000.0,1250000.0,750000.0,3850000.0,3100000.0,salary,2024-03-12 12:22:00
BGT02814,USR054,INC06477,4300000.0,2600000.0,950000.0,7850000.0,6900000.0,freelance,2024-02-29 10:51:00
BGT06361,USR020,INC07315,1100000.0,650000.0,700000.0,2450000.0,1750000.0,scholarship,2024-09-29 10:55:00
BGT07129,USR012,INC03719,1300000.0,750000.0,600000.0,2650000.0,2050000.0,part_time,2023-11-01 13:36:00
BGT08893,USR038,INC00325,1650000.0,900000.0,550000.0,3100000.0,2550000.0,internship,2023-07-21 18:50:00
BGT07544,USR045,INC06022,2450000.0,1550000.0,1200000.0,5200000.0,4000000.0,salary,2024-08-09 13:14:00
BGT03708,USR027,INC04025,700000.0,400000.0,400000.0,1500000.0,1100000.0,freelance,2024-04-04 01:18:00
BGT02100,USR037,INC03340,850000.0,400000.0,300000.0,1550000.0,1250000.0,internship,2023-07-10 15:11:00
BGT07600,USR057,INC07551,1850000.0,1250000.0,1050000.0,4150000.0,3100000.0,business,2023-03-02 04:20:00
BGT06970,USR047,INC03117,3200000.0,2000000.0,1250000.0,6450000.0,5200000.0,salary,2023-06-14 11:09:00
BGT01113,USR025,INC01154,1350000.0,700000.0,700000.0,2750000.0,2050000.0,freelance,2024-02-23 21:43:00
BGT08093,USR037,INC08498,2250000.0,1200000.0,750000.0,4200000.0,3450000.0,part_time,2023-03-18 11:55:00
BGT03777,USR009,INC02837,650000.0,350000.0,250000.0,1250000.0,1000000.0,scholarship,2024-10-25 14:28:00
BGT06772,USR018,INC02727,1350000.0,850000.0,650000.0,285000000.0,2200000.0,allowance,2024-11-21 06:41:00
BGT03445,USR060,INC00821,1900000.0,1200000.0,450000.0,3550000.0,3100000.0,business,2024-09-09 21:13:00
BGT05183,USR016,INC06023,650000.0,400000.0,150000.0,1200000.0,1050000.0,part_time,2024-06-11 13:56:00
BGT06643,USR072,INC07562,4800000.0,2800000.0,1150000.0,8750000.0,7600000.0,business,2024-05-25 04:58:00
BGT05889,USR055,INC03255,2200000.0,1400000.0,800000.0,4400000.0,3600000.0,business,2023-02-11 15:24:00
BGT09940,USR038,INC08352,1600000.0,900000.0,950000.0,3450000.0,2500000.0,allowance,2023-04-05 23:39:00
BGT07513,USR043,INC02558,3750000.0,2300000.0,1400000.0,7500000.0,6050000.0,business,2024-08-16 20:55:00
BGT06231,USR026,INC08450,1900000.0,1150000.0,400000.0,3450000.0,3050000.0,internship,2023-09-18 00:47:00
BGT04482,USR064,INC00578,3950000.0,2750000.0,1350000.0,8050000.0,6700000.0,investment_return,2023-09-22 04:33:00
BGT03497,USR021,INC01274,1700000.0,1000000.0,950000.0,3650000.0,2700000.0,freelance,2024-04-29 11:33:00
BGT08266,USR040,INC09805,850000.0,450000.0,350000.0,1650000.0,1300000.0,freelance,2024-07-28 20:28:00
BGT09487,USR050,INC00019,3950000.0,2200000.0,1150000.0,7300000.0,6150000.0,salary,2024-11-22 07:05:00
BGT04452,USR036,INC04023,2250000.0,1550000.0,1200000.0,5000000.0,3800000.0,part_time,2024-10-04 16:32:00
BGT04305,USR002,INC01851,800000.0,500000.0,200000.0,1500000.0,1300000.0,freelance,2023-11-05 18:17:00
BGT01068,USR072,INC01540,3700000.0,2150000.0,2050000.0,7900000.0,5850000.0,bonus,2024-04-23 16:28:00
BGT00919,USR021,INC00793,1450000.0,800000.0,550000.0,2800000.0,2250000.0,allowance,2023-09-09 12:28:00
BGT03742,USR010,INC03833,1000000.0,550000.0,450000.0,2000000.0,1550000.0,scholarship,2024-12-26 02:43:00
BGT06253,USR057,INC06457,1900000.0,1200000.0,400000.0,3500000.0,3100000.0,salary,2023-11-06 02:49:00
BGT01717,USR065,INC03435,3450000.0,2150000.0,2050000.0,7650000.0,5600000.0,salary,2024-01-13 02:40:00
BGT09233,USR058,INC01826,2800000.0,1750000.0,850000.0,5400000.0,4550000.0,bonus,2023-02-24 16:05:00
BGT03830,USR066,INC09089,3750000.0,2450000.0,1750000.0,7950000.0,6200000.0,investment_return,2024-06-03 07:30:00
BGT00081,USR050,INC06684,2150000.0,1350000.0,1000000.0,4500000.0,3500000.0,bonus,2023-09-15 16:09:00
BGT05525,USR010,INC05983,1250000.0,650000.0,650000.0,2550000.0,1900000.0,part_time,2023-11-16 15:51:00
BGT09752,USR039,INC00609,1050000.0,550000.0,450000.0,2100000.0,1600000.0,internship,2024-09-25 11:43:00
BGT06422,USR073,INC08786,4500000.0,2900000.0,2350000.0,9750000.0,7400000.0,investment_return,2024-07-06 10:41:00
BGT07679,USR020,INC05675,1200000.0,750000.0,450000.0,2450000.0,1950000.0,part_time,2024-06-14 18:47:00
BGT08543,USR022,INC07679,1550000.0,950000.0,900000.0,3400000.0,2500000.0,internship,2023-12-08 09:14:00
BGT07227,USR063,INC06890,3950000.0,2450000.0,1200000.0,7600000.0,6400000.0,freelance,2024-01-27 23:01:00
BGT02502,USR042,INC07825,1800000.0,1050000.0,850000.0,3700000.0,2850000.0,freelance,2024-05-06 02:14:00
BGT06241,USR012,INC01766,900000.0,550000.0,200000.0,1650000.0,1450000.0,part_time,2024-08-21 13:36:00
BGT05560,USR017,INC08812,800000.0,500000.0,300000.0,1600000.0,1300000.0,part_time,2023-05-01 07:19:00
BGT04259,USR029,INC04125,1600000.0,1050000.0,550000.0,3200000.0,2650000.0,freelance,2024-03-11 06:37:00
BGT09832,USR036,INC06928,800000.0,500000.0,250000.0,1550000.0,1300000.0,internship,2023-05-01 18:45:00
BGT04610,USR068,INC05721,2900000.0,1950000.0,1600000.0,6500000.0,4850000.0,business,2023-12-07 13:38:00
BGT00268,USR048,INC08413,3550000.0,2300000.0,1100000.0,7000000.0,5850000.0,salary,2023-10-03 04:35:00
BGT03557,USR007,INC06077,900000.0,600000.0,300000.0,1800000.0,1500000.0,part_time,2023-11-22 10:33:00
BGT06369,USR047,INC08133,2300000.0,1600000.0,1200000.0,5100000.0,3900000.0,business,2023-04-01 16:33:00
BGT08785,USR021,INC05293,1800000.0,950000.0,700000.0,3450000.0,2750000.0,part_time,2024-02-11 14:07:00
BGT04243,USR072,INC06946,3200000.0,1950000.0,2000000.0,7150000.0,5150000.0,bonus,2024-01-16 06:44:00
BGT04924,USR047,INC04082,3550000.0,2150000.0,2000000.0,770000000.0,5700000.0,freelance,2024-12-30 02:19:00
BGT02895,USR052,INC03888,4050000.0,2300000.0,1050000.0,7400000.0,6350000.0,business,2023-07-22 04:00:00
BGT09371,USR045,INC06833,2600000.0,1500000.0,1100000.0,5250000.0,4100000.0,freelance,2023-02-21 16:33:00
BGT01274,USR051,INC04009,2300000.0,1300000.0,600000.0,4200000.0,3600000.0,business,2023-11-19 02:38:00
BGT02894,USR022,INC09555,900000.0,450000.0,300000.0,1650000.0,1350000.0,allowance,2024-04-01 11:05:00
BGT09598,USR023,INC02545,950000.0,600000.0,550000.0,2100000.0,1550000.0,freelance,2024-04-03 17:44:00
BGT02804,USR024,INC04570,1800000.0,950000.0,600000.0,3350000.0,2750000.0,internship,2023-09-10 16:26:00
BGT04534,USR018,INC03900,1050000.0,600000.0,250000.0,1950000.0,1650000.0,scholarship,2024-06-13 15:37:00
BGT09922,USR074,INC08810,4300000.0,2350000.0,2000000.0,8650000.0,6650000.0,bonus,2024-05-22 10:35:00
BGT04649,USR010,INC06150,750000.0,400000.0,300000.0,1450000.0,1150000.0,scholarship,2023-10-07 11:52:00
BGT05258,USR048,INC03765,1400000.0,1000000.0,750000.0,3200000.0,2400000.0,bonus,2024-01-13 01:34:00
BGT01708,USR038,INC00795,2400000.0,1500000.0,900000.0,4800000.0,3900000.0,allowance,2023-12-28 07:00:00
BGT09222,USR032,INC04930,1450000.0,850000.0,800000.0,3100000.0,2300000.0,allowance,2023-10-06 09:32:00
BGT08601,USR027,INC07463,1550000.0,800000.0,400000.0,2750000.0,2350000.0,allowance,2024-07-06 08:35:00
BGT07944,USR045,INC01797,2700000.0,1350000.0,1000000.0,5050000.0,4050000.0,salary,2023-07-11 21:09:00
BGT01810,USR017,INC04899,1200000.0,650000.0,300000.0,2150000.0,1850000.0,scholarship,2023-09-15 14:40:00
BGT08704,USR028,INC04960,1150000.0,900000.0,550000.0,2600000.0,2050000.0,internship,2023-12-19 22:25:00
BGT09057,USR016,INC04863,1400000.0,800000.0,600000.0,2800000.0,2200000.0,allowance,2023-11-27 04:34:00
BGT05588,USR074,INC04610,2850000.0,1850000.0,1500000.0,615000000.0,4700000.0,bonus,2023-11-07 05:11:00
BGT04707,USR067,INC06373,2000000.0,1400000.0,1000000.0,4450000.0,3400000.0,bonus,2023-09-20 10:11:00
BGT04716,USR037,INC06678,2600000.0,1550000.0,650000.0,4800000.0,4150000.0,internship,2023-05-23 03:01:00
BGT00474,USR074,INC04730,2150000.0,1400000.0,700000.0,4250000.0,3550000.0,freelance,2023-05-02 14:48:00
BGT03953,USR047,INC00290,1750000.0,1100000.0,1000000.0,3850000.0,2850000.0,business,2024-12-20 17:24:00
BGT06289,USR023,INC06560,1100000.0,800000.0,550000.0,2450000.0,1900000.0,internship,2024-09-09 00:27:00
BGT04219,USR059,INC05321,2350000.0,1250000.0,900000.0,4550000.0,3600000.0,salary,2023-09-07 04:27:00
BGT09182,USR021,INC08900,2300000.0,1250000.0,800000.0,4350000.0,3550000.0,freelance,2024-01-23 12:20:00
BGT00228,USR061,INC00883,2200000.0,1400000.0,550000.0,4150000.0,3600000.0,freelance,2023-02-28 09:44:00
BGT02993,USR006,INC02534,650000.0,350000.0,200000.0,1200000.0,1000000.0,scholarship,2023-11-07 16:36:00
BGT05550,USR042,INC04370,2950000.0,1950000.0,1250000.0,6150000.0,4900000.0,freelance,2023-11-17 07:23:00
BGT06308,USR055,INC07661,4000000.0,2200000.0,1450000.0,7650000.0,6200000.0,salary,2023-10-30 19:03:00
BGT08324,USR035,INC08427,1400000.0,800000.0,350000.0,2550000.0,2200000.0,part_time,2023-03-20 16:36:00
BGT01305,USR029,INC00220,1650000.0,950000.0,500000.0,3100000.0,2600000.0,allowance,2023-09-11 15:50:00
BGT04372,USR026,INC07303,850000.0,550000.0,200000.0,1600000.0,1400000.0,allowance,2023-09-27 15:14:00
BGT08696,USR003,INC09550,1300000.0,700000.0,700000.0,2700000.0,2000000.0,part_time,2024-07-06 05:29:00
BGT07392,USR011,INC03662,850000.0,450000.0,250000.0,1600000.0,1300000.0,allowance,2024-07-15 02:48:00
BGT05137,USR027,INC00229,2400000.0,1400000.0,750000.0,4550000.0,3800000.0,internship,2024-12-13 17:54:00
BGT06703,USR013,INC02870,700000.0,400000.0,300000.0,1450000.0,1100000.0,allowance,2024-05-19 09:47:00
BGT03407,USR062,INC00783,2400000.0,1650000.0,1200000.0,5250000.0,4050000.0,business,2023-03-21 08:36:00
BGT08340,USR001,INC09041,1250000.0,650000.0,600000.0,2500000.0,1900000.0,part_time,2023-04-15 01:15:00
BGT02049,USR067,INC03209,5100000.0,2800000.0,1500000.0,9400000.0,7900000.0,bonus,2024-05-23 09:24:00
BGT07818,USR061,INC05752,2800000.0,1350000.0,900000.0,5050000.0,4150000.0,bonus,2024-02-06 13:55:00
BGT01430,USR017,INC01376,1000000.0,500000.0,300000.0,1800000.0,1500000.0,part_time,2023-04-24 11:48:00
BGT04589,USR021,INC09343,1950000.0,1400000.0,950000.0,4300000.0,3350000.0,part_time,2023-03-04 05:07:00
BGT03427,USR011,INC06430,950000.0,650000.0,400000.0,2000000.0,1600000.0,scholarship,2023-11-24 09:06:00
BGT04369,USR066,INC03680,2300000.0,1450000.0,1100000.0,4850000.0,3750000.0,business,2024-02-28 18:37:00
BGT07986,USR015,INC09416,750000.0,450000.0,250000.0,1500000.0,1200000.0,allowance,2023-10-11 15:58:00
BGT09300,USR063,INC00473,3650000.0,2300000.0,1200000.0,7200000.0,5950000.0,investment_return,2023-09-15 13:11:00
BGT03401,USR011,INC08828,1300000.0,900000.0,500000.0,2750000.0,2200000.0,scholarship,2023-10-18 07:04:00
BGT00384,USR028,INC05072,1650000.0,1050000.0,500000.0,3250000.0,2700000.0,allowance,2023-06-12 01:02:00
BGT01969,USR024,INC00097,1650000.0,1150000.0,550000.0,3350000.0,2800000.0,allowance,2023-09-27 03:38:00
BGT09613,USR064,INC03188,4200000.0,2650000.0,1700000.0,8550000.0,6850000.0,freelance,2024-08-11 07:30:00
BGT08099,USR041,INC06662,2900000.0,1900000.0,1000000.0,5800000.0,4800000.0,freelance,2024-03-11 18:21:00
BGT07251,USR073,INC08034,4450000.0,2950000.0,2100000.0,9500000.0,7400000.0,investment_return,2023-04-10 21:16:00
BGT06115,USR014,INC02488,850000.0,500000.0,350000.0,1750000.0,1350000.0,part_time,2024-07-23 17:48:00
BGT06050,USR035,INC04073,1400000.0,1000000.0,700000.0,3150000.0,2400000.0,freelance,2024-03-13 11:44:00
BGT03391,USR031,INC02276,1550000.0,1100000.0,700000.0,3350000.0,2650000.0,freelance,2023-02-22 09:48:00
BGT06629,USR048,INC03596,1600000.0,1000000.0,550000.0,3150000.0,2600000.0,bonus,2024-12-06 04:57:00
BGT08306,USR047,INC01878,2050000.0,1250000.0,600000.0,3900000.0,3300000.0,bonus,2023-09-14 01:22:00
BGT05349,USR055,INC06502,2650000.0,1750000.0,1100000.0,5500000.0,4400000.0,freelance,2023-06-05 06:04:00
BGT08062,USR052,INC05688,2800000.0,1650000.0,600000.0,5050000.0,4450000.0,business,2024-03-31 21:38:00
BGT05911,USR031,INC04339,-2750000.0,1450000.0,700000.0,4900000.0,-1300000.0,freelance,2023-04-20 23:57:00
BGT05761,USR017,INC03895,600000.0,350000.0,150000.0,1100000.0,950000.0,part_time,2024-04-24 10:29:00
BGT01471,USR014,INC05194,1200000.0,750000.0,700000.0,2650000.0,1950000.0,part_time,2024-07-10 13:39:00
BGT02848,USR069,INC04771,4200000.0,2550000.0,2750000.0,9500000.0,6750000.0,freelance,2023-07-02 11:51:00
BGT04149,USR066,INC01089,3500000.0,2300000.0,1100000.0,6900000.0,5800000.0,bonus,2024-12-28 04:08:00
BGT05461,USR071,INC04268,4750000.0,2750000.0,1300000.0,8800000.0,7500000.0,bonus,2023-04-19 15:06:00
BGT05942,USR028,INC02939,1050000.0,550000.0,550000.0,2200000.0,1600000.0,part_time,2023-06-09 16:06:00
BGT06876,USR009,INC06895,600000.0,350000.0,200000.0,1200000.0,950000.0,scholarship,2024-10-28 21:44:00
BGT08920,USR043,INC02811,3600000.0,2650000.0,1750000.0,8000000.0,6250000.0,business,2024-11-27 23:35:00
BGT07997,USR064,INC01117,4150000.0,2400000.0,1750000.0,8300000.0,6550000.0,business,2023-12-20 21:13:00
BGT04715,USR017,INC08378,1100000.0,700000.0,500000.0,2300000.0,1800000.0,allowance,2023-05-18 03:45:00
BGT01457,USR045,INC00305,3750000.0,2300000.0,1150000.0,7200000.0,6050000.0,salary,2023-08-23 03:06:00
BGT03945,USR055,INC06857,1900000.0,1200000.0,650000.0,3750000.0,3100000.0,business,2024-06-05 12:57:00
BGT05391,USR052,INC02229,1650000.0,1050000.0,800000.0,3500000.0,2700000.0,business,2024-11-26 18:40:00
BGT09129,USR057,INC05876,3150000.0,1800000.0,750000.0,5700000.0,4950000.0,business,2023-10-02 04:41:00
BGT07785,USR054,INC03807,3100000.0,1750000.0,1600000.0,6500000.0,4850000.0,freelance,2024-05-20 02:22:00
BGT06883,USR017,INC02756,750000.0,550000.0,350000.0,1650000.0,1300000.0,scholarship,2023-11-29 05:55:00
BGT02317,USR021,INC06220,1800000.0,1100000.0,400000.0,3300000.0,2900000.0,internship,2024-09-30 08:13:00
BGT08376,USR005,INC03318,1000000.0,600000.0,300000.0,1900000.0,1600000.0,part_time,2024-07-15 23:34:00
BGT07626,USR025,INC02289,2300000.0,1250000.0,1050000.0,4600000.0,3550000.0,allowance,2024-03-24 14:08:00
BGT09848,USR059,INC06704,3750000.0,2300000.0,900000.0,6950000.0,6050000.0,bonus,2024-08-19 12:11:00
BGT06599,USR064,INC02257,3250000.0,1700000.0,950000.0,5900000.0,4950000.0,business,2024-06-27 23:14:00
BGT05732,USR043,INC01561,1700000.0,1200000.0,850000.0,3750000.0,2900000.0,freelance,2024-05-23 23:12:00
BGT05441,USR009,INC04246,1350000.0,850000.0,650000.0,2850000.0,2200000.0,allowance,2024-05-10 05:58:00
BGT06370,USR008,INC07024,1250000.0,600000.0,400000.0,225000000.0,1850000.0,part_time,2024-08-30 20:20:00
BGT01788,USR018,INC06518,900000.0,550000.0,550000.0,2050000.0,1450000.0,part_time,2023-11-24 17:35:00
BGT02136,USR057,INC03062,3750000.0,2000000.0,1600000.0,7350000.0,5750000.0,salary,2024-05-13 05:34:00
BGT04929,USR001,INC04316,950000.0,600000.0,600000.0,2150000.0,1550000.0,allowance,2024-04-09 08:11:00
BGT06165,USR005,INC04565,750000.0,450000.0,250000.0,1450000.0,1200000.0,part_time,2023-04-21 08:34:00
BGT08391,USR029,INC09273,2150000.0,1100000.0,850000.0,4100000.0,3250000.0,allowance,2023-02-28 17:23:00
BGT08271,USR072,INC01681,3400000.0,2000000.0,1350000.0,6750000.0,5400000.0,bonus,2023-08-06 09:27:00
BGT04713,USR012,INC02575,750000.0,500000.0,450000.0,1700000.0,1250000.0,part_time,2024-06-25 11:53:00
BGT04615,USR017,INC00774,850000.0,550000.0,500000.0,1900000.0,1400000.0,scholarship,2024-03-13 00:07:00
BGT05478,USR042,INC08864,3450000.0,-2150000.0,900000.0,6550000.0,1300000.0,salary,2023-10-27 10:07:00
BGT05017,USR002,INC04038,950000.0,550000.0,350000.0,1850000.0,1500000.0,allowance,2023-02-18 22:12:00
BGT08218,USR049,INC02193,2600000.0,1400000.0,700000.0,4700000.0,4000000.0,business,2024-01-30 14:14:00
BGT01899,USR021,INC07104,2350000.0,1500000.0,600000.0,4450000.0,3850000.0,internship,2024-09-18 13:31:00
BGT04318,USR007,INC08105,1300000.0,700000.0,400000.0,2450000.0,2000000.0,scholarship,2023-05-01 05:16:00
BGT01965,USR019,INC01031,1550000.0,850000.0,400000.0,2800000.0,2400000.0,scholarship,2024-03-18 12:46:00
BGT08619,USR046,INC05418,4200000.0,2450000.0,1000000.0,7650000.0,6650000.0,business,2023-10-01 00:56:00
BGT07471,USR038,INC03393,1250000.0,600000.0,500000.0,2400000.0,1850000.0,freelance,2024-12-27 22:32:00
BGT00942,USR044,INC09536,1350000.0,900000.0,800000.0,3050000.0,2250000.0,business,2023-08-03 06:44:00
BGT08553,USR055,INC06476,2600000.0,1750000.0,950000.0,5350000.0,4350000.0,freelance,2024-03-05 10:40:00
BGT08173,USR015,INC07960,600000.0,400000.0,200000.0,1250000.0,1000000.0,allowance,2023-02-04 09:51:00
BGT09678,USR028,INC01008,1050000.0,650000.0,600000.0,2300000.0,1700000.0,part_time,2023-09-17 12:21:00
BGT07490,USR029,INC02765,2050000.0,1050000.0,800000.0,3900000.0,3100000.0,part_time,2023-07-21 11:18:00
BGT01952,USR012,INC09656,1000000.0,650000.0,350000.0,2000000.0,1650000.0,scholarship,2023-04-02 20:08:00
BGT01519,USR023,INC04008,1850000.0,1100000.0,900000.0,3850000.0,2950000.0,part_time,2023-04-01 09:13:00
BGT06724,USR003,INC01449,850000.0,650000.0,400000.0,1900000.0,1500000.0,part_time,2023-03-08 09:34:00
BGT00676,USR031,INC01349,1450000.0,950000.0,550000.0,2950000.0,2400000.0,freelance,2024-12-21 15:02:00
BGT05356,USR005,INC01109,1150000.0,650000.0,450000.0,225000000.0,1800000.0,part_time,2024-01-01 04:34:00
BGT05038,USR008,INC02310,1250000.0,800000.0,400000.0,2450000.0,2050000.0,scholarship,2024-11-04 15:46:00
BGT02479,USR019,INC09442,1300000.0,800000.0,450000.0,2550000.0,2100000.0,scholarship,2023-03-05 06:11:00
BGT01962,USR020,INC06199,900000.0,500000.0,250000.0,1650000.0,1400000.0,allowance,2024-12-05 15:21:00
BGT02742,USR037,INC07630,1150000.0,750000.0,500000.0,2400000.0,1900000.0,allowance,2024-06-12 13:41:00
BGT06871,USR035,INC00913,2600000.0,1400000.0,800000.0,4850000.0,4000000.0,internship,2023-05-11 10:01:00
BGT07105,USR050,INC02273,4000000.0,2400000.0,1050000.0,7450000.0,6400000.0,business,2023-07-08 17:38:00
BGT08314,USR044,INC07820,3500000.0,2250000.0,1100000.0,6850000.0,5750000.0,freelance,2024-04-23 08:31:00
BGT05226,USR039,INC07409,1850000.0,950000.0,850000.0,3650000.0,2800000.0,allowance,2023-11-06 20:13:00
BGT03073,USR025,INC08253,2200000.0,1450000.0,750000.0,4400000.0,3650000.0,part_time,2024-08-21 01:09:00
BGT09022,USR050,INC08907,2150000.0,1250000.0,500000.0,3900000.0,3400000.0,business,2024-04-28 03:18:00
BGT00568,USR018,INC09667,850000.0,650000.0,400000.0,1900000.0,1500000.0,allowance,2024-04-03 22:58:00
BGT02158,USR024,INC05298,1250000.0,600000.0,400000.0,2250000.0,1850000.0,freelance,2024-03-21 06:20:00
BGT08950,USR028,INC03309,850000.0,500000.0,300000.0,1650000.0,1350000.0,allowance,2023-10-27 22:40:00
BGT09088,USR015,INC00189,550000.0,300000.0,150000.0,1000000.0,850000.0,allowance,2023-02-08 15:18:00
BGT06020,USR033,INC05148,2300000.0,1250000.0,1000000.0,4550000.0,3550000.0,freelance,2024-09-16 18:01:00
BGT00398,USR036,INC07136,900000.0,500000.0,350000.0,1750000.0,1400000.0,part_time,2024-04-13 20:34:00
BGT03926,USR016,INC01663,1250000.0,-700000.0,450000.0,2450000.0,550000.0,allowance,2023-07-01 21:39:00
BGT00730,USR058,INC06814,2200000.0,1150000.0,900000.0,4250000.0,3350000.0,freelance,2024-02-29 13:12:00
BGT03640,USR064,INC06043,3900000.0,2550000.0,1500000.0,8000000.0,6450000.0,bonus,2023-05-29 06:37:00
BGT02132,USR056,INC03178,1800000.0,1300000.0,800000.0,3900000.0,3100000.0,business,2024-09-30 07:08:00
BGT06546,USR039,INC02772,1650000.0,850000.0,600000.0,3100000.0,2500000.0,allowance,2023-03-05 00:38:00
BGT08396,USR052,INC04809,2750000.0,1850000.0,1700000.0,6300000.0,4600000.0,freelance,2024-02-03 04:17:00
BGT05553,USR049,INC07089,3450000.0,2150000.0,900000.0,6500000.0,5600000.0,freelance,2024-09-25 08:08:00
BGT04985,USR014,INC09539,1500000.0,750000.0,550000.0,2800000.0,2250000.0,allowance,2024-08-26 08:31:00
BGT05765,USR058,INC03491,1700000.0,950000.0,450000.0,3100000.0,2650000.0,salary,2023-02-14 03:28:00
BGT00584,USR017,INC02159,1550000.0,900000.0,400000.0,2850000.0,2450000.0,allowance,2024-08-24 11:13:00
BGT06179,USR074,INC05390,4500000.0,2700000.0,2800000.0,10000000.0,7200000.0,freelance,2023-09-28 01:30:00
BGT01610,USR044,INC01613,2150000.0,1300000.0,1000000.0,4450000.0,3450000.0,bonus,2024-04-25 13:37:00
BGT00767,USR024,INC01635,1350000.0,850000.0,650000.0,2850000.0,2200000.0,part_time,2023-04-26 10:01:00
BGT09412,USR037,INC09574,1750000.0,1000000.0,350000.0,3100000.0,2750000.0,part_time,2024-01-03 15:12:00
BGT03177,USR064,INC04462,3200000.0,1950000.0,1350000.0,6500000.0,5150000.0,bonus,2023-09-01 18:16:00
BGT09570,USR065,INC01978,3200000.0,1650000.0,850000.0,5700000.0,4850000.0,freelance,2023-02-15 13:41:00
BGT01848,USR007,INC06389,800000.0,500000.0,250000.0,1550000.0,1300000.0,scholarship,2024-11-17 17:50:00
BGT06959,USR050,INC01844,2650000.0,1550000.0,1300000.0,5500000.0,4200000.0,freelance,2023-02-08 01:07:00
BGT01837,USR050,INC00794,2400000.0,1450000.0,950000.0,4800000.0,3850000.0,business,2024-07-06 13:29:00
BGT08995,USR074,INC05213,3250000.0,1850000.0,900000.0,6000000.0,5100000.0,salary,2023-02-11 16:57:00
BGT00803,USR037,INC03457,800000.0,450000.0,500000.0,1800000.0,1250000.0,internship,2023-04-28 06:55:00
BGT02809,USR002,INC00193,550000.0,300000.0,250000.0,1100000.0,850000.0,allowance,2023-03-18 07:58:00
BGT06769,USR001,INC06249,550000.0,350000.0,300000.0,1200000.0,900000.0,scholarship,2023-11-25 10:48:00
BGT03915,USR020,INC02283,750000.0,450000.0,350000.0,1550000.0,1200000.0,part_time,2023-08-03 22:57:00
BGT05398,USR006,INC02873,1450000.0,1000000.0,550000.0,3000000.0,2450000.0,part_time,2024-07-20 04:44:00
BGT05590,USR067,INC09250,4400000.0,2500000.0,2450000.0,9350000.0,6900000.0,business,2024-10-11 11:35:00
BGT04286,USR054,INC08861,3700000.0,2500000.0,1200000.0,7400000.0,6200000.0,business,2024-01-17 20:59:00
BGT02243,USR064,INC03919,4300000.0,2300000.0,1100000.0,7700000.0,6600000.0,salary,2023-11-30 13:16:00
BGT00735,USR033,INC09614,1650000.0,1000000.0,400000.0,3050000.0,2650000.0,part_time,2024-08-22 09:53:00
BGT03261,USR059,INC05931,3500000.0,2100000.0,750000.0,6350000.0,5600000.0,business,2024-02-12 11:07:00
BGT05373,USR074,INC00024,2850000.0,1950000.0,1250000.0,6050000.0,4800000.0,bonus,2023-01-10 09:28:00
BGT06951,USR033,INC08726,1300000.0,750000.0,300000.0,2350000.0,2050000.0,internship,2024-01-28 12:24:00
BGT03208,USR014,INC04677,600000.0,350000.0,300000.0,1250000.0,950000.0,allowance,2023-12-12 16:34:00
BGT05877,USR019,INC03119,800000.0,500000.0,150000.0,1450000.0,1300000.0,allowance,2023-03-16 02:53:00
BGT03363,USR067,INC01481,2250000.0,1550000.0,1350000.0,5150000.0,3800000.0,freelance,2023-04-03 00:40:00
BGT06329,USR046,INC06109,2600000.0,1450000.0,900000.0,495000000.0,4050000.0,salary,2024-09-14 10:58:00
BGT05279,USR050,INC09152,3350000.0,2350000.0,1900000.0,7650000.0,5700000.0,bonus,2023-01-06 06:18:00
BGT02722,USR016,INC01809,900000.0,550000.0,500000.0,1950000.0,1450000.0,freelance,2024-01-09 02:47:00
BGT04239,USR048,INC04423,2900000.0,2100000.0,1500000.0,6500000.0,5000000.0,freelance,2023-07-10 22:38:00
BGT03152,USR058,INC07697,1850000.0,1050000.0,800000.0,3700000.0,2900000.0,bonus,2023-03-24 13:32:00
BGT07260,USR009,INC07271,1400000.0,1000000.0,550000.0,3000000.0,2400000.0,part_time,2023-02-21 13:27:00
BGT00233,USR072,INC08338,3350000.0,1850000.0,1950000.0,7150000.0,5200000.0,freelance,2023-03-10 09:39:00
BGT03249,USR021,INC02082,1700000.0,1100000.0,600000.0,3400000.0,2800000.0,internship,2023-05-11 03:10:00
BGT05904,USR010,INC00020,650000.0,300000.0,200000.0,1150000.0,950000.0,part_time,2023-12-10 04:09:00
BGT09021,USR049,INC07174,2700000.0,1900000.0,1150000.0,5750000.0,4600000.0,freelance,2024-02-17 03:19:00
BGT07201,USR064,INC07023,4450000.0,2550000.0,950000.0,7950000.0,7000000.0,freelance,2023-05-13 07:04:00
BGT05689,USR026,INC03776,950000.0,550000.0,300000.0,1850000.0,1500000.0,part_time,2023-03-27 17:36:00
BGT02925,USR049,INC07318,3850000.0,2100000.0,1300000.0,7250000.0,5950000.0,freelance,2023-09-02 04:24:00
BGT08296,USR022,INC03938,1300000.0,700000.0,600000.0,2650000.0,2000000.0,freelance,2023-01-03 01:41:00
BGT00698,USR049,INC05559,3850000.0,2250000.0,1000000.0,7100000.0,6100000.0,salary,2024-10-07 20:38:00
BGT08254,USR065,INC01519,3700000.0,2700000.0,1800000.0,8200000.0,6400000.0,business,2024-09-09 02:45:00
BGT05654,USR067,INC04557,5050000.0,3150000.0,1350000.0,9550000.0,8200000.0,bonus,2023-03-14 12:18:00
BGT07232,USR010,INC08095,800000.0,550000.0,300000.0,1650000.0,1350000.0,part_time,2024-07-27 23:15:00
BGT02744,USR007,INC00274,1300000.0,750000.0,850000.0,2900000.0,2050000.0,allowance,2024-06-21 19:27:00
BGT04570,USR004,INC02080,1250000.0,750000.0,600000.0,2600000.0,2000000.0,allowance,2024-04-26 08:41:00
BGT03146,USR069,INC03688,3650000.0,1850000.0,1300000.0,6800000.0,5500000.0,freelance,2023-03-17 11:15:00
BGT07915,USR046,INC05228,2200000.0,1050000.0,800000.0,4050000.0,3250000.0,freelance,2023-05-05 14:36:00
BGT00305,USR012,INC07519,1150000.0,750000.0,400000.0,2300000.0,1900000.0,part_time,2024-05-29 05:15:00
BGT09823,USR055,INC01720,4300000.0,2500000.0,1200000.0,8000000.0,6800000.0,freelance,2024-01-19 09:30:00
BGT03747,USR061,INC08473,2650000.0,1700000.0,850000.0,5200000.0,4350000.0,bonus,2024-02-10 16:22:00
BGT04538,USR005,INC02916,700000.0,500000.0,400000.0,1600000.0,1200000.0,allowance,2024-06-24 08:10:00
BGT09180,USR015,INC09441,1550000.0,950000.0,350000.0,2850000.0,2500000.0,allowance,2024-01-10 13:38:00
BGT09796,USR057,INC06330,2850000.0,1600000.0,1750000.0,6200000.0,4450000.0,freelance,2023-11-05 18:19:00
BGT09083,USR068,INC06873,3450000.0,1950000.0,1500000.0,6900000.0,5400000.0,business,2023-10-01 03:53:00
BGT00957,USR068,INC08766,3850000.0,2500000.0,2250000.0,8600000.0,6350000.0,freelance,2023-06-02 07:58:00
BGT05191,USR067,INC05265,4000000.0,2150000.0,1550000.0,7700000.0,6150000.0,freelance,2024-06-22 00:33:00
BGT09971,USR035,INC00335,950000.0,600000.0,250000.0,1800000.0,1550000.0,part_time,2024-12-20 23:52:00
BGT02374,USR034,INC08875,1150000.0,750000.0,450000.0,2350000.0,1900000.0,allowance,2024-08-10 11:08:00
BGT04063,USR035,INC09151,750000.0,500000.0,400000.0,1650000.0,1250000.0,part_time,2024-08-01 06:48:00
BGT08837,USR020,INC02746,900000.0,550000.0,400000.0,1850000.0,1450000.0,part_time,2024-03-30 13:29:00
BGT09204,USR022,INC01433,1850000.0,1000000.0,600000.0,3450000.0,2850000.0,allowance,2023-10-21 04:53:00
BGT08120,USR040,INC05851,2300000.0,1400000.0,600000.0,4300000.0,3700000.0,internship,2024-01-11 13:15:00
BGT09986,USR005,INC08031,900000.0,450000.0,250000.0,1600000.0,1350000.0,scholarship,2024-06-06 18:20:00
BGT08618,USR059,INC05613,1850000.0,1050000.0,650000.0,3550000.0,2900000.0,business,2023-09-23 10:09:00
BGT06474,USR072,INC06898,3700000.0,2300000.0,1900000.0,7900000.0,6000000.0,bonus,2023-08-21 10:54:00
BGT02404,USR070,INC08953,4050000.0,2250000.0,950000.0,7250000.0,6300000.0,business,2024-03-11 09:13:00
BGT02521,USR041,INC09852,2900000.0,1900000.0,1100000.0,5900000.0,4800000.0,freelance,2023-09-08 17:22:00
BGT00820,USR008,INC09182,1350000.0,800000.0,850000.0,3000000.0,2150000.0,part_time,2023-08-25 00:48:00
BGT07842,USR011,INC08476,1000000.0,600000.0,700000.0,2300000.0,1600000.0,allowance,2023-12-05 03:05:00
BGT08450,USR024,INC06514,2350000.0,1350000.0,1300000.0,5000000.0,3700000.0,part_time,2024-05-14 22:11:00
BGT06218,USR063,INC00897,2900000.0,2150000.0,1450000.0,6500000.0,5050000.0,business,2024-10-23 00:36:00
BGT06173,USR020,INC09340,1400000.0,-900000.0,700000.0,2950000.0,500000.0,allowance,2024-10-26 22:49:00
BGT02775,USR037,INC09709,2400000.0,1400000.0,1200000.0,5000000.0,3800000.0,part_time,2024-09-28 12:07:00
BGT03985,USR062,INC00559,3400000.0,2050000.0,750000.0,6200000.0,5450000.0,investment_return,2023-01-28 17:23:00
BGT04021,USR037,INC07063,2000000.0,1050000.0,650000.0,3700000.0,3050000.0,freelance,2024-12-27 04:51:00
BGT00247,USR065,INC03976,3850000.0,2450000.0,1600000.0,7900000.0,6300000.0,bonus,2024-04-23 15:48:00
BGT00812,USR015,INC08999,550000.0,350000.0,200000.0,1100000.0,900000.0,scholarship,2023-02-14 12:10:00
BGT04331,USR050,INC02066,3150000.0,1600000.0,1100000.0,5850000.0,4750000.0,bonus,2023-06-30 07:41:00
BGT02118,USR003,INC03035,800000.0,550000.0,400000.0,1750000.0,1350000.0,part_time,2023-10-20 06:43:00
BGT02670,USR014,INC02595,550000.0,400000.0,250000.0,1200000.0,950000.0,allowance,2023-12-07 07:16:00
BGT07243,USR010,INC01277,800000.0,450000.0,200000.0,1450000.0,1250000.0,part_time,2023-02-11 01:13:00
BGT01191,USR013,INC07358,600000.0,400000.0,200000.0,1200000.0,1000000.0,scholarship,2023-02-21 10:16:00
BGT06966,USR022,INC02989,1500000.0,800000.0,650000.0,2950000.0,2300000.0,allowance,2024-07-15 06:39:00
BGT06368,USR053,INC05010,3350000.0,2250000.0,1500000.0,7100000.0,5600000.0,bonus,2023-02-23 09:35:00
BGT09801,USR034,INC07922,800000.0,450000.0,250000.0,1500000.0,1250000.0,part_time,2023-11-19 06:00:00
BGT09564,USR072,INC08687,4900000.0,2900000.0,2200000.0,10000000.0,7800000.0,salary,2023-01-27 21:03:00
BGT08656,USR059,INC08770,2350000.0,1700000.0,1050000.0,5100000.0,4050000.0,salary,2024-08-20 14:03:00
BGT02184,USR025,INC00323,1550000.0,1050000.0,600000.0,3200000.0,2600000.0,freelance,2023-08-21 09:44:00
BGT00129,USR001,INC09600,1550000.0,900000.0,450000.0,2900000.0,2450000.0,part_time,2023-10-25 16:23:00
BGT08302,USR011,INC00898,950000.0,500000.0,300000.0,1750000.0,1450000.0,allowance,2023-07-25 20:06:00
BGT00022,USR017,INC04057,500000.0,350000.0,300000.0,1150000.0,850000.0,part_time,2023-01-31 18:06:00
BGT03954,USR044,INC05181,4350000.0,2250000.0,1150000.0,7800000.0,6600000.0,salary,2024-05-12 12:01:00
BGT08095,USR041,INC03584,3000000.0,1500000.0,1050000.0,5550000.0,4500000.0,business,2024-11-17 05:07:00
BGT02563,USR058,INC03721,4150000.0,2550000.0,1300000.0,8000000.0,6700000.0,bonus,2023-08-25 00:25:00
BGT03026,USR007,INC06692,850000.0,500000.0,400000.0,1750000.0,1350000.0,allowance,2024-12-25 00:39:00
BGT02332,USR049,INC06644,1300000.0,950000.0,750000.0,3000000.0,2250000.0,business,2024-08-02 17:10:00
BGT01746,USR064,INC08542,2700000.0,-1650000.0,1750000.0,6100000.0,1050000.0,salary,2024-09-22 11:51:00
BGT08871,USR049,INC01671,4100000.0,2100000.0,1650000.0,7850000.0,6200000.0,bonus,2024-10-07 21:15:00
BGT09108,USR032,INC05900,1200000.0,800000.0,400000.0,2400000.0,2000000.0,part_time,2024-03-12 20:37:00
BGT08948,USR043,INC02320,3100000.0,2200000.0,1800000.0,7100000.0,5300000.0,freelance,2024-06-16 22:32:00
BGT07093,USR059,INC02403,2650000.0,1550000.0,900000.0,5100000.0,4200000.0,business,2023-12-31 23:06:00
BGT08570,USR050,INC08673,2000000.0,1300000.0,600000.0,3900000.0,3300000.0,freelance,2023-05-12 17:33:00
BGT02061,USR001,INC01528,1400000.0,650000.0,450000.0,2500000.0,2050000.0,scholarship,2023-03-17 09:03:00
BGT06039,USR008,INC08330,1300000.0,850000.0,450000.0,2600000.0,2150000.0,allowance,2024-07-06 21:23:00
BGT02503,USR048,INC00346,1700000.0,900000.0,850000.0,3450000.0,2600000.0,freelance,2024-02-03 22:42:00
BGT01946,USR060,INC07196,2200000.0,1350000.0,950000.0,4500000.0,3550000.0,business,2023-12-29 18:54:00
BGT08648,USR033,INC08471,1250000.0,800000.0,700000.0,2750000.0,2050000.0,allowance,2023-06-19 02:47:00
BGT06654,USR039,INC07334,1150000.0,850000.0,550000.0,2550000.0,2000000.0,internship,2024-11-11 21:56:00
BGT07411,USR065,INC09933,3650000.0,2650000.0,2000000.0,8350000.0,6300000.0,salary,2024-11-15 14:22:00
BGT03167,USR017,INC05306,1300000.0,850000.0,400000.0,2550000.0,2150000.0,part_time,2024-07-27 06:12:00
BGT00336,USR038,INC05230,1800000.0,1100000.0,600000.0,3500000.0,2900000.0,allowance,2024-01-17 18:24:00
BGT00934,USR006,INC06088,550000.0,350000.0,250000.0,1150000.0,900000.0,scholarship,2023-12-29 02:39:00
BGT04709,USR052,INC03896,2750000.0,1950000.0,1400000.0,6150000.0,4700000.0,freelance,2024-03-07 21:12:00
BGT05459,USR016,INC01045,1100000.0,650000.0,600000.0,2350000.0,1750000.0,part_time,2024-06-08 02:02:00
BGT03756,USR027,INC02107,1000000.0,650000.0,250000.0,1900000.0,1650000.0,internship,2023-10-14 21:14:00
BGT06817,USR050,INC05702,2350000.0,1350000.0,1200000.0,4900000.0,3700000.0,business,2024-07-23 05:05:00
BGT01415,USR063,INC06610,4050000.0,2100000.0,1650000.0,7800000.0,6150000.0,investment_return,2024-06-12 12:04:00
BGT03159,USR009,INC00055,600000.0,350000.0,200000.0,1150000.0,950000.0,scholarship,2023-04-01 16:35:00
BGT01715,USR004,INC02734,1500000.0,950000.0,500000.0,2950000.0,2450000.0,scholarship,2023-01-14 21:24:00
BGT02273,USR001,INC09729,700000.0,450000.0,250000.0,1400000.0,1150000.0,scholarship,2024-11-21 04:19:00
BGT09937,USR072,INC03284,2450000.0,1450000.0,1250000.0,5150000.0,3900000.0,bonus,2023-10-20 05:26:00
BGT05534,USR001,INC01786,1500000.0,1000000.0,450000.0,2950000.0,2500000.0,allowance,2023-06-08 11:21:00
BGT06067,USR064,INC08844,2700000.0,1750000.0,1250000.0,5700000.0,4450000.0,business,2023-07-15 14:16:00
BGT00131,USR071,INC08661,3050000.0,1950000.0,1500000.0,6500000.0,5000000.0,freelance,2023-08-12 21:44:00
BGT06252,USR071,INC01131,2450000.0,1550000.0,650000.0,4650000.0,4000000.0,salary,2023-11-06 19:45:00
BGT03496,USR035,INC04894,950000.0,550000.0,200000.0,1700000.0,1500000.0,freelance,2024-01-15 12:39:00
BGT02565,USR040,INC00046,2150000.0,1550000.0,1150000.0,4850000.0,3700000.0,allowance,2023-09-26 10:05:00
BGT07712,USR045,INC08932,2250000.0,1250000.0,700000.0,4200000.0,3500000.0,freelance,2023-10-27 03:23:00
BGT01632,USR021,INC03977,1800000.0,1250000.0,700000.0,3800000.0,3050000.0,allowance,2023-11-29 19:10:00
BGT01266,USR070,INC07709,4700000.0,2800000.0,1050000.0,8550000.0,7500000.0,business,2023-03-20 17:57:00
BGT03446,USR053,INC07236,2750000.0,1600000.0,700000.0,5050000.0,4350000.0,salary,2024-04-23 06:00:00
BGT05533,USR020,INC05606,1050000.0,550000.0,300000.0,1900000.0,1600000.0,scholarship,2023-06-09 17:29:00
BGT05620,USR060,INC02851,3500000.0,1850000.0,1800000.0,7150000.0,5350000.0,salary,2024-07-02 04:02:00
BGT05303,USR011,INC02929,1600000.0,1000000.0,350000.0,2950000.0,2600000.0,part_time,2023-10-31 20:24:00
BGT03871,USR001,INC02816,-650000.0,400000.0,300000.0,1350000.0,-250000.0,allowance,2024-01-23 06:24:00
BGT05503,USR050,INC09965,3100000.0,2100000.0,1550000.0,6750000.0,5200000.0,business,2024-02-12 10:27:00
BGT02864,USR037,INC01501,1000000.0,500000.0,400000.0,1900000.0,1500000.0,part_time,2024-11-27 09:49:00
BGT04034,USR073,INC02960,2600000.0,1650000.0,950000.0,5200000.0,4250000.0,bonus,2024-07-03 02:45:00
BGT06207,USR025,INC07993,1700000.0,1150000.0,750000.0,3650000.0,2850000.0,part_time,2023-01-05 07:00:00
BGT02811,USR024,INC05889,2500000.0,1350000.0,950000.0,4850000.0,3850000.0,freelance,2024-10-14 15:42:00
BGT08633,USR021,INC07518,2250000.0,1150000.0,650000.0,4050000.0,3400000.0,allowance,2023-02-28 10:34:00
BGT06040,USR001,INC06798,1550000.0,900000.0,350000.0,2800000.0,2450000.0,scholarship,2023-10-31 14:41:00
BGT05993,USR061,INC03310,5100000.0,-3100000.0,900000.0,9100000.0,2000000.0,bonus,2023-04-02 03:42:00
BGT03227,USR032,INC01402,1450000.0,750000.0,500000.0,2700000.0,2200000.0,freelance,2023-04-06 02:33:00
BGT02431,USR026,INC04685,2100000.0,1100000.0,1050000.0,4250000.0,3200000.0,allowance,2023-04-04 05:39:00
BGT00197,USR061,INC06752,3550000.0,2400000.0,1750000.0,7700000.0,5950000.0,investment_return,2023-10-31 19:33:00
BGT05821,USR038,INC08754,2100000.0,1450000.0,1100000.0,4650000.0,3550000.0,part_time,2023-01-11 16:29:00
BGT01689,USR002,INC08822,650000.0,400000.0,150000.0,1200000.0,1050000.0,allowance,2024-05-24 06:55:00
BGT04585,USR037,INC03213,800000.0,400000.0,350000.0,1550000.0,1200000.0,allowance,2024-12-04 22:54:00
BGT05149,USR004,INC06902,1350000.0,800000.0,550000.0,2700000.0,2150000.0,allowance,2024-11-28 01:10:00
BGT02643,USR037,INC03272,800000.0,550000.0,450000.0,1800000.0,1350000.0,internship,2024-07-29 00:37:00
BGT09254,USR006,INC02225,700000.0,450000.0,300000.0,1450000.0,1150000.0,allowance,2024-08-22 15:30:00
BGT00234,USR029,INC03518,2200000.0,1400000.0,1000000.0,4600000.0,3600000.0,part_time,2023-02-17 11:16:00
BGT04234,USR029,INC00049,2200000.0,1250000.0,850000.0,4300000.0,3450000.0,part_time,2023-03-05 12:12:00
BGT04816,USR068,INC09037,3550000.0,1850000.0,1200000.0,6600000.0,5400000.0,freelance,2023-03-22 23:16:00
BGT00261,USR065,INC08466,3250000.0,1700000.0,1300000.0,6250000.0,4950000.0,freelance,2023-05-02 00:03:00
BGT05275,USR067,INC06365,3950000.0,2700000.0,2100000.0,8750000.0,6650000.0,salary,2024-10-14 09:59:00
BGT01138,USR021,INC04129,1550000.0,1000000.0,650000.0,3200000.0,2550000.0,freelance,2024-12-26 02:54:00
BGT01015,USR032,INC07544,2550000.0,1550000.0,800000.0,490000000.0,4100000.0,internship,2023-12-19 03:19:00
BGT05229,USR036,INC06686,1800000.0,1100000.0,800000.0,3700000.0,2900000.0,freelance,2024-06-04 19:12:00
BGT06923,USR038,INC07784,1300000.0,650000.0,400000.0,2350000.0,1950000.0,internship,2023-02-17 03:41:00
BGT03987,USR030,INC04352,1300000.0,800000.0,350000.0,2450000.0,2100000.0,freelance,2024-12-29 09:23:00
BGT01436,USR055,INC01815,3800000.0,2450000.0,950000.0,7200000.0,6250000.0,business,2023-01-10 18:04:00
BGT07373,USR057,INC07344,3050000.0,1800000.0,1600000.0,6450000.0,4850000.0,freelance,2023-11-25 12:50:00
BGT01328,USR028,INC02518,1000000.0,650000.0,500000.0,2150000.0,1650000.0,allowance,2024-04-18 05:27:00
BGT04641,USR062,INC04943,2500000.0,1450000.0,1050000.0,5000000.0,3950000.0,salary,2023-11-29 21:20:00
BGT09737,USR047,INC04947,2650000.0,1650000.0,550000.0,4850000.0,4300000.0,business,2024-06-29 16:10:00
BGT01664,USR064,INC06417,3250000.0,2100000.0,1150000.0,6500000.0,5350000.0,freelance,2023-04-14 06:43:00
BGT04811,USR051,INC04982,2600000.0,1300000.0,900000.0,4800000.0,3900000.0,salary,2024-10-04 17:26:00
BGT06254,USR010,INC04985,550000.0,350000.0,150000.0,1050000.0,900000.0,part_time,2024-11-23 12:11:00
BGT08141,USR044,INC07787,2500000.0,1400000.0,1500000.0,5400000.0,3900000.0,bonus,2024-12-12 16:24:00
BGT05305,USR023,INC06688,1200000.0,850000.0,500000.0,2600000.0,2050000.0,internship,2024-08-27 22:37:00
BGT06723,USR070,INC05696,2050000.0,1100000.0,1000000.0,415000000.0,3150000.0,salary,2023-02-01 15:38:00
BGT05076,USR009,INC04381,1350000.0,850000.0,350000.0,2550000.0,2200000.0,allowance,2024-08-09 16:41:00
BGT09427,USR053,INC01598,3350000.0,1650000.0,1200000.0,6200000.0,5000000.0,freelance,2024-11-05 02:50:00
BGT01607,USR006,INC06876,1550000.0,850000.0,350000.0,2750000.0,2400000.0,part_time,2024-06-21 11:04:00
BGT09640,USR007,INC00139,1300000.0,800000.0,500000.0,2600000.0,2100000.0,allowance,2024-07-01 11:38:00
BGT01311,USR040,INC05137,2300000.0,1250000.0,950000.0,4550000.0,3550000.0,freelance,2024-11-22 08:22:00
BGT07603,USR005,INC02594,1450000.0,850000.0,350000.0,2650000.0,2300000.0,part_time,2023-11-24 22:52:00
BGT03271,USR070,INC05455,3550000.0,1900000.0,900000.0,6350000.0,5450000.0,freelance,2024-12-13 15:18:00
BGT04218,USR003,INC00027,600000.0,400000.0,250000.0,1250000.0,1000000.0,scholarship,2023-11-28 02:09:00
BGT00495,USR051,INC05457,3350000.0,2000000.0,950000.0,6300000.0,5350000.0,business,2024-08-15 19:41:00
BGT02830,USR055,INC00154,1750000.0,1050000.0,1100000.0,3900000.0,2800000.0,salary,2023-01-01 11:20:00
BGT07113,USR074,INC09155,2800000.0,1950000.0,1100000.0,5850000.0,4750000.0,salary,2023-11-01 01:31:00
BGT03236,USR065,INC05518,2250000.0,1400000.0,1150000.0,4800000.0,3650000.0,bonus,2023-05-26 20:31:00
BGT02159,USR047,INC02924,2300000.0,1200000.0,650000.0,4150000.0,3500000.0,bonus,2023-11-22 02:11:00
BGT01345,USR058,INC03903,2300000.0,1300000.0,900000.0,4500000.0,3600000.0,bonus,2024-11-22 23:49:00
BGT04569,USR008,INC07374,1150000.0,600000.0,450000.0,2200000.0,1750000.0,part_time,2023-01-13 05:32:00
BGT03119,USR019,INC05909,1350000.0,800000.0,500000.0,2650000.0,2150000.0,scholarship,2024-10-10 20:42:00
BGT08708,USR043,INC07144,3300000.0,2200000.0,1650000.0,7150000.0,5500000.0,business,2023-09-30 05:28:00
BGT00912,USR001,INC04539,1400000.0,650000.0,500000.0,2550000.0,2050000.0,scholarship,2023-09-22 13:43:00
BGT03547,USR034,INC01686,1500000.0,1000000.0,600000.0,3100000.0,2500000.0,internship,2024-12-02 22:59:00
BGT03311,USR010,INC00221,450000.0,300000.0,250000.0,1000000.0,750000.0,part_time,2023-01-22 01:54:00
BGT07441,USR064,INC04409,3250000.0,1800000.0,1100000.0,6150000.0,5050000.0,investment_return,2023-10-15 20:10:00
BGT02004,USR047,INC03811,3150000.0,2150000.0,1650000.0,6950000.0,5300000.0,business,2024-07-08 05:12:00
BGT02603,USR065,INC09360,2300000.0,1350000.0,600000.0,4250000.0,3650000.0,bonus,2023-12-31 16:11:00
BGT06199,USR074,INC03248,2000000.0,1200000.0,1050000.0,4250000.0,3200000.0,business,2023-01-25 02:51:00
BGT04603,USR024,INC08823,2100000.0,1150000.0,950000.0,4200000.0,3250000.0,freelance,2024-08-18 23:20:00
BGT02671,USR050,INC06795,1550000.0,800000.0,800000.0,3150000.0,2350000.0,freelance,2023-12-20 01:56:00
BGT05530,USR072,INC01054,4300000.0,2800000.0,1450000.0,8550000.0,7100000.0,investment_return,2023-08-30 04:22:00
BGT09330,USR055,INC04802,2450000.0,1600000.0,1050000.0,5100000.0,4050000.0,freelance,2024-12-26 14:58:00
BGT07764,USR051,INC05948,4050000.0,2250000.0,1450000.0,7750000.0,6300000.0,bonus,2024-07-09 00:41:00
BGT02698,USR009,INC05560,1050000.0,650000.0,400000.0,2100000.0,1700000.0,scholarship,2023-06-11 08:15:00
BGT03767,USR015,INC09795,750000.0,400000.0,350000.0,1500000.0,1150000.0,part_time,2023-09-17 05:40:00
BGT04644,USR071,INC06675,-2100000.0,1100000.0,800000.0,4000000.0,-1000000.0,salary,2024-09-17 05:57:00
BGT07780,USR073,INC05629,3000000.0,1850000.0,950000.0,5800000.0,4850000.0,investment_return,2023-09-02 14:00:00
BGT01774,USR065,INC05133,3350000.0,2350000.0,1900000.0,7600000.0,5700000.0,investment_return,2023-01-08 18:55:00
BGT06917,USR019,INC07388,1350000.0,700000.0,550000.0,2600000.0,2050000.0,scholarship,2023-12-14 08:41:00
BGT04459,USR040,INC09967,1050000.0,650000.0,550000.0,2250000.0,1700000.0,internship,2024-06-30 10:46:00
BGT09666,USR009,INC07070,800000.0,450000.0,400000.0,1650000.0,1250000.0,part_time,2024-06-06 09:40:00
BGT04129,USR022,INC03627,2500000.0,1450000.0,700000.0,4650000.0,3950000.0,allowance,2023-03-20 13:21:00
BGT08986,USR025,INC05477,1350000.0,650000.0,400000.0,2400000.0,2000000.0,internship,2023-04-14 04:35:00
BGT04989,USR035,INC01777,1100000.0,650000.0,350000.0,2100000.0,1750000.0,part_time,2023-03-07 18:38:00
BGT03976,USR061,INC06339,4900000.0,3400000.0,1700000.0,10000000.0,8300000.0,bonus,2024-09-27 17:33:00
BGT02370,USR008,INC08654,1050000.0,800000.0,500000.0,2350000.0,1850000.0,part_time,2024-01-14 23:40:00
BGT04740,USR059,INC02341,1550000.0,950000.0,500000.0,3000000.0,2500000.0,bonus,2024-05-25 09:14:00
BGT09085,USR023,INC05102,950000.0,500000.0,300000.0,1800000.0,1450000.0,part_time,2024-07-06 04:52:00
BGT06785,USR017,INC08039,900000.0,650000.0,450000.0,2000000.0,1550000.0,scholarship,2024-08-12 09:30:00
BGT04360,USR016,INC02479,600000.0,350000.0,300000.0,1250000.0,950000.0,allowance,2024-04-23 16:16:00
BGT02260,USR038,INC05329,2250000.0,1200000.0,700000.0,4150000.0,3450000.0,internship,2024-02-26 15:32:00
BGT01761,USR069,INC02718,4200000.0,2250000.0,1300000.0,7750000.0,6450000.0,business,2024-09-05 06:26:00
BGT03099,USR032,INC08970,2150000.0,1200000.0,550000.0,3900000.0,3350000.0,allowance,2023-03-09 20:51:00
BGT04699,USR049,INC03017,3850000.0,2550000.0,1600000.0,8000000.0,6400000.0,salary,2024-08-25 15:43:00
BGT06113,USR059,INC08635,3200000.0,2250000.0,1100000.0,6550000.0,5450000.0,freelance,2023-10-12 05:33:00
BGT00482,USR072,INC07573,3550000.0,2100000.0,2200000.0,7850000.0,5650000.0,salary,2024-10-31 00:30:00
BGT07709,USR024,INC07588,2200000.0,1400000.0,1250000.0,4900000.0,3600000.0,freelance,2023-05-09 13:36:00
BGT05352,USR015,INC04182,800000.0,500000.0,500000.0,1800000.0,1300000.0,allowance,2023-07-23 15:55:00
BGT01987,USR052,INC09264,3050000.0,1550000.0,1050000.0,5650000.0,4600000.0,business,2024-06-04 15:40:00
BGT03883,USR012,INC00976,1350000.0,950000.0,550000.0,2850000.0,2300000.0,allowance,2023-07-22 11:13:00
BGT01840,USR024,INC03306,1000000.0,650000.0,350000.0,2000000.0,1650000.0,allowance,2023-02-22 05:59:00
BGT07355,USR001,INC06383,550000.0,-350000.0,400000.0,1300000.0,200000.0,allowance,2024-06-20 01:10:00
BGT09862,USR067,INC03737,2000000.0,1400000.0,950000.0,4350000.0,3400000.0,bonus,2024-05-12 23:40:00
BGT07175,USR021,INC07002,1300000.0,700000.0,500000.0,2500000.0,2000000.0,internship,2024-08-03 06:54:00
BGT09170,USR065,INC07084,3050000.0,1900000.0,1300000.0,6250000.0,4950000.0,investment_return,2023-02-27 09:54:00
BGT03956,USR053,INC05166,2800000.0,1750000.0,750000.0,5300000.0,4550000.0,bonus,2023-09-08 22:07:00
BGT07591,USR057,INC03427,2900000.0,1700000.0,1150000.0,5750000.0,4600000.0,business,2024-05-22 01:32:00
BGT04132,USR059,INC06303,2200000.0,1200000.0,1000000.0,4450000.0,3400000.0,freelance,2023-03-26 03:15:00
BGT09907,USR002,INC05746,1100000.0,750000.0,600000.0,2500000.0,1850000.0,scholarship,2023-07-18 18:26:00
BGT09788,USR056,INC05064,4200000.0,2400000.0,1150000.0,7750000.0,6600000.0,business,2023-09-08 06:55:00
BGT07063,USR028,INC08797,1550000.0,750000.0,450000.0,2750000.0,2300000.0,allowance,2023-02-04 18:44:00
BGT07673,USR012,INC03913,950000.0,600000.0,550000.0,2150000.0,1550000.0,scholarship,2024-05-18 04:52:00
BGT00746,USR074,INC00816,4050000.0,2000000.0,1350000.0,7400000.0,6050000.0,salary,2023-02-22 13:34:00
BGT07933,USR068,INC04251,2300000.0,1350000.0,850000.0,4500000.0,3650000.0,investment_return,2023-11-15 21:34:00
BGT00138,USR070,INC02909,4850000.0,2700000.0,1750000.0,9300000.0,7550000.0,investment_return,2023-08-12 07:25:00
BGT02200,USR062,INC00052,-4400000.0,2800000.0,2400000.0,9600000.0,-1600000.0,freelance,2023-09-21 14:01:00
BGT01984,USR042,INC03663,4150000.0,2100000.0,1200000.0,7450000.0,6250000.0,salary,2023-04-01 19:53:00
BGT08228,USR062,INC05887,3400000.0,2200000.0,1300000.0,6950000.0,5600000.0,business,2024-07-10 12:02:00
BGT06413,USR073,INC06196,3050000.0,1750000.0,1600000.0,6400000.0,4800000.0,salary,2024-09-04 09:38:00
BGT05829,USR012,INC06450,1100000.0,750000.0,350000.0,2250000.0,1850000.0,allowance,2023-03-05 20:35:00
BGT06334,USR033,INC04801,2100000.0,1250000.0,450000.0,3800000.0,3350000.0,part_time,2023-06-02 18:41:00
BGT00420,USR049,INC04764,2250000.0,1300000.0,1450000.0,5050000.0,3550000.0,business,2024-08-26 12:23:00
BGT00517,USR009,INC08791,850000.0,500000.0,250000.0,1600000.0,1350000.0,part_time,2023-03-12 23:38:00
BGT07861,USR035,INC09427,2300000.0,1100000.0,850000.0,4300000.0,3400000.0,part_time,2023-11-16 03:52:00
BGT08947,USR061,INC07596,4750000.0,2800000.0,1250000.0,8800000.0,7550000.0,salary,2024-07-23 21:57:00
BGT04823,USR064,INC08207,3800000.0,2150000.0,1200000.0,7150000.0,5950000.0,business,2023-10-17 04:52:00
BGT03694,USR026,INC01058,1950000.0,1150000.0,750000.0,3850000.0,3100000.0,internship,2024-03-31 11:47:00
BGT05435,USR018,INC00608,1150000.0,800000.0,650000.0,2600000.0,1950000.0,part_time,2024-06-16 01:22:00
BGT09350,USR035,INC06862,2650000.0,1700000.0,650000.0,5000000.0,4350000.0,allowance,2024-02-06 03:52:00
BGT06141,USR007,INC03100,650000.0,350000.0,300000.0,1350000.0,1000000.0,part_time,2023-04-14 04:24:00
BGT07074,USR032,INC01246,2250000.0,1500000.0,800000.0,4550000.0,3750000.0,freelance,2023-11-29 10:21:00
BGT00780,USR005,INC04803,900000.0,500000.0,350000.0,1750000.0,1400000.0,part_time,2024-01-13 13:46:00
BGT06024,USR023,INC01036,850000.0,550000.0,450000.0,1850000.0,1400000.0,internship,2024-09-08 02:39:00
BGT01419,USR062,INC04773,2850000.0,1650000.0,1350000.0,5850000.0,4500000.0,salary,2024-05-20 04:48:00
BGT04952,USR034,INC05378,800000.0,-500000.0,350000.0,1700000.0,300000.0,freelance,2024-08-02 22:51:00
BGT03728,USR023,INC00904,1350000.0,850000.0,600000.0,2800000.0,2200000.0,allowance,2023-11-06 13:50:00
BGT06091,USR018,INC00807,1250000.0,900000.0,700000.0,2850000.0,2150000.0,scholarship,2024-12-04 05:17:00
BGT08923,USR072,INC08421,3450000.0,1950000.0,1800000.0,7200000.0,5400000.0,business,2024-03-31 02:54:00
BGT03661,USR002,INC04300,900000.0,500000.0,350000.0,1750000.0,1400000.0,scholarship,2023-01-07 12:40:00
BGT09565,USR054,INC00155,2050000.0,1300000.0,750000.0,4100000.0,3350000.0,business,2024-04-03 00:19:00
BGT09463,USR060,INC01621,3250000.0,2000000.0,1850000.0,7100000.0,5250000.0,salary,2024-07-06 23:17:00
BGT08315,USR027,INC01829,1350000.0,850000.0,450000.0,2650000.0,2200000.0,allowance,2024-11-01 02:41:00
BGT03012,USR040,INC06140,2350000.0,1350000.0,900000.0,4600000.0,3700000.0,freelance,2023-09-25 04:58:00
BGT09967,USR060,INC05417,3250000.0,1950000.0,1150000.0,6350000.0,5200000.0,salary,2023-06-22 19:51:00
BGT09582,USR011,INC07722,850000.0,500000.0,350000.0,1700000.0,1350000.0,allowance,2024-05-10 15:52:00
BGT05362,USR031,INC02873,1900000.0,1250000.0,650000.0,3800000.0,3150000.0,part_time,2024-12-20 12:23:00
BGT08565,USR047,INC07547,2150000.0,1250000.0,1100000.0,4500000.0,3400000.0,business,2024-11-04 06:03:00
BGT01498,USR068,INC07317,4550000.0,2500000.0,1250000.0,8300000.0,7050000.0,business,2024-05-30 22:26:00
BGT03051,USR023,INC04092,2000000.0,1450000.0,900000.0,4350000.0,3450000.0,internship,2023-03-14 16:58:00
BGT07606,USR038,INC03905,1700000.0,1150000.0,650000.0,3500000.0,2850000.0,part_time,2024-04-30 13:15:00
BGT04634,USR019,INC08897,1150000.0,650000.0,400000.0,2200000.0,1800000.0,allowance,2023-03-03 06:11:00
BGT02792,USR031,INC02360,850000.0,450000.0,300000.0,1600000.0,1300000.0,part_time,2024-02-29 08:37:00
BGT02513,USR007,INC08699,1050000.0,650000.0,250000.0,1950000.0,1700000.0,scholarship,2024-12-28 16:03:00
BGT07972,USR001,INC07931,1150000.0,700000.0,550000.0,2400000.0,1850000.0,allowance,2023-10-31 08:22:00
BGT08796,USR071,INC08012,3350000.0,2350000.0,1250000.0,6950000.0,5700000.0,freelance,2024-05-30 06:46:00
BGT00058,USR006,INC03107,700000.0,500000.0,350000.0,1550000.0,1200000.0,allowance,2024-04-22 07:17:00
BGT09109,USR028,INC04404,750000.0,500000.0,400000.0,1650000.0,1250000.0,part_time,2023-05-10 13:45:00
BGT07130,USR053,INC01421,1700000.0,1100000.0,800000.0,3600000.0,2800000.0,business,2024-05-02 08:02:00
BGT09745,USR026,INC02515,2300000.0,1250000.0,750000.0,4300000.0,3550000.0,freelance,2023-05-23 10:16:00
BGT08021,USR020,INC07835,750000.0,350000.0,200000.0,1300000.0,1100000.0,allowance,2024-01-17 10:34:00
BGT02452,USR027,INC07737,1150000.0,550000.0,400000.0,2100000.0,1700000.0,part_time,2024-02-09 23:53:00
BGT08286,USR021,INC01503,2050000.0,1200000.0,950000.0,4200000.0,3250000.0,freelance,2024-08-03 18:55:00
BGT09498,USR028,INC03800,950000.0,500000.0,300000.0,1750000.0,1450000.0,allowance,2023-10-24 09:08:00
BGT04856,USR070,INC05467,5150000.0,3150000.0,1250000.0,9550000.0,8300000.0,business,2024-11-27 12:31:00
BGT06634,USR044,INC07482,2400000.0,1300000.0,1150000.0,4850000.0,3700000.0,salary,2024-10-08 10:54:00
BGT04393,USR048,INC03687,2050000.0,1150000.0,650000.0,3850000.0,3200000.0,bonus,2024-09-21 13:10:00
BGT07079,USR005,INC03203,650000.0,350000.0,200000.0,1250000.0,1000000.0,part_time,2023-02-03 05:58:00
BGT05245,USR033,INC05354,2250000.0,1150000.0,750000.0,4150000.0,3400000.0,part_time,2023-05-02 08:00:00
BGT09779,USR021,INC00424,2300000.0,1150000.0,800000.0,4300000.0,3450000.0,internship,2024-11-30 09:38:00
BGT02555,USR044,INC05704,3750000.0,2200000.0,1400000.0,7400000.0,5950000.0,freelance,2023-11-22 05:20:00
BGT04550,USR004,INC09974,1100000.0,550000.0,450000.0,2150000.0,1650000.0,part_time,2023-05-31 03:13:00
BGT09313,USR002,INC01874,1250000.0,800000.0,450000.0,2500000.0,2050000.0,scholarship,2023-02-17 01:59:00
BGT05954,USR030,INC06439,1950000.0,950000.0,600000.0,3500000.0,2900000.0,freelance,2024-06-22 05:38:00
BGT06768,USR073,INC05344,1900000.0,1150000.0,950000.0,4050000.0,3050000.0,salary,2024-04-26 18:27:00
BGT03530,USR036,INC02592,1150000.0,600000.0,550000.0,2300000.0,1750000.0,allowance,2023-08-10 06:02:00
BGT05320,USR057,INC09491,3150000.0,2050000.0,1650000.0,6900000.0,5200000.0,business,2024-03-01 23:05:00
BGT03529,USR065,INC08674,4400000.0,3200000.0,1800000.0,9400000.0,7600000.0,freelance,2024-06-01 18:03:00
BGT00686,USR049,INC02092,2150000.0,1250000.0,1250000.0,4700000.0,3400000.0,freelance,2023-10-17 05:38:00
BGT05141,USR047,INC00751,-4050000.0,2250000.0,950000.0,7200000.0,-1800000.0,freelance,2023-10-02 15:02:00
BGT06191,USR024,INC06079,1900000.0,900000.0,700000.0,3500000.0,2800000.0,allowance,2023-03-13 15:26:00
BGT00755,USR002,INC06481,1300000.0,650000.0,400000.0,2400000.0,1950000.0,part_time,2024-10-15 09:23:00
BGT09058,USR037,INC05304,950000.0,600000.0,200000.0,1750000.0,1550000.0,part_time,2024-09-10 16:08:00
BGT02545,USR033,INC07619,950000.0,550000.0,300000.0,1800000.0,1500000.0,part_time,2023-05-14 15:54:00
BGT07134,USR031,INC00977,2100000.0,1100000.0,800000.0,4000000.0,3200000.0,internship,2023-10-09 00:46:00
BGT08279,USR040,INC06796,2050000.0,1250000.0,1000000.0,4300000.0,3300000.0,allowance,2023-06-22 15:43:00
BGT07914,USR040,INC00286,2000000.0,1100000.0,450000.0,3600000.0,3100000.0,part_time,2023-05-22 05:56:00
BGT02385,USR021,INC02982,1550000.0,950000.0,400000.0,2900000.0,2500000.0,part_time,2024-01-07 15:12:00
BGT05296,USR068,INC01285,4700000.0,2700000.0,1950000.0,9350000.0,7400000.0,freelance,2024-07-15 22:04:00
BGT01648,USR053,INC09860,2150000.0,1050000.0,750000.0,3950000.0,3200000.0,bonus,2024-04-14 18:07:00
BGT03863,USR067,INC04142,4350000.0,2450000.0,1100000.0,7900000.0,6800000.0,business,2024-10-22 20:49:00
BGT09703,USR011,INC07203,950000.0,550000.0,400000.0,1900000.0,1500000.0,scholarship,2024-03-30 18:18:00
BGT02972,USR073,INC06773,3200000.0,1700000.0,1000000.0,5900000.0,4900000.0,business,2023-08-23 21:22:00
BGT01862,USR001,INC08774,600000.0,350000.0,300000.0,1300000.0,950000.0,scholarship,2024-04-29 11:43:00
BGT06371,USR066,INC04445,2600000.0,1600000.0,1550000.0,5800000.0,4200000.0,investment_return,2023-05-19 04:18:00
BGT06722,USR051,INC03091,2050000.0,1000000.0,600000.0,3650000.0,3050000.0,freelance,2024-01-07 17:30:00
BGT02740,USR029,INC01510,1650000.0,1100000.0,800000.0,3550000.0,2750000.0,allowance,2024-06-28 14:39:00
BGT04131,USR046,INC09783,1850000.0,950000.0,550000.0,3350000.0,2800000.0,business,2023-05-08 00:26:00
BGT05825,USR075,INC01799,4450000.0,2650000.0,2750000.0,9850000.0,7100000.0,investment_return,2024-06-03 16:28:00
BGT08825,USR031,INC00096,1550000.0,900000.0,950000.0,3400000.0,2450000.0,internship,2023-02-16 22:52:00
BGT00575,USR037,INC02294,1100000.0,700000.0,350000.0,2150000.0,1800000.0,allowance,2023-10-15 00:45:00
BGT07077,USR031,INC03502,1850000.0,950000.0,700000.0,3500000.0,2800000.0,freelance,2023-05-19 04:12:00
BGT06855,USR071,INC00107,3500000.0,1950000.0,1800000.0,7300000.0,5450000.0,bonus,2024-12-21 06:24:00
BGT05751,USR048,INC08458,2650000.0,1850000.0,1300000.0,5800000.0,4500000.0,bonus,2023-04-16 17:23:00
BGT00864,USR016,INC02270,1100000.0,650000.0,400000.0,2150000.0,1750000.0,part_time,2023-03-03 16:56:00
BGT09490,USR038,INC05251,1650000.0,800000.0,650000.0,3150000.0,2450000.0,allowance,2024-07-09 06:24:00
BGT09433,USR021,INC07380,2000000.0,1050000.0,900000.0,3950000.0,3050000.0,freelance,2024-10-28 16:45:00
BGT01085,USR041,INC00244,3400000.0,2050000.0,1600000.0,7050000.0,5450000.0,business,2024-06-29 06:11:00
BGT04413,USR025,INC04128,1450000.0,850000.0,700000.0,3000000.0,2300000.0,freelance,2024-04-04 02:35:00
BGT05108,USR054,INC08642,2550000.0,1600000.0,550000.0,4750000.0,4150000.0,freelance,2024-10-19 01:43:00
BGT04250,USR011,INC04981,850000.0,500000.0,500000.0,1850000.0,1350000.0,allowance,2024-01-22 12:32:00
BGT07254,USR012,INC01941,600000.0,-350000.0,150000.0,1100000.0,250000.0,allowance,2024-06-27 02:35:00
BGT08074,USR016,INC07237,500000.0,300000.0,250000.0,1050000.0,800000.0,allowance,2023-04-13 10:53:00
BGT01936,USR062,INC04901,3350000.0,1900000.0,2050000.0,7300000.0,5250000.0,freelance,2023-12-11 22:25:00
BGT09815,USR056,INC08547,2950000.0,1800000.0,1500000.0,6250000.0,4750000.0,salary,2023-05-24 02:56:00
BGT00773,USR036,INC05877,900000.0,550000.0,500000.0,1950000.0,1450000.0,allowance,2024-09-10 18:08:00
BGT08814,USR037,INC02313,2000000.0,1250000.0,750000.0,4050000.0,3250000.0,internship,2024-06-09 06:41:00
BGT05830,USR022,INC01739,-2250000.0,1450000.0,500000.0,4200000.0,-800000.0,part_time,2024-06-07 11:07:00
BGT06688,USR043,INC02845,3050000.0,1900000.0,950000.0,5900000.0,4950000.0,salary,2023-08-15 20:52:00
BGT06280,USR023,INC06983,2050000.0,1200000.0,900000.0,4150000.0,3250000.0,internship,2023-08-24 02:27:00
BGT04927,USR044,INC06676,4300000.0,2550000.0,950000.0,7800000.0,6850000.0,business,2023-09-23 03:22:00
BGT07406,USR065,INC06656,4100000.0,2450000.0,1850000.0,8400000.0,6550000.0,freelance,2024-05-11 09:52:00
BGT05832,USR018,INC03522,600000.0,400000.0,350000.0,1350000.0,1000000.0,part_time,2023-05-01 18:24:00
BGT02629,USR058,INC09567,2900000.0,1450000.0,950000.0,5300000.0,4350000.0,freelance,2023-04-02 17:47:00
BGT09054,USR046,INC04265,3750000.0,2250000.0,800000.0,6800000.0,6000000.0,bonus,2023-08-03 21:58:00
BGT09618,USR033,INC06859,1150000.0,600000.0,350000.0,2100000.0,1750000.0,freelance,2023-05-28 10:20:00
BGT05728,USR037,INC02359,2300000.0,1450000.0,1000000.0,4750000.0,3750000.0,part_time,2024-07-09 12:19:00
BGT03273,USR029,INC02580,950000.0,450000.0,400000.0,1800000.0,1400000.0,part_time,2023-08-23 14:40:00
BGT09698,USR019,INC01222,650000.0,400000.0,150000.0,1200000.0,1050000.0,part_time,2023-02-20 21:05:00
BGT02721,USR008,INC06913,550000.0,300000.0,150000.0,1000000.0,850000.0,allowance,2023-12-28 09:35:00
BGT09410,USR011,INC07649,900000.0,550000.0,250000.0,1700000.0,1450000.0,part_time,2023-02-17 02:43:00
BGT03323,USR064,INC09515,3000000.0,1800000.0,1900000.0,6700000.0,4800000.0,business,2024-04-12 21:28:00
BGT01242,USR068,INC07469,4850000.0,2650000.0,1350000.0,8850000.0,7500000.0,freelance,2024-03-03 12:43:00
BGT08205,USR063,INC00910,2750000.0,1500000.0,850000.0,5100000.0,4250000.0,business,2024-06-04 09:11:00
BGT08246,USR049,INC08859,3850000.0,2550000.0,1600000.0,8000000.0,6400000.0,bonus,2024-08-06 03:07:00
BGT05346,USR074,INC01397,3300000.0,2150000.0,1050000.0,6500000.0,5450000.0,salary,2024-01-20 05:16:00
BGT09711,USR061,INC03785,4150000.0,2050000.0,1350000.0,7550000.0,6200000.0,investment_return,2024-08-09 19:25:00
BGT08899,USR006,INC09587,950000.0,500000.0,250000.0,1700000.0,1450000.0,part_time,2023-03-03 08:54:00
BGT02784,USR017,INC07051,1150000.0,750000.0,450000.0,2350000.0,1900000.0,allowance,2023-08-06 04:52:00
BGT09347,USR062,INC08307,2400000.0,1400000.0,500000.0,4300000.0,3800000.0,business,2024-10-16 22:32:00
BGT02443,USR025,INC04580,1950000.0,1200000.0,1000000.0,4150000.0,3150000.0,allowance,2023-08-01 14:55:00
BGT05401,USR026,INC05341,1250000.0,750000.0,450000.0,2450000.0,2000000.0,allowance,2023-07-17 03:56:00
BGT05466,USR001,INC07219,800000.0,500000.0,250000.0,1550000.0,1300000.0,part_time,2024-11-09 20:13:00
BGT07660,USR006,INC02129,1050000.0,550000.0,300000.0,1900000.0,1600000.0,allowance,2023-09-03 14:35:00
BGT08870,USR052,INC02664,3750000.0,2100000.0,1400000.0,7250000.0,5850000.0,freelance,2024-03-22 19:42:00
BGT06732,USR041,INC04627,2050000.0,1200000.0,700000.0,3950000.0,3250000.0,business,2023-05-08 16:30:00
BGT07298,USR055,INC00817,1850000.0,1000000.0,550000.0,3400000.0,2850000.0,freelance,2023-09-16 16:28:00
BGT07761,USR036,INC02430,1450000.0,1000000.0,650000.0,3100000.0,2450000.0,allowance,2024-08-03 12:31:00
BGT01267,USR003,INC00583,500000.0,300000.0,200000.0,1050000.0,800000.0,scholarship,2023-01-30 01:11:00
BGT06027,USR040,INC02263,2000000.0,1450000.0,1000000.0,4450000.0,3450000.0,part_time,2024-12-18 22:44:00
BGT09676,USR018,INC06184,1350000.0,900000.0,550000.0,2800000.0,2250000.0,scholarship,2024-02-18 00:00:00
BGT05520,USR016,INC00238,1300000.0,800000.0,450000.0,2550000.0,2100000.0,allowance,2024-03-16 13:32:00
BGT06983,USR029,INC02801,1950000.0,1150000.0,450000.0,3550000.0,3100000.0,internship,2023-01-31 08:01:00
BGT02163,USR003,INC09199,550000.0,300000.0,250000.0,1150000.0,850000.0,part_time,2023-08-15 10:51:00
BGT00332,USR063,INC05463,2700000.0,1500000.0,700000.0,4900000.0,4200000.0,investment_return,2023-06-19 06:16:00
BGT03423,USR016,INC05683,1300000.0,800000.0,650000.0,2750000.0,2100000.0,scholarship,2024-11-25 16:33:00
BGT05540,USR045,INC01193,3650000.0,2450000.0,1350000.0,7450000.0,6100000.0,salary,2024-10-20 16:50:00
BGT04187,USR058,INC02964,1700000.0,1300000.0,800000.0,3800000.0,3000000.0,business,2023-07-29 11:25:00
BGT01278,USR033,INC03088,1850000.0,1050000.0,450000.0,3350000.0,2900000.0,freelance,2023-09-13 18:15:00
BGT08249,USR036,INC04396,1150000.0,800000.0,500000.0,2450000.0,1950000.0,part_time,2023-09-30 20:43:00
BGT09575,USR055,INC00272,2100000.0,1400000.0,600000.0,4100000.0,3500000.0,business,2024-07-07 01:46:00
BGT06051,USR048,INC06044,1400000.0,1000000.0,650000.0,3050000.0,2400000.0,business,2023-02-20 14:48:00
BGT02017,USR028,INC07274,2000000.0,1450000.0,1150000.0,4600000.0,3450000.0,allowance,2024-08-16 22:48:00
BGT07782,USR024,INC09998,2450000.0,1500000.0,850000.0,4850000.0,3950000.0,allowance,2024-04-10 01:44:00
BGT06299,USR039,INC07241,2350000.0,1400000.0,500000.0,4250000.0,3750000.0,internship,2023-05-10 09:40:00
BGT01545,USR006,INC01943,900000.0,600000.0,400000.0,1950000.0,1500000.0,part_time,2023-07-30 20:17:00
BGT07286,USR037,INC02147,900000.0,550000.0,200000.0,1700000.0,1450000.0,allowance,2023-03-13 16:32:00
BGT07722,USR020,INC09381,550000.0,300000.0,300000.0,1150000.0,850000.0,allowance,2024-05-19 03:13:00
BGT04761,USR047,INC07924,2600000.0,1600000.0,750000.0,4950000.0,4200000.0,freelance,2023-04-30 18:10:00
BGT03746,USR022,INC07727,1750000.0,1200000.0,700000.0,3650000.0,2950000.0,freelance,2023-06-06 11:35:00
BGT09936,USR065,INC09605,3150000.0,1950000.0,1050000.0,6150000.0,5100000.0,investment_return,2024-09-11 11:20:00
BGT09164,USR029,INC04535,1000000.0,700000.0,500000.0,2250000.0,1700000.0,freelance,2024-04-13 22:04:00
BGT07245,USR053,INC02012,2300000.0,1300000.0,1050000.0,4650000.0,3600000.0,salary,2023-03-19 09:59:00
BGT06705,USR044,INC06441,3250000.0,1800000.0,750000.0,5800000.0,5050000.0,freelance,2023-06-28 22:35:00
BGT03506,USR043,INC06233,3500000.0,2050000.0,850000.0,6400000.0,5550000.0,bonus,2024-07-28 16:20:00
BGT09719,USR044,INC06707,1700000.0,1150000.0,1000000.0,3850000.0,2850000.0,business,2023-01-28 17:27:00
BGT01179,USR009,INC01002,1500000.0,800000.0,450000.0,2750000.0,2300000.0,scholarship,2023-09-28 00:42:00
BGT09481,USR010,INC09361,1200000.0,800000.0,700000.0,2700000.0,2000000.0,scholarship,2024-01-21 22:16:00
BGT03768,USR063,INC06765,2700000.0,1650000.0,1550000.0,5900000.0,4350000.0,freelance,2024-04-12 22:11:00
BGT00788,USR058,INC08048,3700000.0,2250000.0,1600000.0,7550000.0,5950000.0,freelance,2024-01-02 13:35:00
BGT00878,USR059,INC00893,1650000.0,1100000.0,1000000.0,3750000.0,2750000.0,business,2023-10-12 13:11:00
BGT00082,USR028,INC05423,1150000.0,750000.0,650000.0,2550000.0,1900000.0,freelance,2024-02-05 16:52:00
BGT02779,USR034,INC03012,2150000.0,1200000.0,950000.0,4300000.0,3350000.0,allowance,2024-04-07 06:52:00
BGT00299,USR070,INC01265,4750000.0,2550000.0,1500000.0,8800000.0,7300000.0,freelance,2023-08-03 13:29:00
BGT06073,USR054,INC01517,1600000.0,850000.0,500000.0,3000000.0,2450000.0,business,2023-02-16 06:27:00
BGT09069,USR038,INC03608,1550000.0,1000000.0,1000000.0,3550000.0,2550000.0,freelance,2023-07-04 21:41:00
BGT00873,USR061,INC08964,2400000.0,1700000.0,1250000.0,5350000.0,4100000.0,salary,2024-12-21 19:42:00
BGT03520,USR021,INC02126,-1100000.0,750000.0,450000.0,2250000.0,-350000.0,internship,2023-08-09 14:42:00
BGT07588,USR062,INC05893,4800000.0,2450000.0,2150000.0,9450000.0,7250000.0,freelance,2024-09-02 10:50:00
BGT06519,USR060,INC03243,2600000.0,1550000.0,1150000.0,5300000.0,4150000.0,freelance,2023-07-12 09:02:00
BGT04849,USR074,INC02971,3450000.0,2100000.0,1650000.0,7200000.0,5550000.0,bonus,2023-11-11 14:32:00
BGT01276,USR055,INC09239,1650000.0,850000.0,600000.0,3100000.0,2500000.0,business,2024-10-16 08:15:00
BGT05193,USR031,INC01237,1600000.0,1050000.0,950000.0,3600000.0,2650000.0,allowance,2024-04-22 23:20:00
BGT05056,USR072,INC03105,2550000.0,1600000.0,750000.0,4900000.0,4150000.0,salary,2024-01-29 14:46:00
BGT02366,USR040,INC05590,1700000.0,1000000.0,500000.0,3200000.0,2700000.0,part_time,2023-10-13 18:41:00
BGT09810,USR031,INC04415,2100000.0,1300000.0,950000.0,4350000.0,3400000.0,allowance,2024-03-17 07:54:00
BGT00479,USR004,INC04453,1600000.0,850000.0,450000.0,2900000.0,2450000.0,part_time,2024-02-24 06:00:00
BGT04263,USR070,INC00484,3850000.0,2400000.0,1750000.0,8000000.0,6250000.0,investment_return,2024-12-12 20:09:00
BGT09367,USR052,INC00159,2450000.0,1350000.0,550000.0,4400000.0,3800000.0,business,2024-12-16 17:31:00
BGT09661,USR066,INC00696,2900000.0,1800000.0,950000.0,5700000.0,4700000.0,investment_return,2024-09-25 00:11:00
BGT04562,USR036,INC05642,2050000.0,1200000.0,950000.0,4200000.0,3250000.0,internship,2024-08-20 09:52:00
BGT04180,USR002,INC03566,900000.0,550000.0,500000.0,1950000.0,1450000.0,scholarship,2023-09-16 15:53:00
BGT01766,USR074,INC05895,4950000.0,3050000.0,1900000.0,9900000.0,8000000.0,bonus,2023-07-24 10:30:00
BGT08729,USR006,INC02696,550000.0,300000.0,250000.0,1100000.0,850000.0,allowance,2023-07-28 21:42:00
BGT08735,USR056,INC00621,1650000.0,950000.0,700000.0,3300000.0,2600000.0,business,2023-12-27 09:16:00
BGT06531,USR043,INC08942,2300000.0,1700000.0,1250000.0,5250000.0,4000000.0,business,2024-04-18 07:56:00
BGT08152,USR013,INC06372,850000.0,500000.0,300000.0,1650000.0,1350000.0,allowance,2023-04-02 05:03:00
BGT04367,USR047,INC08765,3500000.0,2100000.0,2200000.0,7800000.0,5600000.0,bonus,2024-03-30 14:58:00
BGT06738,USR069,INC09246,4300000.0,2600000.0,1700000.0,8600000.0,6900000.0,bonus,2023-07-04 10:09:00
BGT05063,USR016,INC05371,1050000.0,700000.0,550000.0,2300000.0,1750000.0,part_time,2024-03-28 02:53:00
BGT04075,USR046,INC07135,3650000.0,2100000.0,1100000.0,6850000.0,5750000.0,freelance,2023-09-13 10:10:00
BGT08052,USR032,INC07638,1950000.0,1100000.0,700000.0,3750000.0,3050000.0,internship,2024-11-24 19:15:00
BGT07518,USR014,INC00032,1400000.0,750000.0,450000.0,2600000.0,2150000.0,allowance,2023-07-15 11:08:00
BGT05582,USR056,INC09827,3200000.0,2000000.0,700000.0,5950000.0,5200000.0,freelance,2023-06-23 14:32:00
BGT02232,USR059,INC01377,1850000.0,950000.0,750000.0,3550000.0,2800000.0,salary,2023-02-05 22:21:00
BGT00694,USR028,INC03138,1500000.0,950000.0,550000.0,3000000.0,2450000.0,part_time,2023-09-19 10:49:00
BGT01496,USR021,INC09711,2300000.0,1200000.0,1000000.0,4500000.0,3500000.0,allowance,2023-12-14 07:09:00
BGT07953,USR021,INC09103,1000000.0,550000.0,500000.0,2050000.0,1550000.0,internship,2023-10-19 23:54:00
BGT07572,USR005,INC04493,750000.0,550000.0,300000.0,1600000.0,1300000.0,scholarship,2024-10-12 20:56:00
BGT04233,USR010,INC04229,550000.0,350000.0,200000.0,1100000.0,900000.0,allowance,2024-08-27 21:07:00
BGT05462,USR020,INC06619,700000.0,350000.0,250000.0,1300000.0,1050000.0,part_time,2024-09-30 17:06:00
BGT03958,USR013,INC07810,1300000.0,800000.0,650000.0,2750000.0,2100000.0,scholarship,2024-04-16 13:21:00
BGT00893,USR020,INC02614,750000.0,400000.0,350000.0,1500000.0,1150000.0,scholarship,2024-02-10 07:08:00
BGT09778,USR036,INC01919,1100000.0,600000.0,350000.0,2050000.0,1700000.0,freelance,2023-02-07 17:17:00
BGT02285,USR033,INC07890,1900000.0,1050000.0,800000.0,3750000.0,2950000.0,internship,2024-01-16 21:26:00
BGT04537,USR036,INC09639,1950000.0,1100000.0,800000.0,3850000.0,3050000.0,internship,2023-10-21 03:09:00
BGT02315,USR030,INC09713,1550000.0,1050000.0,600000.0,3200000.0,2600000.0,part_time,2023-08-31 16:49:00
BGT00442,USR010,INC05520,1200000.0,750000.0,500000.0,2450000.0,1950000.0,part_time,2024-05-31 19:12:00
BGT01636,USR037,INC05939,2300000.0,1300000.0,1200000.0,4800000.0,3600000.0,part_time,2023-01-02 11:12:00
BGT06100,USR058,INC01868,2700000.0,1600000.0,1350000.0,5650000.0,4300000.0,salary,2023-05-19 10:48:00
BGT04088,USR015,INC02612,650000.0,300000.0,250000.0,1200000.0,950000.0,scholarship,2024-10-19 18:33:00
BGT01263,USR026,INC02944,1300000.0,800000.0,500000.0,2600000.0,2100000.0,part_time,2024-09-17 00:35:00
BGT04409,USR073,INC00814,4300000.0,2700000.0,1650000.0,8650000.0,7000000.0,freelance,2023-07-04 07:48:00
BGT00633,USR072,INC01459,3700000.0,2600000.0,1400000.0,7700000.0,6300000.0,business,2024-07-20 08:41:00
BGT00662,USR039,INC08672,1300000.0,700000.0,500000.0,2500000.0,2000000.0,part_time,2023-03-03 18:20:00
BGT02432,USR057,INC08181,2900000.0,1800000.0,1750000.0,6450000.0,4700000.0,bonus,2024-02-06 01:52:00
BGT09228,USR004,INC02584,1100000.0,650000.0,550000.0,2300000.0,1750000.0,scholarship,2023-01-23 19:19:00
BGT01501,USR061,INC08678,3550000.0,2000000.0,900000.0,6450000.0,5550000.0,freelance,2024-07-19 11:06:00
BGT05623,USR028,INC07069,1400000.0,850000.0,550000.0,2800000.0,2250000.0,part_time,2024-08-31 00:07:00
BGT04104,USR013,INC01807,1200000.0,850000.0,550000.0,2600000.0,2050000.0,scholarship,2024-12-13 12:36:00
BGT05290,USR066,INC08049,4150000.0,3000000.0,1650000.0,8800000.0,7150000.0,business,2023-08-10 08:02:00
BGT02148,USR006,INC00920,900000.0,600000.0,300000.0,1800000.0,1500000.0,scholarship,2023-04-16 19:52:00
BGT06905,USR003,INC08614,1400000.0,750000.0,450000.0,2600000.0,2150000.0,allowance,2023-11-11 21:44:00
BGT01849,USR047,INC02185,3050000.0,1600000.0,1300000.0,5950000.0,4650000.0,bonus,2024-06-22 10:00:00
BGT01283,USR043,INC01963,1600000.0,900000.0,850000.0,3350000.0,2500000.0,salary,2023-07-26 04:00:00
BGT08241,USR062,INC03959,2950000.0,1950000.0,1400000.0,6300000.0,4900000.0,business,2023-08-07 13:48:00
BGT03524,USR053,INC05786,4250000.0,-2550000.0,900000.0,7700000.0,1700000.0,bonus,2024-12-26 10:49:00
BGT09482,USR047,INC00697,3150000.0,1800000.0,2050000.0,7000000.0,4950000.0,business,2024-11-29 16:02:00
BGT08650,USR007,INC00563,550000.0,300000.0,300000.0,1200000.0,850000.0,allowance,2024-08-25 00:54:00
BGT08387,USR058,INC05807,3250000.0,2050000.0,1100000.0,6400000.0,5300000.0,salary,2024-03-29 09:14:00
BGT01642,USR039,INC03830,1750000.0,950000.0,950000.0,3650000.0,2700000.0,allowance,2024-09-17 04:58:00
BGT09913,USR069,INC09443,3550000.0,2300000.0,850000.0,6700000.0,5850000.0,freelance,2023-05-15 14:18:00
BGT05947,USR001,INC08274,1100000.0,750000.0,450000.0,2300000.0,1850000.0,scholarship,2023-04-06 01:00:00
BGT03805,USR016,INC03695,1500000.0,750000.0,650000.0,2900000.0,2250000.0,allowance,2023-06-03 08:10:00
BGT00170,USR046,INC01053,2400000.0,1350000.0,1150000.0,4900000.0,3750000.0,business,2023-03-31 18:27:00
BGT07824,USR067,INC05154,4600000.0,2250000.0,1500000.0,8400000.0,6850000.0,investment_return,2024-02-15 17:52:00
BGT00778,USR075,INC07207,2500000.0,1750000.0,1000000.0,5250000.0,4250000.0,business,2024-11-13 04:47:00
BGT06803,USR049,INC00457,2050000.0,1150000.0,800000.0,4000000.0,3200000.0,business,2023-10-13 04:08:00
BGT05724,USR032,INC07053,2050000.0,-1450000.0,750000.0,4300000.0,600000.0,allowance,2023-05-07 09:00:00
BGT03085,USR055,INC02571,2300000.0,1250000.0,1250000.0,4800000.0,3550000.0,salary,2024-09-18 17:57:00
BGT00658,USR043,INC04302,3550000.0,1850000.0,1050000.0,6450000.0,5400000.0,bonus,2023-11-26 03:03:00
BGT02847,USR025,INC00641,1350000.0,900000.0,500000.0,2800000.0,2250000.0,internship,2024-11-26 09:06:00
BGT07519,USR062,INC02808,3700000.0,2650000.0,1500000.0,7850000.0,6350000.0,investment_return,2024-12-14 08:56:00
BGT06516,USR032,INC09171,1700000.0,1050000.0,900000.0,3650000.0,2750000.0,internship,2024-10-14 15:31:00
BGT04389,USR003,INC00429,500000.0,300000.0,250000.0,1050000.0,800000.0,allowance,2023-06-04 09:52:00
BGT03181,USR006,INC08638,500000.0,400000.0,250000.0,1150000.0,900000.0,allowance,2024-10-14 21:34:00
BGT00792,USR024,INC02573,2000000.0,1450000.0,850000.0,4300000.0,3450000.0,internship,2024-08-18 01:57:00
BGT04317,USR040,INC08508,1500000.0,750000.0,500000.0,2750000.0,2250000.0,part_time,2023-06-12 15:59:00
BGT01414,USR055,INC04842,3300000.0,1900000.0,1550000.0,6750000.0,5200000.0,freelance,2023-06-05 20:21:00
BGT00098,USR008,INC07108,1200000.0,800000.0,550000.0,2550000.0,2000000.0,scholarship,2023-09-29 04:28:00
BGT00091,USR029,INC06193,2500000.0,1500000.0,500000.0,4500000.0,4000000.0,allowance,2023-03-14 15:19:00
BGT01333,USR075,INC07928,2700000.0,1450000.0,700000.0,485000000.0,4150000.0,salary,2023-04-26 21:17:00
BGT02047,USR037,INC00200,2100000.0,1100000.0,1100000.0,4300000.0,3200000.0,allowance,2023-07-05 18:02:00
BGT03289,USR047,INC03140,2800000.0,1700000.0,800000.0,5300000.0,4500000.0,salary,2024-11-12 12:50:00
BGT00620,USR068,INC09477,2950000.0,1850000.0,1350000.0,6150000.0,4800000.0,business,2023-10-05 08:43:00
BGT09841,USR043,INC00263,1950000.0,1250000.0,750000.0,3950000.0,3200000.0,business,2023-12-08 07:17:00
BGT08617,USR025,INC05930,1650000.0,800000.0,550000.0,3000000.0,2450000.0,allowance,2024-07-03 00:35:00
BGT05425,USR047,INC07129,1950000.0,1200000.0,1050000.0,4200000.0,3150000.0,freelance,2024-06-20 05:47:00
BGT09187,USR050,INC03877,3750000.0,2600000.0,1600000.0,7950000.0,6350000.0,salary,2024-07-24 02:48:00
BGT06739,USR033,INC04294,2000000.0,1050000.0,1000000.0,4050000.0,3050000.0,part_time,2023-06-11 22:37:00
BGT06997,USR009,INC03551,1600000.0,1000000.0,400000.0,3000000.0,2600000.0,scholarship,2023-09-04 08:58:00
BGT09592,USR027,INC03188,1950000.0,1200000.0,1150000.0,4300000.0,3150000.0,internship,2023-07-28 14:18:00
BGT02520,USR066,INC07368,4450000.0,2350000.0,1900000.0,8700000.0,6800000.0,investment_return,2024-10-09 15:43:00
BGT05754,USR063,INC08743,4100000.0,2400000.0,1750000.0,8250000.0,6500000.0,freelance,2023-10-02 19:24:00
BGT06110,USR045,INC00535,2450000.0,1550000.0,1350000.0,5350000.0,4000000.0,freelance,2024-08-19 03:52:00
BGT09585,USR033,INC09935,800000.0,550000.0,250000.0,1600000.0,1350000.0,internship,2024-04-03 03:02:00
BGT08274,USR065,INC03938,3500000.0,2150000.0,1050000.0,6700000.0,5650000.0,salary,2023-02-23 11:47:00
BGT03098,USR047,INC09238,1500000.0,950000.0,850000.0,3350000.0,2450000.0,bonus,2024-01-10 11:44:00
BGT08511,USR059,INC02149,2800000.0,1500000.0,800000.0,5100000.0,4300000.0,bonus,2023-10-17 18:46:00
BGT07493,USR004,INC06165,600000.0,350000.0,150000.0,1100000.0,950000.0,part_time,2024-03-10 22:54:00
BGT02988,USR067,INC04206,4600000.0,2400000.0,1850000.0,8850000.0,7000000.0,salary,2024-08-26 19:04:00
BGT04969,USR066,INC03145,5350000.0,3100000.0,1250000.0,9750000.0,8450000.0,business,2024-05-02 11:41:00
BGT01007,USR052,INC04043,2700000.0,1350000.0,1150000.0,5200000.0,4050000.0,business,2023-08-19 17:50:00
BGT07750,USR048,INC07983,4050000.0,2300000.0,1300000.0,765000000.0,6350000.0,freelance,2024-05-30 01:21:00
BGT05455,USR038,INC05509,2450000.0,1150000.0,850000.0,4450000.0,3600000.0,part_time,2023-01-06 11:54:00
BGT02504,USR043,INC04913,2350000.0,1600000.0,950000.0,4900000.0,3950000.0,business,2023-10-17 05:44:00
BGT03162,USR022,INC08464,2550000.0,1400000.0,750000.0,4700000.0,3950000.0,freelance,2024-04-09 10:36:00
BGT03382,USR008,INC03377,800000.0,450000.0,350000.0,1600000.0,1250000.0,scholarship,2024-05-12 07:23:00
BGT02335,USR038,INC00202,1500000.0,850000.0,550000.0,2900000.0,2350000.0,freelance,2023-04-18 23:58:00
BGT05443,USR074,INC09414,3200000.0,1750000.0,1100000.0,6050000.0,4950000.0,bonus,2024-03-30 07:25:00
BGT03483,USR053,INC06424,3450000.0,2000000.0,1450000.0,6900000.0,5450000.0,business,2023-06-04 14:06:00
BGT05940,USR010,INC03395,1050000.0,700000.0,550000.0,2300000.0,1750000.0,allowance,2023-01-18 21:50:00
BGT06569,USR005,INC09474,1300000.0,900000.0,400000.0,2650000.0,2200000.0,allowance,2024-11-20 13:32:00
BGT08398,USR046,INC00247,4400000.0,2400000.0,1200000.0,8000000.0,6800000.0,freelance,2023-03-04 18:23:00
BGT00454,USR032,INC00520,1250000.0,900000.0,650000.0,2800000.0,2150000.0,part_time,2024-01-02 22:59:00
BGT07700,USR008,INC07869,1350000.0,800000.0,450000.0,2600000.0,2150000.0,scholarship,2023-06-17 18:14:00
BGT01729,USR039,INC05600,1650000.0,-950000.0,600000.0,3200000.0,700000.0,allowance,2024-09-06 08:14:00
BGT08516,USR051,INC03345,1600000.0,950000.0,550000.0,3100000.0,2550000.0,freelance,2024-08-26 10:14:00
BGT07059,USR006,INC06084,500000.0,250000.0,250000.0,1000000.0,750000.0,part_time,2024-07-09 11:03:00
BGT03562,USR059,INC04090,2000000.0,1050000.0,850000.0,3950000.0,3050000.0,freelance,2024-12-12 11:36:00
BGT07581,USR011,INC09070,1350000.0,800000.0,450000.0,2600000.0,2150000.0,allowance,2024-01-29 01:36:00
BGT06109,USR029,INC04762,1900000.0,1350000.0,800000.0,4050000.0,3250000.0,part_time,2023-06-15 17:16:00
BGT07648,USR051,INC08339,2500000.0,1500000.0,600000.0,4600000.0,4000000.0,bonus,2023-08-29 11:45:00
BGT09215,USR061,INC02039,4850000.0,3050000.0,1600000.0,9500000.0,7900000.0,bonus,2024-01-29 17:01:00
BGT05230,USR070,INC01097,3200000.0,1600000.0,1450000.0,6250000.0,4800000.0,salary,2024-05-14 17:51:00
BGT09338,USR011,INC08340,1450000.0,800000.0,450000.0,2750000.0,2250000.0,scholarship,2023-06-12 05:57:00
BGT08007,USR038,INC04831,1050000.0,750000.0,450000.0,2250000.0,1800000.0,allowance,2023-12-04 09:33:00
BGT02887,USR017,INC09321,850000.0,500000.0,200000.0,1550000.0,1350000.0,scholarship,2024-03-07 19:56:00
BGT06079,USR053,INC02917,2900000.0,1700000.0,1700000.0,6350000.0,4600000.0,salary,2023-06-03 07:57:00
BGT02866,USR065,INC09851,5100000.0,2800000.0,2100000.0,10000000.0,7900000.0,bonus,2023-06-21 16:46:00
BGT06143,USR067,INC03230,5150000.0,2950000.0,1800000.0,9900000.0,8100000.0,investment_return,2023-01-06 01:41:00
BGT04106,USR021,INC04357,1100000.0,650000.0,400000.0,2150000.0,1750000.0,internship,2024-09-10 08:10:00
BGT04664,USR055,INC09294,2850000.0,1700000.0,1500000.0,6100000.0,4550000.0,salary,2024-10-29 21:39:00
BGT04177,USR062,INC00720,4300000.0,2450000.0,2750000.0,9500000.0,6750000.0,bonus,2024-11-26 07:10:00
BGT02918,USR074,INC00921,5350000.0,3200000.0,1150000.0,9700000.0,8550000.0,investment_return,2024-01-19 21:23:00
BGT09325,USR022,INC04633,1950000.0,1100000.0,1000000.0,4100000.0,3050000.0,internship,2023-01-03 08:05:00
BGT06518,USR001,INC02560,1350000.0,800000.0,500000.0,2650000.0,2150000.0,allowance,2023-06-08 08:55:00
BGT08083,USR025,INC00765,1950000.0,1150000.0,350000.0,3450000.0,3100000.0,part_time,2024-01-01 19:53:00
BGT06593,USR071,INC08696,3100000.0,2150000.0,1450000.0,6700000.0,5250000.0,salary,2023-08-04 16:48:00
BGT04157,USR008,INC09708,1000000.0,500000.0,300000.0,1800000.0,1500000.0,scholarship,2023-08-08 14:37:00
BGT01159,USR015,INC03967,1000000.0,650000.0,450000.0,2100000.0,1650000.0,scholarship,2023-07-30 00:05:00
BGT08777,USR044,INC09242,3100000.0,2050000.0,1700000.0,6850000.0,5150000.0,freelance,2024-09-08 01:40:00
BGT03983,USR073,INC00824,2950000.0,1800000.0,650000.0,5400000.0,4750000.0,investment_return,2023-03-19 23:00:00
BGT05055,USR050,INC09597,2450000.0,1550000.0,1150000.0,5150000.0,4000000.0,salary,2024-01-12 08:18:00
BGT01894,USR074,INC08702,3450000.0,1750000.0,1000000.0,6200000.0,5200000.0,freelance,2023-11-15 21:40:00
BGT03868,USR061,INC05915,2100000.0,1150000.0,1100000.0,4350000.0,3250000.0,salary,2024-05-06 15:37:00
BGT07611,USR075,INC08651,3800000.0,2500000.0,2100000.0,8400000.0,6300000.0,freelance,2024-06-13 02:11:00
BGT03303,USR047,INC01219,1800000.0,1000000.0,900000.0,3700000.0,2800000.0,freelance,2023-11-06 19:28:00
BGT02065,USR030,INC03136,2350000.0,1200000.0,1000000.0,4550000.0,3550000.0,part_time,2023-04-22 21:27:00
BGT05615,USR023,INC03953,900000.0,550000.0,300000.0,1750000.0,1450000.0,part_time,2024-04-22 19:29:00
BGT00982,USR020,INC07266,1200000.0,800000.0,600000.0,2600000.0,2000000.0,scholarship,2024-10-23 01:26:00
BGT03831,USR071,INC02820,4550000.0,3100000.0,2050000.0,9700000.0,7650000.0,business,2023-08-11 03:50:00
BGT04436,USR031,INC05226,850000.0,500000.0,550000.0,1900000.0,1350000.0,allowance,2023-11-08 22:42:00
BGT00551,USR046,INC02226,2950000.0,1650000.0,1100000.0,5700000.0,4600000.0,bonus,2024-07-26 11:51:00
BGT03377,USR040,INC07021,1050000.0,650000.0,600000.0,2300000.0,1700000.0,allowance,2023-04-21 00:31:00
BGT09819,USR054,INC04858,3300000.0,2050000.0,2200000.0,7550000.0,5350000.0,salary,2024-12-21 12:11:00
BGT03727,USR045,INC01148,3500000.0,2200000.0,1900000.0,7600000.0,5700000.0,bonus,2023-07-07 03:12:00
BGT01253,USR042,INC06793,3650000.0,1950000.0,1150000.0,6750000.0,5600000.0,business,2023-09-09 04:59:00
BGT02016,USR034,INC03499,1150000.0,600000.0,450000.0,2200000.0,1750000.0,allowance,2024-05-11 10:35:00
BGT02327,USR028,INC05117,2650000.0,1350000.0,900000.0,4900000.0,4000000.0,internship,2023-01-21 14:02:00
BGT07833,USR004,INC05681,1300000.0,800000.0,350000.0,2500000.0,2100000.0,part_time,2023-06-14 04:39:00
BGT04505,USR021,INC01464,2400000.0,1250000.0,950000.0,4600000.0,3650000.0,freelance,2023-12-09 02:14:00
BGT06810,USR051,INC04466,1950000.0,1200000.0,1050000.0,4200000.0,3150000.0,freelance,2024-01-30 21:41:00
BGT05412,USR059,INC06673,3750000.0,2300000.0,650000.0,6700000.0,6050000.0,bonus,2023-10-27 13:37:00
BGT00601,USR041,INC01019,2450000.0,1650000.0,900000.0,5050000.0,4100000.0,bonus,2023-06-29 00:36:00
BGT08538,USR059,INC00146,2950000.0,1700000.0,1250000.0,5900000.0,4650000.0,business,2024-03-28 17:07:00
BGT05912,USR024,INC04203,1950000.0,1050000.0,750000.0,3750000.0,3000000.0,internship,2023-11-03 18:40:00
BGT03876,USR064,INC07546,4800000.0,-2950000.0,1500000.0,9250000.0,1850000.0,business,2023-09-18 01:01:00
BGT09253,USR027,INC00389,2650000.0,1550000.0,600000.0,4800000.0,4200000.0,freelance,2023-08-05 13:31:00
BGT01933,USR002,INC07109,950000.0,500000.0,300000.0,1750000.0,1450000.0,allowance,2023-08-19 00:55:00
BGT07328,USR041,INC04928,1800000.0,1050000.0,500000.0,3350000.0,2850000.0,freelance,2023-08-15 01:55:00
BGT00809,USR062,INC05165,3950000.0,2150000.0,1800000.0,7900000.0,6100000.0,business,2024-08-28 14:12:00
BGT01207,USR072,INC07520,4100000.0,2650000.0,1300000.0,8050000.0,6750000.0,salary,2023-09-28 11:59:00
BGT08405,USR015,INC04896,950000.0,600000.0,300000.0,1900000.0,1550000.0,allowance,2024-06-12 05:46:00
BGT02181,USR005,INC05276,550000.0,300000.0,250000.0,1100000.0,850000.0,allowance,2024-06-14 20:36:00
BGT04151,USR001,INC06990,550000.0,400000.0,300000.0,1250000.0,950000.0,scholarship,2024-04-16 14:54:00
BGT04841,USR006,INC02057,900000.0,450000.0,300000.0,1650000.0,1350000.0,allowance,2024-07-26 16:59:00
BGT00035,USR040,INC00961,1450000.0,800000.0,850000.0,3100000.0,2250000.0,part_time,2024-10-08 10:41:00
BGT01018,USR030,INC09568,1650000.0,900000.0,550000.0,3100000.0,2550000.0,freelance,2024-10-27 19:01:00
BGT08549,USR043,INC05513,3850000.0,2400000.0,1750000.0,800000000.0,6250000.0,bonus,2024-02-05 13:14:00
BGT02055,USR039,INC02109,2050000.0,1050000.0,650000.0,3750000.0,3100000.0,part_time,2023-06-17 02:48:00
BGT00001,USR046,INC08029,4100000.0,2300000.0,1300000.0,7700000.0,6400000.0,bonus,2024-12-06 21:31:00
BGT02968,USR010,INC02338,1200000.0,800000.0,600000.0,2600000.0,2000000.0,allowance,2023-09-05 12:12:00
BGT05222,USR062,INC01097,4300000.0,2400000.0,1900000.0,8600000.0,6700000.0,salary,2024-07-08 23:36:00
BGT07585,USR052,INC08250,2950000.0,2050000.0,1600000.0,6600000.0,5000000.0,salary,2023-01-21 06:28:00
BGT07109,USR069,INC01317,3300000.0,1550000.0,1150000.0,6000000.0,4850000.0,investment_return,2023-10-28 12:23:00
BGT08554,USR070,INC02281,3650000.0,2100000.0,1000000.0,6750000.0,5750000.0,salary,2024-03-19 00:48:00
BGT07839,USR009,INC06175,1150000.0,650000.0,650000.0,2450000.0,1800000.0,scholarship,2023-09-10 00:04:00
BGT05276,USR024,INC06715,2600000.0,1650000.0,600000.0,4850000.0,4250000.0,internship,2024-07-10 03:28:00
BGT06753,USR046,INC07249,2000000.0,1350000.0,950000.0,4300000.0,3350000.0,freelance,2024-10-15 17:16:00
BGT08833,USR037,INC03424,2150000.0,1150000.0,600000.0,3900000.0,3300000.0,part_time,2024-06-07 12:26:00
BGT05665,USR035,INC08060,2200000.0,1500000.0,1000000.0,4700000.0,3700000.0,allowance,2024-09-16 23:11:00
BGT07924,USR051,INC09640,3200000.0,2300000.0,1450000.0,7000000.0,5500000.0,business,2024-04-23 03:26:00
BGT06048,USR016,INC05185,1350000.0,950000.0,550000.0,2850000.0,2300000.0,part_time,2023-09-16 07:26:00
BGT08054,USR033,INC01572,2200000.0,1250000.0,1000000.0,4450000.0,3450000.0,allowance,2024-06-27 20:53:00
BGT04133,USR063,INC08480,2650000.0,1700000.0,1700000.0,6050000.0,4350000.0,investment_return,2023-03-21 18:58:00
BGT08657,USR046,INC00901,2750000.0,1900000.0,1450000.0,6100000.0,4650000.0,freelance,2023-05-31 00:30:00
BGT06807,USR004,INC01986,900000.0,-550000.0,400000.0,1850000.0,350000.0,scholarship,2024-07-14 18:51:00
BGT00146,USR041,INC05255,2650000.0,1400000.0,1250000.0,5300000.0,4050000.0,freelance,2024-08-20 11:03:00
BGT00782,USR036,INC05759,2100000.0,1250000.0,750000.0,4100000.0,3350000.0,internship,2024-07-26 08:08:00
BGT08288,USR056,INC00431,2850000.0,1750000.0,1250000.0,5850000.0,4600000.0,salary,2023-03-31 07:12:00
BGT02206,USR007,INC00425,1150000.0,750000.0,500000.0,240000000.0,1900000.0,allowance,2024-12-13 10:07:00
BGT06302,USR013,INC06026,1450000.0,800000.0,700000.0,2950000.0,2250000.0,scholarship,2024-10-28 20:02:00
BGT01961,USR027,INC08757,2050000.0,1150000.0,950000.0,4150000.0,3200000.0,allowance,2024-02-17 09:05:00
BGT08492,USR005,INC09856,1200000.0,850000.0,650000.0,2700000.0,2050000.0,scholarship,2024-09-06 16:20:00
BGT05269,USR051,INC00165,3100000.0,1750000.0,1900000.0,6750000.0,4850000.0,freelance,2024-07-16 16:33:00
BGT06118,USR072,INC07443,3650000.0,2050000.0,1150000.0,6900000.0,5700000.0,investment_return,2023-09-14 22:21:00
BGT09772,USR029,INC01798,850000.0,600000.0,500000.0,1950000.0,1450000.0,internship,2024-11-06 06:31:00
BGT09209,USR022,INC05536,1500000.0,800000.0,350000.0,2650000.0,2300000.0,allowance,2024-03-05 05:26:00
BGT06869,USR045,INC06792,1850000.0,1300000.0,750000.0,3900000.0,3150000.0,salary,2024-05-04 22:51:00
BGT06397,USR022,INC03039,1750000.0,1250000.0,800000.0,3850000.0,3000000.0,allowance,2024-08-30 06:46:00
BGT04599,USR027,INC08787,1300000.0,800000.0,500000.0,2600000.0,2100000.0,allowance,2023-01-27 13:25:00
BGT01815,USR059,INC09899,3700000.0,2450000.0,1750000.0,7900000.0,6150000.0,freelance,2023-10-02 02:35:00
BGT00470,USR048,INC02598,2300000.0,1550000.0,850000.0,4700000.0,3850000.0,business,2024-10-05 04:16:00
BGT08569,USR068,INC00370,2100000.0,1250000.0,1300000.0,465000000.0,3350000.0,salary,2023-04-22 08:21:00
BGT08179,USR057,INC08356,1600000.0,950000.0,450000.0,3000000.0,2550000.0,business,2023-06-28 13:24:00
BGT02632,USR040,INC04147,900000.0,500000.0,300000.0,1700000.0,1400000.0,part_time,2023-09-13 02:43:00
BGT04681,USR042,INC08044,3500000.0,1800000.0,1100000.0,6400000.0,5300000.0,salary,2023-03-29 00:46:00
BGT02010,USR001,INC08986,650000.0,450000.0,350000.0,1450000.0,1100000.0,allowance,2023-08-03 18:43:00
BGT01575,USR043,INC07592,2150000.0,1500000.0,1150000.0,4800000.0,3650000.0,salary,2024-08-07 20:27:00
BGT05853,USR023,INC02680,1750000.0,900000.0,600000.0,3250000.0,2650000.0,allowance,2023-09-24 00:42:00
BGT06287,USR009,INC07556,750000.0,500000.0,300000.0,1550000.0,1250000.0,allowance,2024-10-29 18:01:00
BGT01391,USR068,INC02151,3500000.0,2050000.0,1850000.0,7400000.0,5550000.0,business,2023-08-15 21:21:00
BGT09042,USR016,INC07771,1000000.0,750000.0,400000.0,2150000.0,1750000.0,part_time,2023-06-19 00:25:00
BGT09821,USR047,INC09167,2700000.0,1700000.0,1650000.0,6050000.0,4400000.0,business,2024-12-27 19:04:00
BGT09674,USR062,INC03883,4950000.0,2600000.0,1450000.0,9000000.0,7550000.0,salary,2024-07-17 20:30:00
BGT03420,USR024,INC01066,1700000.0,1050000.0,500000.0,3250000.0,2750000.0,internship,2023-02-20 09:44:00
BGT04299,USR068,INC04278,2300000.0,1450000.0,1100000.0,485000000.0,3750000.0,investment_return,2023-01-08 16:55:00
BGT01978,USR029,INC09758,1250000.0,800000.0,800000.0,2850000.0,2050000.0,internship,2023-09-17 20:42:00
BGT03003,USR021,INC06634,2050000.0,1150000.0,650000.0,3850000.0,3200000.0,part_time,2023-01-21 14:15:00
BGT08096,USR041,INC04512,2400000.0,1450000.0,900000.0,4750000.0,3850000.0,salary,2024-08-08 14:57:00
BGT00776,USR036,INC05395,2150000.0,1050000.0,850000.0,4050000.0,3200000.0,freelance,2024-07-01 06:02:00
BGT09521,USR011,INC02812,1200000.0,750000.0,650000.0,2600000.0,1950000.0,allowance,2023-03-27 17:18:00
BGT00248,USR058,INC01589,2400000.0,-1300000.0,750000.0,4450000.0,1100000.0,freelance,2023-01-05 18:15:00
BGT07455,USR044,INC02911,2450000.0,1700000.0,1050000.0,5200000.0,4150000.0,freelance,2023-03-19 10:26:00
BGT03464,USR031,INC07179,2500000.0,1500000.0,900000.0,4900000.0,4000000.0,allowance,2024-08-03 03:51:00
BGT06016,USR002,INC06111,1300000.0,750000.0,700000.0,2750000.0,2050000.0,allowance,2023-02-13 05:50:00
BGT03701,USR070,INC04807,-4550000.0,2550000.0,1350000.0,8450000.0,-2000000.0,salary,2024-09-20 04:43:00
BGT03737,USR075,INC07775,3200000.0,2100000.0,1250000.0,6550000.0,5300000.0,freelance,2024-08-20 19:13:00
BGT08582,USR067,INC04213,4250000.0,2650000.0,1950000.0,8850000.0,6900000.0,bonus,2024-07-18 19:12:00
BGT03365,USR033,INC00355,2450000.0,1500000.0,600000.0,4550000.0,3950000.0,part_time,2023-08-06 12:59:00
BGT07879,USR043,INC02941,1950000.0,1100000.0,700000.0,3750000.0,3050000.0,business,2023-02-26 07:47:00
BGT09462,USR072,INC03369,4350000.0,2800000.0,1050000.0,8250000.0,7150000.0,investment_return,2023-11-09 08:49:00
BGT07547,USR071,INC03655,3800000.0,2850000.0,2000000.0,8650000.0,6650000.0,investment_return,2023-02-20 21:00:00
BGT01027,USR043,INC09865,3700000.0,2400000.0,1900000.0,8000000.0,6100000.0,bonus,2023-11-23 12:26:00
BGT03201,USR056,INC04449,3850000.0,2100000.0,1750000.0,7700000.0,5950000.0,bonus,2023-08-09 06:52:00
BGT05124,USR005,INC05023,1000000.0,650000.0,400000.0,2100000.0,1650000.0,part_time,2024-06-18 03:48:00
BGT01383,USR006,INC07715,1150000.0,650000.0,500000.0,2300000.0,1800000.0,part_time,2023-12-26 18:00:00
BGT06823,USR022,INC00872,1800000.0,1000000.0,500000.0,3300000.0,2800000.0,part_time,2024-07-15 21:00:00
BGT06416,USR025,INC04063,1700000.0,1100000.0,850000.0,3650000.0,2800000.0,part_time,2023-08-13 00:45:00
BGT07823,USR052,INC03742,3500000.0,2150000.0,1350000.0,7000000.0,5650000.0,bonus,2023-11-25 08:08:00
BGT06255,USR022,INC01000,2150000.0,-1200000.0,950000.0,4300000.0,950000.0,internship,2023-01-10 12:51:00
BGT01350,USR016,INC07843,900000.0,450000.0,250000.0,1600000.0,1350000.0,allowance,2024-03-17 10:43:00
BGT00922,USR060,INC05522,2300000.0,1300000.0,1000000.0,4600000.0,3600000.0,freelance,2024-11-03 18:24:00
BGT09989,USR026,INC08878,2200000.0,1200000.0,950000.0,4350000.0,3400000.0,freelance,2023-10-09 17:31:00
BGT01539,USR055,INC06855,1700000.0,950000.0,950000.0,3600000.0,2650000.0,business,2023-09-19 20:08:00
BGT08977,USR054,INC06909,3500000.0,2050000.0,1750000.0,7300000.0,5550000.0,salary,2023-11-01 21:18:00
BGT08667,USR055,INC05725,3650000.0,2150000.0,1200000.0,7000000.0,5800000.0,business,2023-01-29 00:29:00
BGT00710,USR065,INC00043,3750000.0,2350000.0,1700000.0,7800000.0,6100000.0,investment_return,2023-04-13 04:51:00
BGT02908,USR058,INC02562,1500000.0,1000000.0,650000.0,3150000.0,2500000.0,business,2023-10-21 18:26:00
BGT08734,USR067,INC00126,3850000.0,2450000.0,1850000.0,8150000.0,6300000.0,salary,2024-05-16 10:13:00
BGT04487,USR039,INC05961,1700000.0,900000.0,400000.0,3000000.0,2600000.0,internship,2023-04-24 13:46:00
BGT00917,USR026,INC03043,900000.0,550000.0,400000.0,1850000.0,1450000.0,allowance,2023-12-15 06:43:00
BGT03378,USR068,INC02657,2450000.0,1400000.0,800000.0,4650000.0,3850000.0,investment_return,2024-10-15 18:07:00
BGT09616,USR034,INC06932,1950000.0,1300000.0,850000.0,4100000.0,3250000.0,allowance,2024-12-08 00:04:00
BGT07213,USR074,INC04459,2450000.0,1650000.0,750000.0,4850000.0,4100000.0,bonus,2024-11-23 06:30:00
BGT03351,USR072,INC07901,3450000.0,1900000.0,1000000.0,6350000.0,5350000.0,investment_return,2023-02-16 04:42:00
BGT05849,USR072,INC09819,4750000.0,3350000.0,1750000.0,9850000.0,8100000.0,business,2024-10-17 13:00:00
BGT00466,USR036,INC08691,1500000.0,900000.0,850000.0,3250000.0,2400000.0,internship,2024-06-01 04:46:00
BGT02514,USR066,INC00565,3900000.0,2550000.0,1800000.0,8250000.0,6450000.0,investment_return,2024-04-25 20:22:00
BGT01395,USR008,INC00839,1200000.0,750000.0,600000.0,2600000.0,1950000.0,scholarship,2023-07-16 15:50:00
BGT09825,USR027,INC07563,1350000.0,850000.0,500000.0,2700000.0,2200000.0,internship,2023-02-05 01:43:00
BGT02157,USR023,INC07939,900000.0,450000.0,450000.0,1800000.0,1350000.0,internship,2023-07-05 20:12:00
BGT05966,USR075,INC02617,3250000.0,1800000.0,950000.0,6000000.0,5050000.0,freelance,2023-10-11 21:12:00
BGT03132,USR008,INC04515,1350000.0,750000.0,700000.0,2800000.0,2100000.0,allowance,2023-03-24 05:46:00
BGT06633,USR029,INC01666,950000.0,500000.0,300000.0,1750000.0,1450000.0,allowance,2024-12-14 22:18:00
BGT01045,USR071,INC07050,4200000.0,2600000.0,1300000.0,8100000.0,6800000.0,salary,2024-05-15 15:30:00
BGT00168,USR055,INC05299,1950000.0,1350000.0,900000.0,4200000.0,3300000.0,bonus,2023-02-16 17:26:00
BGT06323,USR041,INC03032,3350000.0,1950000.0,1500000.0,6800000.0,5300000.0,bonus,2024-03-01 13:38:00
BGT01250,USR042,INC03532,2800000.0,1650000.0,1250000.0,5700000.0,4450000.0,freelance,2024-01-09 21:46:00
BGT09070,USR062,INC06731,2050000.0,1500000.0,950000.0,4500000.0,3550000.0,freelance,2024-02-06 01:58:00
BGT09399,USR071,INC05514,3500000.0,1800000.0,1150000.0,6500000.0,5300000.0,salary,2023-12-11 13:48:00
BGT04812,USR022,INC07199,2450000.0,1500000.0,850000.0,4800000.0,3950000.0,freelance,2023-09-17 11:19:00
BGT05629,USR055,INC04910,3850000.0,2000000.0,1300000.0,7150000.0,5850000.0,salary,2023-10-19 10:04:00
BGT08523,USR073,INC09637,4900000.0,2750000.0,1250000.0,8900000.0,7650000.0,bonus,2023-11-26 09:55:00
BGT00721,USR019,INC02392,1300000.0,700000.0,500000.0,2500000.0,2000000.0,part_time,2023-01-12 12:27:00
BGT09680,USR020,INC05622,800000.0,500000.0,350000.0,1700000.0,1300000.0,allowance,2024-01-23 02:27:00
BGT01144,USR021,INC05415,1000000.0,550000.0,400000.0,1950000.0,1550000.0,allowance,2024-04-30 04:36:00
BGT09743,USR040,INC09926,1850000.0,1050000.0,750000.0,3650000.0,2900000.0,freelance,2024-01-17 09:34:00
BGT02935,USR035,INC09992,2100000.0,1300000.0,1200000.0,4600000.0,3400000.0,internship,2023-10-02 14:55:00
BGT09370,USR065,INC08919,3950000.0,2150000.0,1600000.0,7700000.0,6100000.0,bonus,2024-10-07 01:40:00
BGT09701,USR053,INC03569,1750000.0,900000.0,500000.0,3150000.0,2650000.0,bonus,2024-02-05 20:40:00
BGT01801,USR016,INC03442,1200000.0,750000.0,450000.0,2400000.0,1950000.0,part_time,2024-09-25 16:49:00
BGT08333,USR028,INC05949,1700000.0,1000000.0,500000.0,3200000.0,2700000.0,internship,2023-10-21 00:41:00
BGT02645,USR053,INC04078,2750000.0,1650000.0,950000.0,5400000.0,4400000.0,bonus,2023-07-16 08:40:00
BGT04439,USR033,INC05399,800000.0,450000.0,500000.0,1750000.0,1250000.0,internship,2024-08-24 02:17:00
BGT03225,USR061,INC03124,4050000.0,2500000.0,2650000.0,9200000.0,6550000.0,business,2024-03-07 04:27:00
BGT05212,USR033,INC03820,1200000.0,650000.0,650000.0,2550000.0,1850000.0,part_time,2023-09-12 23:13:00
BGT04060,USR044,INC04418,2200000.0,1550000.0,1100000.0,4850000.0,3750000.0,business,2023-03-23 18:41:00
BGT00412,USR075,INC08268,3700000.0,1850000.0,1550000.0,7150000.0,5550000.0,investment_return,2024-04-12 23:45:00
BGT07440,USR054,INC04006,1700000.0,1000000.0,900000.0,3650000.0,2700000.0,freelance,2023-11-09 04:47:00
BGT09488,USR046,INC00728,1550000.0,850000.0,600000.0,3000000.0,2400000.0,salary,2023-09-29 09:33:00
BGT00923,USR055,INC00655,4300000.0,2550000.0,850000.0,7700000.0,6850000.0,business,2023-08-04 20:21:00
BGT08788,USR039,INC00662,900000.0,500000.0,300000.0,1700000.0,1400000.0,freelance,2023-12-06 04:24:00
BGT02319,USR030,INC08967,1550000.0,750000.0,500000.0,2800000.0,2300000.0,allowance,2024-11-05 12:31:00
BGT04901,USR052,INC08392,2700000.0,1600000.0,800000.0,5100000.0,4300000.0,bonus,2023-02-02 21:55:00
BGT07380,USR054,INC03166,3300000.0,2050000.0,1700000.0,7050000.0,5350000.0,bonus,2023-02-01 03:36:00
BGT03645,USR027,INC09800,2100000.0,1550000.0,1100000.0,4750000.0,3650000.0,allowance,2024-07-17 00:36:00
BGT04338,USR043,INC03623,3600000.0,2050000.0,1400000.0,7100000.0,5650000.0,business,2024-10-27 22:17:00
BGT03549,USR075,INC08485,3100000.0,1950000.0,1700000.0,6750000.0,5050000.0,freelance,2023-08-20 02:10:00
BGT00729,USR049,INC07319,2550000.0,1700000.0,1050000.0,5350000.0,4250000.0,business,2024-07-01 02:02:00
BGT01533,USR011,INC04252,650000.0,350000.0,350000.0,1350000.0,1000000.0,allowance,2024-07-21 06:45:00
BGT02845,USR034,INC08234,1200000.0,800000.0,450000.0,2500000.0,2000000.0,allowance,2024-12-23 09:16:00
BGT06748,USR015,INC02449,850000.0,400000.0,250000.0,1500000.0,1250000.0,allowance,2023-09-13 21:23:00
BGT05577,USR055,INC06228,3500000.0,2350000.0,1550000.0,7400000.0,5850000.0,salary,2023-01-15 12:52:00
BGT08811,USR064,INC08669,3050000.0,1950000.0,1250000.0,6250000.0,5000000.0,salary,2024-03-05 22:41:00
BGT05547,USR009,INC01820,1200000.0,750000.0,800000.0,2750000.0,1950000.0,allowance,2024-11-21 15:29:00
BGT07348,USR003,INC09451,1350000.0,850000.0,250000.0,2450000.0,2200000.0,part_time,2023-06-29 13:17:00
BGT01379,USR041,INC04563,3750000.0,2600000.0,1600000.0,7950000.0,6350000.0,salary,2024-07-24 10:54:00
BGT03251,USR029,INC05343,2600000.0,1350000.0,1050000.0,5000000.0,3950000.0,freelance,2023-07-06 06:10:00
BGT08955,USR070,INC08894,4200000.0,2500000.0,1700000.0,8400000.0,6700000.0,salary,2023-08-24 21:28:00
BGT02430,USR013,INC00573,1250000.0,750000.0,750000.0,2750000.0,2000000.0,part_time,2023-11-26 16:25:00
BGT05278,USR015,INC03159,1100000.0,600000.0,500000.0,2200000.0,1700000.0,part_time,2023-02-18 15:52:00
BGT00582,USR051,INC06526,3800000.0,2350000.0,1750000.0,7900000.0,6150000.0,salary,2023-06-21 19:09:00
BGT06773,USR026,INC00667,1250000.0,-800000.0,700000.0,2750000.0,450000.0,freelance,2023-12-14 12:10:00
BGT06393,USR041,INC04630,3500000.0,1850000.0,1250000.0,6600000.0,5350000.0,bonus,2023-11-23 02:38:00
BGT05307,USR021,INC07659,1200000.0,700000.0,600000.0,2500000.0,1900000.0,part_time,2023-02-25 08:43:00
BGT01112,USR068,INC00805,-4300000.0,2500000.0,1600000.0,8400000.0,-1800000.0,business,2024-12-11 17:35:00
BGT07732,USR044,INC00230,3000000.0,1900000.0,1050000.0,5950000.0,4900000.0,business,2023-04-17 22:41:00
BGT00153,USR030,INC01840,1350000.0,750000.0,850000.0,2950000.0,2100000.0,part_time,2024-10-07 18:09:00
BGT03743,USR030,INC07346,1200000.0,750000.0,400000.0,2350000.0,1950000.0,freelance,2023-04-16 02:53:00
BGT09277,USR041,INC06554,3100000.0,1900000.0,600000.0,5600000.0,5000000.0,business,2023-04-14 10:50:00
BGT00265,USR066,INC07988,2150000.0,1450000.0,950000.0,4550000.0,3600000.0,freelance,2023-02-26 02:22:00
BGT00657,USR006,INC02618,1250000.0,-850000.0,550000.0,2650000.0,400000.0,allowance,2024-06-01 07:28:00
BGT00740,USR005,INC04675,700000.0,400000.0,300000.0,1400000.0,1100000.0,scholarship,2024-03-24 01:21:00
BGT04012,USR015,INC04929,1450000.0,900000.0,600000.0,2950000.0,2350000.0,scholarship,2023-09-20 04:51:00
BGT09846,USR053,INC03070,2000000.0,1200000.0,1200000.0,4400000.0,3200000.0,salary,2024-05-01 02:25:00
BGT06333,USR007,INC05907,1350000.0,800000.0,700000.0,2850000.0,2150000.0,scholarship,2024-05-17 09:38:00
BGT07045,USR014,INC04854,700000.0,400000.0,150000.0,1250000.0,1100000.0,allowance,2023-12-05 03:54:00
BGT09212,USR040,INC09221,1100000.0,650000.0,700000.0,2450000.0,1750000.0,internship,2023-12-04 03:52:00
BGT06043,USR010,INC04261,700000.0,450000.0,250000.0,1400000.0,1150000.0,allowance,2024-01-30 10:15:00
BGT09468,USR023,INC02438,1450000.0,900000.0,900000.0,3250000.0,2350000.0,internship,2024-07-19 06:34:00
BGT07247,USR061,INC02894,2650000.0,1800000.0,1100000.0,5550000.0,4450000.0,bonus,2024-11-20 07:12:00
BGT00322,USR052,INC00273,3300000.0,2250000.0,1050000.0,6600000.0,5550000.0,freelance,2023-06-18 13:40:00
BGT06081,USR038,INC09193,1550000.0,850000.0,550000.0,3000000.0,2400000.0,part_time,2023-10-27 04:56:00
BGT01660,USR043,INC08174,2500000.0,1500000.0,800000.0,4800000.0,4000000.0,freelance,2023-03-15 21:42:00
BGT09624,USR005,INC02140,700000.0,400000.0,250000.0,1350000.0,1100000.0,part_time,2024-07-01 01:39:00
BGT09782,USR037,INC06460,-1000000.0,600000.0,550000.0,2150000.0,-400000.0,internship,2024-11-23 08:04:00
BGT02614,USR054,INC01346,2100000.0,1200000.0,750000.0,4050000.0,3300000.0,business,2024-01-07 23:18:00
BGT00635,USR008,INC08032,700000.0,500000.0,350000.0,1600000.0,1200000.0,part_time,2023-01-12 14:45:00
BGT03846,USR032,INC08537,1850000.0,1250000.0,750000.0,3850000.0,3100000.0,internship,2024-03-26 05:28:00
BGT03574,USR026,INC02813,1850000.0,1250000.0,900000.0,4000000.0,3100000.0,part_time,2023-08-07 11:15:00
BGT03345,USR043,INC05139,1550000.0,1150000.0,750000.0,3450000.0,2700000.0,freelance,2023-07-04 03:09:00
BGT04821,USR028,INC00163,1450000.0,850000.0,650000.0,2950000.0,2300000.0,internship,2023-07-07 16:14:00
BGT05172,USR025,INC01713,1300000.0,750000.0,750000.0,2800000.0,2050000.0,part_time,2023-11-28 19:20:00
BGT03890,USR038,INC04408,1700000.0,850000.0,650000.0,3200000.0,2550000.0,allowance,2024-05-28 04:07:00
BGT01620,USR033,INC02785,1750000.0,1150000.0,650000.0,3550000.0,2900000.0,part_time,2023-03-06 19:56:00
BGT09897,USR054,INC07853,2300000.0,1300000.0,1050000.0,4650000.0,3600000.0,freelance,2024-11-04 17:26:00
BGT06511,USR051,INC08580,1850000.0,1100000.0,450000.0,3400000.0,2950000.0,freelance,2023-05-14 02:49:00
BGT00533,USR066,INC01855,3800000.0,1950000.0,1700000.0,7450000.0,5750000.0,investment_return,2023-09-02 02:24:00
BGT01416,USR064,INC00842,-4750000.0,2450000.0,1900000.0,9100000.0,-2300000.0,freelance,2023-04-15 09:39:00
BGT05882,USR029,INC01915,1650000.0,1150000.0,600000.0,3450000.0,2800000.0,internship,2024-09-10 04:52:00
BGT04718,USR023,INC02719,1300000.0,700000.0,300000.0,2300000.0,2000000.0,allowance,2023-06-23 20:09:00
BGT08792,USR042,INC03128,2350000.0,1550000.0,650000.0,4550000.0,3900000.0,salary,2023-03-01 22:13:00
BGT04991,USR071,INC00634,3400000.0,2200000.0,1200000.0,6800000.0,5600000.0,business,2023-11-12 02:39:00
BGT08071,USR045,INC08226,2900000.0,1650000.0,800000.0,5350000.0,4550000.0,freelance,2024-05-29 08:49:00
BGT09343,USR065,INC01740,5100000.0,3200000.0,1700000.0,10000000.0,8300000.0,freelance,2023-12-24 07:47:00
BGT04542,USR013,INC00414,900000.0,600000.0,300000.0,1800000.0,1500000.0,part_time,2023-12-29 19:05:00
BGT02330,USR036,INC08456,950000.0,550000.0,400000.0,1900000.0,1500000.0,part_time,2024-03-25 09:07:00
BGT06589,USR037,INC05328,1950000.0,1350000.0,850000.0,4150000.0,3300000.0,internship,2023-06-10 18:55:00
BGT05564,USR022,INC01077,2550000.0,1550000.0,600000.0,4750000.0,4100000.0,internship,2023-07-06 16:52:00
BGT00752,USR054,INC06293,3050000.0,1850000.0,1000000.0,5900000.0,4900000.0,salary,2024-08-17 21:22:00
BGT00099,USR056,INC09690,3800000.0,2300000.0,1350000.0,7500000.0,6100000.0,freelance,2024-07-18 23:04:00
BGT05216,USR056,INC05475,2450000.0,1500000.0,700000.0,4650000.0,3950000.0,business,2023-03-17 10:55:00
BGT03896,USR053,INC05747,3300000.0,1800000.0,1050000.0,6150000.0,5100000.0,salary,2023-10-21 16:52:00
BGT05630,USR030,INC07639,2100000.0,1100000.0,750000.0,3950000.0,3200000.0,part_time,2023-02-03 15:25:00
BGT09473,USR021,INC09314,2300000.0,1250000.0,550000.0,4100000.0,3550000.0,allowance,2023-07-09 06:30:00
BGT02182,USR022,INC08521,1950000.0,1100000.0,700000.0,3750000.0,3050000.0,part_time,2024-04-15 14:38:00
BGT06380,USR033,INC04426,1700000.0,-850000.0,600000.0,3150000.0,850000.0,internship,2023-06-26 08:55:00
BGT08906,USR043,INC08040,3300000.0,2000000.0,1400000.0,6750000.0,5300000.0,bonus,2023-01-05 15:57:00
BGT00547,USR069,INC06681,3000000.0,1600000.0,950000.0,5600000.0,4600000.0,freelance,2023-10-06 08:15:00
BGT09953,USR058,INC04818,3500000.0,2000000.0,1350000.0,6850000.0,5500000.0,salary,2023-06-17 12:06:00
BGT04340,USR009,INC01946,1000000.0,500000.0,400000.0,1900000.0,1500000.0,scholarship,2023-04-08 14:34:00
BGT07432,USR008,INC05492,1250000.0,800000.0,350000.0,2450000.0,2050000.0,allowance,2023-01-21 18:49:00
BGT06260,USR019,INC05383,700000.0,450000.0,300000.0,1450000.0,1150000.0,scholarship,2024-10-11 09:03:00
BGT01858,USR007,INC08145,1400000.0,750000.0,700000.0,2850000.0,2150000.0,allowance,2023-12-20 11:19:00
BGT02922,USR022,INC02524,2450000.0,-1350000.0,850000.0,4600000.0,1100000.0,freelance,2024-08-24 11:58:00
BGT07559,USR046,INC08548,4150000.0,2600000.0,1100000.0,7850000.0,6750000.0,salary,2024-02-22 13:39:00
BGT04750,USR053,INC00933,3150000.0,1950000.0,1450000.0,6550000.0,5100000.0,business,2023-10-12 08:06:00
BGT07300,USR003,INC06896,1500000.0,900000.0,500000.0,285000000.0,2400000.0,part_time,2024-02-02 16:54:00
BGT01611,USR048,INC08622,2300000.0,1100000.0,900000.0,4300000.0,3400000.0,bonus,2023-03-11 08:59:00
BGT02014,USR064,INC08148,3400000.0,2250000.0,1600000.0,7250000.0,5650000.0,salary,2023-01-22 09:48:00
BGT06791,USR047,INC07450,1850000.0,1100000.0,350000.0,3300000.0,2950000.0,bonus,2024-01-12 10:06:00
BGT00653,USR002,INC05972,500000.0,350000.0,200000.0,1050000.0,850000.0,part_time,2023-05-24 21:20:00
BGT08284,USR018,INC07354,600000.0,350000.0,150000.0,1100000.0,950000.0,scholarship,2023-03-02 03:50:00
BGT06463,USR035,INC01295,2000000.0,1350000.0,1050000.0,4400000.0,3350000.0,allowance,2023-11-19 04:05:00
BGT04469,USR068,INC00059,4550000.0,3150000.0,2200000.0,9900000.0,7700000.0,freelance,2024-05-18 18:31:00
BGT08938,USR042,INC01014,2450000.0,1650000.0,750000.0,4850000.0,4100000.0,business,2024-06-05 20:29:00
BGT05020,USR014,INC02581,1250000.0,750000.0,750000.0,2750000.0,2000000.0,scholarship,2023-04-01 20:22:00
BGT00246,USR004,INC02054,1300000.0,850000.0,650000.0,2800000.0,2150000.0,allowance,2023-03-14 03:09:00
BGT05507,USR062,INC03118,3150000.0,2000000.0,1450000.0,6600000.0,5150000.0,bonus,2023-07-09 08:21:00
BGT06484,USR055,INC07947,3850000.0,2100000.0,1050000.0,7000000.0,5950000.0,salary,2023-07-26 20:09:00
BGT06650,USR032,INC07906,1650000.0,1000000.0,900000.0,3550000.0,2650000.0,internship,2024-07-22 08:28:00
BGT09756,USR042,INC06512,2000000.0,1300000.0,750000.0,4050000.0,3300000.0,business,2023-08-18 09:54:00
BGT06480,USR037,INC00708,2250000.0,1300000.0,1100000.0,4650000.0,3550000.0,allowance,2023-01-12 05:47:00
BGT03899,USR042,INC07251,3800000.0,2000000.0,1350000.0,7150000.0,5800000.0,bonus,2024-03-06 14:42:00
BGT02480,USR003,INC04249,1650000.0,950000.0,300000.0,2950000.0,2600000.0,scholarship,2024-01-22 13:09:00
BGT06358,USR064,INC07522,2300000.0,1200000.0,1150000.0,4650000.0,3500000.0,business,2024-08-24 06:15:00
BGT09687,USR031,INC01403,1500000.0,900000.0,500000.0,2900000.0,2400000.0,part_time,2023-11-08 08:53:00
BGT09461,USR009,INC07917,450000.0,350000.0,200000.0,1050000.0,800000.0,scholarship,2024-09-16 21:14:00
BGT03221,USR011,INC01343,1200000.0,800000.0,600000.0,2650000.0,2000000.0,scholarship,2024-12-30 16:19:00
BGT09622,USR023,INC06055,700000.0,500000.0,350000.0,1600000.0,1200000.0,part_time,2024-09-19 20:29:00
BGT03996,USR003,INC04386,1200000.0,700000.0,450000.0,2350000.0,1900000.0,part_time,2023-09-04 23:24:00
BGT05576,USR047,INC04805,3400000.0,2100000.0,750000.0,6250000.0,5500000.0,freelance,2023-09-16 11:22:00
BGT04801,USR020,INC00710,600000.0,350000.0,150000.0,1100000.0,950000.0,part_time,2023-06-11 03:01:00
BGT04524,USR045,INC09489,2100000.0,1300000.0,850000.0,4250000.0,3400000.0,salary,2023-10-28 20:33:00
BGT01518,USR030,INC04030,2050000.0,1500000.0,1100000.0,4650000.0,3550000.0,internship,2023-06-19 15:11:00
BGT01123,USR011,INC01781,1450000.0,850000.0,300000.0,2650000.0,2300000.0,scholarship,2024-04-28 11:35:00
BGT06320,USR033,INC03357,2650000.0,1350000.0,950000.0,4950000.0,4000000.0,freelance,2023-05-29 14:00:00
BGT03616,USR015,INC01398,1100000.0,750000.0,600000.0,2450000.0,1850000.0,allowance,2023-04-07 08:09:00
BGT00779,USR022,INC06576,1950000.0,950000.0,750000.0,3650000.0,2900000.0,allowance,2024-06-15 17:17:00
BGT06584,USR022,INC00217,1750000.0,1250000.0,900000.0,3900000.0,3000000.0,allowance,2023-11-07 11:50:00
BGT03344,USR068,INC04731,4350000.0,2500000.0,2800000.0,9700000.0,6850000.0,investment_return,2024-12-27 19:58:00
BGT06934,USR052,INC04192,2150000.0,1150000.0,650000.0,3950000.0,3300000.0,salary,2023-04-11 05:39:00
BGT09279,USR053,INC04004,1750000.0,850000.0,600000.0,3200000.0,2600000.0,freelance,2024-07-20 15:49:00
BGT03440,USR014,INC05656,750000.0,500000.0,300000.0,1550000.0,1250000.0,allowance,2024-07-23 05:08:00
BGT02719,USR060,INC06540,3550000.0,1850000.0,1450000.0,6850000.0,5400000.0,freelance,2023-02-17 09:41:00
BGT00497,USR008,INC00522,1400000.0,1000000.0,500000.0,2900000.0,2400000.0,allowance,2023-12-25 15:21:00
BGT09348,USR058,INC04835,3100000.0,2000000.0,1100000.0,6200000.0,5100000.0,business,2023-09-13 10:31:00
BGT03141,USR044,INC08390,2450000.0,1450000.0,700000.0,4600000.0,3900000.0,business,2023-06-07 09:42:00
BGT04793,USR008,INC08608,700000.0,400000.0,300000.0,1400000.0,1100000.0,scholarship,2024-08-31 16:39:00
BGT08283,USR054,INC00316,1700000.0,900000.0,750000.0,3350000.0,2600000.0,bonus,2024-12-24 17:57:00
BGT06349,USR036,INC04167,850000.0,400000.0,250000.0,1500000.0,1250000.0,internship,2023-02-07 18:02:00
BGT05415,USR055,INC06783,2450000.0,1600000.0,1400000.0,5450000.0,4050000.0,bonus,2023-04-17 03:41:00
BGT01491,USR047,INC03958,3250000.0,2150000.0,1500000.0,6900000.0,5400000.0,bonus,2023-05-28 04:06:00
BGT09517,USR044,INC08183,1400000.0,900000.0,750000.0,3050000.0,2300000.0,freelance,2024-10-17 23:03:00
BGT08690,USR071,INC09490,3950000.0,2450000.0,1700000.0,8100000.0,6400000.0,freelance,2023-05-11 01:19:00
BGT06315,USR047,INC09168,3350000.0,2000000.0,650000.0,6000000.0,5350000.0,business,2023-04-02 00:29:00
BGT08259,USR063,INC08540,2350000.0,1700000.0,1200000.0,525000000.0,4050000.0,bonus,2024-04-10 00:04:00
BGT07999,USR042,INC04028,1900000.0,1200000.0,1150000.0,4250000.0,3100000.0,salary,2023-03-14 05:02:00
BGT04616,USR066,INC08793,5100000.0,3000000.0,1550000.0,9650000.0,8100000.0,salary,2024-07-25 05:41:00
BGT04064,USR042,INC01823,2350000.0,1500000.0,600000.0,4450000.0,3850000.0,freelance,2024-07-05 18:24:00
BGT04695,USR057,INC04378,1900000.0,1150000.0,400000.0,3450000.0,3050000.0,freelance,2023-04-07 04:43:00
BGT05147,USR006,INC09051,1200000.0,750000.0,700000.0,2650000.0,1950000.0,allowance,2024-01-26 20:17:00
BGT05048,USR006,INC07311,1350000.0,750000.0,650000.0,2750000.0,2100000.0,scholarship,2023-10-19 09:01:00
BGT06159,USR021,INC05501,950000.0,500000.0,300000.0,1800000.0,1450000.0,allowance,2023-07-05 09:16:00
BGT08272,USR044,INC05124,2350000.0,1300000.0,750000.0,4400000.0,3650000.0,salary,2024-08-04 21:02:00
BGT00532,USR061,INC01661,2850000.0,1700000.0,600000.0,5150000.0,4550000.0,salary,2024-11-01 03:22:00
BGT03461,USR034,INC02044,2000000.0,1300000.0,550000.0,3850000.0,3300000.0,internship,2024-10-29 23:58:00
BGT02897,USR009,INC02311,1450000.0,850000.0,450000.0,2750000.0,2300000.0,part_time,2023-11-30 23:27:00
BGT01259,USR001,INC00227,1200000.0,650000.0,550000.0,2450000.0,1850000.0,scholarship,2023-03-07 17:34:00
BGT00949,USR050,INC00015,3050000.0,2250000.0,1300000.0,6600000.0,5300000.0,salary,2024-10-16 23:55:00
BGT00571,USR012,INC03300,1400000.0,700000.0,650000.0,2750000.0,2100000.0,scholarship,2023-03-28 04:20:00
BGT02269,USR006,INC07369,1100000.0,550000.0,400000.0,2050000.0,1650000.0,allowance,2024-07-11 17:03:00
BGT01852,USR035,INC06522,1300000.0,850000.0,550000.0,2700000.0,2150000.0,internship,2023-09-17 08:33:00
BGT01954,USR014,INC07872,800000.0,450000.0,300000.0,1550000.0,1250000.0,allowance,2023-03-05 01:05:00
BGT03076,USR026,INC09330,2350000.0,1350000.0,1100000.0,4800000.0,3700000.0,allowance,2024-10-07 11:32:00
BGT08760,USR015,INC03428,1350000.0,750000.0,450000.0,2550000.0,2100000.0,allowance,2024-06-09 10:06:00
BGT06740,USR016,INC06287,1050000.0,650000.0,350000.0,2050000.0,1700000.0,allowance,2024-12-24 11:43:00
BGT05495,USR042,INC01482,1500000.0,850000.0,750000.0,3100000.0,2350000.0,bonus,2023-01-14 09:15:00
BGT08455,USR060,INC08098,4050000.0,2250000.0,1450000.0,7750000.0,6300000.0,salary,2024-05-20 23:03:00
BGT03643,USR075,INC04556,3850000.0,2200000.0,1050000.0,7100000.0,6050000.0,bonus,2024-05-21 14:20:00
BGT06858,USR024,INC05549,1150000.0,750000.0,350000.0,2300000.0,1900000.0,allowance,2024-10-26 06:35:00
BGT04495,USR032,INC03200,1100000.0,650000.0,550000.0,2300000.0,1750000.0,part_time,2024-12-03 00:28:00
BGT08914,USR018,INC04828,900000.0,500000.0,300000.0,1700000.0,1400000.0,allowance,2023-01-11 05:51:00
BGT01823,USR010,INC00062,1400000.0,950000.0,600000.0,2950000.0,2350000.0,part_time,2024-03-17 01:12:00
BGT04516,USR068,INC09767,3850000.0,2200000.0,2350000.0,8400000.0,6050000.0,freelance,2024-05-17 11:16:00
BGT08245,USR004,INC06008,850000.0,400000.0,300000.0,1550000.0,1250000.0,scholarship,2023-10-14 18:01:00
BGT03961,USR019,INC05977,650000.0,400000.0,300000.0,1350000.0,1050000.0,allowance,2024-02-19 01:44:00
BGT03412,USR012,INC08321,1600000.0,950000.0,350000.0,2950000.0,2550000.0,scholarship,2024-01-31 11:53:00
BGT01892,USR048,INC03349,2000000.0,1250000.0,750000.0,4050000.0,3250000.0,business,2024-02-06 18:52:00
BGT08196,USR040,INC07112,1600000.0,-1100000.0,950000.0,3650000.0,500000.0,freelance,2023-08-27 04:13:00
BGT04038,USR047,INC08081,1650000.0,850000.0,500000.0,3000000.0,2500000.0,bonus,2024-12-28 05:32:00
BGT01006,USR054,INC00382,-1600000.0,1100000.0,650000.0,3300000.0,-500000.0,salary,2023-01-05 12:07:00
BGT01993,USR052,INC02899,1900000.0,950000.0,650000.0,3550000.0,2850000.0,freelance,2024-06-27 13:53:00
BGT03653,USR013,INC01025,1150000.0,750000.0,350000.0,2250000.0,1900000.0,allowance,2023-09-21 14:02:00
BGT02946,USR017,INC09342,950000.0,600000.0,400000.0,1950000.0,1550000.0,scholarship,2024-02-10 16:04:00
BGT05865,USR013,INC09217,1450000.0,800000.0,350000.0,2600000.0,2250000.0,part_time,2024-04-08 22:31:00
BGT01844,USR007,INC09976,1550000.0,850000.0,450000.0,2900000.0,2400000.0,scholarship,2023-12-16 13:23:00
BGT05328,USR044,INC06030,2150000.0,1200000.0,550000.0,3900000.0,3350000.0,salary,2023-12-23 17:27:00
BGT04947,USR047,INC06013,1650000.0,950000.0,700000.0,3300000.0,2600000.0,business,2024-06-16 08:42:00
BGT01697,USR049,INC02059,3450000.0,2100000.0,1500000.0,7050000.0,5550000.0,bonus,2024-06-17 23:01:00
BGT06071,USR073,INC00941,3450000.0,2000000.0,800000.0,6300000.0,5450000.0,investment_return,2023-01-08 09:18:00
BGT01301,USR068,INC00832,4800000.0,2950000.0,1450000.0,9200000.0,7750000.0,bonus,2024-08-18 23:23:00
BGT03882,USR019,INC06970,750000.0,450000.0,450000.0,1650000.0,1200000.0,scholarship,2024-09-20 05:14:00
BGT04094,USR052,INC07102,2900000.0,1800000.0,750000.0,5500000.0,4700000.0,freelance,2024-07-12 19:23:00
BGT05921,USR025,INC00993,2050000.0,1200000.0,1350000.0,4600000.0,3250000.0,part_time,2023-03-04 00:19:00
BGT00418,USR029,INC01248,1750000.0,1150000.0,800000.0,3750000.0,2900000.0,internship,2023-12-30 16:51:00
BGT00664,USR006,INC08780,550000.0,300000.0,250000.0,1100000.0,850000.0,allowance,2024-09-21 09:30:00
BGT09875,USR064,INC05156,2750000.0,1550000.0,600000.0,490000000.0,4300000.0,investment_return,2023-05-12 09:05:00
BGT02596,USR052,INC04110,1950000.0,1350000.0,950000.0,4250000.0,3300000.0,business,2023-01-09 02:25:00
BGT06107,USR033,INC09561,1000000.0,600000.0,450000.0,2050000.0,1600000.0,allowance,2023-07-04 20:39:00
BGT00464,USR036,INC01583,1800000.0,1100000.0,1100000.0,4000000.0,2900000.0,allowance,2023-08-09 23:02:00
BGT06762,USR002,INC04682,1050000.0,650000.0,350000.0,2100000.0,1700000.0,part_time,2024-03-10 21:36:00
BGT08714,USR018,INC07342,900000.0,600000.0,400000.0,1900000.0,1500000.0,part_time,2023-05-16 07:43:00
BGT04365,USR009,INC03623,800000.0,500000.0,200000.0,1550000.0,1300000.0,part_time,2024-09-22 02:20:00
BGT08334,USR017,INC09721,700000.0,450000.0,350000.0,1500000.0,1150000.0,part_time,2023-10-10 09:21:00
BGT09007,USR001,INC06422,750000.0,500000.0,450000.0,1700000.0,1250000.0,scholarship,2023-05-29 20:24:00
BGT01633,USR050,INC08433,1950000.0,1000000.0,750000.0,3700000.0,2950000.0,freelance,2023-08-20 18:09:00
BGT04943,USR062,INC06168,2100000.0,1400000.0,550000.0,4050000.0,3500000.0,investment_return,2023-04-14 17:18:00
BGT05763,USR045,INC00208,3800000.0,2500000.0,1200000.0,7500000.0,6300000.0,freelance,2024-01-02 09:36:00
BGT09780,USR064,INC02097,4550000.0,2950000.0,2000000.0,9500000.0,7500000.0,business,2023-05-30 20:23:00
BGT08043,USR070,INC08711,2350000.0,1350000.0,1300000.0,5050000.0,3700000.0,bonus,2023-06-22 22:12:00
BGT05660,USR056,INC07347,3350000.0,1950000.0,1250000.0,6550000.0,5300000.0,business,2023-03-22 19:58:00
BGT06890,USR036,INC00004,2150000.0,1250000.0,500000.0,3900000.0,3400000.0,allowance,2023-12-29 15:53:00
BGT01775,USR036,INC00036,2000000.0,1450000.0,1100000.0,4550000.0,3450000.0,allowance,2023-03-10 18:20:00
BGT06639,USR023,INC00270,1300000.0,850000.0,600000.0,2750000.0,2150000.0,part_time,2023-03-25 17:16:00
BGT00267,USR023,INC04485,1150000.0,600000.0,500000.0,2250000.0,1750000.0,allowance,2023-03-06 12:13:00
BGT07434,USR042,INC00329,4100000.0,2350000.0,1150000.0,7600000.0,6450000.0,bonus,2023-05-03 20:29:00
BGT06378,USR037,INC08472,1550000.0,950000.0,400000.0,2900000.0,2500000.0,part_time,2024-04-13 17:31:00
BGT07472,USR003,INC01662,1350000.0,850000.0,600000.0,2800000.0,2200000.0,allowance,2023-02-02 16:01:00
BGT05686,USR061,INC02893,4750000.0,2600000.0,1950000.0,9300000.0,7350000.0,salary,2024-10-29 17:45:00
BGT04755,USR010,INC01353,500000.0,300000.0,250000.0,1050000.0,800000.0,part_time,2023-09-26 15:15:00
BGT00630,USR052,INC09766,1400000.0,1000000.0,800000.0,3200000.0,2400000.0,business,2023-04-14 13:04:00
BGT00410,USR024,INC09890,-1700000.0,1150000.0,700000.0,3550000.0,-550000.0,allowance,2024-12-03 09:14:00
BGT04268,USR044,INC01944,1450000.0,800000.0,850000.0,3100000.0,2250000.0,freelance,2023-11-07 01:39:00
BGT05032,USR023,INC05787,2550000.0,1250000.0,850000.0,4650000.0,3800000.0,allowance,2024-12-16 04:28:00
BGT07663,USR059,INC03328,1450000.0,1050000.0,650000.0,3150000.0,2500000.0,salary,2024-01-11 08:08:00
BGT05667,USR072,INC08317,3800000.0,2700000.0,1400000.0,7900000.0,6500000.0,investment_return,2023-01-05 18:02:00
BGT00825,USR062,INC07986,5150000.0,2700000.0,2100000.0,9950000.0,7850000.0,salary,2023-11-09 17:45:00
BGT05768,USR046,INC09371,3050000.0,1900000.0,1400000.0,6350000.0,4950000.0,salary,2023-01-21 03:47:00
BGT01151,USR052,INC04204,3300000.0,2000000.0,1150000.0,6450000.0,5300000.0,salary,2024-06-16 22:40:00
BGT06829,USR036,INC09352,1750000.0,1150000.0,800000.0,3750000.0,2900000.0,part_time,2024-03-09 12:48:00
BGT04172,USR056,INC02373,2350000.0,1350000.0,950000.0,4650000.0,3700000.0,bonus,2023-05-24 13:41:00
BGT08164,USR036,INC07984,2300000.0,1650000.0,900000.0,4850000.0,3950000.0,allowance,2023-08-09 12:54:00
BGT06283,USR051,INC05120,2450000.0,1450000.0,1550000.0,5450000.0,3900000.0,bonus,2023-02-17 02:54:00
BGT00696,USR039,INC06028,1350000.0,1050000.0,650000.0,3050000.0,2400000.0,part_time,2024-12-13 00:48:00
BGT05395,USR069,INC04745,4650000.0,3150000.0,2050000.0,9850000.0,7800000.0,bonus,2023-05-31 10:27:00
BGT04168,USR063,INC06401,4800000.0,3300000.0,1900000.0,10000000.0,8100000.0,freelance,2024-11-07 11:38:00
BGT09360,USR046,INC06311,3750000.0,2350000.0,1250000.0,7400000.0,6100000.0,business,2023-07-24 08:53:00
BGT04572,USR062,INC02568,3350000.0,1850000.0,1200000.0,6400000.0,5200000.0,investment_return,2023-07-19 22:35:00
BGT01166,USR048,INC07606,2300000.0,1550000.0,1150000.0,5050000.0,3850000.0,business,2023-07-13 20:35:00
BGT08262,USR040,INC06414,1100000.0,600000.0,450000.0,2150000.0,1700000.0,freelance,2024-05-05 08:19:00
BGT07234,USR041,INC07811,2000000.0,1400000.0,650000.0,4050000.0,3400000.0,business,2024-09-02 06:24:00
BGT08926,USR041,INC06344,1800000.0,1000000.0,550000.0,3350000.0,2800000.0,freelance,2024-09-05 01:47:00
BGT07137,USR069,INC05993,3200000.0,1650000.0,1050000.0,5950000.0,4850000.0,freelance,2024-12-08 19:37:00
BGT00734,USR023,INC01422,2250000.0,1100000.0,700000.0,4050000.0,3350000.0,internship,2023-07-29 09:30:00
BGT07401,USR064,INC04579,3900000.0,2700000.0,1850000.0,8500000.0,6600000.0,freelance,2024-06-05 16:08:00
BGT03184,USR049,INC06654,2250000.0,1450000.0,1300000.0,5000000.0,3700000.0,bonus,2024-04-25 01:36:00
BGT07567,USR063,INC06281,3700000.0,2100000.0,950000.0,6750000.0,5800000.0,business,2024-01-13 20:29:00
BGT08242,USR007,INC07116,1100000.0,650000.0,600000.0,2350000.0,1750000.0,allowance,2023-05-19 18:16:00
BGT09256,USR034,INC01563,2200000.0,1150000.0,1100000.0,4500000.0,3350000.0,part_time,2023-07-15 22:22:00
BGT09573,USR064,INC01608,3000000.0,1600000.0,1350000.0,5950000.0,4600000.0,business,2023-06-17 23:35:00
BGT00068,USR048,INC03267,2900000.0,1700000.0,1100000.0,5700000.0,4600000.0,freelance,2024-09-08 06:46:00
BGT08109,USR045,INC03143,3200000.0,2250000.0,1550000.0,7000000.0,5450000.0,salary,2023-11-08 11:14:00
BGT02842,USR036,INC00631,2200000.0,1350000.0,550000.0,4100000.0,3550000.0,part_time,2023-01-03 06:09:00
BGT09483,USR028,INC05805,850000.0,500000.0,250000.0,1600000.0,1350000.0,part_time,2024-07-22 15:38:00
BGT05935,USR006,INC07422,1100000.0,700000.0,300000.0,2150000.0,1800000.0,scholarship,2024-10-17 22:07:00
BGT01564,USR014,INC05283,850000.0,600000.0,400000.0,1850000.0,1450000.0,part_time,2023-02-03 11:25:00
BGT09240,USR022,INC08873,1700000.0,900000.0,650000.0,3250000.0,2600000.0,internship,2024-07-21 12:06:00
BGT09388,USR040,INC08319,900000.0,450000.0,250000.0,1600000.0,1350000.0,freelance,2023-12-06 22:21:00
BGT06096,USR050,INC06683,3350000.0,1950000.0,1950000.0,7300000.0,5300000.0,salary,2024-09-27 01:16:00
BGT03157,USR024,INC09608,1050000.0,650000.0,450000.0,2150000.0,1700000.0,part_time,2024-12-23 01:26:00
BGT07196,USR028,INC00333,800000.0,450000.0,250000.0,1500000.0,1250000.0,part_time,2024-07-17 05:33:00
BGT04406,USR051,INC03224,1600000.0,800000.0,700000.0,3100000.0,2400000.0,bonus,2023-03-21 21:13:00
BGT06555,USR017,INC01516,550000.0,350000.0,300000.0,1200000.0,900000.0,part_time,2024-02-15 13:14:00
BGT05273,USR030,INC02062,2100000.0,1100000.0,650000.0,3850000.0,3200000.0,freelance,2023-10-11 14:10:00
BGT00075,USR005,INC06129,900000.0,550000.0,450000.0,1950000.0,1450000.0,allowance,2023-06-08 15:33:00
BGT05237,USR056,INC07331,3600000.0,2050000.0,2300000.0,7950000.0,5650000.0,freelance,2024-05-09 09:52:00
BGT03061,USR001,INC03827,900000.0,550000.0,550000.0,2000000.0,1450000.0,allowance,2024-11-01 21:33:00
BGT00387,USR015,INC01967,600000.0,400000.0,300000.0,1300000.0,1000000.0,allowance,2024-04-17 13:35:00
BGT05536,USR051,INC00635,2100000.0,1350000.0,750000.0,4250000.0,3450000.0,salary,2023-11-12 11:22:00
BGT06345,USR051,INC04116,2100000.0,1150000.0,850000.0,4100000.0,3250000.0,bonus,2023-08-27 12:02:00
BGT07422,USR056,INC03276,3500000.0,1950000.0,800000.0,6250000.0,5450000.0,salary,2023-08-17 21:05:00
BGT02572,USR066,INC03837,4400000.0,2450000.0,1950000.0,8800000.0,6850000.0,business,2023-04-15 17:56:00
BGT03007,USR017,INC05978,1100000.0,700000.0,700000.0,2500000.0,1800000.0,part_time,2024-08-03 12:44:00
BGT06745,USR022,INC01750,1850000.0,1100000.0,550000.0,3500000.0,2950000.0,freelance,2023-06-13 12:31:00
BGT01041,USR031,INC08647,2550000.0,1300000.0,900000.0,4750000.0,3850000.0,internship,2024-11-18 05:02:00
BGT07225,USR001,INC00257,1650000.0,950000.0,400000.0,3000000.0,2600000.0,scholarship,2024-02-04 21:25:00
BGT04862,USR060,INC01007,3000000.0,1800000.0,800000.0,5600000.0,4800000.0,freelance,2023-05-08 10:18:00
BGT02227,USR010,INC05572,500000.0,250000.0,300000.0,1050000.0,750000.0,scholarship,2024-09-22 13:51:00
BGT02088,USR055,INC03791,2350000.0,1550000.0,850000.0,4750000.0,3900000.0,salary,2024-12-29 05:25:00
BGT06956,USR023,INC03388,2350000.0,1500000.0,700000.0,4550000.0,3850000.0,part_time,2023-02-02 04:23:00
BGT06636,USR001,INC05626,1200000.0,600000.0,500000.0,2300000.0,1800000.0,scholarship,2024-01-21 00:27:00
BGT00149,USR028,INC01652,2600000.0,1400000.0,800000.0,4800000.0,4000000.0,allowance,2024-05-31 03:27:00
BGT01441,USR068,INC03912,4750000.0,2600000.0,1600000.0,8950000.0,7350000.0,bonus,2023-08-01 02:28:00
BGT05757,USR054,INC01523,2850000.0,1750000.0,550000.0,5200000.0,4600000.0,salary,2024-07-28 10:02:00
BGT03030,USR020,INC02478,650000.0,400000.0,300000.0,1350000.0,1050000.0,part_time,2024-05-07 13:48:00
BGT08305,USR052,INC03509,3800000.0,2050000.0,1950000.0,7800000.0,5850000.0,bonus,2024-07-18 13:53:00
BGT08018,USR037,INC03016,1550000.0,1000000.0,750000.0,3300000.0,2550000.0,internship,2023-08-21 19:16:00
BGT04918,USR069,INC03660,5200000.0,3050000.0,1000000.0,9250000.0,8250000.0,freelance,2024-02-11 06:43:00
BGT01718,USR036,INC07545,1050000.0,600000.0,600000.0,2250000.0,1650000.0,allowance,2023-03-16 23:45:00
BGT01409,USR054,INC07478,3600000.0,2500000.0,1550000.0,7650000.0,6100000.0,bonus,2024-05-07 02:18:00
BGT08768,USR042,INC00105,3600000.0,1800000.0,1000000.0,6400000.0,5400000.0,salary,2023-08-21 16:20:00
BGT04933,USR012,INC02418,800000.0,550000.0,500000.0,1850000.0,1350000.0,part_time,2024-02-26 14:48:00
BGT08256,USR068,INC00235,3950000.0,2200000.0,1750000.0,7900000.0,6150000.0,salary,2023-06-13 11:43:00
BGT01483,USR054,INC04558,2500000.0,1550000.0,650000.0,4700000.0,4050000.0,freelance,2023-08-01 01:21:00
BGT06476,USR058,INC01146,2900000.0,1450000.0,900000.0,5250000.0,4350000.0,business,2024-10-13 18:11:00
BGT09767,USR063,INC08637,3100000.0,2100000.0,1400000.0,6600000.0,5200000.0,business,2024-11-28 11:09:00
BGT04731,USR023,INC07225,1300000.0,750000.0,600000.0,2650000.0,2050000.0,internship,2023-12-12 20:25:00
BGT06958,USR036,INC09628,2600000.0,1450000.0,900000.0,4950000.0,4050000.0,part_time,2024-04-19 23:45:00
BGT00424,USR020,INC08156,750000.0,450000.0,300000.0,1500000.0,1200000.0,scholarship,2023-11-06 04:37:00
BGT00617,USR061,INC05078,3400000.0,1750000.0,1100000.0,6250000.0,5150000.0,salary,2023-08-03 18:08:00
BGT06737,USR029,INC09808,2450000.0,1350000.0,700000.0,4500000.0,3800000.0,part_time,2023-03-27 09:59:00
BGT07590,USR047,INC05131,3450000.0,2000000.0,2250000.0,7700000.0,5450000.0,freelance,2024-03-05 18:56:00
BGT05631,USR039,INC07027,1100000.0,750000.0,450000.0,2300000.0,1850000.0,part_time,2024-03-29 20:35:00
BGT08907,USR034,INC06090,1900000.0,1150000.0,1050000.0,4100000.0,3050000.0,allowance,2023-01-16 20:36:00
BGT03972,USR052,INC07481,4150000.0,2450000.0,800000.0,7450000.0,6600000.0,business,2023-02-28 02:02:00
BGT07161,USR065,INC07933,4650000.0,2750000.0,2450000.0,9850000.0,7400000.0,investment_return,2023-03-22 05:19:00
BGT01413,USR020,INC09421,1500000.0,700000.0,550000.0,2750000.0,2200000.0,scholarship,2024-02-11 06:32:00
BGT04161,USR072,INC03593,3700000.0,2550000.0,1450000.0,7750000.0,6250000.0,salary,2024-11-29 06:55:00
BGT05121,USR027,INC01394,1000000.0,700000.0,450000.0,2150000.0,1700000.0,internship,2023-05-24 20:28:00
BGT06268,USR031,INC01696,1300000.0,750000.0,700000.0,2750000.0,2050000.0,freelance,2024-02-28 00:58:00
BGT09424,USR005,INC06497,900000.0,500000.0,300000.0,1700000.0,1400000.0,allowance,2024-02-10 16:45:00
BGT05960,USR002,INC03470,700000.0,450000.0,450000.0,1600000.0,1150000.0,allowance,2024-05-03 08:30:00
BGT03028,USR049,INC03634,2100000.0,1300000.0,1250000.0,4650000.0,3400000.0,salary,2023-05-25 03:44:00
BGT03322,USR038,INC05647,2200000.0,1450000.0,900000.0,4600000.0,3650000.0,internship,2024-12-08 10:22:00
BGT04970,USR036,INC09075,2000000.0,1150000.0,650000.0,3800000.0,3150000.0,part_time,2023-09-19 18:41:00
BGT03052,USR063,INC09413,2450000.0,1750000.0,1250000.0,5450000.0,4200000.0,business,2024-09-02 21:08:00
BGT02204,USR023,INC03028,1250000.0,750000.0,600000.0,2600000.0,2000000.0,part_time,2023-12-27 22:10:00
BGT01193,USR041,INC01916,2100000.0,1600000.0,1000000.0,4700000.0,3700000.0,freelance,2023-03-24 15:45:00
BGT00373,USR060,INC08650,2650000.0,1400000.0,800000.0,4850000.0,4050000.0,salary,2023-12-10 11:18:00
BGT07529,USR063,INC06204,3650000.0,2500000.0,1650000.0,7800000.0,6150000.0,investment_return,2024-01-11 12:48:00
BGT07173,USR046,INC05515,2800000.0,2000000.0,1600000.0,6400000.0,4800000.0,business,2023-07-31 06:51:00
BGT05241,USR023,INC04839,850000.0,550000.0,250000.0,1650000.0,1400000.0,freelance,2024-04-23 17:25:00
BGT03081,USR018,INC08026,700000.0,500000.0,350000.0,1550000.0,1200000.0,allowance,2024-03-04 23:57:00
BGT08831,USR038,INC05042,2250000.0,1300000.0,1450000.0,5000000.0,3550000.0,allowance,2023-01-28 22:37:00
BGT06457,USR075,INC02864,2350000.0,1400000.0,550000.0,4300000.0,3750000.0,freelance,2023-10-12 02:41:00
BGT01798,USR018,INC00682,850000.0,450000.0,300000.0,1600000.0,1300000.0,allowance,2023-04-27 12:17:00
BGT04279,USR025,INC05498,1750000.0,950000.0,900000.0,3600000.0,2700000.0,allowance,2023-10-14 11:53:00
BGT08137,USR018,INC00101,1100000.0,550000.0,400000.0,2050000.0,1650000.0,allowance,2023-05-23 21:18:00
BGT07029,USR028,INC09655,2100000.0,1250000.0,550000.0,3900000.0,3350000.0,part_time,2024-10-03 12:52:00
BGT00105,USR003,INC07712,1400000.0,1000000.0,550000.0,3000000.0,2400000.0,scholarship,2023-09-09 13:44:00
BGT01897,USR022,INC03023,1050000.0,650000.0,500000.0,2200000.0,1700000.0,part_time,2023-08-03 02:56:00
BGT07085,USR017,INC08717,1300000.0,650000.0,450000.0,2400000.0,1950000.0,allowance,2023-06-27 15:54:00
BGT04654,USR025,INC02034,800000.0,500000.0,450000.0,1750000.0,1300000.0,freelance,2024-01-29 22:38:00
BGT00455,USR068,INC05539,3200000.0,1900000.0,1050000.0,6200000.0,5100000.0,freelance,2024-07-21 02:40:00
BGT01728,USR034,INC05575,1450000.0,850000.0,550000.0,2850000.0,2300000.0,allowance,2023-10-21 02:32:00
BGT08038,USR067,INC09337,4050000.0,2400000.0,2500000.0,8950000.0,6450000.0,freelance,2023-08-02 03:06:00
BGT00471,USR075,INC05286,3700000.0,2450000.0,2050000.0,8200000.0,6150000.0,investment_return,2023-04-27 10:50:00
BGT05800,USR012,INC05114,650000.0,400000.0,350000.0,1400000.0,1050000.0,scholarship,2024-08-06 00:03:00
BGT03579,USR006,INC05632,1450000.0,800000.0,500000.0,2750000.0,2250000.0,scholarship,2024-12-30 23:11:00
BGT09323,USR074,INC05517,4400000.0,2600000.0,1650000.0,860000000.0,7000000.0,freelance,2024-07-04 07:35:00
BGT08194,USR025,INC05981,800000.0,450000.0,400000.0,1650000.0,1250000.0,internship,2023-05-08 06:54:00
BGT05404,USR046,INC03858,3450000.0,1950000.0,1100000.0,6550000.0,5400000.0,business,2023-07-28 12:17:00
BGT03665,USR043,INC06388,3400000.0,1800000.0,1200000.0,6400000.0,5200000.0,business,2023-02-28 08:57:00
BGT06314,USR050,INC02399,3400000.0,2100000.0,1300000.0,6850000.0,5500000.0,freelance,2023-07-04 13:07:00
BGT04833,USR012,INC06799,1000000.0,600000.0,400000.0,2000000.0,1600000.0,allowance,2023-12-29 04:01:00
BGT07191,USR019,INC06105,1050000.0,500000.0,350000.0,1900000.0,1550000.0,scholarship,2024-12-21 08:00:00
BGT05234,USR013,INC06669,1200000.0,600000.0,600000.0,2400000.0,1800000.0,scholarship,2024-09-13 14:01:00
BGT02990,USR024,INC05391,2050000.0,1150000.0,550000.0,3750000.0,3200000.0,allowance,2024-11-06 17:29:00
BGT08703,USR067,INC02304,2300000.0,1450000.0,1100000.0,4850000.0,3750000.0,investment_return,2024-07-08 10:57:00
BGT04019,USR038,INC05974,700000.0,450000.0,350000.0,1550000.0,1150000.0,allowance,2023-10-06 07:03:00
BGT07766,USR063,INC09004,3050000.0,1550000.0,1050000.0,5650000.0,4600000.0,freelance,2023-11-20 11:54:00
BGT04362,USR031,INC02246,2300000.0,1400000.0,650000.0,4350000.0,3700000.0,part_time,2023-01-26 14:23:00
BGT00008,USR017,INC08225,450000.0,250000.0,300000.0,1000000.0,700000.0,allowance,2023-10-12 04:43:00
BGT00097,USR029,INC01182,1650000.0,1150000.0,900000.0,3700000.0,2800000.0,freelance,2023-01-09 05:51:00
BGT02342,USR004,INC07074,550000.0,300000.0,350000.0,1250000.0,850000.0,allowance,2023-05-11 17:46:00
BGT03649,USR016,INC06464,550000.0,350000.0,250000.0,1200000.0,900000.0,part_time,2023-12-20 15:04:00
BGT09017,USR075,INC03797,3250000.0,1650000.0,1150000.0,6050000.0,4900000.0,bonus,2024-10-18 18:03:00
BGT07799,USR066,INC01047,3250000.0,1950000.0,700000.0,5900000.0,5200000.0,business,2023-03-17 01:11:00
BGT02316,USR036,INC07848,1450000.0,850000.0,450000.0,2750000.0,2300000.0,part_time,2023-09-25 20:31:00
BGT02558,USR019,INC08206,700000.0,400000.0,200000.0,1300000.0,1100000.0,allowance,2024-10-28 11:22:00
BGT03753,USR022,INC03546,950000.0,600000.0,650000.0,2200000.0,1550000.0,part_time,2024-01-28 02:23:00
BGT05787,USR035,INC08597,2000000.0,1250000.0,450000.0,3700000.0,3250000.0,internship,2024-10-01 22:27:00
BGT00905,USR027,INC06541,2050000.0,1250000.0,1150000.0,4450000.0,3300000.0,internship,2023-04-10 04:07:00
BGT02966,USR033,INC08023,1750000.0,1150000.0,600000.0,3500000.0,2900000.0,freelance,2023-02-24 05:36:00
BGT03679,USR013,INC05605,950000.0,500000.0,550000.0,2000000.0,1450000.0,allowance,2023-05-22 19:42:00
BGT04956,USR039,INC07042,1000000.0,600000.0,500000.0,2100000.0,1600000.0,part_time,2023-05-12 05:59:00
BGT03279,USR037,INC08802,1100000.0,550000.0,400000.0,2100000.0,1650000.0,internship,2024-04-13 09:37:00
BGT08586,USR014,INC06852,1350000.0,900000.0,600000.0,285000000.0,2250000.0,part_time,2023-03-05 06:17:00
BGT01889,USR019,INC02635,1450000.0,850000.0,300000.0,2600000.0,2300000.0,part_time,2023-08-22 00:30:00
BGT02035,USR024,INC06529,2500000.0,1300000.0,700000.0,4500000.0,3800000.0,part_time,2023-12-30 07:20:00
BGT09878,USR036,INC05404,2000000.0,1150000.0,400000.0,3550000.0,3150000.0,freelance,2024-03-30 10:05:00
BGT08800,USR004,INC03852,950000.0,600000.0,400000.0,1950000.0,1550000.0,allowance,2024-01-06 14:35:00
BGT03786,USR030,INC07797,1100000.0,650000.0,350000.0,2100000.0,1750000.0,freelance,2024-11-25 10:40:00
BGT04155,USR018,INC04983,500000.0,300000.0,200000.0,105000000.0,800000.0,part_time,2024-12-26 18:20:00
BGT06305,USR035,INC06467,1350000.0,750000.0,650000.0,2750000.0,2100000.0,allowance,2024-12-02 21:58:00
BGT08562,USR072,INC08982,5050000.0,2500000.0,1800000.0,9350000.0,7550000.0,investment_return,2024-01-16 18:57:00
BGT00496,USR072,INC02058,2500000.0,1400000.0,750000.0,4650000.0,3900000.0,business,2023-07-06 02:33:00
BGT09516,USR051,INC09810,3500000.0,2250000.0,1250000.0,7000000.0,5750000.0,salary,2024-03-06 19:48:00
BGT00189,USR011,INC02460,900000.0,500000.0,250000.0,1650000.0,1400000.0,scholarship,2024-01-11 00:29:00
BGT04284,USR061,INC03519,2450000.0,1550000.0,1000000.0,5050000.0,4000000.0,freelance,2023-04-28 13:43:00
BGT02800,USR050,INC07407,3000000.0,2000000.0,1400000.0,6400000.0,5000000.0,salary,2023-08-03 20:25:00
BGT05410,USR063,INC02047,4500000.0,2650000.0,2000000.0,9200000.0,7150000.0,investment_return,2024-09-01 13:46:00
BGT07430,USR020,INC04149,750000.0,450000.0,400000.0,1600000.0,1200000.0,scholarship,2024-02-15 18:23:00
BGT08453,USR009,INC00651,1050000.0,600000.0,500000.0,2150000.0,1650000.0,scholarship,2024-01-09 02:43:00
BGT00615,USR034,INC00033,1550000.0,800000.0,650000.0,3000000.0,2350000.0,allowance,2024-08-18 05:58:00
BGT09978,USR009,INC00397,600000.0,450000.0,350000.0,1400000.0,1050000.0,part_time,2023-10-09 12:32:00
BGT05563,USR045,INC03173,3600000.0,2400000.0,1500000.0,7550000.0,6000000.0,freelance,2023-12-12 06:09:00
BGT04673,USR051,INC09150,3350000.0,1850000.0,1150000.0,6350000.0,5200000.0,freelance,2023-09-20 06:28:00
BGT06387,USR025,INC09191,1250000.0,850000.0,650000.0,2800000.0,2100000.0,internship,2024-05-28 04:58:00
BGT05586,USR049,INC03809,3000000.0,2000000.0,1250000.0,6300000.0,5000000.0,bonus,2024-03-06 10:45:00
BGT05161,USR035,INC06197,1450000.0,800000.0,500000.0,2750000.0,2250000.0,freelance,2023-11-14 05:59:00
BGT03263,USR021,INC05545,1650000.0,850000.0,650000.0,3150000.0,2500000.0,internship,2024-06-21 05:45:00
BGT08404,USR027,INC08746,1150000.0,650000.0,250000.0,2050000.0,1800000.0,allowance,2023-11-07 04:05:00
BGT03147,USR050,INC06864,-2050000.0,-1150000.0,450000.0,3650000.0,-3200000.0,business,2024-12-01 17:19:00
BGT07594,USR028,INC05443,2100000.0,1200000.0,650000.0,3950000.0,3300000.0,allowance,2023-04-18 07:01:00
BGT07806,USR035,INC02148,2200000.0,1350000.0,1300000.0,4900000.0,3550000.0,part_time,2023-12-07 23:43:00
BGT00868,USR030,INC09085,1000000.0,700000.0,300000.0,2000000.0,1700000.0,freelance,2024-05-07 17:52:00
BGT01065,USR004,INC05450,1150000.0,650000.0,550000.0,2350000.0,1800000.0,part_time,2024-05-24 01:39:00
BGT02689,USR075,INC09165,4100000.0,2700000.0,2500000.0,9350000.0,6800000.0,freelance,2024-06-04 18:24:00
BGT06085,USR001,INC04022,600000.0,400000.0,300000.0,1300000.0,1000000.0,part_time,2023-08-08 02:02:00
BGT04293,USR002,INC00876,1200000.0,700000.0,650000.0,2550000.0,1900000.0,scholarship,2023-06-12 09:20:00
BGT04285,USR038,INC02037,1950000.0,-1200000.0,750000.0,3900000.0,750000.0,internship,2023-03-02 12:07:00
BGT05438,USR026,INC02721,700000.0,400000.0,450000.0,1550000.0,1100000.0,allowance,2024-02-16 01:19:00
BGT09453,USR024,INC05952,2100000.0,1100000.0,600000.0,3850000.0,3200000.0,freelance,2023-03-17 18:13:00
BGT06931,USR009,INC08910,1450000.0,850000.0,700000.0,3000000.0,2300000.0,part_time,2023-09-27 03:27:00
BGT09741,USR056,INC09364,2250000.0,1300000.0,650000.0,4200000.0,3550000.0,business,2023-11-21 12:31:00
BGT06070,USR014,INC01122,-1250000.0,750000.0,300000.0,2300000.0,-500000.0,scholarship,2023-08-16 14:44:00
BGT06322,USR048,INC03025,3100000.0,1600000.0,900000.0,5600000.0,4700000.0,salary,2024-01-23 19:33:00
BGT03126,USR014,INC09543,1600000.0,800000.0,550000.0,3000000.0,2400000.0,scholarship,2024-11-14 00:47:00
BGT00232,USR036,INC02337,1750000.0,950000.0,700000.0,3450000.0,2700000.0,freelance,2023-05-19 17:21:00
BGT08322,USR042,INC03187,2300000.0,1450000.0,500000.0,4300000.0,3750000.0,freelance,2023-06-18 03:58:00
BGT06576,USR016,INC07728,600000.0,400000.0,300000.0,1350000.0,1000000.0,scholarship,2023-06-20 03:23:00
BGT05474,USR025,INC04786,1800000.0,1100000.0,1150000.0,4050000.0,2900000.0,allowance,2024-07-11 21:02:00
BGT09376,USR062,INC00771,1900000.0,1200000.0,900000.0,4000000.0,3100000.0,investment_return,2023-04-12 19:56:00
BGT00402,USR027,INC00907,1500000.0,850000.0,300000.0,2700000.0,2350000.0,freelance,2023-02-10 18:45:00
BGT05869,USR008,INC02831,800000.0,500000.0,250000.0,1550000.0,1300000.0,scholarship,2023-11-30 11:42:00
BGT01173,USR012,INC07160,650000.0,300000.0,250000.0,1200000.0,950000.0,part_time,2024-06-19 09:15:00
BGT05712,USR065,INC01728,4400000.0,2600000.0,2600000.0,9600000.0,7000000.0,freelance,2023-05-01 08:53:00
BGT05057,USR026,INC05373,2400000.0,1300000.0,1200000.0,4900000.0,3700000.0,freelance,2024-05-08 09:36:00
BGT00263,USR064,INC06661,3000000.0,1750000.0,850000.0,5600000.0,4750000.0,investment_return,2024-09-08 00:54:00
BGT01093,USR057,INC06536,3350000.0,2000000.0,950000.0,6300000.0,5350000.0,salary,2024-09-18 12:04:00
BGT00230,USR061,INC03904,2800000.0,1650000.0,1750000.0,6200000.0,4450000.0,salary,2024-12-26 09:52:00
BGT01290,USR022,INC01413,800000.0,550000.0,350000.0,1700000.0,1350000.0,freelance,2023-08-17 17:29:00
BGT05826,USR049,INC05919,1500000.0,1000000.0,550000.0,3100000.0,2500000.0,bonus,2024-11-28 09:01:00
BGT03193,USR001,INC07932,1050000.0,550000.0,400000.0,195000000.0,1600000.0,part_time,2024-11-14 21:05:00
BGT02420,USR031,INC04763,2600000.0,1650000.0,750000.0,5000000.0,4250000.0,internship,2023-08-31 03:07:00
BGT04778,USR028,INC03610,1650000.0,950000.0,500000.0,3100000.0,2600000.0,allowance,2023-07-09 05:23:00
BGT00846,USR042,INC03876,2050000.0,1150000.0,700000.0,3900000.0,3200000.0,business,2023-04-09 12:26:00
BGT07705,USR068,INC09762,4900000.0,2550000.0,1950000.0,9400000.0,7450000.0,bonus,2024-06-18 10:35:00
BGT01980,USR011,INC06350,850000.0,600000.0,450000.0,1900000.0,1450000.0,part_time,2023-09-15 23:24:00
BGT05621,USR021,INC03461,1550000.0,850000.0,400000.0,2800000.0,2400000.0,freelance,2023-03-13 10:44:00
BGT02840,USR075,INC07779,4150000.0,2400000.0,1750000.0,8300000.0,6550000.0,freelance,2023-07-05 20:15:00
BGT00070,USR005,INC08772,800000.0,600000.0,300000.0,1700000.0,1400000.0,scholarship,2024-12-19 20:35:00
BGT03676,USR075,INC01312,4450000.0,2550000.0,1250000.0,820000000.0,7000000.0,bonus,2023-06-03 10:40:00
BGT08590,USR021,INC08364,2050000.0,1000000.0,850000.0,3900000.0,3050000.0,internship,2023-03-06 07:05:00
BGT01061,USR029,INC08121,2050000.0,1150000.0,500000.0,3750000.0,3200000.0,freelance,2024-09-21 04:50:00
BGT07762,USR025,INC07801,1400000.0,950000.0,400000.0,2750000.0,2350000.0,allowance,2024-05-05 21:14:00
BGT07204,USR054,INC08704,1600000.0,1200000.0,700000.0,3500000.0,2800000.0,salary,2023-07-04 18:55:00
BGT06615,USR015,INC09200,600000.0,350000.0,200000.0,1150000.0,950000.0,freelance,2024-11-06 20:15:00
BGT06450,USR052,INC06963,1700000.0,1150000.0,500000.0,3350000.0,2850000.0,salary,2023-12-09 02:35:00
BGT00486,USR034,INC07460,2600000.0,1300000.0,800000.0,4700000.0,3900000.0,part_time,2024-03-06 11:31:00
BGT06778,USR026,INC08811,1300000.0,650000.0,500000.0,2450000.0,1950000.0,freelance,2024-09-10 20:42:00
BGT03684,USR011,INC06395,850000.0,500000.0,250000.0,1600000.0,1350000.0,part_time,2023-07-22 09:27:00
BGT05052,USR070,INC05236,4650000.0,2250000.0,1700000.0,8600000.0,6900000.0,salary,2023-12-30 11:59:00
BGT02609,USR007,INC00990,1350000.0,800000.0,450000.0,2600000.0,2150000.0,allowance,2024-01-26 01:41:00
BGT07369,USR061,INC06617,3300000.0,1950000.0,1650000.0,6900000.0,5250000.0,business,2024-02-09 15:35:00
BGT03375,USR061,INC05763,3800000.0,1950000.0,1250000.0,7050000.0,5750000.0,bonus,2023-08-20 12:06:00
BGT09973,USR057,INC07239,3950000.0,2350000.0,850000.0,7150000.0,6300000.0,freelance,2024-01-01 13:10:00
BGT07216,USR039,INC01314,800000.0,550000.0,400000.0,1750000.0,1350000.0,part_time,2024-12-22 06:10:00
BGT09958,USR017,INC02356,550000.0,300000.0,150000.0,1000000.0,850000.0,part_time,2024-03-10 01:38:00
BGT05661,USR073,INC07032,2350000.0,1650000.0,1250000.0,5250000.0,4000000.0,investment_return,2024-09-22 13:33:00
BGT04364,USR041,INC09635,4050000.0,-2500000.0,1050000.0,7650000.0,1550000.0,freelance,2024-03-19 23:19:00
BGT09002,USR040,INC06252,1300000.0,800000.0,250000.0,2350000.0,2100000.0,freelance,2024-06-24 00:03:00
BGT07284,USR051,INC04718,4050000.0,2250000.0,1650000.0,7950000.0,6300000.0,salary,2023-01-18 04:04:00
BGT04995,USR042,INC01229,4300000.0,2500000.0,850000.0,7650000.0,6800000.0,salary,2024-10-01 06:09:00
BGT05115,USR044,INC03331,3500000.0,2200000.0,1900000.0,7600000.0,5700000.0,business,2023-10-02 23:42:00
BGT04007,USR043,INC06221,2850000.0,1800000.0,1550000.0,6200000.0,4650000.0,business,2023-06-05 16:38:00
BGT04068,USR007,INC00776,700000.0,400000.0,300000.0,1400000.0,1100000.0,part_time,2023-06-15 05:31:00
BGT02104,USR062,INC05334,3650000.0,2000000.0,1100000.0,6750000.0,5650000.0,investment_return,2024-06-29 21:52:00
BGT06903,USR022,INC04699,1050000.0,650000.0,350000.0,2100000.0,1700000.0,freelance,2023-09-08 21:16:00
BGT06157,USR002,INC06248,850000.0,550000.0,350000.0,1750000.0,1400000.0,allowance,2024-07-16 11:06:00
BGT08154,USR034,INC06664,850000.0,500000.0,300000.0,1700000.0,1350000.0,freelance,2023-02-06 06:06:00
BGT06466,USR051,INC00026,2350000.0,1500000.0,550000.0,4400000.0,3850000.0,bonus,2024-02-19 02:51:00
BGT02274,USR041,INC03565,1700000.0,950000.0,650000.0,3300000.0,2650000.0,business,2024-01-05 20:54:00
BGT07206,USR032,INC00392,1100000.0,700000.0,600000.0,2400000.0,1800000.0,allowance,2024-09-21 20:16:00
BGT03919,USR032,INC05508,1650000.0,1000000.0,750000.0,340000000.0,2650000.0,allowance,2024-02-02 07:58:00
BGT03283,USR001,INC04336,1350000.0,750000.0,450000.0,2550000.0,2100000.0,allowance,2023-04-16 12:14:00
BGT04029,USR008,INC02510,-1300000.0,750000.0,500000.0,2550000.0,-550000.0,allowance,2023-10-25 07:17:00
BGT09993,USR050,INC06921,1650000.0,1100000.0,800000.0,3550000.0,2750000.0,salary,2024-11-17 09:47:00
BGT04805,USR066,INC05037,2500000.0,1150000.0,800000.0,4500000.0,3650000.0,business,2023-11-16 14:57:00
BGT06521,USR065,INC04870,2450000.0,1400000.0,1300000.0,5150000.0,3850000.0,salary,2024-05-23 15:52:00
BGT04522,USR028,INC00375,1600000.0,1100000.0,500000.0,3200000.0,2700000.0,allowance,2023-04-17 22:01:00
BGT02769,USR030,INC09498,1400000.0,800000.0,650000.0,2900000.0,2200000.0,allowance,2023-06-06 18:23:00
BGT05106,USR028,INC02670,2550000.0,1550000.0,900000.0,5000000.0,4100000.0,freelance,2023-06-05 17:25:00
BGT00718,USR055,INC02305,4200000.0,2300000.0,1250000.0,7750000.0,6500000.0,bonus,2023-11-23 22:58:00
BGT02000,USR028,INC06239,750000.0,550000.0,300000.0,1600000.0,1300000.0,allowance,2024-02-16 02:05:00
BGT06646,USR062,INC03139,3700000.0,2500000.0,1200000.0,7400000.0,6200000.0,freelance,2023-09-10 10:59:00
BGT06133,USR068,INC06620,3600000.0,2350000.0,1900000.0,7850000.0,5950000.0,investment_return,2023-05-23 08:37:00
BGT06053,USR015,INC00334,950000.0,600000.0,400000.0,1950000.0,1550000.0,part_time,2024-10-04 07:38:00
BGT04539,USR009,INC01936,1000000.0,700000.0,550000.0,2250000.0,1700000.0,part_time,2024-10-14 03:40:00
BGT04122,USR028,INC02410,2450000.0,1350000.0,1100000.0,4900000.0,3800000.0,allowance,2023-06-05 03:59:00
BGT08338,USR016,INC03316,700000.0,400000.0,350000.0,1450000.0,1100000.0,allowance,2024-03-03 01:15:00
BGT03295,USR053,INC09107,2950000.0,2050000.0,1600000.0,6600000.0,5000000.0,business,2023-09-19 04:16:00
BGT00754,USR065,INC05221,3950000.0,2300000.0,2300000.0,8550000.0,6250000.0,bonus,2023-05-06 12:00:00
BGT06086,USR044,INC04884,2600000.0,1700000.0,1200000.0,5500000.0,4300000.0,business,2024-04-16 10:41:00
BGT01186,USR009,INC09050,1200000.0,800000.0,600000.0,2600000.0,2000000.0,scholarship,2024-07-21 06:37:00
BGT05423,USR010,INC01595,1350000.0,950000.0,600000.0,2950000.0,2300000.0,scholarship,2023-04-01 17:39:00
BGT09954,USR073,INC09456,4050000.0,2750000.0,1800000.0,8600000.0,6800000.0,investment_return,2023-09-08 23:27:00
BGT01956,USR066,INC01452,2600000.0,1600000.0,1450000.0,5650000.0,4200000.0,bonus,2024-02-23 11:13:00
BGT07950,USR015,INC01194,1350000.0,750000.0,350000.0,2450000.0,2100000.0,part_time,2024-07-28 19:38:00
BGT04302,USR050,INC02056,3450000.0,1850000.0,1850000.0,7150000.0,5300000.0,business,2024-11-16 23:47:00
BGT07124,USR062,INC09288,3700000.0,2100000.0,1650000.0,7450000.0,5800000.0,business,2024-04-16 09:05:00
BGT06942,USR027,INC02582,1450000.0,950000.0,750000.0,3200000.0,2400000.0,allowance,2023-10-16 17:52:00
BGT06685,USR059,INC06452,4100000.0,2100000.0,1650000.0,7850000.0,6200000.0,bonus,2023-12-15 00:25:00
BGT09864,USR005,INC06981,900000.0,500000.0,400000.0,1800000.0,1400000.0,allowance,2023-03-07 11:25:00
BGT04085,USR074,INC07768,2800000.0,1600000.0,650000.0,5050000.0,4400000.0,freelance,2024-08-21 01:51:00
BGT09898,USR012,INC07375,550000.0,300000.0,150000.0,1000000.0,850000.0,scholarship,2024-02-04 22:07:00
BGT06281,USR029,INC01145,1400000.0,850000.0,700000.0,2950000.0,2250000.0,internship,2024-05-11 09:12:00
BGT04273,USR009,INC03987,1100000.0,700000.0,400000.0,2200000.0,1800000.0,scholarship,2023-03-01 16:44:00
BGT00608,USR065,INC09910,3000000.0,1850000.0,1550000.0,6400000.0,4850000.0,salary,2023-01-23 23:48:00
BGT06632,USR045,INC03985,2700000.0,1450000.0,1250000.0,5400000.0,4150000.0,business,2023-01-22 07:03:00
BGT02923,USR055,INC08835,1850000.0,1050000.0,1200000.0,4100000.0,2900000.0,bonus,2023-01-01 18:24:00
BGT04428,USR006,INC01612,1500000.0,850000.0,400000.0,2750000.0,2350000.0,allowance,2024-11-24 17:43:00
BGT05789,USR026,INC03129,2300000.0,1250000.0,550000.0,4100000.0,3550000.0,allowance,2023-01-10 14:22:00
BGT05445,USR006,INC09437,1300000.0,800000.0,750000.0,2850000.0,2100000.0,part_time,2023-11-22 19:39:00
BGT03239,USR013,INC08066,1050000.0,600000.0,350000.0,2000000.0,1650000.0,freelance,2023-01-26 13:47:00
BGT05420,USR073,INC03587,2900000.0,2100000.0,1600000.0,6600000.0,5000000.0,salary,2024-12-02 20:34:00
BGT05292,USR002,INC06753,950000.0,650000.0,450000.0,2050000.0,1600000.0,scholarship,2024-11-08 08:48:00
BGT03662,USR049,INC04669,3300000.0,2100000.0,1900000.0,7300000.0,5400000.0,freelance,2023-12-23 04:26:00
BGT09327,USR033,INC09686,1250000.0,700000.0,500000.0,2500000.0,1950000.0,internship,2023-03-14 06:45:00
BGT04741,USR074,INC08437,2650000.0,1550000.0,1200000.0,5400000.0,4200000.0,bonus,2023-03-28 11:29:00
BGT07414,USR036,INC02795,1700000.0,1050000.0,800000.0,3550000.0,2750000.0,part_time,2024-05-07 18:33:00
BGT05929,USR006,INC04844,1350000.0,850000.0,350000.0,2550000.0,2200000.0,allowance,2023-01-08 08:40:00
BGT07218,USR063,INC02072,3700000.0,2150000.0,1300000.0,7150000.0,5850000.0,bonus,2024-09-04 03:25:00
BGT01597,USR056,INC04811,1750000.0,900000.0,800000.0,3450000.0,2650000.0,salary,2023-02-15 03:30:00
BGT07859,USR040,INC07510,1000000.0,700000.0,400000.0,2100000.0,1700000.0,allowance,2024-06-11 22:41:00
BGT01092,USR058,INC03679,3300000.0,1750000.0,1200000.0,6250000.0,5050000.0,bonus,2023-08-08 17:38:00
BGT06447,USR006,INC04552,1150000.0,600000.0,550000.0,2300000.0,1750000.0,part_time,2023-01-28 05:37:00
BGT05999,USR020,INC00021,750000.0,450000.0,250000.0,1450000.0,1200000.0,part_time,2024-02-16 10:33:00
BGT02218,USR041,INC09466,2100000.0,1450000.0,1150000.0,4700000.0,3550000.0,bonus,2024-12-22 10:54:00
BGT09197,USR060,INC04472,3450000.0,1700000.0,1400000.0,6550000.0,5150000.0,salary,2024-03-25 12:45:00
BGT01484,USR039,INC04906,2350000.0,1600000.0,1050000.0,5000000.0,3950000.0,freelance,2024-02-03 03:28:00
BGT06915,USR024,INC00713,2300000.0,1300000.0,1200000.0,4800000.0,3600000.0,freelance,2024-12-29 08:54:00
BGT03664,USR026,INC00669,900000.0,-650000.0,400000.0,1950000.0,250000.0,internship,2024-06-03 15:54:00
BGT05243,USR005,INC03164,1150000.0,700000.0,300000.0,2150000.0,1850000.0,part_time,2023-08-11 08:11:00
BGT04893,USR036,INC06973,1400000.0,750000.0,600000.0,2750000.0,2150000.0,part_time,2023-02-21 21:30:00
BGT08153,USR044,INC06262,3250000.0,1850000.0,2100000.0,7200000.0,5100000.0,business,2023-09-19 13:27:00
BGT08576,USR011,INC06671,700000.0,350000.0,250000.0,1300000.0,1050000.0,allowance,2024-08-22 19:35:00
BGT02111,USR055,INC03808,2700000.0,1400000.0,1150000.0,5250000.0,4100000.0,freelance,2023-07-31 15:35:00
BGT06912,USR017,INC02437,1100000.0,650000.0,500000.0,2250000.0,1750000.0,allowance,2023-01-06 15:12:00
BGT00404,USR011,INC04788,850000.0,400000.0,300000.0,1550000.0,1250000.0,scholarship,2023-12-28 00:34:00
BGT08187,USR026,INC05155,1350000.0,800000.0,500000.0,2650000.0,2150000.0,part_time,2024-02-07 17:55:00
BGT05775,USR061,INC06418,5100000.0,3150000.0,1350000.0,9600000.0,8250000.0,bonus,2024-11-26 10:08:00
BGT00217,USR026,INC00479,2050000.0,1150000.0,1150000.0,4350000.0,3200000.0,allowance,2024-04-01 02:59:00
BGT07954,USR034,INC07188,1450000.0,950000.0,850000.0,3250000.0,2400000.0,internship,2023-07-02 01:19:00
BGT08748,USR025,INC03226,850000.0,600000.0,300000.0,1750000.0,1450000.0,freelance,2024-05-29 00:38:00
BGT00115,USR055,INC04631,2950000.0,1750000.0,1350000.0,6050000.0,4700000.0,freelance,2023-10-03 08:23:00
BGT03761,USR046,INC04648,1800000.0,1250000.0,950000.0,4000000.0,3050000.0,salary,2023-01-25 16:31:00
BGT00104,USR063,INC02817,4050000.0,2150000.0,2050000.0,8250000.0,6200000.0,freelance,2024-03-06 01:16:00
BGT01107,USR050,INC08816,3400000.0,2000000.0,1800000.0,7200000.0,5400000.0,bonus,2023-09-03 07:03:00
BGT06455,USR067,INC03241,3050000.0,1700000.0,1000000.0,5750000.0,4750000.0,salary,2024-01-05 21:51:00
BGT08841,USR053,INC03089,2250000.0,1350000.0,1250000.0,4900000.0,3600000.0,salary,2023-07-20 10:52:00
BGT07991,USR074,INC09606,5350000.0,3150000.0,1050000.0,9550000.0,8500000.0,bonus,2023-01-10 01:23:00
BGT07645,USR017,INC01147,-1050000.0,550000.0,400000.0,2050000.0,-500000.0,scholarship,2023-10-24 14:07:00
BGT02961,USR024,INC04678,850000.0,550000.0,450000.0,1850000.0,1400000.0,part_time,2024-12-04 22:35:00
BGT09337,USR071,INC02032,2550000.0,1350000.0,900000.0,4850000.0,3900000.0,investment_return,2024-04-26 19:10:00
BGT05370,USR040,INC00028,1850000.0,1050000.0,400000.0,3300000.0,2900000.0,freelance,2024-12-24 18:05:00
BGT07396,USR066,INC00085,4550000.0,3000000.0,1750000.0,9300000.0,7550000.0,business,2024-05-13 09:08:00
BGT00078,USR015,INC01640,1350000.0,800000.0,250000.0,2400000.0,2150000.0,allowance,2024-01-31 05:10:00
BGT02807,USR072,INC08064,4350000.0,3150000.0,2000000.0,9500000.0,7500000.0,business,2023-03-02 22:04:00
BGT01366,USR013,INC01980,1150000.0,650000.0,300000.0,2100000.0,1800000.0,part_time,2024-06-13 19:01:00
BGT08443,USR007,INC05441,650000.0,400000.0,200000.0,1250000.0,1050000.0,allowance,2023-01-19 04:09:00
BGT01941,USR035,INC05822,1950000.0,1150000.0,400000.0,3500000.0,3100000.0,internship,2023-11-04 10:18:00
BGT06910,USR038,INC06570,1650000.0,900000.0,900000.0,3450000.0,2550000.0,internship,2023-08-31 06:58:00
BGT06600,USR021,INC06447,1400000.0,900000.0,550000.0,2850000.0,2300000.0,part_time,2024-11-17 14:22:00
BGT07391,USR022,INC00544,1350000.0,850000.0,350000.0,2550000.0,2200000.0,freelance,2024-07-05 05:58:00
BGT00409,USR022,INC01088,850000.0,600000.0,300000.0,1750000.0,1450000.0,internship,2024-01-25 14:07:00
BGT09748,USR048,INC01808,1500000.0,1050000.0,700000.0,3250000.0,2550000.0,salary,2024-05-07 10:55:00
BGT08160,USR066,INC07301,3050000.0,1700000.0,1100000.0,5850000.0,4750000.0,salary,2023-05-08 17:42:00
BGT07080,USR049,INC02078,3750000.0,2000000.0,1350000.0,7100000.0,5750000.0,salary,2023-09-06 20:37:00
BGT03872,USR024,INC01469,1450000.0,1000000.0,800000.0,3250000.0,2450000.0,freelance,2023-03-21 20:32:00
BGT09615,USR032,INC06230,1900000.0,1300000.0,1000000.0,4250000.0,3200000.0,allowance,2024-10-11 19:36:00
BGT01455,USR070,INC06853,2800000.0,1450000.0,1000000.0,5250000.0,4250000.0,salary,2023-02-07 08:36:00
BGT04879,USR072,INC00452,4100000.0,2600000.0,1500000.0,8200000.0,6700000.0,bonus,2024-06-17 08:08:00
BGT06210,USR035,INC07603,2250000.0,1450000.0,1200000.0,4900000.0,3700000.0,freelance,2023-05-24 04:27:00
BGT07798,USR020,INC07035,1200000.0,850000.0,650000.0,2700000.0,2050000.0,allowance,2023-04-14 18:58:00
BGT09305,USR016,INC09175,650000.0,400000.0,150000.0,1200000.0,1050000.0,scholarship,2024-08-01 22:51:00
BGT09766,USR020,INC02475,1200000.0,850000.0,500000.0,2600000.0,2050000.0,allowance,2023-06-14 15:22:00
BGT05007,USR061,INC05292,2850000.0,1800000.0,1150000.0,5850000.0,4650000.0,business,2024-03-31 01:21:00
BGT09554,USR002,INC06882,550000.0,300000.0,150000.0,1000000.0,850000.0,scholarship,2024-05-11 01:12:00
BGT08117,USR021,INC02277,850000.0,450000.0,300000.0,1600000.0,1300000.0,allowance,2024-05-30 13:30:00
BGT09340,USR031,INC03872,1550000.0,900000.0,600000.0,3050000.0,2450000.0,allowance,2023-12-03 22:23:00
BGT05291,USR069,INC01090,2950000.0,2050000.0,1400000.0,6450000.0,5000000.0,bonus,2024-04-10 21:26:00
BGT04280,USR034,INC00876,2100000.0,1300000.0,800000.0,4200000.0,3400000.0,allowance,2024-11-05 01:51:00
BGT06806,USR025,INC08079,950000.0,650000.0,300000.0,1900000.0,1600000.0,allowance,2024-03-26 15:58:00
BGT06077,USR015,INC01359,650000.0,400000.0,150000.0,1200000.0,1050000.0,scholarship,2023-05-26 23:06:00
BGT01020,USR053,INC06989,2450000.0,1250000.0,900000.0,4600000.0,3700000.0,freelance,2023-08-31 18:57:00
BGT02169,USR001,INC02020,1100000.0,700000.0,450000.0,2250000.0,1800000.0,scholarship,2023-08-25 12:01:00
BGT08634,USR036,INC07657,1150000.0,800000.0,700000.0,2650000.0,1950000.0,internship,2023-12-30 23:02:00
BGT00413,USR001,INC09132,650000.0,400000.0,300000.0,1350000.0,1050000.0,allowance,2024-11-15 08:23:00
BGT02139,USR033,INC06767,2700000.0,1600000.0,600000.0,4900000.0,4300000.0,part_time,2023-05-20 15:48:00
BGT03281,USR013,INC07900,1300000.0,700000.0,500000.0,2500000.0,2000000.0,allowance,2024-03-12 06:53:00
BGT04600,USR055,INC01880,1450000.0,1050000.0,600000.0,3100000.0,2500000.0,business,2024-11-29 19:34:00
BGT02025,USR069,INC07615,3900000.0,2800000.0,1750000.0,8450000.0,6700000.0,bonus,2023-01-21 00:28:00
BGT04042,USR001,INC00927,1400000.0,950000.0,650000.0,3000000.0,2350000.0,allowance,2024-12-09 02:51:00
BGT02668,USR051,INC00802,3100000.0,1850000.0,1000000.0,6000000.0,4950000.0,business,2023-05-23 23:01:00
BGT09037,USR074,INC09676,2150000.0,1300000.0,1100000.0,4550000.0,3450000.0,salary,2023-05-30 20:01:00
BGT01874,USR048,INC03486,2200000.0,1300000.0,550000.0,4050000.0,3500000.0,salary,2023-08-31 07:25:00
BGT00692,USR043,INC04487,4150000.0,2350000.0,900000.0,7400000.0,6500000.0,salary,2023-09-20 00:47:00
BGT07237,USR071,INC06878,2400000.0,1250000.0,1100000.0,4750000.0,3650000.0,investment_return,2023-12-07 16:15:00
BGT05798,USR013,INC02175,1000000.0,500000.0,350000.0,1850000.0,1500000.0,scholarship,2023-06-29 15:41:00
BGT02376,USR031,INC03751,1950000.0,1200000.0,1100000.0,4250000.0,3150000.0,part_time,2024-10-01 02:38:00
BGT03432,USR002,INC03228,1200000.0,700000.0,400000.0,2300000.0,1900000.0,part_time,2023-05-04 05:05:00
BGT00943,USR008,INC01619,850000.0,500000.0,450000.0,1800000.0,1350000.0,part_time,2023-07-08 14:22:00
BGT06832,USR027,INC06070,1600000.0,1000000.0,850000.0,3450000.0,2600000.0,internship,2024-04-07 17:30:00
BGT02681,USR055,INC00951,-1850000.0,1150000.0,600000.0,3600000.0,-700000.0,business,2023-10-29 10:45:00
BGT03833,USR067,INC07472,3850000.0,2000000.0,1850000.0,7700000.0,5850000.0,investment_return,2023-01-03 20:00:00
BGT08273,USR058,INC08210,1850000.0,950000.0,750000.0,3550000.0,2800000.0,salary,2023-10-29 21:03:00
BGT00733,USR063,INC02134,3100000.0,1850000.0,1000000.0,6000000.0,4950000.0,investment_return,2024-03-24 23:28:00
BGT08972,USR025,INC03795,2050000.0,1300000.0,700000.0,4050000.0,3350000.0,freelance,2023-05-05 15:51:00
BGT07992,USR038,INC05438,2500000.0,1400000.0,550000.0,4450000.0,3900000.0,part_time,2023-07-07 21:20:00
BGT08845,USR071,INC04845,4750000.0,2600000.0,1600000.0,8950000.0,7350000.0,business,2024-02-28 15:04:00
BGT02835,USR025,INC03346,2350000.0,1450000.0,700000.0,4500000.0,3800000.0,allowance,2023-06-09 00:10:00
BGT06494,USR073,INC00881,2800000.0,1650000.0,1900000.0,6400000.0,4450000.0,bonus,2023-05-18 02:38:00
BGT04838,USR069,INC03954,4850000.0,2800000.0,1700000.0,9350000.0,7650000.0,freelance,2024-08-21 00:01:00
BGT09776,USR024,INC00450,2600000.0,1600000.0,600000.0,4800000.0,4200000.0,internship,2023-11-12 15:14:00
BGT07506,USR039,INC01063,1700000.0,1050000.0,1000000.0,3750000.0,2750000.0,allowance,2024-04-01 12:27:00
BGT06532,USR063,INC02772,2250000.0,1300000.0,1100000.0,4650000.0,3550000.0,salary,2024-05-29 04:42:00
BGT01721,USR026,INC00763,900000.0,400000.0,300000.0,1600000.0,1300000.0,part_time,2024-12-12 13:18:00
BGT00933,USR002,INC00170,650000.0,400000.0,200000.0,1250000.0,1050000.0,part_time,2023-01-13 17:58:00
BGT05881,USR012,INC07440,1250000.0,850000.0,600000.0,2700000.0,2100000.0,part_time,2023-05-08 08:07:00
BGT04174,USR012,INC07180,1300000.0,800000.0,250000.0,2350000.0,2100000.0,part_time,2024-04-23 22:21:00
BGT05617,USR062,INC08771,2650000.0,1700000.0,1550000.0,5900000.0,4350000.0,business,2023-05-16 17:45:00
BGT05739,USR062,INC00870,2400000.0,1350000.0,650000.0,4400000.0,3750000.0,investment_return,2023-12-30 21:35:00
BGT01396,USR054,INC03639,1850000.0,1150000.0,750000.0,3750000.0,3000000.0,salary,2023-01-20 01:42:00
BGT02261,USR002,INC04970,1300000.0,800000.0,850000.0,2950000.0,2100000.0,allowance,2023-08-11 17:18:00
BGT05111,USR066,INC02700,2600000.0,1550000.0,850000.0,5000000.0,4150000.0,investment_return,2023-12-01 18:04:00
BGT03214,USR033,INC01692,1650000.0,1000000.0,950000.0,3600000.0,2650000.0,freelance,2024-08-13 05:09:00
BGT04739,USR020,INC02588,550000.0,400000.0,250000.0,1200000.0,950000.0,part_time,2024-11-26 06:09:00
BGT05066,USR031,INC00288,1750000.0,1200000.0,550000.0,3500000.0,2950000.0,allowance,2024-04-12 11:23:00
BGT06188,USR049,INC09187,2600000.0,1600000.0,1550000.0,5800000.0,4200000.0,bonus,2024-03-22 09:27:00
BGT02367,USR006,INC08051,900000.0,550000.0,250000.0,1700000.0,1450000.0,part_time,2024-02-04 19:16:00
BGT07398,USR067,INC07001,4550000.0,2800000.0,1750000.0,9100000.0,7350000.0,bonus,2024-06-03 15:44:00
BGT05094,USR075,INC05445,3450000.0,2000000.0,1700000.0,7150000.0,5450000.0,business,2023-10-07 13:32:00
BGT07629,USR053,INC02456,3800000.0,2500000.0,1500000.0,7800000.0,6300000.0,freelance,2024-10-11 07:40:00
BGT04093,USR044,INC07972,-2900000.0,1600000.0,1450000.0,5950000.0,-1300000.0,business,2024-05-18 03:47:00
BGT04663,USR008,INC07558,950000.0,650000.0,450000.0,2050000.0,1600000.0,allowance,2024-08-04 19:25:00
BGT06399,USR011,INC09247,800000.0,450000.0,350000.0,1650000.0,1250000.0,allowance,2023-08-28 04:30:00
BGT07865,USR070,INC09668,3950000.0,2250000.0,2050000.0,8250000.0,6200000.0,bonus,2023-08-27 09:00:00
BGT04756,USR050,INC06488,3300000.0,1950000.0,1250000.0,6500000.0,5250000.0,salary,2024-05-30 23:14:00
BGT00188,USR064,INC00102,4350000.0,2300000.0,1550000.0,8200000.0,6650000.0,bonus,2024-12-11 16:22:00
BGT01340,USR075,INC08949,3350000.0,2250000.0,1250000.0,6850000.0,5600000.0,bonus,2024-05-01 06:17:00
BGT09346,USR001,INC04609,1100000.0,700000.0,400000.0,2200000.0,1800000.0,part_time,2024-07-17 11:01:00
BGT07068,USR035,INC01891,2400000.0,1300000.0,800000.0,4550000.0,3700000.0,part_time,2024-05-31 17:31:00
BGT03022,USR064,INC08284,2000000.0,1150000.0,1250000.0,4400000.0,3150000.0,salary,2023-09-11 02:31:00
BGT08749,USR031,INC04662,2650000.0,1400000.0,850000.0,4900000.0,4050000.0,allowance,2024-06-07 20:26:00
BGT04972,USR014,INC06016,1250000.0,900000.0,550000.0,2700000.0,2150000.0,part_time,2023-05-23 07:27:00
BGT05411,USR025,INC02103,1900000.0,1050000.0,700000.0,3650000.0,2950000.0,internship,2024-01-10 04:52:00
BGT02368,USR047,INC04822,3250000.0,2050000.0,1300000.0,6600000.0,5300000.0,bonus,2023-08-08 22:46:00
BGT02077,USR070,INC09492,2500000.0,1200000.0,850000.0,4550000.0,3700000.0,business,2023-02-10 08:57:00
BGT01873,USR038,INC02198,1150000.0,700000.0,350000.0,2200000.0,1850000.0,internship,2024-03-27 22:46:00
BGT09576,USR020,INC04483,1450000.0,750000.0,600000.0,2800000.0,2200000.0,scholarship,2023-12-26 07:27:00
BGT00580,USR011,INC02980,1350000.0,600000.0,450000.0,2400000.0,1950000.0,allowance,2024-02-28 08:02:00
BGT01898,USR061,INC04095,2200000.0,1250000.0,600000.0,4100000.0,3450000.0,freelance,2024-01-19 08:21:00
BGT05677,USR030,INC04775,1450000.0,850000.0,850000.0,3150000.0,2300000.0,allowance,2024-12-26 20:49:00
BGT07715,USR033,INC03966,2200000.0,1450000.0,800000.0,4450000.0,3650000.0,internship,2023-04-28 03:02:00
BGT05593,USR044,INC06739,2950000.0,1800000.0,900000.0,5700000.0,4750000.0,freelance,2024-07-31 13:08:00
BGT00480,USR068,INC03294,3700000.0,2600000.0,1750000.0,8050000.0,6300000.0,freelance,2023-10-04 14:12:00
BGT01081,USR034,INC04510,2300000.0,1300000.0,1050000.0,4650000.0,3600000.0,freelance,2024-10-02 13:41:00
BGT03658,USR012,INC03410,600000.0,350000.0,250000.0,1200000.0,950000.0,part_time,2023-05-21 15:54:00
BGT08094,USR048,INC03616,2350000.0,1350000.0,1300000.0,5000000.0,3700000.0,business,2023-10-12 11:14:00
BGT03259,USR075,INC01669,4900000.0,2750000.0,1250000.0,8900000.0,7650000.0,freelance,2024-10-04 11:26:00
BGT08128,USR037,INC03143,1450000.0,1100000.0,700000.0,3250000.0,2550000.0,freelance,2023-05-08 07:45:00
BGT05427,USR054,INC07119,1850000.0,1100000.0,600000.0,3600000.0,2950000.0,freelance,2024-01-10 08:11:00
BGT06687,USR027,INC07030,1150000.0,800000.0,450000.0,2400000.0,1950000.0,allowance,2023-02-19 09:16:00
BGT04241,USR065,INC03641,4500000.0,2900000.0,1400000.0,8850000.0,7400000.0,freelance,2024-12-31 11:21:00
BGT04336,USR049,INC07656,3000000.0,1700000.0,1600000.0,6300000.0,4700000.0,freelance,2024-07-12 00:37:00
BGT01859,USR061,INC09870,3850000.0,2700000.0,1650000.0,8200000.0,6550000.0,freelance,2024-09-19 19:34:00
BGT04163,USR014,INC09219,1450000.0,850000.0,500000.0,2800000.0,2300000.0,part_time,2023-05-31 23:43:00
BGT02846,USR016,INC01654,550000.0,300000.0,300000.0,1150000.0,850000.0,scholarship,2024-06-16 21:40:00
BGT00945,USR070,INC08470,2350000.0,1300000.0,850000.0,4550000.0,3650000.0,salary,2024-10-16 08:55:00
BGT04126,USR025,INC00453,2350000.0,1450000.0,600000.0,4400000.0,3800000.0,allowance,2024-06-30 07:47:00
BGT01864,USR033,INC05297,1800000.0,950000.0,550000.0,3300000.0,2750000.0,part_time,2023-10-19 23:17:00
BGT07617,USR051,INC00509,4050000.0,2400000.0,800000.0,7250000.0,6450000.0,freelance,2024-09-02 21:33:00
BGT09076,USR014,INC03419,1050000.0,550000.0,450000.0,2050000.0,1600000.0,scholarship,2023-03-26 20:16:00
BGT06757,USR057,INC07430,2700000.0,1850000.0,1450000.0,6000000.0,4550000.0,freelance,2023-08-15 00:04:00
BGT04640,USR069,INC02100,4500000.0,2650000.0,2250000.0,9400000.0,7150000.0,bonus,2023-03-26 21:33:00
BGT02529,USR057,INC02466,2050000.0,1100000.0,600000.0,3750000.0,3150000.0,freelance,2024-05-06 17:55:00
BGT06789,USR070,INC06674,3650000.0,2500000.0,1450000.0,7600000.0,6150000.0,investment_return,2023-05-02 20:42:00
BGT03852,USR070,INC04852,2350000.0,1100000.0,800000.0,4300000.0,3450000.0,bonus,2024-06-30 19:16:00
BGT02146,USR057,INC00873,2500000.0,1250000.0,950000.0,4700000.0,3750000.0,bonus,2023-02-16 17:08:00
BGT02992,USR010,INC00519,1500000.0,750000.0,550000.0,2800000.0,2250000.0,part_time,2024-01-13 13:00:00
BGT00026,USR009,INC04160,1200000.0,800000.0,400000.0,2400000.0,2000000.0,scholarship,2024-11-23 07:02:00
BGT04078,USR074,INC03864,4550000.0,2750000.0,2150000.0,9450000.0,7300000.0,investment_return,2024-12-30 21:51:00
BGT01851,USR037,INC05848,1850000.0,950000.0,600000.0,3400000.0,2800000.0,allowance,2023-05-28 13:53:00
BGT09390,USR016,INC08138,850000.0,550000.0,450000.0,1850000.0,1400000.0,part_time,2023-10-30 07:07:00
BGT03001,USR036,INC03804,2300000.0,1350000.0,1000000.0,4650000.0,3650000.0,allowance,2024-10-27 11:44:00
BGT00596,USR014,INC03146,650000.0,400000.0,400000.0,1450000.0,1050000.0,allowance,2023-01-23 00:47:00
BGT06849,USR011,INC08956,1450000.0,900000.0,300000.0,2650000.0,2350000.0,scholarship,2024-01-21 05:52:00
BGT00628,USR071,INC07523,3950000.0,2400000.0,2450000.0,8800000.0,6350000.0,business,2024-05-06 09:58:00
BGT00902,USR030,INC09402,2200000.0,1450000.0,1350000.0,5000000.0,3650000.0,freelance,2023-01-09 08:06:00
BGT00928,USR026,INC05669,1750000.0,1000000.0,700000.0,3450000.0,2750000.0,part_time,2023-09-23 03:43:00
BGT00303,USR056,INC00273,1550000.0,1050000.0,700000.0,3300000.0,2600000.0,salary,2023-09-09 12:33:00
BGT04536,USR048,INC04926,2550000.0,1650000.0,1050000.0,5250000.0,4200000.0,freelance,2024-03-01 10:36:00
BGT02150,USR070,INC05113,3800000.0,2300000.0,1850000.0,7950000.0,6100000.0,salary,2023-07-23 04:18:00
BGT00567,USR046,INC05444,2650000.0,2050000.0,1350000.0,6050000.0,4700000.0,business,2023-11-15 19:55:00
BGT09139,USR066,INC04186,3300000.0,2250000.0,1750000.0,7300000.0,5550000.0,salary,2024-08-20 15:59:00
BGT05790,USR016,INC00574,600000.0,350000.0,350000.0,1350000.0,950000.0,part_time,2024-11-18 21:43:00
BGT09802,USR054,INC09105,1600000.0,1100000.0,850000.0,3550000.0,2700000.0,salary,2024-05-25 17:36:00
BGT01507,USR066,INC00911,3700000.0,2300000.0,1700000.0,7700000.0,6000000.0,bonus,2024-04-05 02:20:00
BGT06135,USR003,INC09469,1200000.0,700000.0,350000.0,2300000.0,1900000.0,allowance,2024-02-23 19:37:00
BGT05871,USR052,INC04463,2100000.0,1350000.0,1000000.0,4450000.0,3450000.0,salary,2024-01-24 12:58:00
BGT03644,USR008,INC00469,1100000.0,650000.0,450000.0,2200000.0,1750000.0,part_time,2023-05-10 01:48:00
BGT03588,USR016,INC01754,1000000.0,700000.0,350000.0,2050000.0,1700000.0,part_time,2023-06-15 06:48:00
BGT06069,USR075,INC03952,2400000.0,1300000.0,1200000.0,4900000.0,3700000.0,business,2023-04-29 05:34:00
BGT02175,USR065,INC05451,4000000.0,2350000.0,800000.0,7150000.0,6350000.0,bonus,2023-11-05 02:09:00
BGT02487,USR024,INC01542,1150000.0,650000.0,300000.0,2150000.0,1800000.0,freelance,2023-04-10 18:39:00
BGT03793,USR024,INC06732,2450000.0,1550000.0,650000.0,4650000.0,4000000.0,internship,2024-10-31 20:45:00
BGT01194,USR039,INC03579,900000.0,600000.0,550000.0,2050000.0,1500000.0,freelance,2024-09-20 22:08:00
BGT09830,USR035,INC01571,1800000.0,1150000.0,550000.0,3500000.0,2950000.0,internship,2023-09-01 10:24:00
BGT01084,USR040,INC09578,1450000.0,800000.0,450000.0,2700000.0,2250000.0,part_time,2024-09-04 08:21:00
BGT07557,USR004,INC02366,1450000.0,750000.0,550000.0,270000000.0,2200000.0,part_time,2023-10-27 00:11:00
BGT09184,USR001,INC04636,850000.0,600000.0,250000.0,1700000.0,1450000.0,part_time,2024-10-07 13:51:00
BGT06032,USR056,INC00989,2050000.0,1300000.0,900000.0,4250000.0,3350000.0,bonus,2024-01-21 14:10:00
BGT01795,USR003,INC04421,1450000.0,850000.0,700000.0,3000000.0,2300000.0,allowance,2023-08-08 15:01:00
BGT09595,USR004,INC08316,1450000.0,900000.0,600000.0,2950000.0,2350000.0,scholarship,2024-02-04 15:47:00
BGT02458,USR041,INC04754,3000000.0,2100000.0,1600000.0,6700000.0,5100000.0,salary,2024-03-01 10:03:00
BGT06554,USR022,INC03104,1700000.0,800000.0,500000.0,3000000.0,2500000.0,freelance,2023-06-09 03:07:00
BGT03349,USR036,INC09044,2450000.0,1200000.0,800000.0,4450000.0,3650000.0,internship,2023-10-03 03:31:00
BGT00019,USR021,INC01677,2300000.0,1500000.0,750000.0,4550000.0,3800000.0,internship,2023-03-26 14:15:00
BGT00741,USR061,INC09385,3850000.0,2350000.0,1350000.0,7550000.0,6200000.0,freelance,2023-02-28 17:12:00
BGT08328,USR012,INC09505,800000.0,400000.0,300000.0,1500000.0,1200000.0,allowance,2024-06-05 02:42:00
BGT05189,USR047,INC06309,2900000.0,1500000.0,950000.0,5400000.0,4400000.0,salary,2023-11-28 08:46:00
BGT01756,USR047,INC06334,2450000.0,1250000.0,1050000.0,4750000.0,3700000.0,salary,2023-12-21 14:14:00
BGT04922,USR027,INC01699,2100000.0,1100000.0,1050000.0,4250000.0,3200000.0,part_time,2024-08-05 17:31:00
BGT05841,USR018,INC01060,600000.0,300000.0,250000.0,1150000.0,900000.0,scholarship,2023-11-07 09:50:00
BGT07320,USR064,INC05638,2550000.0,1300000.0,950000.0,4800000.0,3850000.0,investment_return,2024-12-26 17:34:00
BGT01429,USR022,INC09334,1700000.0,950000.0,750000.0,3450000.0,2650000.0,freelance,2024-01-30 14:02:00
BGT01876,USR052,INC01424,3750000.0,1900000.0,1300000.0,6950000.0,5650000.0,business,2024-10-25 17:41:00
BGT08231,USR054,INC06910,2000000.0,1250000.0,850000.0,4100000.0,3250000.0,business,2024-10-18 08:56:00
BGT06887,USR012,INC07292,600000.0,300000.0,150000.0,1050000.0,900000.0,scholarship,2023-06-09 20:03:00
BGT04138,USR035,INC03975,1100000.0,650000.0,400000.0,2150000.0,1750000.0,freelance,2024-05-26 13:55:00
BGT04527,USR012,INC07397,1200000.0,750000.0,500000.0,2450000.0,1950000.0,allowance,2023-07-13 09:54:00
BGT04679,USR001,INC02284,750000.0,550000.0,300000.0,1600000.0,1300000.0,scholarship,2023-01-01 01:41:00
BGT02297,USR057,INC02965,2900000.0,1700000.0,550000.0,5200000.0,4600000.0,bonus,2023-06-02 13:39:00
BGT02750,USR056,INC08723,3400000.0,1950000.0,950000.0,6300000.0,5350000.0,freelance,2023-01-02 07:58:00
BGT03131,USR030,INC07048,1700000.0,1150000.0,950000.0,3800000.0,2850000.0,freelance,2024-10-07 10:35:00
BGT06310,USR022,INC03523,2050000.0,1350000.0,950000.0,4400000.0,3400000.0,internship,2024-11-08 16:23:00
BGT08726,USR014,INC06065,1450000.0,850000.0,350000.0,2650000.0,2300000.0,part_time,2024-08-15 23:12:00
BGT02064,USR034,INC00957,1450000.0,750000.0,400000.0,2600000.0,2200000.0,freelance,2023-05-22 17:21:00
BGT07788,USR026,INC00674,900000.0,500000.0,300000.0,1700000.0,1400000.0,part_time,2023-01-05 05:51:00
BGT09065,USR034,INC05135,1550000.0,950000.0,400000.0,2900000.0,2500000.0,allowance,2023-04-15 11:25:00
BGT02201,USR018,INC08517,1550000.0,750000.0,550000.0,2850000.0,2300000.0,part_time,2023-05-29 12:55:00
BGT01925,USR026,INC08078,1550000.0,1000000.0,400000.0,3000000.0,2550000.0,allowance,2024-02-16 23:54:00
BGT04904,USR074,INC04942,2050000.0,1450000.0,1050000.0,4550000.0,3500000.0,business,2023-02-02 11:20:00
BGT08698,USR060,INC06820,4100000.0,2050000.0,1200000.0,7350000.0,6150000.0,bonus,2023-12-03 17:52:00
BGT00990,USR064,INC07794,2100000.0,1400000.0,850000.0,4350000.0,3500000.0,bonus,2024-01-04 23:45:00
BGT00279,USR068,INC02769,2300000.0,1300000.0,1250000.0,4850000.0,3600000.0,investment_return,2023-11-19 15:30:00
BGT06200,USR021,INC01199,1450000.0,1050000.0,650000.0,3200000.0,2500000.0,part_time,2023-08-31 08:37:00
BGT00156,USR055,INC03525,2600000.0,1550000.0,950000.0,5100000.0,4150000.0,business,2024-05-07 23:13:00
BGT02648,USR040,INC07145,2200000.0,1450000.0,900000.0,4550000.0,3650000.0,part_time,2023-12-18 03:03:00
BGT08693,USR034,INC07673,1200000.0,600000.0,450000.0,2250000.0,1800000.0,allowance,2023-08-06 15:32:00
BGT00640,USR059,INC05224,4000000.0,2300000.0,1400000.0,7700000.0,6300000.0,business,2023-04-24 03:09:00
BGT03226,USR003,INC03052,1200000.0,800000.0,350000.0,2350000.0,2000000.0,part_time,2024-07-03 23:09:00
BGT08138,USR073,INC00063,2000000.0,1300000.0,700000.0,4000000.0,3300000.0,salary,2024-07-03 13:43:00
BGT06498,USR039,INC04436,1600000.0,900000.0,700000.0,3250000.0,2500000.0,part_time,2023-07-07 03:50:00
BGT08671,USR067,INC04406,4000000.0,2200000.0,2300000.0,8500000.0,6200000.0,bonus,2023-04-07 11:53:00
BGT07505,USR073,INC01655,4350000.0,2300000.0,1250000.0,7950000.0,6650000.0,investment_return,2023-07-01 13:06:00
BGT02876,USR070,INC01801,3250000.0,1900000.0,1900000.0,7050000.0,5150000.0,salary,2023-01-08 09:10:00
BGT04964,USR061,INC00867,2150000.0,1450000.0,1050000.0,4650000.0,3600000.0,bonus,2023-01-28 15:59:00
BGT08221,USR051,INC05813,3700000.0,2350000.0,1050000.0,7150000.0,6050000.0,business,2023-10-26 09:40:00
BGT05233,USR071,INC09052,2500000.0,1450000.0,1400000.0,5350000.0,3950000.0,investment_return,2023-10-02 22:18:00
BGT09391,USR065,INC03847,4900000.0,3250000.0,1650000.0,9800000.0,8150000.0,bonus,2024-08-15 17:35:00
BGT02678,USR028,INC04868,1300000.0,700000.0,350000.0,2350000.0,2000000.0,allowance,2024-06-06 15:48:00
BGT02162,USR047,INC00784,1850000.0,1050000.0,500000.0,3450000.0,2900000.0,business,2023-01-30 04:48:00
BGT04330,USR037,INC07674,1350000.0,650000.0,550000.0,2550000.0,2000000.0,internship,2023-10-07 19:03:00
BGT04022,USR025,INC01024,1250000.0,800000.0,550000.0,2650000.0,2050000.0,part_time,2024-12-17 01:05:00
BGT04587,USR061,INC03533,4550000.0,2550000.0,1150000.0,8300000.0,7100000.0,bonus,2023-09-09 23:41:00
BGT08129,USR042,INC08992,1600000.0,1000000.0,600000.0,3200000.0,2600000.0,bonus,2024-05-26 03:03:00
BGT05131,USR066,INC01527,2500000.0,1400000.0,1050000.0,4950000.0,3900000.0,business,2024-10-17 15:53:00
BGT02492,USR019,INC07297,1250000.0,750000.0,600000.0,2600000.0,2000000.0,part_time,2024-03-06 21:40:00
BGT09758,USR034,INC06534,750000.0,500000.0,250000.0,1500000.0,1250000.0,freelance,2023-04-05 21:47:00
BGT02729,USR040,INC02391,1050000.0,700000.0,600000.0,2350000.0,1750000.0,allowance,2023-12-16 02:39:00
BGT03851,USR016,INC09312,800000.0,500000.0,400000.0,1700000.0,1300000.0,freelance,2024-12-01 21:35:00
BGT03550,USR001,INC08645,1300000.0,800000.0,300000.0,2450000.0,2100000.0,part_time,2023-06-25 23:07:00
BGT09885,USR063,INC02006,2250000.0,1300000.0,1100000.0,4650000.0,3550000.0,freelance,2023-04-18 19:54:00
BGT09546,USR035,INC01732,1900000.0,1100000.0,800000.0,3800000.0,3000000.0,allowance,2024-09-01 05:36:00
BGT06833,USR034,INC04243,1950000.0,1050000.0,550000.0,3550000.0,3000000.0,allowance,2023-12-15 06:33:00
BGT00198,USR042,INC07817,4050000.0,2550000.0,900000.0,7500000.0,6600000.0,freelance,2023-11-03 18:50:00
BGT04712,USR015,INC06879,1250000.0,750000.0,800000.0,2800000.0,2000000.0,scholarship,2024-11-17 10:58:00
BGT06933,USR046,INC02451,3000000.0,1850000.0,1550000.0,6400000.0,4850000.0,bonus,2023-07-22 00:19:00
BGT03626,USR022,INC08161,2000000.0,1100000.0,1150000.0,4250000.0,3100000.0,allowance,2023-07-01 13:30:00
BGT06731,USR053,INC07101,2600000.0,1950000.0,1350000.0,5900000.0,4550000.0,freelance,2024-10-05 12:51:00
BGT08636,USR029,INC00074,1850000.0,1100000.0,900000.0,3850000.0,2950000.0,allowance,2023-06-17 12:52:00
BGT00808,USR044,INC08557,2100000.0,1100000.0,650000.0,3850000.0,3200000.0,salary,2024-05-29 12:36:00
BGT06628,USR047,INC02998,2300000.0,1550000.0,850000.0,4700000.0,3850000.0,freelance,2023-03-02 14:38:00
BGT06583,USR028,INC04918,1500000.0,900000.0,900000.0,3300000.0,2400000.0,part_time,2024-08-30 15:51:00
BGT01966,USR035,INC09842,1450000.0,1000000.0,600000.0,3050000.0,2450000.0,part_time,2023-01-23 00:25:00
BGT01187,USR053,INC09699,3600000.0,2400000.0,1050000.0,7050000.0,6000000.0,salary,2023-05-28 05:58:00
BGT01289,USR053,INC07740,1300000.0,900000.0,800000.0,3000000.0,2200000.0,bonus,2023-05-20 15:31:00
BGT00317,USR026,INC01762,1400000.0,700000.0,500000.0,2600000.0,2100000.0,freelance,2024-10-11 22:57:00
BGT02566,USR046,INC04183,2000000.0,1250000.0,1200000.0,4500000.0,3250000.0,freelance,2024-08-03 14:05:00
BGT05737,USR017,INC06473,550000.0,300000.0,300000.0,1200000.0,850000.0,allowance,2023-09-30 12:37:00
BGT01860,USR013,INC03225,1150000.0,750000.0,400000.0,2300000.0,1900000.0,allowance,2024-11-23 23:58:00
BGT08529,USR050,INC04310,3000000.0,1650000.0,1550000.0,6200000.0,4650000.0,bonus,2024-12-03 03:11:00
BGT09583,USR014,INC08050,1300000.0,850000.0,700000.0,2850000.0,2150000.0,allowance,2023-03-16 13:06:00
BGT08585,USR070,INC00437,3800000.0,2400000.0,2400000.0,8600000.0,6200000.0,freelance,2023-05-02 04:25:00
BGT02561,USR004,INC01361,850000.0,550000.0,500000.0,1900000.0,1400000.0,part_time,2024-01-19 15:09:00
BGT06396,USR038,INC02043,2050000.0,1300000.0,650000.0,4000000.0,3350000.0,part_time,2023-12-19 01:39:00
BGT03327,USR063,INC09030,4350000.0,2400000.0,1600000.0,8350000.0,6750000.0,business,2023-09-25 16:14:00
BGT00827,USR037,INC07687,2350000.0,1650000.0,1000000.0,5000000.0,4000000.0,part_time,2024-10-03 03:57:00
BGT00006,USR005,INC05546,1500000.0,850000.0,600000.0,2950000.0,2350000.0,part_time,2024-01-25 12:27:00
BGT01162,USR012,INC08475,1100000.0,550000.0,350000.0,2050000.0,1650000.0,allowance,2024-05-22 21:01:00
BGT04011,USR020,INC00692,1100000.0,550000.0,500000.0,2150000.0,1650000.0,part_time,2024-06-02 16:32:00
BGT06736,USR066,INC07693,2550000.0,1600000.0,1700000.0,5850000.0,4150000.0,investment_return,2024-06-13 20:12:00
BGT08852,USR071,INC01763,2950000.0,1850000.0,1000000.0,5800000.0,4800000.0,bonus,2023-07-26 04:09:00
BGT08908,USR002,INC01956,1100000.0,600000.0,400000.0,2100000.0,1700000.0,scholarship,2023-09-13 16:35:00
BGT08097,USR039,INC03825,1100000.0,600000.0,250000.0,1950000.0,1700000.0,freelance,2024-11-05 09:15:00
BGT06746,USR048,INC00448,2900000.0,2100000.0,1500000.0,6500000.0,5000000.0,freelance,2024-01-22 15:41:00
BGT08971,USR038,INC08683,1300000.0,750000.0,450000.0,2500000.0,2050000.0,part_time,2024-10-29 04:04:00
BGT05251,USR059,INC07783,2650000.0,1450000.0,750000.0,4850000.0,4100000.0,bonus,2024-08-09 01:53:00
BGT05758,USR073,INC04990,2800000.0,1750000.0,800000.0,5350000.0,4550000.0,freelance,2024-09-01 18:18:00
BGT08823,USR010,INC07752,900000.0,450000.0,300000.0,1700000.0,1350000.0,part_time,2024-11-13 05:17:00
BGT06989,USR011,INC09955,500000.0,300000.0,300000.0,1100000.0,800000.0,part_time,2023-07-15 20:55:00
BGT02329,USR028,INC04262,1950000.0,1300000.0,950000.0,4200000.0,3250000.0,allowance,2024-03-01 09:53:00
BGT03909,USR045,INC02539,3500000.0,2150000.0,2000000.0,7650000.0,5650000.0,freelance,2024-06-21 23:38:00
BGT07746,USR059,INC01596,1950000.0,1150000.0,650000.0,3750000.0,3100000.0,business,2024-11-25 03:22:00
BGT09569,USR007,INC05982,800000.0,400000.0,400000.0,1600000.0,1200000.0,scholarship,2024-12-05 22:01:00
BGT04040,USR023,INC02208,2100000.0,1350000.0,700000.0,4150000.0,3450000.0,freelance,2024-05-22 17:57:00
BGT09656,USR002,INC08336,1150000.0,800000.0,600000.0,255000000.0,1950000.0,scholarship,2023-02-27 19:58:00
BGT01212,USR016,INC01927,1450000.0,800000.0,450000.0,2750000.0,2250000.0,scholarship,2023-11-16 10:52:00
BGT06418,USR024,INC01587,1500000.0,1000000.0,800000.0,3300000.0,2500000.0,internship,2023-03-24 17:32:00
BGT06005,USR036,INC03081,900000.0,650000.0,400000.0,1950000.0,1550000.0,internship,2023-05-12 18:03:00
BGT08659,USR060,INC07512,3350000.0,1900000.0,1450000.0,6700000.0,5250000.0,bonus,2024-10-28 15:42:00
BGT05002,USR064,INC09296,3250000.0,2050000.0,1300000.0,6600000.0,5300000.0,salary,2023-12-04 13:11:00
BGT02969,USR059,INC05620,2800000.0,1400000.0,850000.0,5050000.0,4200000.0,salary,2023-01-27 23:22:00
BGT09503,USR047,INC09833,2050000.0,1300000.0,950000.0,4300000.0,3350000.0,freelance,2024-01-26 04:51:00
BGT06601,USR075,INC09377,2150000.0,1350000.0,1100000.0,4600000.0,3500000.0,freelance,2023-09-04 06:14:00
BGT01404,USR008,INC04389,600000.0,350000.0,250000.0,1200000.0,950000.0,scholarship,2024-04-28 18:09:00
BGT07069,USR037,INC00259,1700000.0,950000.0,600000.0,3250000.0,2650000.0,internship,2024-09-17 00:20:00
BGT06549,USR001,INC04410,1150000.0,750000.0,650000.0,2550000.0,1900000.0,allowance,2024-05-26 02:38:00
BGT05355,USR039,INC06251,2600000.0,1600000.0,650000.0,4850000.0,4200000.0,allowance,2024-11-25 15:03:00
BGT07446,USR062,INC07254,3200000.0,1850000.0,1350000.0,6400000.0,5050000.0,freelance,2024-05-11 05:12:00
BGT05182,USR023,INC03926,2650000.0,1500000.0,750000.0,4900000.0,4150000.0,freelance,2023-04-11 21:25:00
BGT02382,USR064,INC05534,3400000.0,2300000.0,1900000.0,7600000.0,5700000.0,business,2023-11-13 16:04:00
BGT03898,USR044,INC09951,2000000.0,1200000.0,750000.0,3950000.0,3200000.0,business,2023-02-20 01:25:00
BGT09951,USR029,INC05854,2000000.0,1350000.0,950000.0,4300000.0,3350000.0,freelance,2024-10-22 15:29:00
BGT01971,USR018,INC05263,1300000.0,700000.0,550000.0,2550000.0,2000000.0,scholarship,2023-06-06 19:24:00
BGT03491,USR007,INC09547,1250000.0,750000.0,850000.0,2850000.0,2000000.0,part_time,2023-11-17 03:57:00
BGT02706,USR023,INC01535,1450000.0,850000.0,300000.0,2600000.0,2300000.0,part_time,2024-02-13 02:08:00
BGT08192,USR015,INC00361,850000.0,550000.0,250000.0,1650000.0,1400000.0,allowance,2023-07-23 04:01:00
BGT07642,USR027,INC03838,1800000.0,1200000.0,900000.0,3950000.0,3000000.0,allowance,2024-04-17 01:44:00
BGT04211,USR026,INC02048,1700000.0,1150000.0,800000.0,3650000.0,2850000.0,allowance,2024-10-19 20:51:00
BGT04400,USR004,INC06241,-700000.0,350000.0,250000.0,1300000.0,-350000.0,scholarship,2023-05-15 02:50:00
BGT06918,USR065,INC06666,3300000.0,2200000.0,1150000.0,6650000.0,5500000.0,salary,2024-11-09 16:03:00
BGT08237,USR025,INC00679,2500000.0,1550000.0,850000.0,4900000.0,4050000.0,part_time,2024-10-22 15:41:00
BGT00191,USR014,INC06618,1450000.0,900000.0,550000.0,2900000.0,2350000.0,scholarship,2023-10-23 12:21:00
BGT05221,USR022,INC05437,1300000.0,750000.0,300000.0,2400000.0,2050000.0,internship,2024-11-28 20:21:00
BGT09062,USR071,INC05468,3850000.0,2250000.0,1000000.0,7100000.0,6100000.0,investment_return,2024-01-20 14:07:00
BGT01306,USR010,INC04457,1000000.0,650000.0,300000.0,1950000.0,1650000.0,part_time,2024-02-27 12:01:00
BGT04321,USR044,INC02060,2500000.0,1400000.0,800000.0,4700000.0,3900000.0,freelance,2023-01-20 07:55:00
BGT06203,USR075,INC09993,2750000.0,1350000.0,1000000.0,5100000.0,4100000.0,salary,2023-08-31 18:39:00
BGT03354,USR045,INC03168,4050000.0,2050000.0,1500000.0,7600000.0,6100000.0,bonus,2023-06-02 02:15:00
BGT07279,USR061,INC05686,5000000.0,2950000.0,1000000.0,8950000.0,7950000.0,bonus,2024-03-09 16:34:00
BGT02312,USR030,INC00031,1350000.0,900000.0,700000.0,2950000.0,2250000.0,freelance,2024-04-28 01:27:00
BGT03687,USR029,INC07395,1700000.0,1050000.0,800000.0,3550000.0,2750000.0,allowance,2023-07-20 16:14:00
BGT09331,USR051,INC08809,3100000.0,1900000.0,1500000.0,6500000.0,5000000.0,business,2024-07-24 03:23:00
BGT09603,USR041,INC09161,2250000.0,1250000.0,550000.0,4050000.0,3500000.0,business,2024-08-04 19:50:00
BGT09959,USR067,INC07304,3750000.0,2650000.0,2150000.0,8550000.0,6400000.0,salary,2024-04-30 02:01:00
BGT07916,USR029,INC09450,1600000.0,800000.0,550000.0,2950000.0,2400000.0,internship,2023-02-05 20:28:00
BGT07290,USR003,INC04810,750000.0,450000.0,500000.0,1700000.0,1200000.0,scholarship,2023-11-05 16:48:00
BGT05413,USR062,INC09130,4050000.0,2450000.0,2500000.0,9000000.0,6500000.0,investment_return,2023-09-23 02:40:00
BGT08355,USR018,INC02810,1100000.0,550000.0,400000.0,2050000.0,1650000.0,part_time,2023-04-04 15:17:00
BGT02986,USR021,INC09814,1300000.0,850000.0,500000.0,2650000.0,2150000.0,freelance,2024-06-05 13:25:00
BGT09980,USR011,INC07039,1000000.0,600000.0,350000.0,1950000.0,1600000.0,allowance,2023-01-22 02:56:00
BGT09440,USR007,INC06169,950000.0,550000.0,350000.0,1850000.0,1500000.0,scholarship,2024-11-11 04:53:00
BGT09919,USR043,INC09658,1750000.0,1050000.0,900000.0,3700000.0,2800000.0,salary,2024-12-12 01:52:00
BGT01797,USR019,INC02245,500000.0,350000.0,250000.0,1100000.0,850000.0,allowance,2024-09-05 00:55:00
BGT03716,USR047,INC09285,1550000.0,1000000.0,650000.0,3200000.0,2550000.0,salary,2023-03-09 13:36:00
BGT05235,USR023,INC08799,1700000.0,1050000.0,550000.0,3300000.0,2750000.0,allowance,2024-02-25 02:00:00
BGT04253,USR075,INC07911,4600000.0,2750000.0,1000000.0,8400000.0,7350000.0,salary,2023-03-30 09:31:00
BGT00320,USR032,INC09313,950000.0,600000.0,200000.0,1750000.0,1550000.0,part_time,2023-03-19 07:40:00
BGT07095,USR020,INC00731,850000.0,500000.0,350000.0,1700000.0,1350000.0,scholarship,2023-05-01 16:59:00
BGT06836,USR047,INC05446,3150000.0,1900000.0,1250000.0,6300000.0,5050000.0,freelance,2023-06-30 09:21:00
BGT07253,USR058,INC06758,2900000.0,2100000.0,1500000.0,6500000.0,5000000.0,salary,2024-08-28 03:20:00
BGT01240,USR044,INC03632,2650000.0,1700000.0,1400000.0,5750000.0,4350000.0,business,2023-08-04 16:22:00
BGT01943,USR018,INC08922,700000.0,400000.0,250000.0,1350000.0,1100000.0,allowance,2024-10-14 20:31:00
BGT04004,USR070,INC00860,2550000.0,1500000.0,550000.0,4600000.0,4050000.0,investment_return,2023-10-05 20:49:00
BGT00588,USR004,INC02328,1100000.0,650000.0,400000.0,2150000.0,1750000.0,scholarship,2023-04-22 01:33:00
BGT00043,USR048,INC06891,3200000.0,1800000.0,1850000.0,6850000.0,5000000.0,salary,2024-10-20 10:55:00
BGT00414,USR032,INC00242,1400000.0,1000000.0,500000.0,2900000.0,2400000.0,internship,2024-06-20 02:52:00
BGT09762,USR033,INC08553,1100000.0,650000.0,350000.0,2100000.0,1750000.0,allowance,2024-11-24 14:26:00
BGT05997,USR051,INC05182,3150000.0,2050000.0,1850000.0,7050000.0,5200000.0,bonus,2024-07-13 04:05:00
BGT07332,USR075,INC06691,3400000.0,1600000.0,1250000.0,6250000.0,5000000.0,investment_return,2024-11-20 02:52:00
BGT02195,USR020,INC08399,1050000.0,550000.0,300000.0,1900000.0,1600000.0,scholarship,2024-12-17 21:45:00
BGT01785,USR061,INC02521,3600000.0,2150000.0,2250000.0,8000000.0,5750000.0,salary,2024-12-12 15:51:00
BGT00329,USR012,INC02802,1000000.0,700000.0,450000.0,2150000.0,1700000.0,allowance,2023-10-06 10:24:00
BGT01923,USR040,INC07920,1900000.0,1200000.0,950000.0,4050000.0,3100000.0,freelance,2023-07-10 07:58:00
BGT02045,USR075,INC05361,3400000.0,2250000.0,1400000.0,7100000.0,5650000.0,freelance,2024-10-12 14:02:00
BGT04580,USR052,INC02986,4300000.0,2600000.0,1050000.0,7950000.0,6900000.0,business,2024-02-20 10:04:00
BGT02087,USR046,INC06363,2550000.0,1750000.0,1000000.0,5300000.0,4300000.0,bonus,2024-12-08 10:40:00
BGT04248,USR031,INC00866,2300000.0,1400000.0,700000.0,4450000.0,3700000.0,allowance,2023-01-24 14:47:00
BGT05338,USR006,INC02357,1450000.0,700000.0,500000.0,2650000.0,2150000.0,part_time,2024-01-23 08:40:00
BGT02311,USR075,INC01009,3600000.0,1950000.0,1750000.0,7300000.0,5550000.0,freelance,2023-07-03 02:57:00
BGT05766,USR066,INC03898,3300000.0,1850000.0,1200000.0,6350000.0,5150000.0,business,2023-05-01 12:52:00
BGT01535,USR040,INC03281,1650000.0,950000.0,550000.0,3150000.0,2600000.0,internship,2023-04-10 22:03:00
BGT09393,USR068,INC08342,2700000.0,1500000.0,750000.0,4950000.0,4200000.0,freelance,2023-10-07 07:24:00
BGT06595,USR014,INC03009,500000.0,300000.0,200000.0,1000000.0,800000.0,scholarship,2024-10-25 09:51:00
BGT09874,USR008,INC03753,550000.0,250000.0,150000.0,1000000.0,800000.0,allowance,2023-02-06 16:01:00
BGT05670,USR015,INC05565,800000.0,450000.0,300000.0,1600000.0,1250000.0,part_time,2024-04-08 20:39:00
BGT01447,USR070,INC03471,2200000.0,1350000.0,1000000.0,4550000.0,3550000.0,business,2024-07-28 07:24:00
BGT02589,USR053,INC05839,2100000.0,1250000.0,750000.0,4100000.0,3350000.0,bonus,2023-04-25 23:39:00
BGT02263,USR038,INC09142,2350000.0,1350000.0,1200000.0,4900000.0,3700000.0,freelance,2024-09-26 15:47:00
BGT03843,USR015,INC04676,500000.0,350000.0,200000.0,1050000.0,850000.0,scholarship,2024-08-11 16:55:00
BGT04722,USR019,INC00303,900000.0,500000.0,500000.0,1900000.0,1400000.0,part_time,2024-02-08 22:36:00
BGT02110,USR042,INC01055,2350000.0,1350000.0,1200000.0,4900000.0,3700000.0,salary,2024-12-02 06:46:00
BGT03256,USR038,INC08401,2250000.0,1300000.0,700000.0,4250000.0,3550000.0,allowance,2023-01-10 21:16:00
BGT02056,USR038,INC01984,2550000.0,1350000.0,850000.0,4750000.0,3900000.0,allowance,2023-11-11 16:06:00
BGT09873,USR071,INC00485,3400000.0,2150000.0,1650000.0,7200000.0,5550000.0,freelance,2024-12-25 18:32:00
BGT00060,USR018,INC05809,1050000.0,750000.0,550000.0,2350000.0,1800000.0,allowance,2024-08-28 07:13:00
BGT07211,USR067,INC07811,3200000.0,2100000.0,1500000.0,6850000.0,5300000.0,business,2023-10-03 00:37:00
BGT08444,USR005,INC05397,900000.0,650000.0,500000.0,2100000.0,1550000.0,allowance,2023-03-17 05:44:00
BGT01828,USR015,INC01910,1050000.0,650000.0,400000.0,2100000.0,1700000.0,part_time,2023-07-08 20:00:00
BGT04518,USR030,INC07491,900000.0,550000.0,300000.0,1750000.0,1450000.0,internship,2023-07-07 05:56:00
BGT07452,USR073,INC07593,3750000.0,2450000.0,2300000.0,8500000.0,6200000.0,investment_return,2024-01-16 07:03:00
BGT06547,USR025,INC07345,1250000.0,750000.0,600000.0,2600000.0,2000000.0,freelance,2023-01-19 17:06:00
BGT06084,USR028,INC01772,950000.0,600000.0,250000.0,1800000.0,1550000.0,part_time,2024-05-02 14:38:00
BGT00403,USR051,INC02386,2200000.0,1350000.0,1000000.0,4550000.0,3550000.0,bonus,2024-05-15 05:29:00
BGT08056,USR015,INC01320,1400000.0,750000.0,550000.0,270000000.0,2150000.0,allowance,2023-04-03 05:31:00
BGT01354,USR063,INC00597,3800000.0,2300000.0,1500000.0,7600000.0,6100000.0,investment_return,2023-02-06 10:22:00
BGT04111,USR016,INC06786,700000.0,450000.0,350000.0,1500000.0,1150000.0,scholarship,2023-04-06 08:03:00
BGT05302,USR033,INC09575,900000.0,550000.0,300000.0,1750000.0,1450000.0,internship,2024-01-06 03:10:00
BGT07402,USR020,INC08918,750000.0,550000.0,300000.0,1600000.0,1300000.0,part_time,2023-07-17 08:40:00
BGT07393,USR038,INC01380,1400000.0,800000.0,700000.0,2900000.0,2200000.0,freelance,2024-01-23 12:45:00
BGT09178,USR060,INC08993,3200000.0,1650000.0,1500000.0,6350000.0,4850000.0,bonus,2024-12-19 00:02:00
BGT05471,USR059,INC02394,4300000.0,2700000.0,950000.0,7950000.0,7000000.0,business,2024-04-15 12:12:00
BGT07858,USR064,INC01539,2200000.0,1300000.0,1150000.0,4650000.0,3500000.0,investment_return,2024-07-28 11:57:00
BGT02594,USR047,INC03367,3150000.0,1850000.0,950000.0,5950000.0,5000000.0,bonus,2024-05-24 13:24:00
BGT01796,USR018,INC04256,600000.0,400000.0,200000.0,1200000.0,1000000.0,scholarship,2024-11-11 22:20:00
BGT09486,USR018,INC00752,600000.0,400000.0,250000.0,1250000.0,1000000.0,part_time,2023-12-30 03:18:00
BGT03729,USR019,INC02704,650000.0,350000.0,200000.0,1200000.0,1000000.0,freelance,2023-12-11 13:42:00
BGT08330,USR013,INC07396,1450000.0,850000.0,700000.0,3000000.0,2300000.0,allowance,2023-11-07 09:56:00
BGT03254,USR046,INC02711,3800000.0,1950000.0,1550000.0,7300000.0,5750000.0,salary,2023-05-27 19:14:00
BGT04514,USR050,INC06491,2900000.0,1850000.0,1450000.0,6200000.0,4750000.0,business,2024-12-20 15:12:00
BGT08474,USR008,INC04055,750000.0,550000.0,400000.0,1700000.0,1300000.0,part_time,2024-04-04 00:02:00
BGT08579,USR003,INC08708,1200000.0,700000.0,500000.0,2450000.0,1900000.0,part_time,2023-04-13 05:03:00
BGT05715,USR043,INC03599,2700000.0,1600000.0,1050000.0,5350000.0,4300000.0,bonus,2024-02-20 19:41:00
BGT04678,USR074,INC01706,3450000.0,2000000.0,800000.0,6300000.0,5450000.0,bonus,2024-12-14 02:39:00
BGT05592,USR057,INC00423,2450000.0,1350000.0,1400000.0,5250000.0,3800000.0,salary,2023-07-16 13:53:00
BGT07316,USR031,INC00171,800000.0,450000.0,400000.0,1650000.0,1250000.0,allowance,2024-10-23 00:15:00
BGT06882,USR062,INC05020,3750000.0,2400000.0,900000.0,7050000.0,6150000.0,investment_return,2024-12-20 13:07:00
BGT07264,USR068,INC00683,3550000.0,2400000.0,1050000.0,7000000.0,5950000.0,salary,2023-02-27 02:21:00
BGT04016,USR006,INC06218,1100000.0,650000.0,450000.0,2200000.0,1750000.0,scholarship,2024-06-02 20:46:00
BGT09849,USR025,INC07926,1050000.0,600000.0,250000.0,1950000.0,1650000.0,internship,2024-02-12 01:23:00
BGT03245,USR020,INC08908,650000.0,400000.0,400000.0,1450000.0,1050000.0,allowance,2023-12-04 09:03:00
BGT00251,USR059,INC04452,3400000.0,1950000.0,1600000.0,6950000.0,5350000.0,bonus,2024-06-06 18:08:00
BGT00709,USR010,INC02116,900000.0,600000.0,500000.0,2000000.0,1500000.0,part_time,2024-09-28 13:10:00
BGT07177,USR006,INC04290,750000.0,500000.0,150000.0,1400000.0,1250000.0,scholarship,2023-11-29 09:49:00
BGT05562,USR072,INC09204,2750000.0,1600000.0,1750000.0,6100000.0,4350000.0,bonus,2023-04-04 02:38:00
BGT05283,USR021,INC05791,2350000.0,1450000.0,1050000.0,4850000.0,3800000.0,freelance,2024-07-11 09:43:00
BGT02667,USR032,INC00687,1500000.0,1100000.0,750000.0,3350000.0,2600000.0,internship,2024-09-28 02:57:00
BGT08497,USR039,INC09535,950000.0,550000.0,600000.0,2150000.0,1500000.0,internship,2024-01-14 02:31:00
BGT08866,USR074,INC08655,3200000.0,1700000.0,1650000.0,6550000.0,4900000.0,freelance,2023-11-05 04:36:00
BGT03234,USR024,INC03174,1600000.0,1000000.0,950000.0,3600000.0,2600000.0,allowance,2024-11-08 03:18:00
BGT07532,USR057,INC07745,2550000.0,1500000.0,850000.0,4900000.0,4050000.0,freelance,2024-03-12 06:22:00
BGT00361,USR049,INC06192,2200000.0,1500000.0,1000000.0,4700000.0,3700000.0,salary,2023-08-05 15:59:00
BGT00610,USR074,INC03974,4400000.0,2950000.0,1850000.0,9200000.0,7350000.0,investment_return,2024-01-18 16:41:00
BGT03681,USR047,INC06118,4100000.0,2450000.0,900000.0,7450000.0,6550000.0,bonus,2023-09-19 17:31:00
BGT01627,USR073,INC05473,4850000.0,2600000.0,1200000.0,8650000.0,7450000.0,bonus,2023-09-28 08:32:00
BGT05284,USR068,INC05816,3500000.0,2700000.0,1750000.0,8000000.0,6200000.0,freelance,2023-03-26 10:33:00
BGT05168,USR063,INC02863,2250000.0,1250000.0,650000.0,4200000.0,3500000.0,investment_return,2024-01-18 08:35:00
BGT03781,USR075,INC05075,4500000.0,2450000.0,2450000.0,9400000.0,6950000.0,bonus,2024-09-11 01:51:00
BGT02036,USR008,INC01528,650000.0,300000.0,200000.0,1200000.0,950000.0,allowance,2024-11-28 05:04:00
BGT09005,USR050,INC09990,2250000.0,1200000.0,1200000.0,4700000.0,3450000.0,freelance,2023-09-25 04:15:00
BGT00993,USR073,INC03705,4550000.0,2300000.0,1700000.0,8550000.0,6850000.0,bonus,2023-07-22 22:00:00
BGT07693,USR064,INC04637,4700000.0,2650000.0,1500000.0,8850000.0,7350000.0,business,2024-09-12 02:11:00
BGT09514,USR064,INC01321,3650000.0,2750000.0,1700000.0,8150000.0,6400000.0,business,2023-12-16 00:14:00
BGT07562,USR039,INC08311,1950000.0,1350000.0,700000.0,4000000.0,3300000.0,allowance,2024-06-09 20:57:00
BGT00513,USR011,INC00081,1200000.0,800000.0,350000.0,2350000.0,2000000.0,allowance,2023-02-14 15:45:00
BGT03139,USR041,INC06479,2050000.0,1450000.0,1200000.0,4700000.0,3500000.0,freelance,2024-06-01 15:57:00
BGT09345,USR003,INC09049,900000.0,500000.0,450000.0,1850000.0,1400000.0,allowance,2023-10-29 10:58:00
BGT01304,USR001,INC02458,750000.0,450000.0,300000.0,1500000.0,1200000.0,part_time,2024-01-23 21:58:00
BGT03829,USR026,INC01190,800000.0,500000.0,350000.0,1650000.0,1300000.0,internship,2024-06-02 13:34:00
BGT06295,USR014,INC06215,550000.0,350000.0,300000.0,1200000.0,900000.0,scholarship,2023-07-17 00:20:00
BGT02683,USR033,INC06400,1400000.0,800000.0,700000.0,2900000.0,2200000.0,freelance,2024-05-21 18:50:00
BGT04752,USR062,INC08562,2950000.0,1900000.0,750000.0,5600000.0,4850000.0,investment_return,2024-03-21 06:25:00
BGT09835,USR011,INC08333,750000.0,450000.0,350000.0,1550000.0,1200000.0,part_time,2023-08-13 23:38:00
BGT03173,USR066,INC08609,3950000.0,2000000.0,1800000.0,7750000.0,5950000.0,bonus,2024-11-03 00:48:00
BGT06120,USR050,INC05533,1600000.0,1050000.0,1000000.0,3650000.0,2650000.0,business,2023-02-21 22:53:00
BGT02307,USR049,INC07282,2450000.0,1600000.0,1250000.0,5300000.0,4050000.0,bonus,2023-04-25 04:41:00
BGT09631,USR025,INC05597,1700000.0,950000.0,800000.0,3450000.0,2650000.0,allowance,2023-05-10 14:21:00
BGT08921,USR060,INC08581,3650000.0,1950000.0,1850000.0,7450000.0,5600000.0,business,2024-06-13 04:24:00
BGT05567,USR059,INC05648,2600000.0,1350000.0,750000.0,4700000.0,3950000.0,bonus,2023-08-18 18:14:00
BGT08326,USR070,INC03262,2500000.0,1750000.0,1200000.0,5450000.0,4250000.0,investment_return,2023-09-16 04:17:00
BGT03054,USR034,INC02968,1850000.0,1150000.0,850000.0,3850000.0,3000000.0,freelance,2024-05-18 02:28:00
BGT06908,USR052,INC00255,3450000.0,1950000.0,900000.0,6300000.0,5400000.0,salary,2023-12-16 05:40:00
BGT09975,USR013,INC07187,1450000.0,850000.0,700000.0,3000000.0,2300000.0,allowance,2023-12-15 11:40:00
BGT08832,USR001,INC01822,600000.0,400000.0,300000.0,1300000.0,1000000.0,allowance,2024-09-27 19:44:00
BGT06603,USR030,INC07894,1450000.0,850000.0,400000.0,2700000.0,2300000.0,allowance,2024-10-25 13:22:00
BGT02059,USR025,INC00812,1500000.0,800000.0,450000.0,2750000.0,2300000.0,freelance,2024-01-09 08:57:00
BGT02270,USR066,INC06151,2000000.0,1300000.0,750000.0,4050000.0,3300000.0,salary,2023-01-29 05:10:00
BGT01517,USR029,INC03943,2350000.0,1500000.0,700000.0,4550000.0,3850000.0,freelance,2024-01-18 02:51:00
BGT09382,USR004,INC01631,1350000.0,800000.0,450000.0,2600000.0,2150000.0,part_time,2023-12-24 21:57:00
BGT04291,USR010,INC05812,1350000.0,700000.0,400000.0,2450000.0,2050000.0,scholarship,2023-08-03 21:49:00
BGT08722,USR001,INC00287,700000.0,400000.0,200000.0,1300000.0,1100000.0,part_time,2024-01-27 22:01:00
BGT07310,USR004,INC02904,1300000.0,1000000.0,600000.0,2900000.0,2300000.0,part_time,2023-07-04 07:47:00
BGT04316,USR046,INC03407,2550000.0,1950000.0,1350000.0,5850000.0,4500000.0,business,2023-05-22 02:19:00
BGT04164,USR049,INC09720,2000000.0,1100000.0,1150000.0,4300000.0,3100000.0,salary,2023-04-14 16:36:00
BGT01466,USR023,INC09308,2200000.0,1150000.0,900000.0,4250000.0,3350000.0,part_time,2024-03-28 15:45:00
BGT04646,USR052,INC01638,1550000.0,950000.0,700000.0,3200000.0,2500000.0,salary,2023-12-01 15:38:00
BGT04771,USR039,INC01704,1950000.0,1200000.0,450000.0,3650000.0,3150000.0,internship,2023-10-19 03:47:00
BGT02082,USR066,INC05036,3050000.0,1700000.0,1600000.0,6350000.0,4750000.0,freelance,2024-07-12 13:34:00
BGT01074,USR019,INC08058,1400000.0,1000000.0,600000.0,3000000.0,2400000.0,allowance,2024-05-21 02:19:00
BGT05542,USR027,INC08807,1350000.0,900000.0,700000.0,2950000.0,2250000.0,internship,2023-04-30 21:02:00
BGT08507,USR046,INC02292,2300000.0,1200000.0,1000000.0,4500000.0,3500000.0,freelance,2024-09-17 20:49:00
BGT07637,USR016,INC01384,1400000.0,950000.0,650000.0,3000000.0,2350000.0,allowance,2023-07-13 02:06:00
BGT02437,USR021,INC00349,850000.0,450000.0,450000.0,1750000.0,1300000.0,part_time,2024-06-14 06:56:00
BGT02137,USR033,INC08085,2100000.0,1250000.0,850000.0,4200000.0,3350000.0,freelance,2024-05-13 04:59:00
BGT08116,USR054,INC03748,2950000.0,1850000.0,1100000.0,5900000.0,4800000.0,freelance,2023-02-01 14:58:00
BGT08623,USR031,INC04693,1850000.0,1000000.0,1050000.0,3900000.0,2850000.0,freelance,2024-03-24 10:51:00
BGT07424,USR018,INC07805,1200000.0,700000.0,350000.0,2250000.0,1900000.0,allowance,2023-09-16 03:24:00
BGT00302,USR045,INC05736,2850000.0,1550000.0,1100000.0,5500000.0,4400000.0,business,2024-07-01 05:05:00
BGT00354,USR006,INC03857,1000000.0,650000.0,500000.0,2150000.0,1650000.0,scholarship,2023-11-07 15:50:00
BGT06864,USR052,INC09812,-3050000.0,1750000.0,1200000.0,6000000.0,-1300000.0,salary,2023-11-03 11:20:00
BGT09466,USR033,INC07647,2600000.0,1250000.0,850000.0,4700000.0,3850000.0,internship,2023-01-28 14:23:00
BGT02862,USR002,INC02512,1500000.0,1000000.0,450000.0,2950000.0,2500000.0,allowance,2024-05-19 01:45:00
BGT00033,USR003,INC07575,1450000.0,850000.0,400000.0,2700000.0,2300000.0,part_time,2024-11-03 12:52:00
BGT02853,USR072,INC06720,2150000.0,1350000.0,1050000.0,4550000.0,3500000.0,business,2023-12-06 20:23:00
BGT00071,USR017,INC01950,500000.0,300000.0,200000.0,1000000.0,800000.0,part_time,2024-10-22 21:39:00
BGT02093,USR043,INC07895,2050000.0,1150000.0,1250000.0,4500000.0,3200000.0,business,2024-10-06 15:42:00
BGT04112,USR037,INC04509,2200000.0,1200000.0,700000.0,4100000.0,3400000.0,internship,2024-01-24 08:40:00
BGT00636,USR075,INC08270,4200000.0,2550000.0,1500000.0,8250000.0,6750000.0,freelance,2023-03-03 12:40:00
BGT03688,USR031,INC08821,2400000.0,1350000.0,750000.0,4500000.0,3750000.0,freelance,2023-03-26 02:58:00
BGT03220,USR036,INC08985,2600000.0,1550000.0,750000.0,4900000.0,4150000.0,freelance,2023-12-07 14:55:00
BGT01434,USR049,INC09537,4150000.0,1950000.0,1400000.0,7500000.0,6100000.0,salary,2024-09-03 04:20:00
BGT07725,USR054,INC05556,3400000.0,2050000.0,800000.0,6250000.0,5450000.0,business,2023-12-16 03:57:00
BGT07041,USR060,INC09234,2000000.0,1000000.0,600000.0,3650000.0,3000000.0,freelance,2023-11-16 18:13:00
BGT08987,USR052,INC06537,2150000.0,1450000.0,950000.0,4600000.0,3600000.0,bonus,2024-09-08 03:51:00
BGT03602,USR060,INC08938,2350000.0,1550000.0,950000.0,4850000.0,3900000.0,salary,2023-04-23 09:39:00
BGT03108,USR013,INC03467,1300000.0,700000.0,450000.0,2450000.0,2000000.0,allowance,2024-10-30 08:58:00
BGT06702,USR008,INC05163,1250000.0,700000.0,400000.0,2350000.0,1950000.0,part_time,2023-11-28 15:19:00
BGT04627,USR033,INC08760,1850000.0,1150000.0,1100000.0,4150000.0,3000000.0,internship,2023-08-15 06:23:00
BGT09138,USR027,INC06102,1850000.0,1000000.0,850000.0,3700000.0,2850000.0,allowance,2024-09-12 20:46:00
BGT07779,USR043,INC02089,2750000.0,1500000.0,1250000.0,5500000.0,4250000.0,business,2024-08-12 08:54:00
BGT01175,USR001,INC04148,1300000.0,700000.0,550000.0,2550000.0,2000000.0,part_time,2024-08-08 19:50:00
BGT02799,USR007,INC05471,1050000.0,650000.0,250000.0,1950000.0,1700000.0,allowance,2023-03-08 13:56:00
BGT02783,USR041,INC04551,3150000.0,2000000.0,1700000.0,6850000.0,5150000.0,business,2023-07-29 09:57:00
BGT06374,USR048,INC01907,2650000.0,1500000.0,950000.0,5100000.0,4150000.0,bonus,2023-10-27 07:27:00
BGT03452,USR004,INC06326,1300000.0,700000.0,450000.0,2500000.0,2000000.0,part_time,2023-08-01 14:49:00
BGT03748,USR036,INC02079,1700000.0,1200000.0,700000.0,3600000.0,2900000.0,part_time,2023-07-28 08:43:00
BGT00631,USR036,INC08935,1100000.0,600000.0,650000.0,2400000.0,1700000.0,freelance,2024-06-07 17:03:00
BGT02079,USR039,INC03115,1550000.0,1000000.0,750000.0,3300000.0,2550000.0,freelance,2023-08-12 16:34:00
BGT05367,USR033,INC05256,2400000.0,1200000.0,1100000.0,4700000.0,3600000.0,internship,2023-03-09 05:46:00
BGT00697,USR062,INC06831,3750000.0,2350000.0,1250000.0,7400000.0,6100000.0,business,2024-12-10 19:17:00
BGT02189,USR039,INC01588,1000000.0,650000.0,300000.0,1950000.0,1650000.0,allowance,2024-01-19 08:28:00
BGT01277,USR069,INC04361,3300000.0,2050000.0,1000000.0,6350000.0,5350000.0,freelance,2024-11-15 12:26:00
BGT01998,USR022,INC08707,1100000.0,650000.0,400000.0,2150000.0,1750000.0,part_time,2024-08-06 12:37:00
BGT05804,USR006,INC03534,1300000.0,750000.0,350000.0,2400000.0,2050000.0,scholarship,2024-02-06 08:45:00
BGT05905,USR055,INC04571,1900000.0,1050000.0,900000.0,3850000.0,2950000.0,freelance,2024-10-04 11:23:00
BGT01424,USR065,INC03902,2300000.0,1500000.0,900000.0,4700000.0,3800000.0,investment_return,2024-09-19 00:22:00
BGT01727,USR019,INC00474,1050000.0,700000.0,400000.0,2150000.0,1750000.0,part_time,2023-07-31 20:55:00
BGT07909,USR023,INC09345,1550000.0,1050000.0,850000.0,3450000.0,2600000.0,allowance,2023-12-27 14:08:00
BGT08742,USR028,INC06483,950000.0,550000.0,300000.0,1850000.0,1500000.0,freelance,2023-07-12 14:31:00
BGT07736,USR018,INC07505,1700000.0,800000.0,500000.0,3000000.0,2500000.0,scholarship,2024-12-15 00:11:00
BGT02399,USR018,INC05742,1000000.0,600000.0,200000.0,1850000.0,1600000.0,allowance,2024-09-27 17:35:00
BGT06357,USR003,INC04838,500000.0,250000.0,250000.0,1000000.0,750000.0,part_time,2023-09-30 11:33:00
BGT09016,USR069,INC06899,4200000.0,3000000.0,1900000.0,9100000.0,7200000.0,bonus,2023-05-16 01:13:00
BGT05496,USR046,INC07376,2000000.0,1250000.0,1250000.0,4550000.0,3250000.0,bonus,2023-03-15 00:13:00
BGT07053,USR051,INC03595,2200000.0,1450000.0,850000.0,4500000.0,3650000.0,business,2023-03-21 13:03:00
BGT05449,USR014,INC05962,1200000.0,800000.0,500000.0,2500000.0,2000000.0,scholarship,2024-08-20 04:20:00
BGT07240,USR011,INC06710,1350000.0,700000.0,400000.0,2450000.0,2050000.0,part_time,2024-05-12 16:48:00
BGT09203,USR040,INC03528,850000.0,550000.0,450000.0,1850000.0,1400000.0,part_time,2024-01-01 14:11:00
BGT07156,USR049,INC03436,3150000.0,1750000.0,1050000.0,5950000.0,4900000.0,salary,2024-01-11 17:03:00
BGT03121,USR043,INC00775,3800000.0,2100000.0,1100000.0,7000000.0,5900000.0,bonus,2024-03-03 05:30:00
BGT07483,USR039,INC05039,950000.0,650000.0,550000.0,2150000.0,1600000.0,allowance,2023-04-15 00:17:00
BGT04137,USR031,INC07384,2450000.0,1350000.0,950000.0,4750000.0,3800000.0,allowance,2023-07-29 15:02:00
BGT04966,USR018,INC09715,1300000.0,850000.0,850000.0,3000000.0,2150000.0,part_time,2023-05-17 22:06:00
BGT03070,USR066,INC06117,2250000.0,1300000.0,700000.0,4250000.0,3550000.0,bonus,2024-02-06 19:45:00
BGT06296,USR031,INC02707,2500000.0,1400000.0,1050000.0,4950000.0,3900000.0,internship,2023-08-16 03:50:00
BGT04425,USR028,INC01564,1250000.0,900000.0,700000.0,2850000.0,2150000.0,part_time,2023-01-30 14:47:00
BGT03929,USR018,INC01509,950000.0,500000.0,300000.0,1800000.0,1450000.0,scholarship,2024-01-21 13:40:00
BGT07023,USR006,INC09240,900000.0,500000.0,500000.0,1900000.0,1400000.0,part_time,2024-09-23 02:58:00
BGT04192,USR029,INC07247,1200000.0,700000.0,300000.0,2250000.0,1900000.0,freelance,2024-05-02 13:29:00
BGT02836,USR042,INC00188,2750000.0,1400000.0,1050000.0,5200000.0,4150000.0,bonus,2023-07-23 09:46:00
BGT06711,USR021,INC06803,1300000.0,850000.0,650000.0,2800000.0,2150000.0,freelance,2023-06-06 21:43:00
BGT09175,USR008,INC08979,650000.0,400000.0,200000.0,1300000.0,1050000.0,scholarship,2023-12-01 09:21:00
BGT07631,USR007,INC02590,800000.0,-500000.0,350000.0,1650000.0,300000.0,allowance,2024-10-20 02:49:00
BGT02640,USR058,INC06577,3600000.0,2350000.0,950000.0,6950000.0,5950000.0,business,2023-02-24 16:28:00
BGT06672,USR066,INC03191,4550000.0,3000000.0,2100000.0,9650000.0,7550000.0,freelance,2024-02-06 18:45:00
BGT06384,USR069,INC07791,2500000.0,1600000.0,1100000.0,5200000.0,4100000.0,salary,2024-08-16 00:36:00
BGT02085,USR040,INC03545,1600000.0,900000.0,650000.0,3150000.0,2500000.0,allowance,2023-02-15 17:32:00
BGT07502,USR039,INC06903,2400000.0,1250000.0,850000.0,4500000.0,3650000.0,internship,2024-06-25 09:01:00
BGT01829,USR045,INC00430,3100000.0,2050000.0,1700000.0,6900000.0,5150000.0,bonus,2023-11-16 19:57:00
BGT01255,USR050,INC07914,1850000.0,900000.0,650000.0,3400000.0,2750000.0,salary,2024-12-26 10:41:00
BGT06792,USR056,INC07858,2000000.0,1250000.0,600000.0,3850000.0,3250000.0,bonus,2023-06-22 09:59:00
BGT00871,USR040,INC07527,1750000.0,1000000.0,600000.0,3350000.0,2750000.0,freelance,2023-04-27 18:07:00
BGT00030,USR033,INC07036,1150000.0,750000.0,700000.0,2600000.0,1900000.0,part_time,2024-08-27 17:36:00
BGT05005,USR041,INC08358,2400000.0,1550000.0,1450000.0,5400000.0,3950000.0,bonus,2024-11-17 15:26:00
BGT02548,USR059,INC04734,2550000.0,1400000.0,850000.0,4850000.0,3950000.0,salary,2023-01-20 02:03:00
BGT06881,USR075,INC09159,4600000.0,2800000.0,1300000.0,8700000.0,7400000.0,bonus,2023-05-31 18:09:00
BGT03128,USR047,INC03446,3550000.0,-2400000.0,1750000.0,7700000.0,1150000.0,salary,2024-01-07 17:24:00
BGT09272,USR045,INC04085,2050000.0,1250000.0,550000.0,3850000.0,3300000.0,salary,2024-09-21 21:43:00
BGT07004,USR038,INC04780,1150000.0,750000.0,500000.0,2400000.0,1900000.0,part_time,2024-01-08 21:03:00
BGT00135,USR045,INC08202,2150000.0,1350000.0,1200000.0,4700000.0,3500000.0,bonus,2024-03-26 07:08:00
BGT05024,USR003,INC02163,850000.0,550000.0,300000.0,1700000.0,1400000.0,allowance,2023-05-01 14:15:00
BGT06949,USR018,INC08652,850000.0,500000.0,200000.0,1550000.0,1350000.0,part_time,2024-10-05 16:04:00
BGT04204,USR061,INC06940,3300000.0,1900000.0,1150000.0,6350000.0,5200000.0,freelance,2024-09-03 06:06:00
BGT02884,USR059,INC03303,2350000.0,1250000.0,950000.0,4550000.0,3600000.0,freelance,2023-02-28 14:31:00
BGT03700,USR045,INC08569,3750000.0,2100000.0,850000.0,6700000.0,5850000.0,freelance,2023-05-04 21:16:00
BGT01111,USR010,INC09950,1050000.0,700000.0,400000.0,2150000.0,1750000.0,allowance,2024-05-05 06:22:00
BGT00137,USR020,INC05409,800000.0,500000.0,400000.0,1750000.0,1300000.0,part_time,2024-12-11 19:18:00
BGT09609,USR024,INC01607,1750000.0,900000.0,550000.0,3200000.0,2650000.0,part_time,2023-11-27 20:15:00
BGT01672,USR075,INC04002,4900000.0,2450000.0,1700000.0,9050000.0,7350000.0,salary,2023-09-25 04:02:00
BGT04662,USR007,INC01064,1100000.0,700000.0,550000.0,2350000.0,1800000.0,allowance,2024-08-17 17:53:00
BGT07927,USR039,INC07295,1350000.0,850000.0,600000.0,2800000.0,2200000.0,part_time,2024-09-03 12:46:00
BGT02665,USR056,INC06542,2050000.0,1150000.0,800000.0,4000000.0,3200000.0,freelance,2024-05-29 02:47:00
BGT01384,USR016,INC06680,1000000.0,600000.0,500000.0,2100000.0,1600000.0,part_time,2023-03-02 14:35:00
BGT09247,USR031,INC06611,1450000.0,750000.0,400000.0,2600000.0,2200000.0,part_time,2024-07-06 15:10:00
BGT07022,USR020,INC00852,650000.0,400000.0,200000.0,1250000.0,1050000.0,scholarship,2024-03-05 00:04:00
BGT06229,USR042,INC03061,2100000.0,1300000.0,750000.0,4150000.0,3400000.0,salary,2023-08-21 05:55:00
BGT08597,USR057,INC02814,3200000.0,2100000.0,1500000.0,6800000.0,5300000.0,business,2024-04-08 10:02:00
BGT00378,USR032,INC01039,2000000.0,1200000.0,500000.0,3700000.0,3200000.0,freelance,2024-04-01 10:23:00
BGT03473,USR010,INC08328,1450000.0,850000.0,300000.0,2600000.0,2300000.0,part_time,2024-07-23 16:32:00
BGT09548,USR038,INC07221,1750000.0,1000000.0,650000.0,3400000.0,2750000.0,allowance,2024-10-25 10:17:00
BGT09981,USR020,INC09081,1150000.0,650000.0,400000.0,2200000.0,1800000.0,allowance,2024-08-21 15:12:00
BGT01192,USR004,INC00113,1150000.0,650000.0,250000.0,2050000.0,1800000.0,part_time,2024-10-23 05:13:00
BGT03893,USR009,INC09509,650000.0,450000.0,300000.0,1400000.0,1100000.0,scholarship,2024-06-13 00:51:00
BGT01029,USR046,INC00179,2850000.0,1450000.0,950000.0,5250000.0,4300000.0,bonus,2024-09-07 08:34:00
BGT06004,USR042,INC07788,2050000.0,1050000.0,650000.0,3750000.0,3100000.0,business,2023-01-08 01:31:00
BGT02818,USR059,INC00820,2800000.0,2100000.0,1300000.0,6200000.0,4900000.0,salary,2023-05-29 20:18:00
BGT09456,USR066,INC05416,4400000.0,2650000.0,1750000.0,8800000.0,7050000.0,bonus,2023-03-10 04:23:00
BGT07680,USR019,INC05479,600000.0,450000.0,250000.0,1300000.0,1050000.0,allowance,2024-05-09 22:16:00
BGT09781,USR068,INC01714,2900000.0,1650000.0,1600000.0,6150000.0,4550000.0,salary,2023-12-02 04:41:00
BGT00836,USR022,INC05502,850000.0,450000.0,250000.0,1600000.0,1300000.0,part_time,2023-06-29 07:42:00
BGT02805,USR050,INC02411,2300000.0,1500000.0,1200000.0,5050000.0,3800000.0,salary,2024-12-24 08:35:00
BGT02810,USR028,INC02530,850000.0,500000.0,350000.0,1700000.0,1350000.0,internship,2024-03-06 17:35:00
BGT01842,USR046,INC08318,1800000.0,1300000.0,1000000.0,4100000.0,3100000.0,salary,2023-12-09 03:08:00
BGT09389,USR068,INC07004,2000000.0,1200000.0,850000.0,4050000.0,3200000.0,business,2023-11-09 05:13:00
BGT04159,USR047,INC06988,2400000.0,1600000.0,1150000.0,5150000.0,4000000.0,bonus,2024-05-25 03:22:00
BGT03646,USR011,INC05484,850000.0,550000.0,350000.0,1750000.0,1400000.0,allowance,2023-10-04 14:27:00
BGT03880,USR008,INC09944,1050000.0,550000.0,350000.0,1950000.0,1600000.0,allowance,2024-07-12 12:21:00
BGT06344,USR069,INC03234,3650000.0,2100000.0,1250000.0,7050000.0,5750000.0,bonus,2024-07-28 23:51:00
BGT08148,USR029,INC03555,2550000.0,1350000.0,1100000.0,5000000.0,3900000.0,allowance,2023-06-27 03:08:00
BGT01826,USR050,INC01929,2150000.0,1200000.0,1100000.0,4450000.0,3350000.0,freelance,2024-07-05 01:25:00
BGT07098,USR035,INC02818,1250000.0,700000.0,450000.0,2450000.0,1950000.0,freelance,2023-05-01 06:27:00
BGT00728,USR049,INC01278,3000000.0,2000000.0,1650000.0,6650000.0,5000000.0,freelance,2024-03-24 21:30:00
BGT04786,USR056,INC05739,2150000.0,1150000.0,1100000.0,4400000.0,3300000.0,business,2024-12-26 00:34:00
BGT04046,USR042,INC01256,3150000.0,1800000.0,1750000.0,6750000.0,4950000.0,bonus,2023-04-17 10:06:00
BGT00789,USR021,INC00124,850000.0,500000.0,250000.0,1600000.0,1350000.0,internship,2024-07-06 02:35:00
BGT00929,USR057,INC09549,3050000.0,1850000.0,750000.0,5650000.0,4900000.0,bonus,2024-07-28 01:07:00
BGT04853,USR049,INC01585,2550000.0,1550000.0,500000.0,4600000.0,4100000.0,business,2023-07-22 13:39:00
BGT01688,USR030,INC03589,1300000.0,850000.0,500000.0,2650000.0,2150000.0,internship,2024-01-07 03:35:00
BGT08304,USR016,INC07245,850000.0,500000.0,550000.0,1900000.0,1350000.0,allowance,2024-04-14 01:06:00
BGT02911,USR003,INC00149,950000.0,650000.0,450000.0,2050000.0,1600000.0,allowance,2023-12-04 17:27:00
BGT07315,USR003,INC02340,1350000.0,850000.0,700000.0,2900000.0,2200000.0,part_time,2024-03-15 14:00:00
BGT01400,USR018,INC08549,1200000.0,550000.0,400000.0,2150000.0,1750000.0,scholarship,2024-01-28 23:00:00
BGT02439,USR063,INC00874,2000000.0,1150000.0,850000.0,4050000.0,3150000.0,investment_return,2024-11-06 12:48:00
BGT04630,USR022,INC02880,2000000.0,1050000.0,750000.0,3800000.0,3050000.0,internship,2024-02-06 13:07:00
BGT01951,USR023,INC04537,2050000.0,1250000.0,1150000.0,4500000.0,3300000.0,part_time,2023-12-29 03:27:00
BGT04477,USR004,INC09696,850000.0,500000.0,200000.0,1600000.0,1350000.0,allowance,2024-10-22 19:58:00
BGT08060,USR018,INC08606,750000.0,500000.0,200000.0,1450000.0,1250000.0,part_time,2024-02-08 06:59:00
BGT00171,USR031,INC07847,2150000.0,1100000.0,800000.0,4050000.0,3250000.0,allowance,2023-07-25 11:54:00
BGT06744,USR014,INC03431,1400000.0,800000.0,700000.0,2900000.0,2200000.0,part_time,2023-11-25 15:52:00
BGT05996,USR007,INC06885,1200000.0,750000.0,550000.0,2550000.0,1950000.0,scholarship,2024-03-20 00:48:00
BGT04747,USR043,INC09803,1750000.0,1100000.0,1100000.0,3950000.0,2850000.0,business,2023-10-12 00:48:00
BGT02772,USR047,INC02258,3450000.0,2250000.0,900000.0,6600000.0,5700000.0,bonus,2024-02-07 01:42:00
BGT04680,USR010,INC04836,1100000.0,600000.0,450000.0,2200000.0,1700000.0,part_time,2023-04-26 13:48:00
BGT04685,USR028,INC02695,1050000.0,650000.0,450000.0,2150000.0,1700000.0,freelance,2023-06-02 10:23:00
BGT03811,USR047,INC07270,2100000.0,1400000.0,850000.0,4350000.0,3500000.0,freelance,2024-08-03 00:38:00
BGT02272,USR015,INC09790,700000.0,450000.0,400000.0,1550000.0,1150000.0,scholarship,2023-07-03 08:37:00
BGT05535,USR073,INC04212,3550000.0,1800000.0,1000000.0,6350000.0,5350000.0,bonus,2023-12-22 20:43:00
BGT07040,USR005,INC06801,1050000.0,650000.0,450000.0,2150000.0,1700000.0,scholarship,2023-05-14 04:58:00
BGT00439,USR017,INC05526,500000.0,350000.0,200000.0,1050000.0,850000.0,allowance,2023-02-12 18:49:00
BGT02394,USR065,INC04684,5150000.0,2750000.0,1600000.0,9550000.0,7900000.0,business,2024-07-10 21:30:00
BGT00592,USR040,INC07898,2150000.0,1250000.0,550000.0,3950000.0,3400000.0,internship,2024-01-08 17:38:00
BGT05611,USR025,INC07611,2650000.0,1600000.0,750000.0,5000000.0,4250000.0,freelance,2024-05-16 04:07:00
BGT01929,USR028,INC07626,1250000.0,700000.0,750000.0,2700000.0,1950000.0,allowance,2024-05-31 19:56:00
BGT03862,USR058,INC03450,1600000.0,950000.0,750000.0,3350000.0,2550000.0,business,2023-12-20 14:21:00
BGT08222,USR051,INC03449,2700000.0,1350000.0,1050000.0,5100000.0,4050000.0,freelance,2023-12-04 16:25:00
BGT06478,USR051,INC02084,3350000.0,2050000.0,1700000.0,7100000.0,5400000.0,bonus,2023-03-23 02:52:00
BGT07777,USR052,INC07600,3050000.0,1650000.0,1650000.0,6350000.0,4700000.0,bonus,2023-04-23 07:31:00
BGT04586,USR006,INC06863,800000.0,450000.0,450000.0,1700000.0,1250000.0,allowance,2023-07-17 00:26:00
BGT05223,USR070,INC08627,3400000.0,2300000.0,1800000.0,7500000.0,5700000.0,salary,2023-08-10 00:28:00
BGT02599,USR038,INC04793,1800000.0,1050000.0,1000000.0,3850000.0,2850000.0,freelance,2023-04-28 18:22:00
BGT04593,USR034,INC01861,2300000.0,1500000.0,850000.0,4650000.0,3800000.0,freelance,2023-07-13 10:54:00
BGT03257,USR008,INC00164,1200000.0,750000.0,500000.0,2450000.0,1950000.0,allowance,2023-08-07 20:08:00
BGT04770,USR001,INC01273,1500000.0,850000.0,500000.0,2850000.0,2350000.0,part_time,2023-08-26 02:34:00
BGT01893,USR039,INC03183,1700000.0,1100000.0,400000.0,3250000.0,2800000.0,freelance,2023-09-02 03:47:00
BGT05134,USR001,INC09572,700000.0,400000.0,250000.0,1350000.0,1100000.0,scholarship,2024-12-05 07:19:00
BGT03683,USR058,INC02760,3150000.0,1800000.0,1000000.0,5950000.0,4950000.0,bonus,2024-08-03 08:12:00
BGT01983,USR013,INC05709,1350000.0,850000.0,550000.0,2800000.0,2200000.0,part_time,2024-04-30 11:11:00
BGT04385,USR070,INC08539,2650000.0,1850000.0,1300000.0,5800000.0,4500000.0,bonus,2024-08-11 09:26:00
BGT08901,USR052,INC05387,2250000.0,1500000.0,850000.0,4600000.0,3750000.0,salary,2023-02-20 08:39:00
BGT00849,USR063,INC00968,3750000.0,2250000.0,800000.0,6800000.0,6000000.0,salary,2024-07-20 01:56:00
BGT01325,USR004,INC01835,1000000.0,650000.0,650000.0,2300000.0,1650000.0,part_time,2024-08-08 09:49:00
BGT05599,USR027,INC04165,700000.0,500000.0,350000.0,1550000.0,1200000.0,part_time,2023-06-30 16:38:00
BGT08238,USR036,INC05071,2500000.0,1300000.0,900000.0,4700000.0,3800000.0,freelance,2024-04-27 02:09:00
BGT09411,USR062,INC03774,4400000.0,2950000.0,1600000.0,8950000.0,7350000.0,freelance,2024-02-12 22:17:00
BGT06781,USR028,INC09026,1750000.0,1200000.0,650000.0,3600000.0,2950000.0,freelance,2023-02-09 20:19:00
BGT06341,USR012,INC02461,650000.0,400000.0,150000.0,1200000.0,1050000.0,scholarship,2024-04-30 19:34:00
BGT03045,USR013,INC06371,1100000.0,650000.0,450000.0,2200000.0,1750000.0,part_time,2023-05-31 00:06:00
BGT03342,USR073,INC05145,3750000.0,2000000.0,1600000.0,7350000.0,5750000.0,business,2024-07-20 16:36:00
BGT08697,USR073,INC07974,2800000.0,1450000.0,850000.0,5100000.0,4250000.0,business,2023-02-05 02:57:00
BGT07482,USR005,INC01937,1100000.0,700000.0,300000.0,2100000.0,1800000.0,allowance,2023-10-13 17:24:00
BGT02861,USR014,INC09208,700000.0,450000.0,400000.0,1550000.0,1150000.0,allowance,2024-11-08 18:19:00
BGT06819,USR012,INC05017,900000.0,500000.0,550000.0,2000000.0,1400000.0,allowance,2024-06-19 00:58:00
BGT02228,USR043,INC04721,2150000.0,1350000.0,1200000.0,4700000.0,3500000.0,bonus,2023-09-12 02:51:00
BGT06889,USR043,INC01363,3050000.0,1800000.0,900000.0,5750000.0,4850000.0,business,2023-01-21 11:33:00
BGT09368,USR017,INC06842,1050000.0,550000.0,350000.0,1950000.0,1600000.0,part_time,2024-05-16 18:33:00
BGT05064,USR066,INC06824,2400000.0,1300000.0,650000.0,4350000.0,3700000.0,salary,2023-05-25 21:44:00
BGT01511,USR039,INC00459,900000.0,600000.0,300000.0,1800000.0,1500000.0,internship,2024-12-06 22:46:00
BGT03641,USR008,INC04556,800000.0,500000.0,550000.0,1850000.0,1300000.0,part_time,2024-07-28 13:44:00
BGT03651,USR020,INC06638,550000.0,300000.0,350000.0,1200000.0,850000.0,part_time,2024-01-30 07:55:00
BGT08063,USR041,INC02295,2200000.0,1400000.0,1250000.0,4850000.0,3600000.0,bonus,2024-05-08 20:36:00
BGT06834,USR053,INC08556,4350000.0,2050000.0,1500000.0,7950000.0,6400000.0,freelance,2023-07-22 03:06:00
BGT09787,USR014,INC03577,1250000.0,800000.0,400000.0,2450000.0,2050000.0,allowance,2023-09-04 01:38:00
BGT00031,USR011,INC04950,1000000.0,700000.0,500000.0,2250000.0,1700000.0,scholarship,2024-03-07 07:49:00
BGT03984,USR027,INC07508,1250000.0,800000.0,650000.0,2700000.0,2050000.0,allowance,2023-06-21 05:33:00
BGT07685,USR033,INC03535,2200000.0,1300000.0,1350000.0,4850000.0,3500000.0,allowance,2024-02-03 12:25:00
BGT06721,USR003,INC05778,550000.0,350000.0,200000.0,1100000.0,900000.0,allowance,2024-09-16 10:48:00
BGT02806,USR063,INC02838,2550000.0,1700000.0,1300000.0,5550000.0,4250000.0,business,2024-03-06 01:39:00
BGT00647,USR023,INC00761,1700000.0,850000.0,750000.0,3300000.0,2550000.0,internship,2023-01-05 13:11:00
BGT00067,USR075,INC04511,3000000.0,1900000.0,1200000.0,6100000.0,4900000.0,business,2024-10-31 23:16:00
BGT03994,USR074,INC04891,2750000.0,1700000.0,850000.0,5300000.0,4450000.0,investment_return,2024-04-03 06:44:00
BGT02768,USR002,INC01648,650000.0,400000.0,300000.0,1350000.0,1050000.0,part_time,2023-11-29 07:31:00
BGT08162,USR046,INC00960,3350000.0,-2250000.0,1000000.0,6600000.0,1100000.0,freelance,2024-02-17 16:11:00
BGT06825,USR009,INC03978,750000.0,400000.0,150000.0,1300000.0,1150000.0,scholarship,2024-01-02 10:14:00
BGT02684,USR051,INC07880,1650000.0,900000.0,850000.0,3400000.0,2550000.0,salary,2023-05-14 23:53:00
BGT01647,USR035,INC00947,2100000.0,1200000.0,900000.0,4200000.0,3300000.0,allowance,2024-11-21 12:24:00
BGT03450,USR012,INC03256,600000.0,300000.0,200000.0,1100000.0,900000.0,allowance,2024-02-10 23:47:00
BGT01078,USR055,INC08406,4050000.0,2500000.0,800000.0,7400000.0,6550000.0,bonus,2024-04-16 12:04:00
BGT05822,USR019,INC09936,1250000.0,800000.0,400000.0,2450000.0,2050000.0,part_time,2023-06-26 03:45:00
BGT07926,USR036,INC00978,1500000.0,800000.0,600000.0,2900000.0,2300000.0,part_time,2023-11-30 03:07:00
BGT00334,USR001,INC07062,500000.0,300000.0,300000.0,1100000.0,800000.0,scholarship,2023-01-12 01:06:00
BGT07510,USR010,INC09793,500000.0,300000.0,300000.0,1100000.0,800000.0,part_time,2023-03-24 11:49:00
BGT00938,USR075,INC06774,3100000.0,2050000.0,1300000.0,6450000.0,5150000.0,bonus,2024-09-25 07:33:00
BGT09697,USR069,INC00449,4300000.0,3150000.0,2100000.0,9550000.0,7450000.0,freelance,2023-02-24 04:49:00
BGT08666,USR049,INC06545,2000000.0,950000.0,650000.0,3600000.0,2950000.0,salary,2023-09-02 20:33:00
BGT05892,USR011,INC08513,700000.0,500000.0,350000.0,1550000.0,1200000.0,part_time,2024-05-14 01:59:00
BGT07167,USR026,INC06214,1500000.0,800000.0,550000.0,2850000.0,2300000.0,allowance,2023-06-07 13:50:00
BGT08478,USR065,INC00192,4750000.0,2700000.0,1850000.0,9300000.0,7450000.0,bonus,2024-11-26 15:41:00
BGT00333,USR005,INC04019,800000.0,400000.0,200000.0,1400000.0,1200000.0,scholarship,2024-03-17 08:51:00
BGT01665,USR029,INC07952,2400000.0,1550000.0,950000.0,4900000.0,3950000.0,part_time,2024-03-03 18:29:00
BGT05129,USR033,INC05898,1300000.0,750000.0,300000.0,2350000.0,2050000.0,freelance,2024-03-31 17:45:00
BGT00948,USR024,INC02862,2600000.0,1600000.0,500000.0,4700000.0,4200000.0,allowance,2024-03-15 04:04:00
BGT01096,USR073,INC08150,1850000.0,1300000.0,950000.0,4100000.0,3150000.0,investment_return,2023-12-08 03:46:00
BGT00051,USR059,INC09304,1650000.0,900000.0,750000.0,3300000.0,2550000.0,freelance,2024-04-22 21:00:00
BGT04839,USR075,INC09836,3350000.0,1800000.0,1550000.0,6700000.0,5150000.0,freelance,2024-03-23 01:43:00
BGT07241,USR070,INC03816,4250000.0,2950000.0,2050000.0,9250000.0,7200000.0,salary,2024-12-27 21:57:00
BGT08499,USR018,INC07210,650000.0,300000.0,250000.0,1200000.0,950000.0,allowance,2023-02-02 18:42:00
BGT05994,USR058,INC00577,2750000.0,1900000.0,1100000.0,5750000.0,4650000.0,salary,2023-04-26 14:33:00
BGT05760,USR061,INC06535,2950000.0,2050000.0,1050000.0,6050000.0,5000000.0,bonus,2023-09-21 01:58:00
BGT05664,USR063,INC04534,2300000.0,1500000.0,850000.0,4650000.0,3800000.0,salary,2023-05-09 00:13:00
BGT08331,USR055,INC03048,2650000.0,1700000.0,1400000.0,5750000.0,4350000.0,bonus,2024-01-19 11:36:00
BGT08034,USR033,INC00426,1950000.0,1200000.0,800000.0,3950000.0,3150000.0,allowance,2024-10-03 18:17:00
BGT00179,USR038,INC07946,1100000.0,650000.0,650000.0,2400000.0,1750000.0,freelance,2023-08-18 04:17:00
BGT00397,USR054,INC04840,3350000.0,2100000.0,1800000.0,7250000.0,5450000.0,business,2023-08-09 06:31:00
BGT07333,USR060,INC09506,3500000.0,2200000.0,950000.0,6650000.0,5700000.0,business,2023-06-09 23:32:00
BGT00525,USR051,INC07550,3850000.0,2000000.0,1550000.0,7400000.0,5850000.0,bonus,2024-01-24 21:11:00
BGT05205,USR028,INC08914,1500000.0,1000000.0,650000.0,3150000.0,2500000.0,internship,2023-02-07 12:43:00
BGT05176,USR025,INC08182,2250000.0,1300000.0,650000.0,4200000.0,3550000.0,internship,2023-04-27 09:32:00
BGT07318,USR060,INC02514,2800000.0,1850000.0,1100000.0,5750000.0,4650000.0,business,2023-11-12 15:06:00
BGT05479,USR007,INC03792,1150000.0,700000.0,650000.0,2500000.0,1850000.0,part_time,2023-07-17 16:04:00
BGT02512,USR023,INC04959,1900000.0,1150000.0,450000.0,3550000.0,3050000.0,allowance,2024-03-13 15:44:00
BGT07168,USR039,INC03606,1400000.0,700000.0,650000.0,2750000.0,2100000.0,internship,2024-01-16 13:01:00
BGT00285,USR024,INC05396,2200000.0,1150000.0,950000.0,4300000.0,3350000.0,freelance,2023-08-12 13:05:00
BGT04062,USR003,INC01818,950000.0,550000.0,450000.0,1950000.0,1500000.0,part_time,2024-04-23 18:51:00
BGT01901,USR067,INC03242,4650000.0,3050000.0,1250000.0,8950000.0,7700000.0,bonus,2023-08-19 09:22:00
BGT09610,USR012,INC09034,1200000.0,750000.0,400000.0,2350000.0,1950000.0,part_time,2023-07-05 11:57:00
BGT02280,USR057,INC05670,1950000.0,1400000.0,950000.0,4300000.0,3350000.0,freelance,2024-06-10 18:45:00
BGT01976,USR035,INC01034,2150000.0,1200000.0,1050000.0,4400000.0,3350000.0,part_time,2023-11-19 06:51:00
BGT04886,USR021,INC04789,2250000.0,1450000.0,1300000.0,5000000.0,3700000.0,allowance,2023-01-23 10:32:00
BGT02438,USR006,INC04223,600000.0,350000.0,150000.0,1100000.0,950000.0,allowance,2024-10-28 19:05:00
BGT01003,USR024,INC03295,1600000.0,900000.0,500000.0,3000000.0,2500000.0,allowance,2024-06-06 01:26:00
BGT04602,USR068,INC05512,2700000.0,1500000.0,900000.0,5100000.0,4200000.0,bonus,2024-11-03 23:08:00
BGT00821,USR019,INC07564,1000000.0,600000.0,350000.0,1950000.0,1600000.0,scholarship,2024-03-28 00:22:00
BGT08130,USR008,INC05205,600000.0,350000.0,350000.0,1300000.0,950000.0,allowance,2024-05-03 18:58:00
BGT03539,USR074,INC01168,4300000.0,2400000.0,2450000.0,9150000.0,6700000.0,salary,2023-06-18 20:23:00
BGT02820,USR038,INC01988,1250000.0,750000.0,550000.0,2550000.0,2000000.0,internship,2024-05-01 20:20:00
BGT04749,USR071,INC07123,4400000.0,2550000.0,2450000.0,9400000.0,6950000.0,business,2024-08-05 08:21:00
BGT02043,USR074,INC03270,1950000.0,1150000.0,900000.0,4000000.0,3100000.0,freelance,2023-07-11 00:56:00
BGT07342,USR052,INC02665,3950000.0,2550000.0,1400000.0,7900000.0,6500000.0,salary,2024-02-05 14:04:00
BGT05601,USR006,INC01241,700000.0,400000.0,300000.0,1450000.0,1100000.0,allowance,2023-02-22 05:06:00
BGT02459,USR045,INC05552,2350000.0,1500000.0,1050000.0,4900000.0,3850000.0,freelance,2023-08-12 19:18:00
BGT08142,USR002,INC03143,600000.0,350000.0,300000.0,1250000.0,950000.0,part_time,2023-05-29 17:01:00
BGT05819,USR069,INC02031,4600000.0,2600000.0,1150000.0,8350000.0,7200000.0,freelance,2024-01-26 00:24:00
BGT07034,USR029,INC06180,2000000.0,1400000.0,850000.0,4250000.0,3400000.0,freelance,2024-07-09 15:14:00
BGT04390,USR002,INC08295,1050000.0,700000.0,500000.0,2250000.0,1750000.0,allowance,2023-04-04 10:46:00
BGT07149,USR026,INC03965,900000.0,550000.0,150000.0,1650000.0,1450000.0,freelance,2023-08-26 12:40:00
BGT01595,USR053,INC08415,3250000.0,1850000.0,2000000.0,7100000.0,5100000.0,bonus,2023-09-07 06:08:00
BGT06061,USR046,INC02412,2700000.0,1950000.0,1300000.0,5950000.0,4650000.0,bonus,2023-05-06 22:15:00
BGT06936,USR027,INC04382,2200000.0,1500000.0,1050000.0,4750000.0,3700000.0,internship,2024-06-03 06:36:00
BGT08930,USR007,INC02940,450000.0,300000.0,250000.0,1000000.0,750000.0,allowance,2024-10-31 14:41:00
BGT05088,USR065,INC04859,2250000.0,1550000.0,800000.0,4600000.0,3800000.0,freelance,2023-11-28 23:45:00
BGT02533,USR048,INC03713,2050000.0,1200000.0,500000.0,3750000.0,3250000.0,salary,2024-09-08 22:35:00
BGT07527,USR007,INC09388,1150000.0,600000.0,500000.0,2300000.0,1750000.0,allowance,2024-08-22 21:38:00
BGT05920,USR022,INC09278,1600000.0,1000000.0,650000.0,3250000.0,2600000.0,part_time,2023-03-14 10:29:00
BGT09868,USR067,INC09886,5350000.0,3200000.0,1150000.0,9700000.0,8550000.0,investment_return,2023-09-27 20:29:00
BGT03000,USR065,INC02157,5100000.0,3000000.0,1300000.0,9400000.0,8100000.0,bonus,2024-01-09 01:47:00
BGT09673,USR034,INC09106,1100000.0,800000.0,450000.0,2350000.0,1900000.0,part_time,2023-07-12 20:10:00
BGT06835,USR015,INC07356,1250000.0,800000.0,400000.0,2450000.0,2050000.0,allowance,2024-12-26 07:16:00
BGT04515,USR053,INC06709,1450000.0,1000000.0,600000.0,3050000.0,2450000.0,bonus,2023-12-18 17:36:00
BGT05372,USR027,INC02873,1900000.0,1000000.0,850000.0,3750000.0,2900000.0,allowance,2023-05-18 12:24:00
BGT04693,USR071,INC04586,3650000.0,2150000.0,1650000.0,7450000.0,5800000.0,investment_return,2023-09-05 08:02:00
BGT01069,USR020,INC06682,700000.0,400000.0,400000.0,1500000.0,1100000.0,allowance,2024-05-22 12:42:00
BGT07219,USR031,INC02477,1900000.0,1400000.0,800000.0,4100000.0,3300000.0,internship,2023-12-15 15:28:00
BGT02587,USR063,INC02287,2200000.0,1400000.0,1050000.0,4650000.0,3600000.0,business,2024-04-16 10:36:00
BGT03041,USR028,INC02693,2650000.0,1450000.0,850000.0,4950000.0,4100000.0,part_time,2024-06-15 10:21:00
BGT06044,USR029,INC00241,900000.0,400000.0,300000.0,1600000.0,1300000.0,allowance,2024-08-21 20:41:00
BGT06813,USR061,INC03254,2050000.0,1200000.0,750000.0,4000000.0,3250000.0,bonus,2023-12-05 20:38:00
BGT08610,USR026,INC02684,2100000.0,1250000.0,1300000.0,4700000.0,3350000.0,freelance,2024-08-04 02:01:00
BGT04383,USR011,INC06327,700000.0,400000.0,300000.0,1450000.0,1100000.0,scholarship,2023-11-15 01:30:00
BGT03087,USR045,INC03415,1650000.0,1000000.0,1050000.0,3700000.0,2650000.0,bonus,2024-02-12 18:40:00
BGT07420,USR003,INC09627,1350000.0,850000.0,600000.0,2800000.0,2200000.0,scholarship,2023-10-25 10:05:00
BGT02498,USR037,INC06162,2400000.0,1450000.0,850000.0,4700000.0,3850000.0,freelance,2024-12-10 13:04:00
BGT02574,USR068,INC05760,2700000.0,1650000.0,800000.0,5150000.0,4350000.0,bonus,2024-09-14 12:50:00
BGT07791,USR004,INC07539,500000.0,250000.0,250000.0,1000000.0,750000.0,part_time,2023-05-22 03:28:00
BGT09455,USR061,INC08849,3900000.0,2700000.0,1650000.0,8250000.0,6600000.0,freelance,2024-10-20 07:53:00
BGT08762,USR020,INC08269,850000.0,450000.0,350000.0,1700000.0,1300000.0,part_time,2023-04-24 07:25:00
BGT07261,USR048,INC03210,3150000.0,2050000.0,1200000.0,6400000.0,5200000.0,business,2023-09-28 13:24:00
BGT02827,USR015,INC09015,1600000.0,850000.0,500000.0,2950000.0,2450000.0,allowance,2023-10-02 13:47:00
BGT01076,USR012,INC08869,550000.0,300000.0,250000.0,1100000.0,850000.0,part_time,2024-02-01 19:01:00
BGT03586,USR071,INC02497,2150000.0,1200000.0,950000.0,430000000.0,3350000.0,bonus,2023-04-13 23:20:00
BGT08280,USR046,INC03321,1900000.0,1100000.0,850000.0,3850000.0,3000000.0,freelance,2024-08-03 01:07:00
BGT06840,USR022,INC08613,2250000.0,1350000.0,950000.0,4550000.0,3600000.0,freelance,2024-04-29 19:13:00
BGT06590,USR050,INC02368,2700000.0,1850000.0,1200000.0,5750000.0,4550000.0,freelance,2023-09-24 00:18:00
BGT04842,USR066,INC02415,4650000.0,2600000.0,1200000.0,8450000.0,7250000.0,freelance,2024-04-18 12:04:00
BGT06054,USR073,INC03722,3450000.0,1800000.0,900000.0,6150000.0,5250000.0,investment_return,2023-03-13 20:59:00
BGT09063,USR012,INC09207,1300000.0,700000.0,700000.0,2700000.0,2000000.0,part_time,2023-08-07 05:18:00
BGT09035,USR004,INC08072,1100000.0,650000.0,350000.0,2150000.0,1750000.0,scholarship,2023-04-02 19:11:00
BGT06812,USR059,INC07406,1850000.0,1300000.0,1050000.0,4250000.0,3150000.0,salary,2023-08-14 06:47:00
BGT04265,USR051,INC09894,3500000.0,1950000.0,900000.0,6350000.0,5450000.0,bonus,2023-08-13 12:53:00
BGT03476,USR016,INC09733,1100000.0,700000.0,700000.0,2500000.0,1800000.0,allowance,2024-05-27 19:36:00
BGT00505,USR049,INC02762,2550000.0,1500000.0,550000.0,4600000.0,4050000.0,freelance,2024-02-12 23:12:00
BGT00750,USR064,INC09299,4400000.0,2400000.0,1800000.0,8650000.0,6800000.0,bonus,2024-08-22 08:41:00
BGT02871,USR035,INC07191,1900000.0,1400000.0,900000.0,4200000.0,3300000.0,freelance,2023-01-30 01:30:00
BGT01544,USR069,INC04179,2650000.0,1600000.0,850000.0,5100000.0,4250000.0,investment_return,2023-01-07 19:51:00
BGT02179,USR057,INC00770,3400000.0,1750000.0,1550000.0,6700000.0,5150000.0,freelance,2024-06-22 04:36:00
BGT02676,USR002,INC02076,550000.0,300000.0,200000.0,1050000.0,850000.0,allowance,2023-09-17 18:39:00
BGT09633,USR003,INC03315,1300000.0,750000.0,550000.0,2600000.0,2050000.0,scholarship,2024-02-09 06:37:00
BGT01683,USR031,INC08004,1550000.0,950000.0,300000.0,2800000.0,2500000.0,internship,2024-06-15 08:40:00
BGT01659,USR063,INC02946,2150000.0,1200000.0,1300000.0,4700000.0,3350000.0,bonus,2024-09-06 17:49:00
BGT06621,USR046,INC01396,2700000.0,1600000.0,1700000.0,6000000.0,4300000.0,freelance,2023-02-23 09:59:00
BGT01330,USR067,INC05705,2250000.0,1050000.0,800000.0,4100000.0,3300000.0,bonus,2024-03-22 07:12:00
BGT09458,USR024,INC09524,1900000.0,1300000.0,750000.0,3950000.0,3200000.0,part_time,2024-06-09 00:51:00
BGT07573,USR020,INC03152,800000.0,500000.0,300000.0,1600000.0,1300000.0,scholarship,2023-12-06 05:35:00
BGT09211,USR006,INC07643,1200000.0,800000.0,550000.0,2550000.0,2000000.0,part_time,2024-11-03 10:58:00
BGT01251,USR015,INC08858,1200000.0,700000.0,600000.0,2500000.0,1900000.0,part_time,2024-10-16 07:18:00
BGT00903,USR017,INC00482,1450000.0,750000.0,500000.0,2700000.0,2200000.0,allowance,2023-10-17 18:22:00
BGT01827,USR036,INC01141,2050000.0,1000000.0,750000.0,3800000.0,3050000.0,part_time,2024-08-13 03:18:00
BGT06808,USR013,INC05189,1100000.0,850000.0,550000.0,2550000.0,1950000.0,part_time,2023-11-10 16:07:00
BGT04134,USR007,INC09825,550000.0,350000.0,200000.0,1100000.0,900000.0,allowance,2024-09-24 06:28:00
BGT03901,USR051,INC04593,2800000.0,2100000.0,1300000.0,6250000.0,4900000.0,business,2024-11-02 10:41:00
BGT06259,USR046,INC05259,2200000.0,1300000.0,500000.0,4000000.0,3500000.0,bonus,2024-12-27 02:16:00
BGT04566,USR039,INC05890,1600000.0,1100000.0,600000.0,3300000.0,2700000.0,allowance,2024-09-29 19:50:00
BGT02802,USR071,INC05337,4750000.0,2800000.0,1750000.0,9300000.0,7550000.0,salary,2024-09-30 01:41:00
BGT06238,USR017,INC07445,1450000.0,900000.0,450000.0,2800000.0,2350000.0,scholarship,2024-09-08 11:16:00
BGT00256,USR064,INC06914,4200000.0,2600000.0,1600000.0,8400000.0,6800000.0,salary,2024-07-02 21:46:00
BGT06468,USR025,INC05095,1250000.0,850000.0,600000.0,2700000.0,2100000.0,part_time,2023-02-25 17:48:00
BGT01370,USR068,INC03945,5100000.0,2500000.0,1650000.0,9250000.0,7600000.0,salary,2023-10-28 04:53:00
BGT00960,USR046,INC02108,3700000.0,2600000.0,1600000.0,7900000.0,6300000.0,business,2024-11-15 08:13:00
BGT01571,USR013,INC04939,800000.0,450000.0,500000.0,1750000.0,1250000.0,part_time,2024-09-24 03:38:00
BGT05980,USR056,INC06717,2600000.0,1600000.0,1550000.0,5750000.0,4200000.0,freelance,2023-07-25 10:47:00
BGT01486,USR051,INC08185,2200000.0,1300000.0,1200000.0,4700000.0,3500000.0,salary,2024-03-06 18:46:00
BGT02416,USR069,INC03821,1800000.0,1250000.0,1000000.0,4050000.0,3050000.0,freelance,2023-09-12 02:33:00
BGT07613,USR014,INC07824,650000.0,400000.0,300000.0,1350000.0,1050000.0,scholarship,2023-03-04 17:18:00
BGT05101,USR050,INC04209,1850000.0,1050000.0,950000.0,3850000.0,2900000.0,bonus,2024-07-30 20:21:00
BGT02725,USR039,INC04798,-2050000.0,1400000.0,800000.0,4300000.0,-650000.0,allowance,2023-08-24 20:48:00
BGT00016,USR003,INC09183,1200000.0,650000.0,250000.0,2100000.0,1850000.0,part_time,2023-06-10 11:20:00
BGT02282,USR071,INC09556,3950000.0,2400000.0,1200000.0,7550000.0,6350000.0,freelance,2023-08-27 02:50:00
BGT07128,USR056,INC09120,1800000.0,1100000.0,1050000.0,3950000.0,2900000.0,business,2023-12-07 00:25:00
BGT09956,USR019,INC00785,700000.0,500000.0,300000.0,1500000.0,1200000.0,part_time,2023-04-13 19:40:00
BGT05597,USR032,INC01774,1800000.0,1050000.0,650000.0,3550000.0,2850000.0,internship,2023-09-02 16:18:00
BGT06376,USR065,INC00337,2350000.0,1400000.0,900000.0,4650000.0,3750000.0,investment_return,2023-09-26 05:28:00
BGT05117,USR046,INC06995,3100000.0,1900000.0,1350000.0,6350000.0,5000000.0,bonus,2024-06-30 12:51:00
BGT05095,USR012,INC03290,1400000.0,800000.0,350000.0,2550000.0,2200000.0,scholarship,2024-09-08 03:44:00
BGT04976,USR055,INC09621,1400000.0,900000.0,700000.0,3000000.0,2300000.0,salary,2024-01-19 23:57:00
BGT01920,USR012,INC00268,750000.0,500000.0,350000.0,1600000.0,1250000.0,allowance,2023-03-28 05:03:00
BGT02349,USR060,INC09776,4150000.0,2200000.0,1300000.0,7650000.0,6350000.0,freelance,2024-02-22 02:05:00
BGT07598,USR058,INC09542,3650000.0,2350000.0,1600000.0,7650000.0,6000000.0,business,2024-04-30 05:47:00
BGT01779,USR067,INC07870,5450000.0,3200000.0,1300000.0,9950000.0,8650000.0,bonus,2023-05-30 16:45:00
BGT00433,USR005,INC09663,900000.0,500000.0,350000.0,1750000.0,1400000.0,allowance,2023-07-30 22:51:00
BGT03660,USR023,INC02730,1750000.0,900000.0,700000.0,335000000.0,2650000.0,freelance,2023-11-17 22:08:00
BGT03160,USR059,INC09438,3150000.0,1950000.0,1450000.0,6550000.0,5100000.0,business,2024-08-14 06:21:00
BGT06279,USR016,INC08355,1100000.0,650000.0,300000.0,2050000.0,1750000.0,part_time,2023-08-27 09:06:00
BGT03619,USR026,INC03485,1500000.0,850000.0,500000.0,2850000.0,2350000.0,freelance,2023-01-08 16:25:00
BGT06183,USR050,INC05711,1600000.0,1050000.0,600000.0,3250000.0,2650000.0,salary,2023-10-05 06:45:00
BGT09900,USR065,INC03090,3800000.0,2050000.0,1300000.0,7150000.0,5850000.0,freelance,2024-03-26 19:06:00
BGT02677,USR070,INC04519,2000000.0,1400000.0,1000000.0,4400000.0,3400000.0,freelance,2023-12-21 23:52:00
BGT05750,USR054,INC05790,-3600000.0,2250000.0,1650000.0,7450000.0,-1350000.0,salary,2024-02-29 00:06:00
BGT08706,USR015,INC07591,850000.0,450000.0,350000.0,1650000.0,1300000.0,allowance,2024-09-11 08:29:00
BGT00102,USR065,INC07882,4650000.0,2750000.0,1200000.0,8600000.0,7400000.0,investment_return,2023-12-05 08:41:00
BGT05159,USR013,INC00251,1400000.0,850000.0,750000.0,3000000.0,2250000.0,allowance,2024-11-29 04:04:00
BGT06233,USR015,INC07201,-1650000.0,800000.0,550000.0,3000000.0,-850000.0,part_time,2024-12-24 12:13:00
BGT07970,USR013,INC07944,850000.0,650000.0,350000.0,1850000.0,1500000.0,part_time,2023-01-03 10:25:00
BGT07302,USR019,INC00341,1100000.0,750000.0,300000.0,2150000.0,1850000.0,scholarship,2023-03-04 12:33:00
BGT01034,USR010,INC06157,600000.0,350000.0,200000.0,1150000.0,950000.0,allowance,2024-06-10 08:22:00
BGT05596,USR006,INC02131,1100000.0,700000.0,300000.0,2100000.0,1800000.0,scholarship,2024-04-30 21:37:00
BGT01049,USR072,INC06754,3750000.0,2150000.0,1200000.0,7100000.0,5900000.0,freelance,2023-08-01 13:47:00
BGT08470,USR056,INC07866,2150000.0,1250000.0,650000.0,4100000.0,3400000.0,business,2024-12-21 19:33:00
BGT01103,USR005,INC07181,850000.0,450000.0,400000.0,1700000.0,1300000.0,scholarship,2024-09-09 06:37:00
BGT07366,USR045,INC07310,3450000.0,1750000.0,1050000.0,6300000.0,5200000.0,freelance,2024-09-20 13:54:00
BGT03850,USR025,INC05317,1100000.0,650000.0,350000.0,210000000.0,1750000.0,allowance,2024-10-29 19:15:00
BGT03904,USR067,INC07326,2500000.0,1600000.0,600000.0,4750000.0,4100000.0,investment_return,2023-07-18 17:43:00
BGT04059,USR049,INC04522,3400000.0,2000000.0,1350000.0,6750000.0,5400000.0,bonus,2023-03-11 23:55:00
BGT06630,USR035,INC05640,2200000.0,1550000.0,750000.0,4500000.0,3750000.0,freelance,2024-01-19 19:59:00
BGT05036,USR041,INC04673,3150000.0,1750000.0,800000.0,5700000.0,4900000.0,salary,2023-05-02 14:37:00
BGT02053,USR048,INC09738,3650000.0,2100000.0,1250000.0,7050000.0,5750000.0,salary,2023-12-06 20:36:00
BGT02160,USR073,INC08141,3000000.0,1600000.0,950000.0,5600000.0,4600000.0,investment_return,2024-08-29 00:27:00
BGT00747,USR017,INC04862,1000000.0,550000.0,500000.0,2050000.0,1550000.0,allowance,2023-11-10 10:41:00
BGT02117,USR003,INC02070,1000000.0,600000.0,450000.0,2050000.0,1600000.0,allowance,2024-01-20 20:27:00
BGT01204,USR058,INC06818,1600000.0,1050000.0,600000.0,3250000.0,2650000.0,salary,2023-07-13 14:11:00
BGT09688,USR005,INC05870,650000.0,350000.0,250000.0,1250000.0,1000000.0,allowance,2023-11-19 12:46:00
BGT06212,USR020,INC08834,900000.0,550000.0,250000.0,1700000.0,1450000.0,part_time,2023-12-09 01:10:00
BGT02635,USR017,INC04284,1050000.0,650000.0,600000.0,2300000.0,1700000.0,allowance,2023-08-26 13:56:00
BGT05031,USR054,INC00745,3000000.0,1950000.0,800000.0,5750000.0,4950000.0,salary,2024-06-19 02:47:00
BGT00356,USR002,INC04176,500000.0,350000.0,250000.0,1100000.0,850000.0,allowance,2024-09-18 03:21:00
BGT00842,USR018,INC07986,1150000.0,700000.0,450000.0,2300000.0,1850000.0,part_time,2024-10-28 08:01:00
BGT08349,USR007,INC01642,650000.0,400000.0,250000.0,1300000.0,1050000.0,scholarship,2024-08-20 14:33:00
BGT01582,USR024,INC05723,1050000.0,700000.0,400000.0,2150000.0,1750000.0,part_time,2024-06-27 07:59:00
BGT02933,USR004,INC03853,900000.0,450000.0,350000.0,1700000.0,1350000.0,part_time,2024-07-09 14:07:00
BGT05301,USR064,INC05412,2900000.0,1550000.0,1550000.0,6000000.0,4450000.0,bonus,2024-05-15 13:16:00
BGT01297,USR069,INC08187,3050000.0,1600000.0,1450000.0,6100000.0,4650000.0,salary,2023-04-27 12:55:00
BGT02781,USR055,INC09963,1900000.0,1200000.0,550000.0,3650000.0,3100000.0,freelance,2023-04-13 19:16:00
BGT04629,USR071,INC04869,4600000.0,3250000.0,1700000.0,9550000.0,7850000.0,bonus,2023-02-25 08:51:00
BGT02832,USR075,INC09483,2150000.0,1100000.0,850000.0,4150000.0,3250000.0,investment_return,2023-05-15 15:17:00
BGT01145,USR054,INC06305,3100000.0,1850000.0,650000.0,5600000.0,4950000.0,business,2023-03-03 22:09:00
BGT07773,USR067,INC01684,2050000.0,1500000.0,950000.0,4500000.0,3550000.0,bonus,2023-01-17 02:54:00
BGT03387,USR068,INC08239,2750000.0,1650000.0,800000.0,5200000.0,4400000.0,freelance,2023-03-13 17:48:00
BGT07202,USR046,INC03512,2000000.0,1450000.0,1100000.0,4600000.0,3450000.0,business,2023-04-10 16:21:00
BGT02063,USR053,INC07646,3050000.0,2000000.0,900000.0,5950000.0,5050000.0,business,2023-11-10 00:51:00
BGT08808,USR033,INC08438,1000000.0,600000.0,350000.0,1950000.0,1600000.0,part_time,2024-08-30 16:00:00
BGT05972,USR019,INC02247,-850000.0,600000.0,400000.0,1800000.0,-250000.0,part_time,2023-01-23 03:55:00
BGT09352,USR071,INC01169,3100000.0,1650000.0,1450000.0,6200000.0,4750000.0,investment_return,2024-02-26 21:28:00
BGT03123,USR030,INC09249,1750000.0,1050000.0,900000.0,3700000.0,2800000.0,freelance,2023-05-21 02:03:00
BGT06604,USR054,INC00555,3000000.0,1700000.0,1600000.0,6300000.0,4700000.0,freelance,2023-04-10 04:25:00
BGT09397,USR034,INC07785,2300000.0,1400000.0,900000.0,4600000.0,3700000.0,part_time,2023-06-02 22:17:00
BGT09649,USR071,INC08434,4550000.0,2550000.0,2750000.0,9850000.0,7100000.0,investment_return,2023-06-26 00:34:00
BGT07749,USR048,INC03456,1850000.0,1200000.0,800000.0,3850000.0,3050000.0,salary,2023-06-18 21:19:00
BGT02212,USR065,INC09726,2150000.0,1550000.0,1150000.0,4850000.0,3700000.0,bonus,2024-04-05 05:32:00
BGT07176,USR037,INC04544,1200000.0,650000.0,600000.0,2450000.0,1850000.0,allowance,2024-04-23 13:28:00
BGT09520,USR074,INC03024,4850000.0,2850000.0,1450000.0,9150000.0,7700000.0,business,2023-07-28 08:27:00
BGT02364,USR024,INC04161,2400000.0,1450000.0,550000.0,4400000.0,3850000.0,allowance,2024-03-23 02:57:00
BGT04628,USR045,INC07169,3500000.0,2450000.0,1650000.0,7600000.0,5950000.0,salary,2024-01-07 14:54:00
BGT09602,USR041,INC02722,2800000.0,1750000.0,1300000.0,5850000.0,4550000.0,freelance,2024-06-21 03:52:00
BGT02711,USR017,INC01898,800000.0,500000.0,400000.0,1700000.0,1300000.0,part_time,2023-05-03 03:55:00
BGT09505,USR062,INC00594,4650000.0,2550000.0,1900000.0,9150000.0,7200000.0,salary,2024-07-21 00:02:00
BGT09814,USR047,INC04220,3400000.0,-2100000.0,2250000.0,7750000.0,1300000.0,bonus,2023-12-03 03:14:00
BGT03699,USR011,INC07692,450000.0,300000.0,250000.0,1000000.0,750000.0,part_time,2024-01-30 07:10:00
BGT09905,USR062,INC00862,4450000.0,2250000.0,1250000.0,7950000.0,6700000.0,freelance,2024-06-21 19:14:00
BGT09833,USR016,INC04585,1100000.0,600000.0,450000.0,2150000.0,1700000.0,scholarship,2023-01-08 18:29:00
BGT03006,USR021,INC09147,1100000.0,650000.0,550000.0,2300000.0,1750000.0,freelance,2023-06-08 14:48:00
BGT05653,USR044,INC06819,2500000.0,1500000.0,1200000.0,5200000.0,4000000.0,freelance,2024-08-30 15:11:00
BGT03057,USR045,INC01245,1700000.0,950000.0,450000.0,3100000.0,2650000.0,freelance,2024-01-03 04:01:00
BGT06578,USR042,INC02205,3900000.0,2500000.0,1200000.0,765000000.0,6400000.0,business,2024-11-24 06:19:00
BGT09356,USR054,INC05319,2300000.0,1200000.0,1200000.0,4700000.0,3500000.0,salary,2023-10-27 00:21:00
BGT00343,USR062,INC08514,4250000.0,2450000.0,1200000.0,7900000.0,6700000.0,salary,2023-02-19 08:45:00
BGT05916,USR025,INC08837,1650000.0,800000.0,550000.0,300000000.0,2450000.0,freelance,2023-10-29 21:47:00
BGT07718,USR058,INC08452,2800000.0,2050000.0,1550000.0,6400000.0,4850000.0,freelance,2024-01-04 06:00:00
BGT01863,USR070,INC07741,4150000.0,2450000.0,1350000.0,7950000.0,6600000.0,investment_return,2024-02-24 10:15:00
BGT01005,USR029,INC02473,1800000.0,950000.0,600000.0,3350000.0,2750000.0,freelance,2024-09-24 23:27:00
BGT06224,USR041,INC03850,3200000.0,1900000.0,1600000.0,6700000.0,5100000.0,salary,2024-07-11 05:02:00
BGT05618,USR060,INC03886,3800000.0,2150000.0,2000000.0,7950000.0,5950000.0,bonus,2024-11-28 13:08:00
BGT06582,USR058,INC08273,3550000.0,2050000.0,1750000.0,7350000.0,5600000.0,business,2023-11-03 10:02:00
BGT09169,USR033,INC04347,2200000.0,1250000.0,1200000.0,4650000.0,3450000.0,internship,2023-09-23 10:21:00
BGT06383,USR044,INC04541,2400000.0,1450000.0,1050000.0,4900000.0,3850000.0,bonus,2024-02-11 08:32:00
BGT02062,USR034,INC07764,1400000.0,800000.0,500000.0,2750000.0,2200000.0,allowance,2024-06-26 21:37:00
BGT05705,USR070,INC02854,5250000.0,2550000.0,1950000.0,9750000.0,7800000.0,business,2024-06-19 21:28:00
BGT03741,USR074,INC01743,3500000.0,1850000.0,1500000.0,6900000.0,5350000.0,salary,2024-05-26 01:10:00
BGT00816,USR065,INC08716,3600000.0,2250000.0,2150000.0,8000000.0,5850000.0,freelance,2023-05-31 14:12:00
BGT02391,USR053,INC07130,1600000.0,950000.0,1000000.0,3550000.0,2550000.0,freelance,2024-07-16 13:06:00
BGT04582,USR050,INC02408,1950000.0,1350000.0,1050000.0,4350000.0,3300000.0,bonus,2024-04-05 12:00:00
BGT02812,USR021,INC00082,1750000.0,950000.0,500000.0,3200000.0,2700000.0,allowance,2024-06-08 03:46:00
BGT01669,USR029,INC08980,1100000.0,700000.0,550000.0,2350000.0,1800000.0,part_time,2024-03-17 11:42:00
BGT00185,USR016,INC05376,1100000.0,650000.0,350000.0,2100000.0,1750000.0,part_time,2023-01-26 10:16:00
BGT02115,USR049,INC05414,2050000.0,1050000.0,900000.0,4000000.0,3100000.0,freelance,2023-10-29 04:01:00
BGT03533,USR017,INC07264,1400000.0,700000.0,450000.0,2550000.0,2100000.0,scholarship,2023-03-19 21:49:00
BGT00084,USR007,INC03507,750000.0,400000.0,200000.0,1350000.0,1150000.0,scholarship,2023-07-02 20:19:00
BGT08535,USR072,INC07936,2300000.0,1200000.0,950000.0,4450000.0,3500000.0,business,2023-02-25 05:26:00
BGT07259,USR029,INC09129,1500000.0,750000.0,550000.0,2800000.0,2250000.0,freelance,2024-11-25 12:59:00
BGT08795,USR024,INC09060,1800000.0,1200000.0,1000000.0,4000000.0,3000000.0,allowance,2023-05-31 17:42:00
BGT06140,USR046,INC02154,4000000.0,2050000.0,1600000.0,7650000.0,6050000.0,business,2023-02-23 13:37:00
BGT09080,USR075,INC04941,2750000.0,1450000.0,800000.0,5000000.0,4200000.0,freelance,2024-04-16 23:03:00
BGT05123,USR050,INC05413,1600000.0,1000000.0,750000.0,3350000.0,2600000.0,salary,2023-12-05 05:43:00
BGT01362,USR008,INC07981,1300000.0,750000.0,250000.0,2300000.0,2050000.0,allowance,2024-08-20 07:08:00
BGT06318,USR056,INC02119,-2050000.0,1250000.0,1000000.0,4300000.0,-800000.0,salary,2024-09-30 06:04:00
BGT08740,USR029,INC05801,950000.0,450000.0,300000.0,1700000.0,1400000.0,allowance,2024-05-22 03:02:00
BGT01520,USR015,INC04414,1250000.0,600000.0,500000.0,2350000.0,1850000.0,part_time,2024-08-13 20:35:00
BGT08297,USR036,INC04954,1150000.0,600000.0,300000.0,2050000.0,1750000.0,internship,2023-08-22 22:42:00
BGT08009,USR066,INC09223,3650000.0,2200000.0,1050000.0,6900000.0,5850000.0,investment_return,2024-10-23 10:22:00
BGT01578,USR010,INC07143,800000.0,500000.0,200000.0,1500000.0,1300000.0,scholarship,2024-02-06 20:12:00
BGT00645,USR030,INC06341,2550000.0,1600000.0,550000.0,4700000.0,4150000.0,allowance,2024-06-02 07:11:00
BGT04028,USR030,INC06423,1900000.0,1100000.0,850000.0,3850000.0,3000000.0,part_time,2023-10-20 06:26:00
BGT06325,USR051,INC00434,2950000.0,2000000.0,1450000.0,6400000.0,4950000.0,freelance,2024-11-29 05:22:00
BGT08070,USR072,INC08384,3750000.0,1900000.0,1400000.0,7100000.0,5650000.0,salary,2024-03-16 20:17:00
BGT00685,USR069,INC05246,2750000.0,1700000.0,900000.0,5350000.0,4450000.0,bonus,2024-09-01 21:02:00
BGT07379,USR014,INC06021,800000.0,400000.0,250000.0,1450000.0,1200000.0,part_time,2024-05-01 18:51:00
BGT02579,USR070,INC08272,3000000.0,1800000.0,1900000.0,6700000.0,4800000.0,business,2024-12-05 06:54:00
BGT00313,USR037,INC00053,1800000.0,1150000.0,700000.0,3650000.0,2950000.0,allowance,2024-02-14 20:28:00
BGT01634,USR003,INC02737,1050000.0,600000.0,300000.0,1950000.0,1650000.0,part_time,2024-08-14 00:38:00
BGT03814,USR037,INC07091,1350000.0,750000.0,550000.0,2650000.0,2100000.0,freelance,2023-07-10 15:24:00
BGT01662,USR044,INC09453,2600000.0,1650000.0,1050000.0,5350000.0,4250000.0,bonus,2024-08-01 07:59:00
BGT04312,USR045,INC01779,2200000.0,1300000.0,650000.0,4150000.0,3500000.0,business,2024-11-07 03:35:00
BGT08778,USR003,INC00781,850000.0,500000.0,450000.0,1800000.0,1350000.0,allowance,2023-11-13 18:21:00
BGT07158,USR052,INC06125,1750000.0,1250000.0,850000.0,3850000.0,3000000.0,business,2023-04-18 14:30:00
BGT01432,USR004,INC04755,1100000.0,800000.0,550000.0,2500000.0,1900000.0,part_time,2024-08-25 04:55:00
BGT05685,USR003,INC08440,1500000.0,750000.0,550000.0,2800000.0,2250000.0,freelance,2024-07-12 01:13:00
BGT00040,USR043,INC02274,1950000.0,1250000.0,750000.0,3950000.0,3200000.0,freelance,2024-08-07 02:23:00
BGT03738,USR042,INC08781,2550000.0,1700000.0,1550000.0,5800000.0,4250000.0,salary,2023-02-19 12:39:00
BGT05796,USR005,INC04412,1200000.0,750000.0,450000.0,2400000.0,1950000.0,allowance,2024-01-02 02:14:00
BGT00242,USR014,INC01553,600000.0,300000.0,200000.0,1100000.0,900000.0,allowance,2024-05-12 12:27:00
BGT01296,USR033,INC09941,1050000.0,500000.0,350000.0,1900000.0,1550000.0,internship,2024-08-18 14:13:00
BGT04556,USR026,INC04254,1550000.0,900000.0,800000.0,3250000.0,2450000.0,internship,2024-11-04 19:53:00
BGT08853,USR041,INC00466,3700000.0,2400000.0,1900000.0,8000000.0,6100000.0,bonus,2023-04-08 06:35:00
BGT09326,USR002,INC01581,950000.0,500000.0,250000.0,1700000.0,1450000.0,allowance,2023-11-14 12:03:00
BGT05498,USR060,INC02251,1800000.0,1050000.0,750000.0,3600000.0,2850000.0,bonus,2023-01-23 00:35:00
BGT06875,USR069,INC03307,4050000.0,3000000.0,1750000.0,8800000.0,7050000.0,freelance,2023-12-13 20:57:00
BGT03848,USR055,INC01448,1450000.0,1000000.0,600000.0,3050000.0,2450000.0,bonus,2024-12-02 06:04:00
BGT00968,USR003,INC06182,700000.0,450000.0,450000.0,1600000.0,1150000.0,scholarship,2024-11-14 13:18:00
BGT05918,USR072,INC06839,3800000.0,2200000.0,2450000.0,8450000.0,6000000.0,business,2023-04-17 11:37:00
BGT03285,USR072,INC07893,3900000.0,2700000.0,1550000.0,8150000.0,6600000.0,freelance,2024-02-19 02:53:00
BGT08039,USR034,INC02195,2250000.0,1400000.0,1050000.0,4700000.0,3650000.0,allowance,2024-07-11 04:56:00
BGT04782,USR027,INC06446,2400000.0,1500000.0,950000.0,4850000.0,3900000.0,freelance,2023-04-11 15:50:00
BGT09930,USR037,INC01488,950000.0,500000.0,250000.0,1700000.0,1450000.0,internship,2023-03-11 12:38:00
BGT05860,USR038,INC00214,1950000.0,1350000.0,800000.0,4100000.0,3300000.0,freelance,2024-05-07 13:59:00
BGT09847,USR043,INC02486,1800000.0,1300000.0,700000.0,3800000.0,3100000.0,bonus,2023-07-10 02:17:00
BGT04719,USR059,INC01783,1850000.0,1150000.0,750000.0,3750000.0,3000000.0,freelance,2024-05-12 08:32:00
BGT07006,USR067,INC04077,3350000.0,2450000.0,1850000.0,7650000.0,5800000.0,bonus,2024-06-14 16:25:00
BGT03025,USR041,INC00645,3500000.0,1950000.0,2050000.0,7500000.0,5450000.0,freelance,2024-08-19 07:49:00
BGT00962,USR026,INC08582,2000000.0,1400000.0,1050000.0,4450000.0,3400000.0,part_time,2024-08-12 15:05:00
BGT03897,USR052,INC01500,3000000.0,2200000.0,1450000.0,6650000.0,5200000.0,salary,2023-11-30 18:25:00
BGT01997,USR045,INC02761,2300000.0,1250000.0,600000.0,4150000.0,3550000.0,bonus,2023-11-15 22:02:00
BGT05558,USR007,INC09391,1300000.0,950000.0,600000.0,2850000.0,2250000.0,part_time,2023-12-07 01:58:00
BGT01866,USR066,INC02749,5300000.0,3150000.0,1400000.0,9850000.0,8450000.0,bonus,2023-12-26 14:41:00
BGT09789,USR051,INC05566,3300000.0,2150000.0,1900000.0,7350000.0,5450000.0,business,2023-11-04 11:18:00
BGT01701,USR064,INC03133,3750000.0,2050000.0,1550000.0,7350000.0,5800000.0,freelance,2023-08-29 20:44:00
BGT09880,USR046,INC05126,2300000.0,1450000.0,750000.0,4550000.0,3750000.0,business,2023-10-17 17:15:00
BGT06774,USR037,INC00093,900000.0,450000.0,300000.0,165000000.0,1350000.0,allowance,2024-12-02 03:59:00
BGT07558,USR038,INC01817,1000000.0,600000.0,200000.0,1800000.0,1600000.0,internship,2023-12-15 03:24:00
BGT08888,USR033,INC09328,1150000.0,550000.0,350000.0,2050000.0,1700000.0,freelance,2024-09-27 12:47:00
BGT04044,USR069,INC09464,4450000.0,3050000.0,2400000.0,9900000.0,7500000.0,salary,2023-12-27 12:50:00
BGT01105,USR070,INC03153,5000000.0,3050000.0,1550000.0,9600000.0,8050000.0,business,2024-12-06 03:20:00
BGT06856,USR015,INC08956,1400000.0,850000.0,350000.0,2600000.0,2250000.0,part_time,2023-10-05 21:06:00
BGT03639,USR014,INC07865,1200000.0,600000.0,500000.0,2300000.0,1800000.0,part_time,2023-09-21 02:01:00
BGT08583,USR052,INC06567,2850000.0,1700000.0,1350000.0,5900000.0,4550000.0,business,2023-06-07 03:36:00
BGT08753,USR060,INC07340,3350000.0,2250000.0,1700000.0,7300000.0,5600000.0,salary,2024-10-07 13:49:00
BGT07266,USR054,INC04542,2250000.0,1450000.0,1050000.0,4750000.0,3700000.0,bonus,2024-08-26 06:42:00
BGT04617,USR034,INC09059,1350000.0,750000.0,300000.0,2450000.0,2100000.0,part_time,2023-07-19 02:50:00
BGT04242,USR016,INC09622,1100000.0,700000.0,650000.0,2450000.0,1800000.0,part_time,2023-09-22 01:44:00
BGT09025,USR050,INC06171,3800000.0,2000000.0,1350000.0,7200000.0,5800000.0,salary,2023-08-30 19:26:00
BGT00998,USR056,INC04334,3500000.0,1900000.0,1350000.0,6750000.0,5400000.0,freelance,2023-03-29 11:32:00
BGT07939,USR038,INC03834,1650000.0,1000000.0,950000.0,3600000.0,2650000.0,allowance,2023-02-17 16:39:00
BGT05186,USR058,INC09698,4000000.0,1900000.0,1200000.0,7100000.0,5900000.0,freelance,2023-09-25 01:05:00
BGT08466,USR070,INC05132,3550000.0,2100000.0,2400000.0,8050000.0,5650000.0,business,2023-02-04 03:09:00
BGT03810,USR070,INC03670,2050000.0,1150000.0,1150000.0,4350000.0,3200000.0,freelance,2024-08-30 09:28:00
BGT07867,USR047,INC01348,2500000.0,1350000.0,1100000.0,4950000.0,3850000.0,freelance,2023-04-13 22:30:00
BGT05741,USR046,INC04499,3100000.0,1900000.0,600000.0,5600000.0,5000000.0,freelance,2024-06-28 02:44:00
BGT03635,USR035,INC03489,1600000.0,950000.0,350000.0,2950000.0,2550000.0,internship,2023-11-28 22:13:00
BGT09839,USR027,INC08041,2300000.0,1200000.0,750000.0,4300000.0,3500000.0,allowance,2023-09-03 00:04:00
BGT01515,USR014,INC03027,1250000.0,850000.0,600000.0,2700000.0,2100000.0,part_time,2024-12-07 16:38:00
BGT05298,USR060,INC04312,3750000.0,2000000.0,1100000.0,6850000.0,5750000.0,freelance,2023-11-22 08:50:00
BGT05385,USR023,INC01234,2350000.0,1600000.0,750000.0,4700000.0,3950000.0,internship,2023-01-05 03:25:00
BGT03794,USR073,INC09682,2100000.0,1450000.0,1000000.0,4550000.0,3550000.0,investment_return,2023-01-17 15:18:00
BGT07223,USR009,INC02714,950000.0,450000.0,300000.0,1700000.0,1400000.0,part_time,2023-08-17 22:10:00
BGT09166,USR029,INC06086,1300000.0,850000.0,700000.0,2900000.0,2150000.0,allowance,2023-09-21 17:15:00
BGT05803,USR018,INC06565,1400000.0,750000.0,550000.0,2700000.0,2150000.0,part_time,2023-05-20 06:05:00
BGT04501,USR003,INC09737,1050000.0,550000.0,500000.0,2100000.0,1600000.0,scholarship,2024-10-06 01:43:00
BGT05334,USR031,INC06255,1250000.0,800000.0,500000.0,2600000.0,2050000.0,allowance,2024-02-11 22:23:00
BGT04326,USR058,INC02285,2300000.0,1650000.0,1250000.0,5200000.0,3950000.0,salary,2024-09-26 07:49:00
BGT09491,USR038,INC06082,2250000.0,1550000.0,900000.0,4700000.0,3800000.0,part_time,2023-01-31 17:22:00
BGT09126,USR049,INC06073,3500000.0,2550000.0,1700000.0,7750000.0,6050000.0,freelance,2024-11-19 09:12:00
BGT03428,USR067,INC06205,3050000.0,2300000.0,1400000.0,6750000.0,5350000.0,investment_return,2023-10-28 11:09:00
BGT04156,USR073,INC05359,3100000.0,2100000.0,1650000.0,6850000.0,5200000.0,salary,2024-05-23 18:18:00
BGT02620,USR061,INC04272,2400000.0,1550000.0,1550000.0,5500000.0,3950000.0,investment_return,2023-12-15 12:30:00
BGT04655,USR001,INC04070,950000.0,650000.0,300000.0,1900000.0,1600000.0,allowance,2023-02-22 13:13:00
BGT03451,USR015,INC06667,1150000.0,600000.0,550000.0,2300000.0,1750000.0,scholarship,2024-03-31 18:51:00
BGT05649,USR022,INC05160,1800000.0,1050000.0,900000.0,3750000.0,2850000.0,allowance,2023-04-28 10:47:00
BGT04917,USR018,INC03108,1300000.0,750000.0,350000.0,2400000.0,2050000.0,part_time,2023-09-02 19:11:00
BGT08121,USR041,INC04695,1850000.0,1150000.0,1000000.0,4000000.0,3000000.0,bonus,2023-07-22 07:20:00
BGT09561,USR006,INC01140,1100000.0,650000.0,250000.0,2000000.0,1750000.0,allowance,2024-11-03 07:23:00
BGT02578,USR041,INC09061,2000000.0,1300000.0,1150000.0,4500000.0,3300000.0,salary,2024-08-04 16:25:00
BGT03867,USR003,INC00510,1400000.0,700000.0,400000.0,2500000.0,2100000.0,scholarship,2024-06-02 07:49:00
BGT07138,USR058,INC07999,3100000.0,1750000.0,1400000.0,6250000.0,4850000.0,salary,2024-12-08 06:13:00
BGT09976,USR045,INC04657,1950000.0,1100000.0,850000.0,3900000.0,3050000.0,bonus,2024-01-12 11:29:00
BGT07756,USR017,INC01701,1500000.0,850000.0,450000.0,2800000.0,2350000.0,part_time,2024-06-30 14:55:00
BGT07072,USR048,INC09869,3450000.0,2150000.0,2100000.0,7700000.0,5600000.0,salary,2024-03-20 11:58:00
BGT08609,USR056,INC07229,2550000.0,1550000.0,900000.0,5000000.0,4100000.0,freelance,2024-12-16 15:34:00
BGT08541,USR007,INC06209,1050000.0,700000.0,500000.0,2250000.0,1750000.0,allowance,2023-04-03 10:38:00
BGT02225,USR035,INC03049,2100000.0,1200000.0,700000.0,4000000.0,3300000.0,allowance,2024-12-12 16:07:00
BGT06537,USR062,INC07202,3200000.0,1650000.0,850000.0,5750000.0,4850000.0,business,2024-10-03 13:41:00
BGT06150,USR014,INC08996,750000.0,450000.0,350000.0,1550000.0,1200000.0,allowance,2024-07-05 20:03:00
BGT08860,USR010,INC03313,1450000.0,950000.0,450000.0,2850000.0,2400000.0,part_time,2023-05-03 12:14:00
BGT09087,USR007,INC06017,800000.0,550000.0,400000.0,1750000.0,1350000.0,part_time,2023-02-12 10:50:00
BGT00120,USR067,INC04504,2650000.0,1500000.0,850000.0,5000000.0,4150000.0,business,2023-08-26 07:29:00
BGT04974,USR024,INC04547,2200000.0,1200000.0,1000000.0,4400000.0,3400000.0,internship,2023-09-25 22:11:00
BGT01555,USR035,INC01733,2600000.0,1450000.0,550000.0,4600000.0,4050000.0,part_time,2023-08-12 17:52:00
BGT01521,USR058,INC02009,2350000.0,1350000.0,600000.0,4300000.0,3700000.0,salary,2024-03-07 00:27:00
BGT04189,USR037,INC08374,1050000.0,650000.0,350000.0,2050000.0,1700000.0,internship,2023-09-18 01:26:00
BGT03523,USR022,INC02698,2400000.0,1650000.0,800000.0,4850000.0,4050000.0,allowance,2024-05-27 17:16:00
BGT08963,USR020,INC04130,1100000.0,600000.0,300000.0,2000000.0,1700000.0,allowance,2024-05-17 09:29:00
BGT05552,USR040,INC04975,950000.0,450000.0,350000.0,1750000.0,1400000.0,part_time,2023-05-01 07:03:00
BGT01440,USR047,INC02355,2100000.0,1500000.0,1050000.0,4650000.0,3600000.0,business,2023-03-09 08:58:00
BGT08804,USR065,INC04469,4800000.0,2650000.0,2350000.0,9800000.0,7450000.0,bonus,2024-10-04 20:14:00
BGT05523,USR020,INC07330,550000.0,300000.0,200000.0,1100000.0,850000.0,allowance,2024-07-12 02:05:00
BGT03484,USR043,INC01430,3300000.0,2150000.0,1100000.0,6550000.0,5450000.0,salary,2024-03-07 14:31:00
BGT00151,USR030,INC00800,1200000.0,600000.0,450000.0,2250000.0,1800000.0,internship,2024-07-02 23:39:00
BGT05774,USR028,INC09115,1100000.0,650000.0,450000.0,2200000.0,1750000.0,part_time,2023-06-27 10:04:00
BGT08771,USR003,INC03264,1200000.0,700000.0,350000.0,2250000.0,1900000.0,part_time,2023-05-08 01:26:00
BGT06339,USR009,INC07645,1250000.0,750000.0,700000.0,2700000.0,2000000.0,scholarship,2024-06-30 22:51:00
BGT00036,USR038,INC09053,2100000.0,1250000.0,600000.0,3950000.0,3350000.0,allowance,2023-02-15 22:27:00
BGT01737,USR055,INC07734,3500000.0,2000000.0,1150000.0,6650000.0,5500000.0,freelance,2024-08-24 15:02:00
BGT06642,USR006,INC02111,950000.0,650000.0,550000.0,2150000.0,1600000.0,scholarship,2024-08-30 13:36:00
BGT01684,USR073,INC06267,3350000.0,2450000.0,1650000.0,7450000.0,5800000.0,freelance,2024-07-26 14:57:00
BGT08705,USR064,INC08820,4550000.0,2850000.0,2500000.0,9900000.0,7400000.0,bonus,2023-07-07 23:26:00
BGT09077,USR037,INC05135,1350000.0,800000.0,600000.0,2750000.0,2150000.0,part_time,2024-05-17 16:54:00
BGT04099,USR057,INC07829,2400000.0,1300000.0,1100000.0,4800000.0,3700000.0,freelance,2024-10-17 23:57:00
BGT04768,USR075,INC03901,3250000.0,1800000.0,950000.0,6050000.0,5050000.0,business,2023-08-20 08:13:00
BGT02336,USR063,INC05434,2200000.0,1300000.0,850000.0,4350000.0,3500000.0,investment_return,2023-01-15 18:45:00
BGT06860,USR010,INC01099,950000.0,650000.0,500000.0,2100000.0,1600000.0,allowance,2024-11-06 08:40:00
BGT02865,USR059,INC00638,3450000.0,2050000.0,1100000.0,6600000.0,5500000.0,salary,2023-10-23 11:59:00
BGT08098,USR062,INC03087,3200000.0,1950000.0,750000.0,5900000.0,5150000.0,freelance,2023-08-20 10:19:00
BGT02764,USR037,INC05796,1200000.0,850000.0,600000.0,2650000.0,2050000.0,internship,2024-07-25 11:43:00
BGT08581,USR025,INC05307,1100000.0,650000.0,450000.0,2250000.0,1750000.0,internship,2023-07-07 07:41:00
BGT08010,USR038,INC06234,1450000.0,850000.0,950000.0,3250000.0,2300000.0,allowance,2023-06-16 23:46:00
BGT06567,USR052,INC09163,3000000.0,1450000.0,1000000.0,5450000.0,4450000.0,business,2023-05-31 22:26:00
BGT05764,USR015,INC08740,800000.0,400000.0,350000.0,1600000.0,1200000.0,part_time,2024-10-29 23:43:00
BGT02141,USR006,INC03053,1250000.0,650000.0,450000.0,2350000.0,1900000.0,scholarship,2023-01-10 09:28:00
BGT08890,USR062,INC01934,3600000.0,2400000.0,1250000.0,7250000.0,6000000.0,bonus,2024-01-31 23:53:00
BGT04446,USR068,INC04948,3700000.0,1950000.0,1300000.0,6950000.0,5650000.0,investment_return,2023-03-22 09:08:00
BGT04973,USR036,INC01382,1950000.0,1100000.0,1050000.0,4100000.0,3050000.0,freelance,2024-01-03 09:52:00
BGT03067,USR055,INC01894,3200000.0,2100000.0,1100000.0,6400000.0,5300000.0,business,2023-08-09 20:18:00
BGT07624,USR039,INC00410,1600000.0,850000.0,650000.0,3100000.0,2450000.0,freelance,2023-01-15 21:58:00
BGT05037,USR048,INC03413,2500000.0,1350000.0,1050000.0,4900000.0,3850000.0,business,2023-07-08 08:40:00
BGT03638,USR005,INC03385,1000000.0,700000.0,400000.0,2100000.0,1700000.0,part_time,2024-02-14 11:47:00
BGT09732,USR026,INC01037,1850000.0,950000.0,750000.0,3550000.0,2800000.0,freelance,2023-09-28 18:33:00
BGT06969,USR061,INC03924,5000000.0,2700000.0,2300000.0,10000000.0,7700000.0,freelance,2024-01-27 01:46:00
BGT09726,USR050,INC09871,3250000.0,1550000.0,1000000.0,5800000.0,4800000.0,salary,2024-06-29 01:08:00
BGT03542,USR037,INC01059,800000.0,500000.0,300000.0,1600000.0,1300000.0,allowance,2023-09-10 16:13:00
BGT01644,USR011,INC03908,1500000.0,850000.0,350000.0,2700000.0,2350000.0,allowance,2024-09-12 13:11:00
BGT04754,USR027,INC05996,1000000.0,600000.0,250000.0,1850000.0,1600000.0,allowance,2024-02-13 22:05:00
BGT00405,USR065,INC00902,3800000.0,2300000.0,2150000.0,8250000.0,6100000.0,investment_return,2024-09-20 03:59:00
BGT06944,USR016,INC01531,900000.0,500000.0,250000.0,1650000.0,1400000.0,part_time,2023-04-13 23:16:00
BGT04597,USR019,INC01461,650000.0,400000.0,350000.0,1400000.0,1050000.0,scholarship,2024-06-28 11:36:00
BGT03980,USR055,INC06781,3450000.0,1900000.0,1200000.0,6550000.0,5350000.0,bonus,2023-11-15 09:33:00
BGT07902,USR075,INC01177,3200000.0,2050000.0,1850000.0,7100000.0,5250000.0,investment_return,2023-04-20 14:32:00
BGT08510,USR004,INC04888,750000.0,450000.0,300000.0,1500000.0,1200000.0,part_time,2024-09-11 05:12:00
BGT07717,USR064,INC06562,3000000.0,1850000.0,1950000.0,6800000.0,4850000.0,salary,2023-03-11 03:35:00
BGT06297,USR067,INC07905,4700000.0,2650000.0,1200000.0,8550000.0,7350000.0,freelance,2023-05-20 15:47:00
BGT07042,USR016,INC08777,1400000.0,800000.0,300000.0,2500000.0,2200000.0,allowance,2024-02-01 14:03:00
BGT04531,USR071,INC01737,2300000.0,1700000.0,1150000.0,5150000.0,4000000.0,investment_return,2023-05-10 23:11:00
BGT03456,USR036,INC01565,1500000.0,1000000.0,650000.0,3150000.0,2500000.0,internship,2024-07-23 08:39:00
BGT03620,USR023,INC06119,1750000.0,1100000.0,500000.0,3400000.0,2850000.0,part_time,2023-08-13 13:46:00
BGT04073,USR020,INC07749,1450000.0,850000.0,400000.0,2700000.0,2300000.0,part_time,2024-07-26 13:18:00
BGT00834,USR025,INC02919,1150000.0,850000.0,550000.0,2550000.0,2000000.0,freelance,2024-11-05 13:42:00
BGT06335,USR072,INC07489,4550000.0,3000000.0,2150000.0,9700000.0,7550000.0,freelance,2024-06-21 07:59:00
BGT07135,USR001,INC06317,650000.0,450000.0,350000.0,1450000.0,1100000.0,part_time,2023-11-27 09:57:00
BGT09040,USR075,INC00233,4600000.0,2650000.0,2150000.0,9400000.0,7250000.0,salary,2023-01-10 01:57:00
BGT08978,USR070,INC09669,3250000.0,1800000.0,950000.0,6050000.0,5050000.0,bonus,2024-10-10 06:50:00
BGT07795,USR008,INC08147,1250000.0,750000.0,350000.0,2400000.0,2000000.0,scholarship,2024-07-03 04:10:00
BGT06408,USR070,INC03379,3850000.0,2150000.0,1900000.0,7900000.0,6000000.0,business,2024-05-24 18:09:00
BGT07349,USR067,INC07452,5200000.0,3300000.0,1500000.0,10000000.0,8500000.0,freelance,2024-12-03 04:05:00
BGT08990,USR038,INC02767,1700000.0,900000.0,400000.0,3000000.0,2600000.0,allowance,2024-08-10 14:59:00
BGT05280,USR065,INC01074,3550000.0,2300000.0,1100000.0,6950000.0,5850000.0,freelance,2023-04-28 13:09:00
BGT05569,USR047,INC08734,2500000.0,1650000.0,950000.0,5100000.0,4150000.0,freelance,2024-07-10 19:37:00
BGT07829,USR046,INC03302,4050000.0,2300000.0,850000.0,7200000.0,6350000.0,business,2023-08-10 09:56:00
BGT02623,USR065,INC00369,2100000.0,1350000.0,1000000.0,4450000.0,3450000.0,freelance,2024-10-20 11:50:00
BGT08460,USR009,INC08397,1300000.0,700000.0,400000.0,2400000.0,2000000.0,scholarship,2023-01-07 21:00:00
BGT03405,USR034,INC07770,1150000.0,600000.0,600000.0,2400000.0,1750000.0,allowance,2024-01-11 20:59:00
BGT08003,USR021,INC08955,1150000.0,750000.0,650000.0,2550000.0,1900000.0,freelance,2023-09-24 09:36:00
BGT06497,USR016,INC04320,1500000.0,800000.0,400000.0,2750000.0,2300000.0,part_time,2024-07-19 21:34:00
BGT02679,USR045,INC07975,3350000.0,1800000.0,1550000.0,6700000.0,5150000.0,salary,2023-01-05 13:48:00
BGT01749,USR057,INC04133,3650000.0,1700000.0,1250000.0,6600000.0,5350000.0,bonus,2024-08-03 11:03:00
BGT04998,USR042,INC08227,2950000.0,1800000.0,900000.0,5700000.0,4750000.0,bonus,2024-03-30 18:52:00
BGT07852,USR025,INC06338,1750000.0,850000.0,600000.0,3200000.0,2600000.0,allowance,2023-11-01 11:06:00
BGT08488,USR022,INC04395,1800000.0,900000.0,750000.0,3450000.0,2700000.0,freelance,2024-12-25 11:02:00
BGT02774,USR041,INC08172,3100000.0,1900000.0,950000.0,6000000.0,5000000.0,salary,2024-06-25 15:53:00
BGT05357,USR065,INC00023,4800000.0,2950000.0,2050000.0,9800000.0,7750000.0,bonus,2024-08-06 04:07:00
BGT06066,USR012,INC09728,1400000.0,900000.0,550000.0,2850000.0,2300000.0,allowance,2024-11-12 17:21:00
BGT09580,USR022,INC00632,2250000.0,1250000.0,950000.0,4450000.0,3500000.0,allowance,2023-08-24 10:29:00
BGT05780,USR031,INC08788,1150000.0,600000.0,400000.0,2150000.0,1750000.0,allowance,2023-05-19 00:28:00
BGT01631,USR053,INC04081,3750000.0,2100000.0,1350000.0,7200000.0,5850000.0,freelance,2023-12-08 19:36:00
BGT07283,USR015,INC03240,900000.0,450000.0,350000.0,1700000.0,1350000.0,allowance,2023-11-22 06:57:00
BGT02348,USR017,INC05585,500000.0,350000.0,200000.0,1050000.0,850000.0,freelance,2024-01-05 09:12:00
BGT00828,USR032,INC06235,1750000.0,1200000.0,750000.0,3700000.0,2950000.0,internship,2023-06-04 21:25:00
BGT00110,USR012,INC05618,1100000.0,600000.0,600000.0,2300000.0,1700000.0,part_time,2024-11-11 03:10:00
BGT07571,USR069,INC05914,3850000.0,2200000.0,1500000.0,7550000.0,6050000.0,investment_return,2023-07-17 07:09:00
BGT00855,USR008,INC05901,600000.0,350000.0,150000.0,1100000.0,950000.0,allowance,2024-09-06 00:09:00
BGT08821,USR066,INC04444,4150000.0,2450000.0,1100000.0,7700000.0,6600000.0,freelance,2023-01-17 04:04:00
BGT00695,USR064,INC07915,3900000.0,2100000.0,2100000.0,8100000.0,6000000.0,investment_return,2024-05-17 09:55:00
BGT00683,USR053,INC01416,3500000.0,2100000.0,1150000.0,6750000.0,5600000.0,salary,2023-05-11 00:00:00
BGT04878,USR007,INC00328,650000.0,400000.0,400000.0,1450000.0,1050000.0,allowance,2024-10-14 18:35:00
BGT03077,USR039,INC04354,1350000.0,750000.0,450000.0,2550000.0,2100000.0,freelance,2023-06-21 05:52:00
BGT04638,USR074,INC03701,3200000.0,1700000.0,1150000.0,6050000.0,4900000.0,freelance,2023-09-12 05:10:00
BGT05776,USR028,INC04949,1500000.0,800000.0,650000.0,295000000.0,2300000.0,freelance,2024-10-26 18:28:00
BGT03043,USR060,INC00216,4000000.0,2100000.0,1400000.0,7500000.0,6100000.0,freelance,2024-08-18 16:37:00
BGT03495,USR060,INC02505,2750000.0,1650000.0,1250000.0,5650000.0,4400000.0,bonus,2024-03-19 04:28:00
BGT05979,USR067,INC00900,4400000.0,2350000.0,2000000.0,8750000.0,6750000.0,freelance,2024-02-18 06:15:00
BGT08244,USR072,INC01035,3800000.0,2100000.0,1600000.0,7500000.0,5900000.0,salary,2024-04-06 21:18:00
BGT08414,USR033,INC05033,1350000.0,750000.0,650000.0,2750000.0,2100000.0,freelance,2023-10-09 03:08:00
BGT00174,USR007,INC00115,900000.0,450000.0,400000.0,1750000.0,1350000.0,allowance,2023-05-28 11:41:00
BGT05497,USR012,INC09127,1000000.0,550000.0,500000.0,2050000.0,1550000.0,scholarship,2024-02-01 18:43:00
BGT02761,USR006,INC00822,1450000.0,850000.0,700000.0,3000000.0,2300000.0,allowance,2024-06-26 03:21:00
BGT02777,USR022,INC09373,1150000.0,800000.0,600000.0,2550000.0,1950000.0,part_time,2024-12-20 18:33:00
BGT05028,USR060,INC01841,3800000.0,2300000.0,1550000.0,7650000.0,6100000.0,freelance,2024-06-28 19:16:00
BGT05824,USR033,INC02164,2200000.0,1500000.0,800000.0,4500000.0,3700000.0,part_time,2024-09-16 12:33:00
BGT02229,USR054,INC07128,2000000.0,1050000.0,800000.0,3850000.0,3050000.0,business,2024-12-21 13:11:00
BGT01450,USR018,INC07200,1500000.0,750000.0,500000.0,2750000.0,2250000.0,part_time,2023-09-11 13:21:00
BGT03359,USR064,INC01931,3900000.0,-2150000.0,1900000.0,8000000.0,1750000.0,salary,2024-09-29 01:33:00
BGT06594,USR059,INC05635,3700000.0,2200000.0,1950000.0,7850000.0,5900000.0,bonus,2023-12-26 16:16:00
BGT00288,USR033,INC09532,1800000.0,1200000.0,600000.0,3650000.0,3000000.0,allowance,2024-09-23 05:42:00
BGT02333,USR034,INC08456,1300000.0,950000.0,650000.0,2900000.0,2250000.0,freelance,2024-08-03 15:14:00
BGT03398,USR023,INC07432,1300000.0,800000.0,550000.0,2650000.0,2100000.0,part_time,2024-11-30 05:16:00
BGT02695,USR013,INC01065,550000.0,350000.0,300000.0,1200000.0,900000.0,part_time,2023-11-25 05:03:00
BGT00977,USR072,INC07349,2900000.0,1850000.0,1050000.0,5800000.0,4750000.0,salary,2024-09-06 22:53:00
BGT02739,USR012,INC01287,1700000.0,950000.0,350000.0,3000000.0,2650000.0,scholarship,2023-05-25 11:14:00
BGT01854,USR008,INC05614,1150000.0,850000.0,550000.0,2600000.0,2000000.0,part_time,2023-12-23 09:18:00
BGT03998,USR027,INC06698,900000.0,500000.0,400000.0,1800000.0,1400000.0,allowance,2024-04-26 03:55:00
BGT09064,USR074,INC06273,5150000.0,3050000.0,1350000.0,9550000.0,8200000.0,investment_return,2023-12-08 09:40:00
BGT09902,USR067,INC01418,4600000.0,2400000.0,2200000.0,9250000.0,7000000.0,business,2024-11-21 21:14:00
BGT02568,USR020,INC02161,750000.0,450000.0,300000.0,1500000.0,1200000.0,part_time,2023-07-15 23:08:00
BGT04437,USR058,INC02803,2150000.0,1300000.0,450000.0,3950000.0,3450000.0,salary,2024-05-26 21:47:00
BGT08874,USR044,INC09868,1950000.0,1200000.0,1100000.0,4250000.0,3150000.0,bonus,2024-06-01 21:19:00
BGT05194,USR008,INC01389,1100000.0,600000.0,450000.0,215000000.0,1700000.0,scholarship,2023-04-15 16:24:00
BGT02234,USR073,INC02701,3650000.0,2150000.0,700000.0,6550000.0,5800000.0,freelance,2024-11-25 05:38:00
BGT03937,USR045,INC01995,3450000.0,1900000.0,1250000.0,6600000.0,5350000.0,bonus,2023-06-21 04:21:00
BGT01054,USR018,INC00762,700000.0,400000.0,400000.0,1500000.0,1100000.0,allowance,2023-05-29 21:39:00
BGT03696,USR051,INC03865,3400000.0,2200000.0,1750000.0,7350000.0,5600000.0,freelance,2024-09-27 03:10:00
BGT05694,USR061,INC01262,3000000.0,2200000.0,1450000.0,6650000.0,5200000.0,freelance,2024-05-04 14:54:00
BGT06221,USR037,INC01590,2400000.0,1250000.0,900000.0,4550000.0,3650000.0,freelance,2023-07-03 08:50:00
BGT07599,USR042,INC02487,2950000.0,1650000.0,1150000.0,5750000.0,4600000.0,bonus,2023-03-24 23:09:00
BGT07193,USR037,INC05398,1200000.0,550000.0,350000.0,2100000.0,1750000.0,part_time,2024-04-19 06:07:00
BGT03981,USR052,INC01381,3800000.0,2250000.0,1400000.0,7450000.0,6050000.0,business,2023-06-03 06:38:00
BGT00609,USR026,INC08789,1050000.0,700000.0,650000.0,2400000.0,1750000.0,internship,2024-10-11 05:53:00
BGT07889,USR055,INC06364,2900000.0,2100000.0,1300000.0,6300000.0,5000000.0,salary,2023-09-07 00:18:00
BGT09771,USR012,INC07363,1050000.0,650000.0,350000.0,2050000.0,1700000.0,scholarship,2023-01-14 22:19:00
BGT09889,USR049,INC07572,3150000.0,2250000.0,1350000.0,6750000.0,5400000.0,bonus,2023-05-01 12:02:00
BGT00103,USR066,INC05313,3600000.0,2200000.0,1100000.0,6900000.0,5800000.0,business,2023-12-04 11:54:00
BGT06244,USR028,INC07918,2550000.0,1400000.0,850000.0,480000000.0,3950000.0,allowance,2024-10-01 16:50:00
BGT02785,USR070,INC01543,4600000.0,2250000.0,1500000.0,8400000.0,6850000.0,business,2023-11-10 21:01:00
BGT09504,USR001,INC06276,650000.0,350000.0,200000.0,1200000.0,1000000.0,scholarship,2023-10-13 06:34:00
BGT08942,USR002,INC05164,1050000.0,700000.0,400000.0,2150000.0,1750000.0,part_time,2023-03-15 05:55:00
BGT09249,USR048,INC03190,3600000.0,2200000.0,1850000.0,7650000.0,5800000.0,salary,2023-05-23 03:45:00
BGT07570,USR032,INC07377,1650000.0,1000000.0,500000.0,3200000.0,2650000.0,allowance,2023-05-06 01:45:00
BGT07036,USR061,INC04686,4800000.0,2650000.0,1750000.0,9200000.0,7450000.0,business,2023-12-17 12:15:00
BGT09148,USR005,INC00527,450000.0,350000.0,200000.0,1000000.0,800000.0,allowance,2024-05-14 23:03:00
BGT03752,USR043,INC01867,4350000.0,2150000.0,1450000.0,795000000.0,6500000.0,freelance,2023-11-28 11:43:00
BGT04687,USR016,INC04291,1300000.0,800000.0,650000.0,2750000.0,2100000.0,scholarship,2023-02-04 05:24:00
BGT04660,USR074,INC04841,3650000.0,2050000.0,1150000.0,6850000.0,5700000.0,business,2024-07-25 01:50:00
BGT04519,USR067,INC09847,4750000.0,2450000.0,2300000.0,9500000.0,7200000.0,salary,2023-04-19 05:07:00
BGT00701,USR023,INC09780,2350000.0,1400000.0,950000.0,4700000.0,3750000.0,part_time,2023-03-21 10:37:00
BGT08745,USR073,INC05860,3600000.0,2000000.0,1850000.0,7450000.0,5600000.0,freelance,2024-07-16 19:29:00
BGT09196,USR016,INC07252,850000.0,450000.0,350000.0,1650000.0,1300000.0,allowance,2023-03-24 09:07:00
BGT02322,USR040,INC01708,1550000.0,1000000.0,850000.0,3400000.0,2550000.0,part_time,2023-06-13 18:58:00
BGT04965,USR015,INC05074,750000.0,400000.0,350000.0,1500000.0,1150000.0,part_time,2024-02-05 16:05:00
BGT04735,USR010,INC09286,1250000.0,750000.0,400000.0,2400000.0,2000000.0,scholarship,2023-01-06 15:07:00
BGT00634,USR027,INC08286,1600000.0,1150000.0,800000.0,3550000.0,2750000.0,freelance,2024-02-05 09:39:00
BGT07242,USR048,INC00470,1950000.0,1050000.0,700000.0,3700000.0,3000000.0,freelance,2024-06-25 08:20:00
BGT04493,USR011,INC02995,1350000.0,750000.0,450000.0,2550000.0,2100000.0,allowance,2024-02-09 12:28:00
BGT03429,USR012,INC04269,700000.0,350000.0,200000.0,1250000.0,1050000.0,part_time,2024-10-26 14:04:00
BGT00295,USR030,INC06706,2300000.0,1350000.0,800000.0,4450000.0,3650000.0,allowance,2023-07-03 11:44:00
BGT01908,USR042,INC02839,3500000.0,2600000.0,1800000.0,7900000.0,6100000.0,freelance,2024-08-06 05:53:00
BGT07462,USR043,INC09980,3400000.0,1650000.0,1350000.0,6400000.0,5050000.0,salary,2024-05-19 12:41:00
BGT01423,USR052,INC05625,3050000.0,1550000.0,950000.0,5550000.0,4600000.0,salary,2024-11-17 18:52:00
BGT08828,USR046,INC00813,2100000.0,1100000.0,600000.0,3800000.0,3200000.0,freelance,2023-03-30 04:31:00
BGT09008,USR044,INC06845,4300000.0,2300000.0,1350000.0,7950000.0,6600000.0,salary,2024-10-13 21:31:00
BGT01013,USR026,INC05745,1050000.0,550000.0,300000.0,1950000.0,1600000.0,allowance,2024-09-24 08:55:00
BGT04481,USR012,INC04997,800000.0,500000.0,450000.0,1750000.0,1300000.0,part_time,2024-05-03 21:43:00
BGT04236,USR050,INC05365,3650000.0,2100000.0,2000000.0,7750000.0,5750000.0,bonus,2023-08-27 07:32:00
BGT06017,USR025,INC04566,1700000.0,1000000.0,850000.0,3550000.0,2700000.0,part_time,2024-11-08 13:54:00
BGT01058,USR001,INC09448,1600000.0,850000.0,450000.0,2900000.0,2450000.0,allowance,2024-06-22 04:51:00
BGT01464,USR056,INC04338,3050000.0,1800000.0,2050000.0,6900000.0,4850000.0,business,2024-04-18 22:23:00
BGT04351,USR017,INC00240,550000.0,400000.0,200000.0,1150000.0,950000.0,scholarship,2023-02-26 11:24:00
BGT08269,USR040,INC02663,900000.0,550000.0,550000.0,2000000.0,1450000.0,part_time,2023-10-29 09:16:00
BGT01949,USR038,INC03292,1600000.0,1050000.0,550000.0,3200000.0,2650000.0,part_time,2023-08-10 01:02:00
BGT03563,USR018,INC02345,1450000.0,800000.0,700000.0,2950000.0,2250000.0,part_time,2024-07-24 18:20:00
BGT03246,USR049,INC09227,3000000.0,2000000.0,1250000.0,6300000.0,5000000.0,freelance,2023-10-19 12:01:00
BGT08293,USR001,INC06357,900000.0,550000.0,250000.0,1700000.0,1450000.0,part_time,2023-09-06 22:02:00
BGT07929,USR065,INC03068,2100000.0,1300000.0,600000.0,4000000.0,3400000.0,business,2023-03-27 23:50:00
BGT08784,USR052,INC07190,3500000.0,2050000.0,2050000.0,760000000.0,5550000.0,business,2023-03-27 04:19:00
BGT08356,USR067,INC04936,3000000.0,1700000.0,650000.0,5350000.0,4700000.0,business,2023-01-19 16:51:00
BGT07907,USR044,INC03643,1750000.0,1050000.0,600000.0,3450000.0,2800000.0,salary,2024-05-16 12:30:00
BGT05541,USR058,INC08122,2650000.0,1750000.0,1050000.0,5450000.0,4400000.0,bonus,2024-02-20 00:09:00
BGT00086,USR071,INC06463,5400000.0,2850000.0,1600000.0,985000000.0,8250000.0,salary,2023-05-23 01:09:00
BGT09705,USR066,INC04783,2650000.0,1700000.0,1550000.0,5900000.0,4350000.0,investment_return,2024-08-26 05:51:00
BGT09837,USR042,INC09964,2250000.0,1200000.0,1000000.0,4450000.0,3450000.0,freelance,2023-12-03 13:37:00
BGT04195,USR032,INC03783,2500000.0,1550000.0,600000.0,4650000.0,4050000.0,allowance,2023-02-07 17:31:00
BGT00587,USR037,INC05832,800000.0,600000.0,400000.0,1800000.0,1400000.0,internship,2023-08-11 01:00:00
BGT01038,USR041,INC09480,2850000.0,2000000.0,1050000.0,5900000.0,4850000.0,business,2023-03-02 09:19:00
BGT00444,USR048,INC05462,2350000.0,1250000.0,1100000.0,4700000.0,3600000.0,bonus,2024-05-20 10:10:00
BGT00641,USR003,INC09462,1150000.0,900000.0,550000.0,2600000.0,2050000.0,allowance,2023-09-21 09:34:00
BGT04959,USR021,INC07678,700000.0,450000.0,400000.0,1600000.0,1150000.0,part_time,2023-11-24 05:23:00
BGT04451,USR032,INC07011,1250000.0,750000.0,300000.0,2300000.0,2000000.0,internship,2023-02-20 00:38:00
BGT00027,USR065,INC03441,3700000.0,2150000.0,2150000.0,8000000.0,5850000.0,business,2023-05-25 21:37:00
BGT04216,USR048,INC01211,1900000.0,1150000.0,450000.0,3500000.0,3050000.0,freelance,2024-02-18 16:37:00
BGT05472,USR015,INC07594,600000.0,350000.0,300000.0,1250000.0,950000.0,part_time,2023-02-06 21:00:00
BGT07442,USR032,INC08764,1350000.0,800000.0,700000.0,2850000.0,2150000.0,part_time,2024-09-06 03:00:00
BGT06178,USR026,INC02143,2050000.0,1100000.0,800000.0,3950000.0,3150000.0,freelance,2024-10-02 00:35:00
BGT00422,USR017,INC04067,600000.0,350000.0,150000.0,1100000.0,950000.0,scholarship,2024-06-28 19:38:00
BGT03168,USR056,INC04723,2450000.0,1450000.0,1300000.0,5250000.0,3900000.0,salary,2023-01-03 18:52:00
BGT02447,USR037,INC07114,1650000.0,1100000.0,800000.0,3550000.0,2750000.0,freelance,2024-04-09 23:41:00
BGT00890,USR060,INC06279,3150000.0,1900000.0,700000.0,5750000.0,5050000.0,business,2023-04-27 20:27:00
BGT02384,USR011,INC02724,800000.0,400000.0,250000.0,1450000.0,1200000.0,part_time,2023-11-19 05:20:00
BGT06388,USR034,INC07168,1000000.0,650000.0,500000.0,2150000.0,1650000.0,allowance,2024-01-09 01:32:00
BGT01891,USR067,INC05843,2350000.0,1650000.0,1150000.0,5150000.0,4000000.0,salary,2024-05-25 19:54:00
BGT08962,USR049,INC02940,2600000.0,1900000.0,1100000.0,5600000.0,4500000.0,salary,2024-08-16 17:39:00
BGT06691,USR049,INC09281,3350000.0,2100000.0,750000.0,6200000.0,5450000.0,freelance,2024-12-22 11:53:00
BGT04746,USR015,INC00421,550000.0,300000.0,200000.0,1050000.0,850000.0,allowance,2024-11-03 08:44:00
BGT08370,USR059,INC05345,1600000.0,900000.0,600000.0,3100000.0,2500000.0,salary,2023-04-21 21:26:00
BGT02762,USR068,INC00348,3550000.0,2100000.0,1150000.0,6850000.0,5650000.0,investment_return,2023-10-01 16:42:00
BGT01935,USR009,INC04172,1050000.0,600000.0,450000.0,2100000.0,1650000.0,part_time,2024-02-10 05:47:00
BGT08185,USR065,INC00738,3350000.0,2050000.0,1700000.0,7100000.0,5400000.0,bonus,2024-05-03 08:28:00
BGT07748,USR033,INC08462,1600000.0,1000000.0,450000.0,3050000.0,2600000.0,part_time,2023-10-11 04:52:00
BGT04725,USR039,INC00918,1400000.0,900000.0,800000.0,3100000.0,2300000.0,allowance,2024-11-02 20:18:00
BGT08082,USR018,INC01033,1600000.0,800000.0,550000.0,2950000.0,2400000.0,part_time,2024-07-22 23:56:00
BGT05691,USR042,INC08990,2600000.0,1600000.0,1400000.0,5600000.0,4200000.0,bonus,2024-05-02 05:13:00
BGT04282,USR073,INC00447,4400000.0,3050000.0,1500000.0,8950000.0,7450000.0,salary,2024-01-09 09:51:00
BGT05982,USR064,INC05144,2750000.0,1950000.0,1600000.0,6300000.0,4700000.0,bonus,2024-02-27 06:48:00
BGT04950,USR058,INC00639,2900000.0,1900000.0,1500000.0,6350000.0,4800000.0,freelance,2024-05-21 05:43:00
BGT01238,USR015,INC01049,700000.0,400000.0,300000.0,1400000.0,1100000.0,scholarship,2023-06-11 21:45:00
BGT04080,USR018,INC03572,650000.0,400000.0,150000.0,1200000.0,1050000.0,part_time,2024-11-01 10:42:00
BGT08757,USR075,INC03894,3850000.0,2750000.0,1950000.0,8550000.0,6600000.0,freelance,2024-10-09 01:51:00
BGT09553,USR063,INC08159,4400000.0,2600000.0,2000000.0,9000000.0,7000000.0,bonus,2024-05-26 15:44:00
BGT08700,USR008,INC00373,650000.0,350000.0,200000.0,1200000.0,1000000.0,scholarship,2023-10-31 13:54:00
BGT07307,USR055,INC09962,2950000.0,1600000.0,1150000.0,5700000.0,4550000.0,bonus,2024-01-13 21:52:00
BGT09634,USR056,INC04827,2400000.0,1500000.0,800000.0,4700000.0,3900000.0,business,2023-11-02 13:10:00
BGT05632,USR037,INC07399,1700000.0,900000.0,700000.0,3300000.0,2600000.0,internship,2023-09-14 22:38:00
BGT06059,USR075,INC09433,2200000.0,1450000.0,800000.0,4450000.0,3650000.0,investment_return,2024-08-27 22:57:00
BGT08838,USR030,INC03095,2300000.0,1300000.0,1000000.0,4600000.0,3600000.0,freelance,2024-02-08 07:06:00
BGT00677,USR008,INC07637,1300000.0,750000.0,300000.0,2350000.0,2050000.0,scholarship,2023-04-07 16:20:00
BGT08910,USR051,INC06470,2550000.0,1800000.0,1100000.0,5450000.0,4350000.0,freelance,2023-08-15 17:02:00
BGT09998,USR001,INC09540,1050000.0,600000.0,450000.0,2100000.0,1650000.0,part_time,2023-11-19 10:31:00
BGT08413,USR024,INC05596,1150000.0,700000.0,300000.0,2150000.0,1850000.0,internship,2024-02-04 17:54:00
BGT04855,USR055,INC09746,2950000.0,2050000.0,1250000.0,6250000.0,5000000.0,bonus,2024-10-13 12:40:00
BGT08319,USR056,INC05653,1750000.0,1000000.0,900000.0,3650000.0,2750000.0,salary,2024-01-30 08:44:00
BGT05406,USR059,INC04189,1950000.0,1200000.0,650000.0,3800000.0,3150000.0,salary,2023-07-31 19:03:00
BGT04528,USR042,INC00865,3450000.0,2150000.0,700000.0,6300000.0,5600000.0,freelance,2023-12-12 01:57:00
BGT09239,USR024,INC00150,2450000.0,1200000.0,800000.0,445000000.0,3650000.0,freelance,2023-01-01 10:35:00
BGT09296,USR046,INC03026,1950000.0,1200000.0,1000000.0,4200000.0,3150000.0,business,2024-12-07 02:27:00
BGT01719,USR018,INC08022,800000.0,450000.0,250000.0,1500000.0,1250000.0,scholarship,2024-02-23 21:39:00
BGT09276,USR013,INC05294,1200000.0,750000.0,400000.0,2350000.0,1950000.0,scholarship,2023-05-15 02:16:00
BGT01158,USR040,INC04397,2100000.0,1250000.0,550000.0,3900000.0,3350000.0,part_time,2024-02-02 15:14:00
BGT07078,USR027,INC07286,1200000.0,650000.0,350000.0,2200000.0,1850000.0,allowance,2023-05-08 02:04:00
BGT07920,USR036,INC07718,1300000.0,850000.0,700000.0,2850000.0,2150000.0,internship,2024-11-05 09:00:00
BGT07919,USR070,INC05940,4500000.0,3200000.0,2050000.0,9750000.0,7700000.0,salary,2023-11-02 23:26:00
BGT07015,USR008,INC08779,650000.0,400000.0,250000.0,1350000.0,1050000.0,part_time,2023-04-29 15:29:00
BGT00344,USR054,INC05360,1900000.0,1150000.0,500000.0,3550000.0,3050000.0,salary,2024-04-03 02:52:00
BGT03990,USR075,INC09357,2900000.0,1500000.0,1400000.0,5800000.0,4400000.0,freelance,2023-02-02 09:20:00
BGT01789,USR072,INC07948,3500000.0,1950000.0,900000.0,6350000.0,5450000.0,salary,2024-06-05 08:07:00
BGT05915,USR048,INC03258,3650000.0,2250000.0,750000.0,6650000.0,5900000.0,business,2024-02-14 16:01:00
BGT06375,USR047,INC08499,3300000.0,1800000.0,1550000.0,6650000.0,5100000.0,business,2023-08-14 15:04:00
BGT04648,USR025,INC00432,1950000.0,1400000.0,900000.0,4250000.0,3350000.0,freelance,2023-06-13 08:12:00
BGT02484,USR012,INC08213,1000000.0,550000.0,600000.0,2200000.0,1550000.0,allowance,2023-07-16 17:55:00
BGT05866,USR016,INC05607,1600000.0,950000.0,400000.0,2950000.0,2550000.0,allowance,2023-09-02 10:03:00
BGT08065,USR003,INC02427,900000.0,500000.0,400000.0,1800000.0,1400000.0,allowance,2024-08-03 10:29:00
BGT04333,USR039,INC06500,1000000.0,550000.0,350000.0,1900000.0,1550000.0,freelance,2023-10-31 04:58:00
BGT06618,USR051,INC05650,2800000.0,1700000.0,1750000.0,6250000.0,4500000.0,salary,2024-02-24 07:36:00
BGT09395,USR005,INC04784,600000.0,350000.0,150000.0,1100000.0,950000.0,part_time,2024-09-17 11:40:00
BGT05928,USR053,INC01322,1500000.0,1000000.0,700000.0,3200000.0,2500000.0,freelance,2023-07-31 18:12:00
BGT09946,USR061,INC05394,4100000.0,2200000.0,1000000.0,7300000.0,6300000.0,salary,2024-12-02 14:17:00
BGT02508,USR014,INC06600,1450000.0,850000.0,450000.0,2750000.0,2300000.0,scholarship,2023-05-16 00:05:00
BGT01449,USR065,INC09073,2000000.0,1250000.0,900000.0,4150000.0,3250000.0,business,2024-04-19 05:07:00
BGT05488,USR047,INC06543,2350000.0,1500000.0,1000000.0,4850000.0,3850000.0,freelance,2023-03-06 08:51:00
BGT03584,USR067,INC01335,3150000.0,2000000.0,1550000.0,6700000.0,5150000.0,business,2023-10-04 20:21:00
BGT00046,USR033,INC08575,1400000.0,950000.0,650000.0,3000000.0,2350000.0,part_time,2023-07-07 20:54:00
BGT00222,USR009,INC09779,1050000.0,700000.0,450000.0,2200000.0,1750000.0,allowance,2024-09-11 22:09:00
BGT07667,USR059,INC02646,2300000.0,1500000.0,600000.0,4400000.0,3800000.0,freelance,2024-06-29 12:36:00
BGT03807,USR057,INC07665,3250000.0,1850000.0,1700000.0,6800000.0,5100000.0,business,2024-10-31 16:39:00
BGT02991,USR036,INC02523,1650000.0,1100000.0,850000.0,3600000.0,2750000.0,allowance,2024-09-07 09:23:00
BGT04912,USR072,INC09769,3950000.0,2550000.0,1750000.0,8250000.0,6500000.0,salary,2023-10-18 22:05:00
BGT07090,USR071,INC02440,3050000.0,1800000.0,1600000.0,6450000.0,4850000.0,salary,2024-12-05 02:47:00
BGT09130,USR045,INC02040,1800000.0,1200000.0,950000.0,3950000.0,3000000.0,bonus,2024-05-03 22:23:00
BGT00370,USR059,INC09791,1900000.0,950000.0,700000.0,3550000.0,2850000.0,salary,2023-08-20 10:52:00
BGT06363,USR025,INC07079,800000.0,500000.0,400000.0,1700000.0,1300000.0,allowance,2023-06-06 06:11:00
BGT00666,USR058,INC09839,4000000.0,2450000.0,1250000.0,7700000.0,6450000.0,salary,2024-09-05 03:23:00
BGT04464,USR023,INC06231,1100000.0,600000.0,450000.0,2150000.0,1700000.0,part_time,2024-10-12 03:46:00
BGT07884,USR002,INC01854,750000.0,450000.0,200000.0,1400000.0,1200000.0,part_time,2024-04-09 11:18:00
BGT00451,USR010,INC09063,1150000.0,700000.0,750000.0,2600000.0,1850000.0,scholarship,2024-08-24 17:15:00
BGT06445,USR010,INC05507,550000.0,400000.0,250000.0,1200000.0,950000.0,scholarship,2024-09-28 23:58:00
BGT08751,USR075,INC02402,4200000.0,2750000.0,1600000.0,8550000.0,6950000.0,bonus,2024-01-22 20:36:00
BGT09567,USR031,INC01534,1950000.0,1350000.0,800000.0,4100000.0,3300000.0,freelance,2024-12-24 05:04:00
BGT03340,USR001,INC05348,1150000.0,750000.0,300000.0,2200000.0,1900000.0,allowance,2023-10-02 00:01:00
BGT06129,USR054,INC01730,2450000.0,1600000.0,1250000.0,5300000.0,4050000.0,business,2023-09-21 14:32:00
BGT09539,USR007,INC05231,700000.0,400000.0,350000.0,1450000.0,1100000.0,allowance,2024-07-31 10:40:00
BGT02537,USR068,INC08011,3150000.0,1650000.0,1350000.0,6150000.0,4800000.0,business,2024-10-27 22:39:00
BGT01087,USR075,INC05666,5150000.0,3100000.0,1450000.0,9750000.0,8250000.0,freelance,2023-12-10 21:38:00
BGT09709,USR027,INC00936,2200000.0,1300000.0,1350000.0,4850000.0,3500000.0,allowance,2023-04-08 18:54:00
BGT08431,USR035,INC06181,1400000.0,750000.0,550000.0,2700000.0,2150000.0,internship,2024-12-16 04:42:00
BGT05167,USR017,INC06977,1050000.0,650000.0,600000.0,2300000.0,1700000.0,allowance,2024-05-04 21:55:00
BGT02407,USR017,INC09838,1550000.0,850000.0,450000.0,285000000.0,2400000.0,part_time,2024-01-30 20:13:00
BGT06189,USR062,INC08282,2200000.0,1150000.0,900000.0,4250000.0,3350000.0,salary,2023-03-15 21:21:00
BGT06710,USR051,INC05916,3700000.0,2400000.0,1150000.0,7300000.0,6100000.0,salary,2023-12-26 08:40:00
BGT00557,USR058,INC08055,3500000.0,-2250000.0,1250000.0,7050000.0,1250000.0,salary,2024-06-04 09:08:00
BGT04199,USR054,INC05270,3150000.0,1800000.0,750000.0,5700000.0,4950000.0,freelance,2024-07-06 17:50:00
BGT01172,USR068,INC00490,2550000.0,1300000.0,950000.0,4850000.0,3850000.0,freelance,2023-04-28 06:23:00
BGT09444,USR028,INC08598,2300000.0,1300000.0,1250000.0,4850000.0,3600000.0,allowance,2024-09-19 13:49:00
BGT07001,USR002,INC00852,950000.0,550000.0,250000.0,1750000.0,1500000.0,allowance,2023-06-22 09:31:00
BGT01624,USR072,INC01884,5350000.0,3250000.0,1300000.0,9900000.0,8600000.0,business,2024-04-08 23:23:00
BGT01541,USR067,INC04205,2800000.0,1750000.0,1650000.0,6200000.0,4550000.0,investment_return,2024-02-29 17:10:00
BGT01446,USR052,INC07937,2850000.0,1800000.0,1700000.0,6350000.0,4650000.0,freelance,2024-02-06 04:00:00
BGT08568,USR049,INC08047,1850000.0,950000.0,650000.0,3450000.0,2800000.0,freelance,2023-10-28 13:45:00
BGT09450,USR040,INC07177,1500000.0,1050000.0,800000.0,3350000.0,2550000.0,part_time,2023-02-17 10:38:00
BGT01326,USR007,INC01013,1000000.0,500000.0,350000.0,1850000.0,1500000.0,allowance,2023-02-18 13:07:00
BGT03499,USR017,INC00676,1250000.0,800000.0,650000.0,2700000.0,2050000.0,part_time,2023-09-10 06:04:00
BGT02685,USR025,INC05021,1700000.0,950000.0,750000.0,3400000.0,2650000.0,internship,2023-11-27 02:45:00
BGT03474,USR005,INC03989,550000.0,350000.0,300000.0,1200000.0,900000.0,allowance,2023-08-01 06:30:00
BGT02663,USR049,INC06749,2600000.0,1600000.0,1000000.0,5200000.0,4200000.0,business,2023-04-13 20:19:00
BGT07203,USR003,INC02992,1150000.0,700000.0,300000.0,2150000.0,1850000.0,part_time,2023-03-30 15:58:00
BGT00908,USR023,INC04654,2300000.0,1600000.0,750000.0,4650000.0,3900000.0,internship,2023-09-22 12:31:00
BGT01368,USR066,INC08850,4800000.0,2650000.0,1650000.0,9100000.0,7450000.0,bonus,2024-09-12 09:50:00
BGT08037,USR013,INC02900,1200000.0,750000.0,400000.0,2350000.0,1950000.0,scholarship,2024-07-16 17:38:00
BGT06348,USR075,INC00572,4300000.0,2950000.0,1900000.0,9150000.0,7250000.0,freelance,2024-05-26 04:51:00
BGT07849,USR041,INC01627,3450000.0,1950000.0,1350000.0,6750000.0,5400000.0,bonus,2023-08-31 01:30:00
BGT04200,USR012,INC04488,700000.0,400000.0,300000.0,1400000.0,1100000.0,scholarship,2023-02-10 00:51:00
BGT06019,USR035,INC01601,2150000.0,1550000.0,1100000.0,4800000.0,3700000.0,internship,2023-06-15 02:42:00
BGT01543,USR054,INC00491,3700000.0,1950000.0,1350000.0,7000000.0,5650000.0,freelance,2023-10-31 14:34:00
BGT02380,USR059,INC02055,2000000.0,1100000.0,800000.0,3900000.0,3100000.0,business,2024-01-13 19:24:00
BGT06990,USR047,INC09764,3150000.0,1750000.0,800000.0,5700000.0,4900000.0,bonus,2023-12-22 18:29:00
BGT03689,USR033,INC06170,1300000.0,-650000.0,350000.0,2300000.0,650000.0,allowance,2023-08-12 18:49:00
BGT07276,USR044,INC06101,3750000.0,2050000.0,1000000.0,6800000.0,5800000.0,business,2023-10-24 21:19:00
BGT09632,USR043,INC05540,4150000.0,2250000.0,1100000.0,7500000.0,6400000.0,salary,2023-02-12 09:51:00
BGT08061,USR021,INC01825,1650000.0,800000.0,600000.0,3050000.0,2450000.0,freelance,2024-05-22 09:21:00
BGT03943,USR033,INC06203,800000.0,450000.0,300000.0,1550000.0,1250000.0,allowance,2023-05-07 17:04:00
BGT03414,USR044,INC06968,3700000.0,2200000.0,800000.0,6700000.0,5900000.0,salary,2023-11-23 16:18:00
BGT08540,USR036,INC01887,850000.0,500000.0,400000.0,1750000.0,1350000.0,freelance,2024-09-17 15:43:00
BGT07878,USR022,INC00778,2000000.0,1300000.0,750000.0,4050000.0,3300000.0,freelance,2023-06-13 22:38:00
BGT04261,USR036,INC05122,2200000.0,1200000.0,600000.0,4000000.0,3400000.0,internship,2024-05-18 23:00:00
BGT02491,USR025,INC03208,1850000.0,1050000.0,750000.0,3650000.0,2900000.0,allowance,2024-03-23 04:13:00
BGT08103,USR067,INC06313,2150000.0,1300000.0,850000.0,4300000.0,3450000.0,business,2023-11-08 13:55:00
BGT00539,USR031,INC08578,950000.0,450000.0,300000.0,1700000.0,1400000.0,allowance,2023-10-25 04:34:00
BGT00583,USR056,INC05570,2200000.0,1250000.0,1100000.0,4550000.0,3450000.0,freelance,2024-07-26 13:11:00
BGT04208,USR032,INC01989,750000.0,550000.0,300000.0,1600000.0,1300000.0,part_time,2024-07-29 15:32:00
BGT04270,USR045,INC00644,3600000.0,2450000.0,1900000.0,7950000.0,6050000.0,salary,2024-02-17 04:14:00
BGT09322,USR023,INC03712,1200000.0,750000.0,400000.0,2350000.0,1950000.0,freelance,2023-05-10 23:16:00
BGT05240,USR059,INC09987,3250000.0,1900000.0,1200000.0,6350000.0,5150000.0,bonus,2024-04-10 17:46:00
BGT01022,USR004,INC02741,1050000.0,500000.0,300000.0,1900000.0,1550000.0,part_time,2024-09-20 16:49:00
BGT01732,USR006,INC08904,1500000.0,900000.0,350000.0,2800000.0,2400000.0,allowance,2024-09-10 03:32:00
BGT03161,USR032,INC07786,2650000.0,1400000.0,650000.0,4700000.0,4050000.0,part_time,2023-10-17 07:43:00
BGT08865,USR020,INC02585,950000.0,500000.0,250000.0,1700000.0,1450000.0,scholarship,2024-02-26 18:29:00
BGT01625,USR069,INC03363,4550000.0,2400000.0,1950000.0,8950000.0,6950000.0,bonus,2024-06-30 16:26:00
BGT04082,USR068,INC01623,3700000.0,1750000.0,1250000.0,670000000.0,5450000.0,bonus,2023-05-03 13:10:00
BGT02748,USR025,INC00598,1950000.0,1250000.0,1050000.0,4250000.0,3200000.0,internship,2024-10-29 16:39:00
BGT03156,USR034,INC03327,1750000.0,1200000.0,800000.0,3750000.0,2950000.0,freelance,2024-04-13 14:39:00
BGT04759,USR060,INC07793,3500000.0,2250000.0,1700000.0,7450000.0,5750000.0,business,2023-05-21 14:57:00
BGT03175,USR021,INC00483,1650000.0,1100000.0,850000.0,3600000.0,2750000.0,internship,2023-12-20 04:05:00
BGT03785,USR063,INC06640,4200000.0,2450000.0,2450000.0,9150000.0,6650000.0,salary,2024-01-18 02:46:00
BGT01799,USR072,INC08577,3100000.0,1850000.0,1000000.0,6000000.0,4950000.0,salary,2023-08-31 22:05:00
BGT07025,USR066,INC06376,2250000.0,1500000.0,650000.0,4400000.0,3750000.0,salary,2024-05-28 07:07:00
BGT08158,USR035,INC04980,1250000.0,800000.0,500000.0,2550000.0,2050000.0,internship,2024-06-18 12:55:00
BGT02999,USR057,INC03406,2400000.0,1450000.0,850000.0,4700000.0,3850000.0,bonus,2024-01-10 16:08:00
BGT01590,USR029,INC02042,2000000.0,1200000.0,950000.0,4150000.0,3200000.0,freelance,2023-06-17 21:47:00
BGT02825,USR045,INC03521,3550000.0,2500000.0,1700000.0,7750000.0,6050000.0,salary,2024-04-27 13:33:00
BGT05165,USR035,INC05525,2500000.0,1550000.0,800000.0,4850000.0,4050000.0,freelance,2024-10-26 10:23:00
BGT03038,USR070,INC02088,4600000.0,3050000.0,1550000.0,9250000.0,7650000.0,freelance,2024-07-12 07:34:00
BGT07816,USR010,INC08586,550000.0,300000.0,300000.0,1150000.0,850000.0,part_time,2024-03-31 10:27:00
BGT03764,USR003,INC08567,1250000.0,700000.0,450000.0,2400000.0,1950000.0,scholarship,2023-01-13 21:19:00
BGT07347,USR075,INC02206,3400000.0,2000000.0,1450000.0,6850000.0,5400000.0,investment_return,2023-08-26 12:17:00
BGT07374,USR069,INC02128,3550000.0,2050000.0,750000.0,6350000.0,5600000.0,business,2023-12-07 06:07:00
BGT07282,USR036,INC00880,1200000.0,600000.0,550000.0,2350000.0,1800000.0,internship,2023-03-06 08:49:00
BGT09759,USR066,INC07075,4700000.0,2600000.0,1700000.0,9050000.0,7300000.0,freelance,2023-03-15 12:57:00
BGT03185,USR073,INC04729,2000000.0,1100000.0,1150000.0,4300000.0,3100000.0,bonus,2023-08-24 09:18:00
BGT09303,USR073,INC05149,2700000.0,1450000.0,1250000.0,5450000.0,4150000.0,investment_return,2024-09-21 12:24:00
BGT00720,USR014,INC09772,950000.0,550000.0,450000.0,1950000.0,1500000.0,scholarship,2024-12-30 13:49:00
BGT09914,USR037,INC00517,2050000.0,1450000.0,1200000.0,4700000.0,3500000.0,internship,2024-07-18 00:41:00
BGT04800,USR020,INC06191,1550000.0,850000.0,450000.0,2900000.0,2400000.0,scholarship,2023-11-19 21:51:00
BGT04579,USR068,INC04076,2800000.0,1850000.0,1750000.0,6400000.0,4650000.0,investment_return,2024-10-16 16:19:00
BGT06332,USR028,INC04601,800000.0,500000.0,350000.0,1700000.0,1300000.0,internship,2024-08-11 08:54:00
BGT07807,USR023,INC01770,2100000.0,1250000.0,900000.0,4250000.0,3350000.0,freelance,2023-03-26 22:56:00
BGT06023,USR009,INC06702,850000.0,600000.0,350000.0,1800000.0,1450000.0,part_time,2024-06-20 22:32:00
BGT07822,USR044,INC03823,3150000.0,2050000.0,1800000.0,7000000.0,5200000.0,freelance,2024-01-09 03:08:00
BGT00829,USR033,INC05772,1700000.0,1250000.0,750000.0,3700000.0,2950000.0,freelance,2023-01-24 07:09:00
BGT09074,USR030,INC02798,2050000.0,1300000.0,1250000.0,4600000.0,3350000.0,freelance,2023-06-08 00:20:00
BGT00108,USR048,INC06703,2700000.0,1850000.0,1300000.0,5850000.0,4550000.0,bonus,2024-02-25 01:49:00
BGT07671,USR052,INC01729,2350000.0,1250000.0,1000000.0,4600000.0,3600000.0,salary,2024-03-13 14:31:00
BGT06566,USR072,INC06825,5000000.0,3050000.0,1750000.0,9800000.0,8050000.0,investment_return,2023-11-22 07:09:00
BGT01561,USR004,INC03673,1400000.0,800000.0,450000.0,2650000.0,2200000.0,part_time,2023-12-26 12:33:00
BGT06272,USR015,INC06748,-800000.0,-500000.0,500000.0,1850000.0,-1300000.0,scholarship,2024-04-10 15:35:00
BGT09201,USR013,INC02947,750000.0,400000.0,300000.0,1450000.0,1150000.0,part_time,2024-06-22 04:11:00
BGT05399,USR047,INC07459,3900000.0,2250000.0,1350000.0,7500000.0,6150000.0,business,2023-04-12 22:06:00
BGT01332,USR021,INC00759,1700000.0,1150000.0,1000000.0,3900000.0,2850000.0,allowance,2024-02-14 20:31:00
BGT01260,USR070,INC07837,4250000.0,3000000.0,2150000.0,9400000.0,7250000.0,investment_return,2024-06-26 01:46:00
BGT01855,USR044,INC02525,2450000.0,1500000.0,1250000.0,5250000.0,3950000.0,business,2023-01-14 16:18:00
BGT08298,USR028,INC00226,1150000.0,800000.0,600000.0,2550000.0,1950000.0,part_time,2023-09-20 23:59:00
BGT04386,USR018,INC09822,1250000.0,800000.0,700000.0,2750000.0,2050000.0,part_time,2023-04-09 14:53:00
BGT00227,USR002,INC07584,900000.0,550000.0,250000.0,1700000.0,1450000.0,scholarship,2024-02-11 14:14:00
BGT02109,USR023,INC04736,1850000.0,1050000.0,800000.0,3700000.0,2900000.0,allowance,2024-07-19 12:43:00
BGT03596,USR001,INC04314,1550000.0,700000.0,500000.0,2750000.0,2250000.0,scholarship,2023-08-03 22:21:00
BGT02149,USR051,INC09760,1550000.0,1000000.0,550000.0,3100000.0,2550000.0,bonus,2023-11-11 20:46:00
BGT09043,USR036,INC08431,1250000.0,750000.0,350000.0,2350000.0,2000000.0,internship,2023-01-18 12:23:00
BGT09415,USR031,INC09723,1450000.0,850000.0,400000.0,2700000.0,2300000.0,part_time,2023-06-25 18:20:00
BGT08135,USR039,INC00058,2250000.0,1400000.0,1150000.0,4800000.0,3650000.0,part_time,2024-03-21 06:19:00
BGT05545,USR069,INC01578,2950000.0,2000000.0,1100000.0,6050000.0,4950000.0,freelance,2024-01-28 09:34:00
BGT05256,USR058,INC08915,3400000.0,2300000.0,1500000.0,7250000.0,5700000.0,salary,2024-09-20 12:25:00
BGT05537,USR043,INC05393,3800000.0,2600000.0,1500000.0,7950000.0,6400000.0,freelance,2024-08-22 08:50:00
BGT07770,USR053,INC04431,4150000.0,2300000.0,950000.0,7450000.0,6450000.0,salary,2024-06-17 09:51:00
BGT04824,USR036,INC08216,1700000.0,1200000.0,850000.0,3800000.0,2900000.0,internship,2023-10-08 22:18:00
BGT00018,USR023,INC07415,1600000.0,1000000.0,700000.0,3300000.0,2600000.0,allowance,2023-07-22 17:43:00
BGT03941,USR069,INC03288,4150000.0,2800000.0,1550000.0,8500000.0,6950000.0,business,2024-07-09 02:08:00
BGT01320,USR030,INC04234,1600000.0,950000.0,700000.0,3250000.0,2550000.0,part_time,2024-04-08 16:56:00
BGT03118,USR064,INC03667,2000000.0,1400000.0,1100000.0,4500000.0,3400000.0,business,2023-03-04 01:45:00
BGT04332,USR020,INC06745,700000.0,450000.0,250000.0,1400000.0,1150000.0,part_time,2024-03-22 14:45:00
BGT06386,USR027,INC07165,2400000.0,1400000.0,850000.0,4650000.0,3800000.0,internship,2023-01-02 00:48:00
BGT01071,USR068,INC02406,2300000.0,1300000.0,1200000.0,4800000.0,3600000.0,salary,2024-10-21 02:27:00
BGT02919,USR006,INC08836,800000.0,550000.0,200000.0,1550000.0,1350000.0,part_time,2023-09-25 10:33:00
BGT09629,USR064,INC03594,3450000.0,1600000.0,1200000.0,6250000.0,5050000.0,bonus,2023-10-25 15:03:00
BGT01930,USR039,INC04075,800000.0,500000.0,350000.0,1650000.0,1300000.0,internship,2024-08-11 17:01:00
BGT05922,USR008,INC04392,1150000.0,800000.0,650000.0,2600000.0,1950000.0,scholarship,2023-10-28 00:06:00
BGT08964,USR034,INC03536,2150000.0,1600000.0,950000.0,4700000.0,3750000.0,part_time,2024-10-30 06:54:00
BGT00419,USR035,INC09755,1600000.0,1050000.0,950000.0,3600000.0,2650000.0,part_time,2023-09-22 02:15:00
BGT02097,USR023,INC06751,1800000.0,1150000.0,450000.0,3400000.0,2950000.0,freelance,2024-01-15 03:04:00
BGT08527,USR059,INC08214,3100000.0,1500000.0,1000000.0,5600000.0,4600000.0,freelance,2024-08-07 09:25:00
BGT03978,USR064,INC05363,3100000.0,1950000.0,900000.0,5950000.0,5050000.0,investment_return,2024-03-22 00:21:00
BGT03765,USR033,INC09252,800000.0,600000.0,350000.0,1750000.0,1400000.0,freelance,2023-10-14 07:48:00
BGT03813,USR044,INC01337,3750000.0,2300000.0,1600000.0,7650000.0,6050000.0,salary,2024-10-29 00:24:00
BGT03680,USR051,INC07298,2000000.0,1200000.0,750000.0,3950000.0,3200000.0,bonus,2023-07-01 14:53:00
BGT08513,USR032,INC07536,2050000.0,1300000.0,1000000.0,4350000.0,3350000.0,part_time,2024-08-20 04:14:00
BGT02910,USR005,INC05335,1250000.0,800000.0,600000.0,2650000.0,2050000.0,allowance,2024-10-23 14:39:00
BGT01375,USR071,INC03372,1750000.0,1100000.0,1150000.0,4000000.0,2850000.0,business,2024-02-21 00:28:00
BGT07155,USR041,INC02115,3700000.0,2550000.0,1650000.0,7900000.0,6250000.0,bonus,2023-03-20 08:46:00
BGT07819,USR023,INC08367,750000.0,500000.0,300000.0,1550000.0,1250000.0,part_time,2024-05-20 03:30:00
BGT07589,USR022,INC04101,1000000.0,650000.0,400000.0,2050000.0,1650000.0,part_time,2024-08-24 17:21:00
BGT06155,USR054,INC07750,1950000.0,1400000.0,800000.0,4150000.0,3350000.0,bonus,2024-05-07 22:51:00
BGT01744,USR024,INC05924,1400000.0,750000.0,500000.0,2650000.0,2150000.0,freelance,2023-05-13 10:20:00
BGT09124,USR014,INC04150,650000.0,400000.0,300000.0,1350000.0,1050000.0,part_time,2024-06-19 05:01:00
BGT08810,USR074,INC05744,5350000.0,2900000.0,1700000.0,9950000.0,8250000.0,business,2024-01-14 20:01:00
BGT06877,USR050,INC01372,1950000.0,1200000.0,1150000.0,4300000.0,3150000.0,business,2024-10-16 03:10:00
BGT07984,USR045,INC06912,2150000.0,1250000.0,1250000.0,4700000.0,3400000.0,business,2023-08-10 17:51:00
BGT04025,USR047,INC09495,2850000.0,1950000.0,1000000.0,5800000.0,4800000.0,salary,2024-03-26 08:30:00
BGT03573,USR012,INC00195,1500000.0,1000000.0,450000.0,2950000.0,2500000.0,part_time,2024-11-02 21:54:00
BGT01331,USR013,INC07485,500000.0,300000.0,200000.0,1000000.0,800000.0,part_time,2023-02-18 17:49:00
BGT02950,USR029,INC04259,1450000.0,1000000.0,550000.0,3000000.0,2450000.0,allowance,2023-10-28 21:23:00
BGT07740,USR020,INC05804,1000000.0,550000.0,550000.0,2100000.0,1550000.0,scholarship,2023-04-29 23:50:00
BGT09924,USR034,INC04553,1350000.0,800000.0,650000.0,2800000.0,2150000.0,allowance,2024-08-22 21:26:00
BGT01755,USR053,INC06039,2450000.0,1450000.0,650000.0,4550000.0,3900000.0,business,2024-08-08 00:31:00
BGT01990,USR017,INC07277,1000000.0,550000.0,250000.0,1800000.0,1550000.0,scholarship,2024-06-28 00:01:00
BGT09186,USR022,INC06605,1650000.0,1050000.0,500000.0,3250000.0,2700000.0,allowance,2024-09-16 11:47:00
BGT01967,USR013,INC06375,550000.0,400000.0,300000.0,1250000.0,950000.0,scholarship,2024-07-24 08:09:00
BGT03319,USR002,INC07161,1250000.0,750000.0,700000.0,2700000.0,2000000.0,scholarship,2024-02-04 18:13:00
BGT01658,USR075,INC07115,2800000.0,1550000.0,1000000.0,5350000.0,4350000.0,investment_return,2024-12-02 00:28:00
BGT04596,USR063,INC01299,3850000.0,2250000.0,1600000.0,7700000.0,6100000.0,freelance,2024-10-10 15:53:00
BGT03194,USR025,INC05476,2200000.0,1300000.0,950000.0,4450000.0,3500000.0,part_time,2024-01-09 22:27:00
BGT09537,USR069,INC06729,2900000.0,2100000.0,1150000.0,6150000.0,5000000.0,investment_return,2024-04-06 00:03:00
BGT08981,USR039,INC01351,1650000.0,1150000.0,700000.0,3550000.0,2800000.0,allowance,2024-11-30 14:08:00
BGT04510,USR010,INC02317,550000.0,250000.0,200000.0,1000000.0,800000.0,scholarship,2024-10-11 09:18:00
BGT03521,USR054,INC08963,2950000.0,1450000.0,1250000.0,5650000.0,4400000.0,salary,2023-05-23 03:15:00
BGT07959,USR041,INC04607,2400000.0,1600000.0,1300000.0,5300000.0,4000000.0,salary,2023-02-22 04:43:00
BGT05897,USR066,INC06304,-4350000.0,2150000.0,1250000.0,7750000.0,-2200000.0,bonus,2023-04-19 05:52:00
BGT05244,USR071,INC02214,3150000.0,1700000.0,1200000.0,6100000.0,4850000.0,business,2023-09-07 20:50:00
BGT07416,USR012,INC01038,900000.0,500000.0,400000.0,1800000.0,1400000.0,allowance,2024-07-12 15:49:00
BGT08078,USR066,INC05184,3850000.0,2600000.0,2300000.0,8750000.0,6450000.0,freelance,2023-07-12 04:48:00
BGT07062,USR066,INC09986,2750000.0,1650000.0,1550000.0,5950000.0,4400000.0,investment_return,2023-07-14 10:47:00
BGT00969,USR017,INC08424,1150000.0,600000.0,350000.0,2150000.0,1750000.0,scholarship,2024-04-30 19:10:00
BGT03905,USR013,INC09113,550000.0,400000.0,200000.0,1150000.0,950000.0,allowance,2024-09-04 22:49:00
BGT02637,USR044,INC08612,2500000.0,1500000.0,1150000.0,5150000.0,4000000.0,freelance,2024-03-01 22:08:00
BGT04158,USR063,INC00237,3850000.0,2150000.0,1150000.0,7150000.0,6000000.0,freelance,2023-12-21 16:54:00
BGT02013,USR074,INC07378,4550000.0,2900000.0,1100000.0,8550000.0,7450000.0,business,2024-02-24 07:21:00
BGT08531,USR072,INC08329,3400000.0,2400000.0,1900000.0,7700000.0,5800000.0,freelance,2023-07-13 09:25:00
BGT02096,USR042,INC07822,2550000.0,1550000.0,900000.0,5000000.0,4100000.0,bonus,2023-11-10 09:19:00
BGT00795,USR004,INC00966,800000.0,400000.0,350000.0,1550000.0,1200000.0,scholarship,2024-05-22 10:56:00
BGT08560,USR014,INC03245,950000.0,600000.0,450000.0,2000000.0,1550000.0,scholarship,2023-11-26 06:36:00
BGT01972,USR057,INC00153,4250000.0,2600000.0,1050000.0,7900000.0,6850000.0,salary,2024-05-08 08:04:00
BGT01523,USR065,INC03083,3800000.0,2100000.0,2150000.0,8050000.0,5900000.0,freelance,2023-03-22 07:00:00
BGT05666,USR001,INC07025,1450000.0,800000.0,450000.0,2700000.0,2250000.0,part_time,2024-03-15 22:15:00
BGT03113,USR047,INC00888,2400000.0,1300000.0,800000.0,4550000.0,3700000.0,freelance,2024-03-23 01:42:00
BGT07364,USR005,INC05866,550000.0,350000.0,300000.0,1200000.0,900000.0,scholarship,2024-09-26 05:33:00
BGT06103,USR013,INC00321,1250000.0,650000.0,500000.0,2400000.0,1900000.0,scholarship,2024-12-12 07:15:00
BGT05128,USR012,INC08482,1300000.0,800000.0,550000.0,2650000.0,2100000.0,scholarship,2024-04-28 01:19:00
BGT02914,USR023,INC02212,2150000.0,1500000.0,1050000.0,4700000.0,3650000.0,allowance,2023-09-11 13:18:00
BGT02903,USR029,INC00628,2150000.0,1350000.0,850000.0,4350000.0,3500000.0,internship,2024-09-08 20:04:00
BGT04604,USR044,INC09225,3100000.0,1850000.0,650000.0,5600000.0,4950000.0,business,2023-08-09 05:00:00
BGT00763,USR004,INC02610,600000.0,400000.0,150000.0,1150000.0,1000000.0,allowance,2024-11-01 04:01:00
BGT05231,USR019,INC01120,1400000.0,800000.0,600000.0,2800000.0,2200000.0,allowance,2023-11-14 17:55:00
BGT09693,USR050,INC09531,1700000.0,1200000.0,950000.0,3850000.0,2900000.0,salary,2023-03-16 13:30:00
BGT06154,USR014,INC02754,1450000.0,800000.0,550000.0,2800000.0,2250000.0,part_time,2023-06-23 11:04:00
BGT02675,USR049,INC02094,3250000.0,-2350000.0,1500000.0,7100000.0,900000.0,salary,2023-08-22 18:17:00
BGT00468,USR058,INC03339,2250000.0,1200000.0,750000.0,4200000.0,3450000.0,freelance,2024-10-31 05:49:00
BGT01508,USR047,INC05864,3600000.0,2400000.0,2000000.0,8000000.0,6000000.0,freelance,2024-05-31 08:33:00
BGT07640,USR043,INC01282,2850000.0,1550000.0,1300000.0,5700000.0,4400000.0,freelance,2024-06-29 08:03:00
BGT06988,USR021,INC03492,1000000.0,550000.0,450000.0,2000000.0,1550000.0,internship,2023-06-07 08:08:00
BGT06037,USR012,INC00065,800000.0,550000.0,350000.0,1700000.0,1350000.0,allowance,2023-10-19 01:18:00
BGT03840,USR065,INC08294,2850000.0,1500000.0,950000.0,5300000.0,4350000.0,freelance,2024-08-03 20:08:00
BGT07860,USR025,INC04846,1500000.0,950000.0,700000.0,3150000.0,2450000.0,freelance,2024-05-12 17:02:00
BGT05731,USR024,INC03621,1050000.0,600000.0,550000.0,2200000.0,1650000.0,freelance,2024-11-20 23:26:00
BGT01229,USR031,INC09991,1150000.0,650000.0,500000.0,2300000.0,1800000.0,part_time,2024-01-24 20:59:00
BGT02597,USR052,INC05161,2600000.0,1550000.0,1150000.0,5300000.0,4150000.0,business,2024-08-26 14:08:00
BGT02214,USR071,INC08759,3400000.0,2050000.0,950000.0,6450000.0,5450000.0,salary,2023-10-11 01:30:00
BGT06697,USR022,INC06093,2200000.0,1050000.0,800000.0,4100000.0,3250000.0,freelance,2023-03-04 02:58:00
BGT05387,USR060,INC05685,1500000.0,1000000.0,550000.0,3100000.0,2500000.0,freelance,2024-03-08 02:55:00
BGT05991,USR066,INC05258,3000000.0,1650000.0,1400000.0,6050000.0,4650000.0,business,2023-02-03 18:43:00
BGT03381,USR028,INC08921,1350000.0,900000.0,800000.0,3050000.0,2250000.0,allowance,2023-09-20 07:30:00
BGT00743,USR064,INC09666,3400000.0,1900000.0,1500000.0,6800000.0,5300000.0,business,2024-08-02 20:53:00
BGT05812,USR039,INC04843,1300000.0,700000.0,500000.0,2500000.0,2000000.0,internship,2023-09-11 04:59:00
BGT04150,USR068,INC07180,4400000.0,2650000.0,2100000.0,9150000.0,7050000.0,bonus,2024-09-17 02:55:00
BGT04492,USR032,INC00077,2150000.0,1250000.0,1100000.0,4500000.0,3400000.0,freelance,2024-08-07 00:08:00
BGT05366,USR071,INC01862,3950000.0,2650000.0,2000000.0,8600000.0,6600000.0,salary,2024-09-03 03:17:00
BGT03286,USR073,INC07222,5150000.0,3200000.0,1600000.0,9950000.0,8350000.0,bonus,2023-09-17 12:05:00
BGT01562,USR061,INC00007,3100000.0,2250000.0,1500000.0,6850000.0,5350000.0,salary,2023-05-09 08:59:00
BGT01738,USR044,INC05722,2350000.0,1400000.0,850000.0,4600000.0,3750000.0,business,2023-03-20 19:33:00
BGT06648,USR042,INC00119,4350000.0,2300000.0,1100000.0,7750000.0,6650000.0,business,2023-09-20 20:38:00
BGT07900,USR056,INC02668,1900000.0,1200000.0,450000.0,3550000.0,3100000.0,business,2023-01-31 23:11:00
BGT08879,USR011,INC01693,1000000.0,650000.0,200000.0,1850000.0,1650000.0,part_time,2023-09-12 08:08:00
BGT03397,USR004,INC05646,1250000.0,750000.0,400000.0,2400000.0,2000000.0,part_time,2024-08-18 05:15:00
BGT08587,USR074,INC08412,3900000.0,1900000.0,1300000.0,7100000.0,5800000.0,salary,2023-11-21 13:26:00
BGT06612,USR043,INC03672,2300000.0,1600000.0,1100000.0,5000000.0,3900000.0,bonus,2023-04-05 05:16:00
BGT09523,USR022,INC08969,1400000.0,900000.0,600000.0,2950000.0,2300000.0,internship,2023-11-29 06:11:00
BGT08206,USR061,INC05732,2000000.0,1150000.0,850000.0,4000000.0,3150000.0,salary,2023-06-22 21:34:00
BGT06021,USR057,INC04375,1750000.0,800000.0,550000.0,3150000.0,2550000.0,business,2023-04-11 15:43:00
BGT01418,USR035,INC04508,1050000.0,600000.0,250000.0,1900000.0,1650000.0,internship,2023-05-30 17:56:00
BGT05402,USR013,INC06718,1100000.0,600000.0,300000.0,2000000.0,1700000.0,scholarship,2024-12-04 15:08:00
BGT00585,USR059,INC07636,2800000.0,1600000.0,600000.0,5000000.0,4400000.0,business,2024-10-29 18:53:00
BGT03109,USR034,INC03503,1750000.0,900000.0,750000.0,3400000.0,2650000.0,allowance,2024-02-20 11:36:00
BGT03421,USR019,INC08348,700000.0,400000.0,150000.0,1250000.0,1100000.0,scholarship,2023-05-31 10:02:00
BGT09792,USR020,INC02023,1000000.0,550000.0,250000.0,1800000.0,1550000.0,allowance,2023-01-31 12:00:00
BGT00438,USR068,INC08231,4900000.0,3250000.0,1650000.0,9800000.0,8150000.0,salary,2023-11-08 20:15:00
BGT08226,USR057,INC02393,2700000.0,1550000.0,1050000.0,5300000.0,4250000.0,business,2024-03-09 14:31:00
BGT00748,USR020,INC08916,700000.0,500000.0,250000.0,1450000.0,1200000.0,part_time,2024-06-10 18:15:00
BGT06473,USR064,INC09290,3600000.0,1900000.0,1550000.0,705000000.0,5500000.0,freelance,2024-05-24 21:26:00
BGT02259,USR042,INC09930,2000000.0,1000000.0,550000.0,3550000.0,3000000.0,freelance,2024-09-26 01:42:00
BGT05880,USR069,INC06730,5150000.0,3000000.0,1550000.0,9750000.0,8150000.0,investment_return,2024-01-29 19:33:00
BGT01037,USR047,INC08453,3100000.0,1700000.0,850000.0,5650000.0,4800000.0,bonus,2023-07-29 19:49:00
BGT04526,USR056,INC05840,2300000.0,1550000.0,900000.0,4750000.0,3850000.0,bonus,2023-11-27 11:51:00
BGT05998,USR003,INC03246,1100000.0,700000.0,450000.0,2250000.0,1800000.0,allowance,2023-03-27 11:21:00
BGT08848,USR004,INC05770,1350000.0,700000.0,600000.0,2650000.0,2050000.0,scholarship,2024-11-28 04:36:00
BGT09160,USR023,INC00050,1950000.0,1300000.0,1150000.0,4400000.0,3250000.0,allowance,2024-01-17 01:04:00
BGT03505,USR002,INC09516,800000.0,400000.0,200000.0,1450000.0,1200000.0,part_time,2023-06-04 00:53:00
BGT04815,USR064,INC03892,4100000.0,2150000.0,1450000.0,7750000.0,6250000.0,bonus,2023-05-28 06:21:00
BGT04876,USR047,INC04224,2150000.0,1150000.0,750000.0,4050000.0,3300000.0,salary,2024-02-12 21:45:00
BGT06906,USR034,INC09920,2450000.0,1200000.0,1050000.0,4700000.0,3650000.0,part_time,2024-12-10 15:36:00
BGT04836,USR025,INC02942,2000000.0,1250000.0,550000.0,3800000.0,3250000.0,internship,2024-04-02 04:12:00
BGT09469,USR046,INC09176,2500000.0,1450000.0,850000.0,4850000.0,3950000.0,business,2024-04-21 05:05:00
BGT07082,USR038,INC06020,1550000.0,950000.0,850000.0,3350000.0,2500000.0,internship,2023-11-23 08:33:00
BGT05713,USR062,INC06478,3200000.0,2350000.0,1550000.0,7100000.0,5550000.0,investment_return,2024-04-18 13:57:00
BGT01222,USR039,INC06306,1300000.0,900000.0,600000.0,2800000.0,2200000.0,part_time,2024-02-01 12:34:00
BGT06669,USR016,INC01614,1000000.0,550000.0,450000.0,2050000.0,1550000.0,scholarship,2024-11-15 07:00:00
BGT05333,USR069,INC08544,3550000.0,2100000.0,900000.0,6550000.0,5650000.0,freelance,2023-01-28 05:03:00
BGT09785,USR004,INC04046,1250000.0,700000.0,300000.0,2300000.0,1950000.0,allowance,2024-08-25 07:16:00
BGT04623,USR005,INC07404,1000000.0,550000.0,300000.0,1850000.0,1550000.0,scholarship,2023-04-30 06:50:00
BGT09644,USR039,INC09493,2100000.0,1550000.0,1050000.0,4700000.0,3650000.0,allowance,2024-01-29 05:39:00
BGT00485,USR035,INC06256,1750000.0,1000000.0,400000.0,3150000.0,2750000.0,freelance,2024-07-09 22:38:00
BGT08573,USR044,INC08426,1700000.0,1000000.0,500000.0,3250000.0,2700000.0,freelance,2023-01-09 21:09:00
BGT04837,USR013,INC05730,1200000.0,650000.0,550000.0,2400000.0,1850000.0,scholarship,2023-05-02 11:07:00
BGT02634,USR041,INC03289,3300000.0,2000000.0,1150000.0,6450000.0,5300000.0,business,2023-08-05 08:07:00
BGT03900,USR027,INC09672,900000.0,550000.0,250000.0,1700000.0,1450000.0,allowance,2024-03-21 17:43:00
BGT06787,USR071,INC01629,3600000.0,2450000.0,1600000.0,7650000.0,6050000.0,investment_return,2023-05-27 18:52:00
BGT08423,USR070,INC01896,3150000.0,2200000.0,1700000.0,7050000.0,5350000.0,bonus,2023-09-01 04:00:00
BGT07596,USR055,INC00131,4150000.0,2300000.0,1500000.0,8000000.0,6450000.0,business,2023-09-04 17:43:00
BGT05477,USR041,INC01105,2900000.0,1600000.0,1500000.0,6000000.0,4500000.0,business,2023-07-13 07:32:00
BGT03914,USR034,INC04117,2200000.0,1250000.0,1200000.0,4700000.0,3450000.0,internship,2024-08-30 22:49:00
BGT04742,USR026,INC05842,2100000.0,1400000.0,1000000.0,4500000.0,3500000.0,freelance,2023-05-05 05:51:00
BGT09320,USR007,INC02358,900000.0,550000.0,400000.0,1900000.0,1450000.0,allowance,2023-09-05 19:17:00
BGT08766,USR043,INC07691,2450000.0,1500000.0,1250000.0,5250000.0,3950000.0,freelance,2024-06-30 03:12:00
BGT00272,USR041,INC05040,1750000.0,1200000.0,600000.0,3550000.0,2950000.0,business,2024-06-16 19:42:00
BGT04050,USR075,INC04274,4150000.0,2450000.0,1850000.0,8450000.0,6600000.0,investment_return,2023-01-12 22:49:00
BGT00818,USR021,INC07845,1450000.0,800000.0,450000.0,2700000.0,2250000.0,freelance,2023-06-15 16:56:00
BGT01623,USR072,INC02085,4400000.0,2800000.0,1300000.0,8500000.0,7200000.0,business,2024-01-17 08:02:00
BGT03955,USR036,INC02016,2300000.0,1250000.0,900000.0,4450000.0,3550000.0,freelance,2023-12-15 15:38:00
BGT01091,USR015,INC07675,1000000.0,600000.0,400000.0,2000000.0,1600000.0,part_time,2024-09-29 18:04:00
BGT09527,USR018,INC05195,800000.0,450000.0,450000.0,1750000.0,1250000.0,allowance,2024-05-24 11:35:00
BGT02518,USR064,INC03625,5500000.0,3250000.0,1100000.0,9850000.0,8750000.0,salary,2024-05-25 06:29:00
BGT01880,USR053,INC05843,1750000.0,1100000.0,550000.0,3400000.0,2850000.0,salary,2024-07-07 07:47:00
BGT04185,USR067,INC06254,3100000.0,1800000.0,1700000.0,6600000.0,4900000.0,freelance,2024-11-13 08:04:00
BGT09671,USR003,INC03601,1050000.0,600000.0,600000.0,2250000.0,1650000.0,allowance,2023-10-17 15:30:00
BGT09280,USR029,INC03015,1500000.0,900000.0,450000.0,2850000.0,2400000.0,freelance,2023-08-06 12:27:00
BGT08927,USR002,INC04833,550000.0,350000.0,100000.0,1000000.0,900000.0,allowance,2024-08-22 10:35:00
BGT04388,USR073,INC09046,3100000.0,1950000.0,800000.0,5850000.0,5050000.0,investment_return,2023-12-17 10:34:00
BGT09283,USR067,INC04255,4050000.0,2300000.0,1900000.0,8300000.0,6350000.0,freelance,2024-07-21 09:16:00
BGT04345,USR007,INC09801,600000.0,400000.0,250000.0,1250000.0,1000000.0,part_time,2024-08-02 07:23:00
BGT03766,USR010,INC00078,1150000.0,700000.0,600000.0,2450000.0,1850000.0,allowance,2023-02-11 14:19:00
BGT02659,USR001,INC03988,800000.0,550000.0,250000.0,1600000.0,1350000.0,part_time,2024-08-30 11:37:00
BGT05253,USR053,INC08719,1400000.0,850000.0,700000.0,3000000.0,2250000.0,salary,2024-07-02 18:06:00
BGT03973,USR070,INC05855,4550000.0,3100000.0,1800000.0,9450000.0,7650000.0,bonus,2023-07-21 04:04:00
BGT03731,USR040,INC06174,1550000.0,850000.0,700000.0,3100000.0,2400000.0,part_time,2024-02-06 20:02:00
BGT02705,USR055,INC01067,4000000.0,2350000.0,1300000.0,7650000.0,6350000.0,salary,2024-10-09 08:29:00
BGT03622,USR037,INC03681,2100000.0,1300000.0,950000.0,4350000.0,3400000.0,freelance,2023-07-03 09:22:00
BGT05306,USR012,INC08049,550000.0,300000.0,150000.0,1000000.0,850000.0,allowance,2024-05-26 13:42:00
BGT07610,USR054,INC01511,1950000.0,1100000.0,700000.0,3750000.0,3050000.0,business,2023-04-08 12:26:00
BGT03218,USR063,INC01498,3650000.0,2000000.0,1000000.0,6650000.0,5650000.0,salary,2024-08-26 21:47:00
BGT06042,USR048,INC05554,2650000.0,1500000.0,850000.0,5000000.0,4150000.0,business,2024-10-31 10:14:00
BGT06119,USR035,INC05136,1650000.0,850000.0,700000.0,3200000.0,2500000.0,part_time,2024-05-08 08:42:00
BGT05730,USR009,INC05674,1350000.0,850000.0,700000.0,2900000.0,2200000.0,part_time,2023-06-30 16:07:00
BGT01843,USR029,INC07599,2000000.0,1250000.0,1000000.0,4250000.0,3250000.0,allowance,2023-08-03 20:18:00
BGT03636,USR021,INC05377,2250000.0,1150000.0,600000.0,4050000.0,3400000.0,allowance,2023-02-08 07:25:00
BGT09886,USR026,INC02753,1650000.0,850000.0,500000.0,3000000.0,2500000.0,part_time,2024-04-10 04:38:00
BGT04352,USR073,INC03590,3650000.0,2450000.0,1350000.0,7450000.0,6100000.0,salary,2023-10-20 17:45:00
BGT01506,USR016,INC08965,550000.0,400000.0,300000.0,1250000.0,950000.0,allowance,2023-07-15 10:52:00
BGT00555,USR011,INC03762,1100000.0,650000.0,650000.0,2400000.0,1750000.0,scholarship,2023-06-13 16:10:00
BGT08317,USR040,INC01594,2500000.0,1600000.0,750000.0,4850000.0,4100000.0,freelance,2024-03-01 06:52:00
BGT03400,USR047,INC08522,3700000.0,2700000.0,1500000.0,7900000.0,6400000.0,salary,2024-05-05 07:16:00
BGT07639,USR032,INC01073,2100000.0,1200000.0,900000.0,4200000.0,3300000.0,internship,2024-06-28 13:43:00
BGT04255,USR020,INC00740,1250000.0,850000.0,550000.0,2650000.0,2100000.0,part_time,2023-08-03 00:29:00
BGT03449,USR066,INC02744,2200000.0,1450000.0,700000.0,4350000.0,3650000.0,salary,2024-06-20 13:26:00
BGT07942,USR011,INC02742,1350000.0,850000.0,350000.0,2550000.0,2200000.0,allowance,2023-12-18 00:00:00
BGT07314,USR067,INC02333,3950000.0,2100000.0,1000000.0,7050000.0,6050000.0,salary,2024-10-06 11:51:00
BGT06257,USR036,INC02868,2050000.0,1250000.0,900000.0,4200000.0,3300000.0,internship,2024-12-10 04:03:00
BGT07706,USR040,INC06015,1350000.0,850000.0,400000.0,2600000.0,2200000.0,freelance,2024-05-27 07:27:00
BGT09421,USR003,INC07010,1350000.0,850000.0,700000.0,2900000.0,2200000.0,scholarship,2023-08-17 05:08:00
BGT01169,USR049,INC04940,1950000.0,1400000.0,950000.0,4300000.0,3350000.0,business,2024-05-24 07:31:00
BGT02567,USR052,INC08887,1650000.0,1000000.0,750000.0,3400000.0,2650000.0,freelance,2024-11-14 14:05:00
BGT06227,USR057,INC08741,3550000.0,2300000.0,1350000.0,7200000.0,5850000.0,bonus,2024-07-30 07:40:00
BGT04096,USR036,INC03444,2600000.0,1650000.0,700000.0,4950000.0,4250000.0,freelance,2023-01-16 17:54:00
BGT02331,USR058,INC02789,2450000.0,1400000.0,1550000.0,5400000.0,3850000.0,bonus,2023-01-29 03:33:00
BGT08956,USR040,INC01188,1300000.0,950000.0,650000.0,2900000.0,2250000.0,freelance,2023-04-14 15:58:00
BGT03849,USR039,INC09512,2400000.0,1400000.0,750000.0,4550000.0,3800000.0,part_time,2023-12-31 02:05:00
BGT00723,USR022,INC02134,1250000.0,650000.0,650000.0,2550000.0,1900000.0,internship,2023-11-22 09:51:00
BGT02734,USR075,INC07099,4750000.0,2500000.0,2050000.0,9350000.0,7250000.0,business,2023-02-23 22:33:00
BGT08985,USR001,INC02832,900000.0,500000.0,400000.0,1800000.0,1400000.0,scholarship,2023-11-29 11:31:00
BGT07825,USR030,INC08137,850000.0,500000.0,450000.0,1850000.0,1350000.0,allowance,2024-07-17 01:44:00
BGT07275,USR034,INC09484,1750000.0,1050000.0,350000.0,3150000.0,2800000.0,part_time,2023-11-14 19:58:00
BGT08467,USR049,INC09977,3200000.0,2300000.0,1200000.0,6700000.0,5500000.0,business,2023-03-02 23:02:00
BGT02759,USR040,INC08603,1800000.0,1250000.0,700000.0,3750000.0,3050000.0,freelance,2024-03-01 00:09:00
BGT06898,USR049,INC00264,3800000.0,2250000.0,1700000.0,7750000.0,6050000.0,freelance,2024-06-01 13:31:00
BGT01989,USR013,INC05094,900000.0,550000.0,500000.0,1950000.0,1450000.0,part_time,2024-05-08 12:42:00
BGT07096,USR071,INC09507,3000000.0,1900000.0,650000.0,5600000.0,4900000.0,salary,2024-12-08 23:05:00
BGT06805,USR024,INC00891,2150000.0,1200000.0,550000.0,3950000.0,3350000.0,allowance,2024-09-05 05:07:00
BGT00426,USR070,INC07720,4050000.0,2300000.0,1400000.0,775000000.0,6350000.0,salary,2023-06-18 13:36:00
BGT06347,USR065,INC04594,5000000.0,2850000.0,1400000.0,9250000.0,7850000.0,salary,2023-04-21 22:30:00
BGT06561,USR040,INC05049,800000.0,600000.0,300000.0,1700000.0,1400000.0,internship,2023-11-18 07:10:00
BGT08979,USR066,INC04207,3700000.0,2050000.0,1800000.0,7550000.0,5750000.0,bonus,2023-12-14 09:47:00
BGT04398,USR015,INC05427,1100000.0,700000.0,700000.0,2550000.0,1800000.0,allowance,2024-03-06 00:27:00
BGT09111,USR038,INC09887,1600000.0,1100000.0,600000.0,3300000.0,2700000.0,part_time,2024-10-07 18:35:00
BGT01302,USR020,INC06004,550000.0,400000.0,200000.0,1150000.0,950000.0,scholarship,2023-02-19 21:25:00
BGT00731,USR050,INC02784,3750000.0,1950000.0,1350000.0,7050000.0,5700000.0,business,2023-08-25 18:34:00
BGT07470,USR016,INC01476,1450000.0,800000.0,600000.0,2850000.0,2250000.0,allowance,2024-06-10 18:39:00
BGT08379,USR014,INC02966,800000.0,550000.0,400000.0,1750000.0,1350000.0,scholarship,2024-06-27 13:58:00
BGT02042,USR014,INC01940,1100000.0,650000.0,400000.0,2150000.0,1750000.0,part_time,2024-12-26 08:30:00
BGT02283,USR055,INC00780,1600000.0,1050000.0,600000.0,3250000.0,2650000.0,freelance,2023-06-15 11:34:00
BGT05043,USR043,INC08624,1950000.0,1200000.0,450000.0,3600000.0,3150000.0,business,2024-12-30 07:52:00
BGT09484,USR050,INC08984,3300000.0,1800000.0,1100000.0,6200000.0,5100000.0,business,2024-02-13 13:06:00
BGT00967,USR053,INC01158,4300000.0,2350000.0,1200000.0,7850000.0,6650000.0,salary,2023-07-18 01:43:00
BGT09018,USR015,INC01406,500000.0,300000.0,200000.0,1000000.0,800000.0,allowance,2024-12-29 20:54:00
BGT07181,USR046,INC01342,2850000.0,1700000.0,950000.0,5500000.0,4550000.0,freelance,2023-02-28 17:32:00
BGT03614,USR059,INC08016,2400000.0,1450000.0,550000.0,4400000.0,3850000.0,business,2024-02-09 16:09:00
BGT01745,USR020,INC09117,650000.0,400000.0,350000.0,1400000.0,1050000.0,allowance,2024-09-20 10:39:00
BGT00225,USR044,INC08237,3400000.0,2250000.0,1400000.0,7050000.0,5650000.0,bonus,2023-12-09 16:18:00
BGT09974,USR035,INC08376,1350000.0,700000.0,400000.0,2450000.0,2050000.0,internship,2024-11-22 14:46:00
BGT09038,USR063,INC02152,2850000.0,1400000.0,1200000.0,5450000.0,4250000.0,business,2023-07-17 08:51:00
BGT09243,USR069,INC00706,3350000.0,2400000.0,1550000.0,7300000.0,5750000.0,salary,2024-09-03 05:44:00
BGT02994,USR052,INC08186,2050000.0,1350000.0,700000.0,4100000.0,3400000.0,bonus,2024-11-15 06:23:00
BGT00520,USR042,INC09253,2600000.0,1300000.0,1100000.0,5000000.0,3900000.0,freelance,2023-07-19 15:11:00
BGT05299,USR038,INC04701,1900000.0,1400000.0,1050000.0,4350000.0,3300000.0,freelance,2023-09-19 18:08:00
BGT09219,USR008,INC06164,700000.0,350000.0,200000.0,1250000.0,1050000.0,part_time,2023-05-07 12:43:00
BGT09049,USR043,INC04011,4400000.0,2450000.0,1000000.0,7850000.0,6850000.0,business,2024-09-03 01:58:00
BGT04141,USR026,INC00190,2500000.0,1350000.0,1050000.0,4900000.0,3850000.0,allowance,2023-07-23 01:50:00
BGT06652,USR031,INC02352,2400000.0,1600000.0,800000.0,4850000.0,4000000.0,part_time,2024-08-24 11:35:00
BGT01924,USR057,INC07581,1750000.0,1100000.0,650000.0,3500000.0,2850000.0,freelance,2023-04-30 08:58:00
BGT03692,USR003,INC07826,1050000.0,650000.0,600000.0,2300000.0,1700000.0,part_time,2023-10-10 16:11:00
BGT03939,USR043,INC07897,3400000.0,2450000.0,1350000.0,7200000.0,5850000.0,bonus,2024-09-24 07:09:00
BGT05453,USR056,INC08629,4250000.0,2100000.0,1500000.0,7850000.0,6350000.0,business,2023-05-23 08:02:00
BGT02241,USR065,INC05456,3150000.0,1850000.0,600000.0,5650000.0,5000000.0,salary,2024-05-24 03:13:00
BGT02267,USR047,INC09775,2650000.0,1400000.0,1150000.0,5200000.0,4050000.0,business,2024-08-21 12:54:00
BGT01231,USR070,INC09212,2700000.0,1800000.0,950000.0,5450000.0,4500000.0,investment_return,2024-03-03 18:30:00
BGT01122,USR038,INC03571,800000.0,500000.0,350000.0,1650000.0,1300000.0,freelance,2023-09-12 10:32:00
BGT07875,USR015,INC01997,1200000.0,750000.0,500000.0,2450000.0,1950000.0,allowance,2024-03-16 14:39:00
BGT00311,USR038,INC03649,1700000.0,1050000.0,400000.0,3150000.0,2750000.0,freelance,2024-04-04 18:00:00
BGT04905,USR010,INC02435,1200000.0,700000.0,600000.0,2500000.0,1900000.0,scholarship,2024-07-04 18:05:00
BGT08287,USR055,INC07525,2700000.0,-1400000.0,1000000.0,5100000.0,1300000.0,salary,2023-11-13 10:09:00
BGT02032,USR023,INC02970,2500000.0,1600000.0,700000.0,4800000.0,4100000.0,freelance,2023-07-01 03:24:00
BGT08503,USR055,INC04897,3250000.0,1900000.0,2200000.0,7400000.0,5150000.0,business,2023-11-15 00:31:00
BGT04993,USR074,INC00958,3950000.0,2150000.0,1100000.0,7200000.0,6100000.0,freelance,2024-12-27 18:18:00
BGT01272,USR020,INC01918,1100000.0,750000.0,550000.0,2400000.0,1850000.0,part_time,2023-08-18 14:33:00
BGT02298,USR046,INC06602,3200000.0,1700000.0,950000.0,5850000.0,4900000.0,freelance,2024-02-03 21:21:00
BGT09033,USR057,INC03330,2700000.0,1600000.0,1350000.0,5650000.0,4300000.0,freelance,2024-12-18 09:50:00
BGT00111,USR055,INC06713,1400000.0,850000.0,900000.0,3150000.0,2250000.0,business,2023-04-16 23:36:00
BGT03754,USR002,INC09099,650000.0,350000.0,350000.0,1350000.0,1000000.0,part_time,2023-03-24 19:20:00
BGT02471,USR032,INC04754,2000000.0,1450000.0,1050000.0,4500000.0,3450000.0,internship,2023-05-06 03:55:00
BGT04035,USR055,INC06250,3200000.0,2250000.0,1350000.0,6800000.0,5450000.0,bonus,2024-04-23 10:16:00
BGT00393,USR049,INC02322,3050000.0,1650000.0,1200000.0,5900000.0,4700000.0,bonus,2023-07-04 04:00:00
BGT06436,USR015,INC03144,800000.0,450000.0,300000.0,1550000.0,1250000.0,part_time,2024-10-30 09:49:00
BGT07267,USR053,INC09284,1800000.0,1150000.0,950000.0,3900000.0,2950000.0,bonus,2024-12-24 15:28:00
BGT09117,USR048,INC06292,1750000.0,1050000.0,600000.0,3450000.0,2800000.0,freelance,2024-10-20 09:43:00
BGT02602,USR054,INC08160,4250000.0,2050000.0,1600000.0,7900000.0,6300000.0,freelance,2024-07-01 05:14:00
BGT07974,USR011,INC01852,1300000.0,750000.0,600000.0,2650000.0,2050000.0,allowance,2023-12-31 03:53:00
BGT08115,USR069,INC02994,3000000.0,1950000.0,1550000.0,6550000.0,4950000.0,bonus,2023-05-08 09:29:00
BGT08171,USR062,INC03597,2200000.0,1100000.0,850000.0,4150000.0,3300000.0,investment_return,2024-11-12 15:38:00
BGT04872,USR054,INC01425,2650000.0,1700000.0,800000.0,5150000.0,4350000.0,freelance,2023-09-27 19:30:00
BGT07911,USR068,INC02348,3750000.0,2600000.0,1600000.0,7950000.0,6350000.0,investment_return,2024-04-04 10:21:00
BGT02863,USR055,INC08130,3600000.0,2300000.0,1750000.0,7700000.0,5900000.0,salary,2024-11-11 01:58:00
BGT04774,USR008,INC03042,1000000.0,500000.0,350000.0,1850000.0,1500000.0,scholarship,2024-04-18 04:51:00
BGT00874,USR075,INC00339,4400000.0,-2900000.0,1500000.0,8850000.0,1500000.0,freelance,2023-10-10 08:58:00
BGT00716,USR009,INC09241,1100000.0,800000.0,600000.0,2500000.0,1900000.0,scholarship,2024-03-17 15:08:00
BGT03861,USR007,INC09268,1300000.0,850000.0,450000.0,2600000.0,2150000.0,allowance,2023-04-28 23:11:00
BGT03197,USR074,INC04659,4250000.0,2200000.0,1400000.0,7900000.0,6450000.0,investment_return,2023-08-25 00:07:00
BGT02516,USR027,INC02828,1450000.0,950000.0,650000.0,3050000.0,2400000.0,internship,2024-07-17 14:21:00
BGT02167,USR027,INC08536,2300000.0,1350000.0,900000.0,4550000.0,3650000.0,part_time,2023-02-11 08:20:00
BGT04223,USR031,INC02827,2250000.0,1350000.0,650000.0,4250000.0,3600000.0,allowance,2023-03-22 13:59:00
BGT03278,USR055,INC09879,3100000.0,1650000.0,900000.0,5650000.0,4750000.0,bonus,2023-10-25 04:07:00
BGT04934,USR008,INC09139,1200000.0,800000.0,700000.0,2700000.0,2000000.0,part_time,2023-01-26 03:03:00
BGT07958,USR036,INC07730,1950000.0,1200000.0,1000000.0,4150000.0,3150000.0,part_time,2024-08-09 08:16:00
BGT08663,USR054,INC01470,2550000.0,1900000.0,1250000.0,5700000.0,4450000.0,business,2023-01-09 05:42:00
BGT09023,USR014,INC03196,1350000.0,850000.0,650000.0,2850000.0,2200000.0,scholarship,2024-03-29 08:53:00
BGT09445,USR072,INC08775,3000000.0,1900000.0,1000000.0,5900000.0,4900000.0,salary,2023-12-29 18:19:00
BGT05518,USR067,INC08230,5450000.0,3050000.0,1400000.0,9900000.0,8500000.0,bonus,2023-09-18 07:53:00
BGT05862,USR009,INC00254,600000.0,350000.0,200000.0,1200000.0,950000.0,part_time,2024-08-11 20:37:00
BGT05602,USR017,INC00308,600000.0,400000.0,250000.0,1250000.0,1000000.0,allowance,2024-10-24 14:31:00
BGT05716,USR036,INC01959,1750000.0,1100000.0,750000.0,3600000.0,2850000.0,freelance,2024-09-01 06:56:00
BGT05910,USR066,INC01388,4750000.0,3050000.0,2100000.0,9900000.0,7800000.0,freelance,2023-11-13 07:30:00
BGT06214,USR026,INC05028,1700000.0,1100000.0,550000.0,3350000.0,2800000.0,part_time,2024-11-13 07:50:00
BGT04404,USR074,INC06011,2200000.0,1400000.0,950000.0,4550000.0,3600000.0,salary,2023-04-09 09:58:00
BGT06433,USR075,INC01200,2350000.0,1700000.0,1250000.0,5300000.0,4050000.0,bonus,2024-03-22 12:15:00
BGT05962,USR007,INC08292,600000.0,350000.0,150000.0,1100000.0,950000.0,part_time,2023-05-31 09:51:00
BGT03836,USR055,INC08546,3000000.0,1650000.0,1450000.0,6100000.0,4650000.0,business,2024-07-26 22:08:00
BGT06544,USR073,INC04623,2650000.0,1700000.0,950000.0,5300000.0,4350000.0,salary,2023-11-22 19:29:00
BGT04427,USR029,INC08973,800000.0,550000.0,350000.0,1700000.0,1350000.0,internship,2024-01-18 16:00:00
BGT00226,USR075,INC00122,4100000.0,2600000.0,1350000.0,8050000.0,6700000.0,salary,2024-09-26 13:43:00
BGT01593,USR048,INC00364,2450000.0,1700000.0,1200000.0,5350000.0,4150000.0,salary,2024-05-24 10:03:00
BGT02295,USR011,INC06194,1550000.0,850000.0,350000.0,2800000.0,2400000.0,part_time,2023-04-04 01:53:00
BGT00453,USR005,INC07467,550000.0,250000.0,200000.0,1000000.0,800000.0,part_time,2024-10-24 06:54:00
BGT09101,USR008,INC01615,700000.0,400000.0,300000.0,1400000.0,1100000.0,part_time,2024-09-19 02:39:00
BGT06400,USR069,INC03204,3750000.0,2150000.0,1500000.0,7400000.0,5900000.0,bonus,2023-11-05 19:28:00
BGT04543,USR060,INC08423,2650000.0,1600000.0,1250000.0,5500000.0,4250000.0,bonus,2024-06-02 05:49:00
BGT00965,USR051,INC02248,1850000.0,1150000.0,600000.0,3600000.0,3000000.0,business,2024-06-01 11:29:00
BGT07163,USR009,INC04967,800000.0,550000.0,200000.0,1550000.0,1350000.0,allowance,2023-06-16 05:27:00
BGT04574,USR009,INC06352,850000.0,450000.0,350000.0,1700000.0,1300000.0,part_time,2024-02-24 00:18:00
BGT01845,USR032,INC07903,1000000.0,700000.0,500000.0,2200000.0,1700000.0,part_time,2023-02-11 21:34:00
BGT01072,USR067,INC04498,3100000.0,2000000.0,1350000.0,6500000.0,5100000.0,business,2023-06-16 10:46:00
BGT08702,USR043,INC01992,1850000.0,1300000.0,900000.0,4050000.0,3150000.0,salary,2024-07-30 17:19:00
BGT04889,USR063,INC05911,1850000.0,1200000.0,1050000.0,4100000.0,3050000.0,business,2024-07-16 07:43:00
BGT09702,USR056,INC07132,2150000.0,1250000.0,800000.0,4200000.0,3400000.0,freelance,2024-05-07 13:27:00
BGT02378,USR045,INC08510,2350000.0,1350000.0,500000.0,4200000.0,3700000.0,salary,2023-06-27 13:53:00
BGT09173,USR028,INC09216,1300000.0,850000.0,650000.0,2800000.0,2150000.0,freelance,2024-09-17 05:41:00
BGT07614,USR046,INC01050,3700000.0,2100000.0,2050000.0,7850000.0,5800000.0,freelance,2024-09-16 13:51:00
BGT09191,USR054,INC01358,1650000.0,900000.0,600000.0,3150000.0,2550000.0,salary,2023-12-07 21:34:00
BGT08212,USR025,INC09675,2250000.0,1350000.0,950000.0,4550000.0,3600000.0,allowance,2024-11-30 11:08:00
BGT07033,USR060,INC03265,3700000.0,2150000.0,850000.0,6700000.0,5850000.0,business,2023-06-26 06:00:00
BGT04962,USR059,INC04503,1600000.0,900000.0,700000.0,3200000.0,2500000.0,bonus,2024-09-21 08:08:00
BGT06670,USR010,INC00018,1500000.0,800000.0,400000.0,2700000.0,2300000.0,part_time,2024-03-05 01:27:00
BGT09287,USR003,INC04761,1550000.0,850000.0,400000.0,2800000.0,2400000.0,part_time,2023-01-18 22:14:00
BGT04041,USR044,INC03297,1600000.0,1050000.0,950000.0,3600000.0,2650000.0,salary,2024-07-01 17:44:00
BGT05988,USR024,INC03840,2150000.0,1450000.0,800000.0,4400000.0,3600000.0,freelance,2024-03-01 03:37:00
BGT07754,USR059,INC04372,2750000.0,1500000.0,800000.0,5050000.0,4250000.0,bonus,2023-03-22 17:30:00
BGT00508,USR047,INC06258,1500000.0,800000.0,700000.0,3000000.0,2300000.0,freelance,2023-06-14 13:28:00
BGT09086,USR014,INC08504,1250000.0,900000.0,500000.0,2700000.0,2150000.0,scholarship,2024-09-26 08:29:00
BGT08336,USR020,INC06925,700000.0,350000.0,200000.0,1250000.0,1050000.0,allowance,2024-10-22 16:59:00
BGT02412,USR052,INC04333,3500000.0,1950000.0,1550000.0,7000000.0,5450000.0,salary,2023-06-17 13:55:00
BGT03669,USR042,INC06979,3200000.0,1800000.0,1500000.0,6500000.0,5000000.0,business,2023-01-18 08:26:00
BGT06800,USR015,INC03350,900000.0,550000.0,400000.0,1850000.0,1450000.0,allowance,2023-05-11 09:32:00
BGT00009,USR051,INC06332,1550000.0,1000000.0,500000.0,3050000.0,2550000.0,salary,2023-05-20 12:10:00
BGT05164,USR058,INC08107,2950000.0,1850000.0,1800000.0,6600000.0,4800000.0,salary,2024-03-27 23:20:00
BGT07625,USR010,INC09907,1200000.0,700000.0,450000.0,2350000.0,1900000.0,allowance,2024-11-20 05:08:00
BGT09960,USR065,INC02018,4350000.0,2550000.0,2150000.0,9050000.0,6900000.0,bonus,2023-03-17 19:21:00
BGT05777,USR043,INC00185,2850000.0,1750000.0,1700000.0,6300000.0,4600000.0,bonus,2024-08-26 10:07:00
BGT08812,USR070,INC08576,2800000.0,1550000.0,1400000.0,5750000.0,4350000.0,bonus,2023-07-10 14:20:00
BGT01612,USR075,INC01093,3800000.0,-2050000.0,1200000.0,7050000.0,1750000.0,freelance,2024-10-15 03:30:00
BGT01443,USR049,INC06766,2000000.0,1150000.0,1200000.0,4350000.0,3150000.0,bonus,2023-04-06 05:27:00
BGT03690,USR033,INC01347,2200000.0,1250000.0,1000000.0,4450000.0,3450000.0,internship,2023-02-14 13:12:00
BGT09710,USR062,INC05061,-2800000.0,1500000.0,1000000.0,5300000.0,-1300000.0,business,2024-04-16 10:21:00
BGT01060,USR070,INC03703,3600000.0,1800000.0,1250000.0,6700000.0,5400000.0,salary,2023-08-01 05:10:00
BGT05891,USR008,INC03430,1350000.0,900000.0,700000.0,2950000.0,2250000.0,scholarship,2023-06-04 04:11:00
BGT09171,USR055,INC03252,3100000.0,1700000.0,1700000.0,6500000.0,4800000.0,business,2024-08-30 19:20:00
BGT08399,USR045,INC00433,1450000.0,1050000.0,650000.0,3200000.0,2500000.0,business,2024-09-25 12:16:00
BGT06852,USR059,INC06884,3450000.0,2450000.0,1550000.0,7450000.0,5900000.0,bonus,2024-04-15 05:20:00
BGT01373,USR042,INC04492,4300000.0,2550000.0,850000.0,7700000.0,6850000.0,business,2024-07-13 04:35:00
BGT05050,USR046,INC07767,3250000.0,2400000.0,1400000.0,7050000.0,5650000.0,business,2024-02-11 02:37:00
BGT03809,USR051,INC02564,2300000.0,1350000.0,850000.0,4550000.0,3650000.0,freelance,2024-04-12 04:43:00
BGT02929,USR070,INC03488,2900000.0,1700000.0,950000.0,5550000.0,4600000.0,business,2023-12-24 08:30:00
BGT04402,USR068,INC03937,4900000.0,3100000.0,1750000.0,9750000.0,8000000.0,bonus,2023-07-15 03:19:00
BGT05175,USR065,INC07477,4500000.0,2650000.0,1700000.0,8850000.0,7150000.0,bonus,2024-05-12 16:13:00
BGT01405,USR054,INC01386,2850000.0,1500000.0,1450000.0,5850000.0,4350000.0,business,2023-09-30 15:36:00
BGT08694,USR049,INC06058,3200000.0,1650000.0,1550000.0,6400000.0,4850000.0,bonus,2024-06-13 06:06:00
BGT06868,USR018,INC02666,1000000.0,750000.0,550000.0,2300000.0,1750000.0,scholarship,2023-09-16 08:23:00
BGT01917,USR062,INC05587,2250000.0,1500000.0,1250000.0,5050000.0,3750000.0,investment_return,2023-10-15 08:24:00
BGT03877,USR036,INC09909,1000000.0,650000.0,400000.0,2100000.0,1650000.0,internship,2024-12-21 04:36:00
BGT05363,USR035,INC09375,1250000.0,800000.0,650000.0,2700000.0,2050000.0,freelance,2023-08-14 09:43:00
BGT02429,USR061,INC02433,2150000.0,1350000.0,500000.0,4000000.0,3500000.0,salary,2023-02-21 23:28:00
BGT09024,USR066,INC04295,5050000.0,2750000.0,1950000.0,9750000.0,7800000.0,salary,2023-02-25 16:23:00
BGT00794,USR022,INC01153,2250000.0,1400000.0,550000.0,4200000.0,3650000.0,allowance,2023-11-02 16:00:00
BGT06146,USR046,INC04411,3450000.0,2250000.0,1500000.0,7200000.0,5700000.0,freelance,2023-12-27 10:51:00
BGT02556,USR057,INC08643,1700000.0,950000.0,900000.0,3550000.0,2650000.0,bonus,2023-03-07 17:11:00
BGT02078,USR008,INC03692,650000.0,350000.0,250000.0,1250000.0,1000000.0,part_time,2023-01-13 13:20:00
BGT07928,USR031,INC09103,800000.0,550000.0,400000.0,1750000.0,1350000.0,freelance,2024-01-29 07:06:00
BGT07024,USR009,INC07830,1450000.0,900000.0,400000.0,2750000.0,2350000.0,scholarship,2023-10-09 02:03:00
BGT05089,USR038,INC07976,950000.0,600000.0,550000.0,2100000.0,1550000.0,freelance,2023-08-25 20:10:00
BGT08519,USR064,INC00656,2650000.0,1800000.0,1400000.0,5850000.0,4450000.0,freelance,2024-11-02 03:59:00
BGT00974,USR068,INC08870,5100000.0,3250000.0,1250000.0,9600000.0,8350000.0,freelance,2023-03-27 06:44:00
BGT09519,USR025,INC02181,900000.0,500000.0,250000.0,1700000.0,1400000.0,internship,2023-01-08 12:36:00
BGT03120,USR038,INC07082,1150000.0,700000.0,500000.0,2350000.0,1850000.0,internship,2024-08-11 11:03:00
BGT07081,USR074,INC06137,4150000.0,2500000.0,900000.0,7550000.0,6650000.0,freelance,2023-05-25 22:02:00
BGT04772,USR010,INC09260,800000.0,500000.0,250000.0,1600000.0,1300000.0,part_time,2024-03-20 23:18:00
BGT06443,USR066,INC01958,3750000.0,2200000.0,900000.0,685000000.0,5950000.0,salary,2023-04-12 20:02:00
BGT00971,USR029,INC06917,1600000.0,1100000.0,700000.0,3400000.0,2700000.0,internship,2024-05-27 22:29:00
BGT04564,USR058,INC07934,1950000.0,1150000.0,400000.0,3500000.0,3100000.0,business,2024-02-13 08:05:00
BGT04320,USR047,INC09244,1600000.0,1050000.0,550000.0,3250000.0,2650000.0,freelance,2023-11-17 06:42:00
BGT07786,USR071,INC00970,4450000.0,2900000.0,1750000.0,9100000.0,7350000.0,investment_return,2024-02-25 14:56:00
BGT07250,USR039,INC06277,1500000.0,950000.0,800000.0,3300000.0,2450000.0,part_time,2023-04-25 06:53:00
BGT05009,USR041,INC05151,4100000.0,2400000.0,1050000.0,7550000.0,6500000.0,freelance,2024-06-05 22:17:00
BGT07017,USR040,INC00351,1800000.0,1050000.0,800000.0,3700000.0,2850000.0,allowance,2023-07-09 08:00:00
BGT04361,USR074,INC01136,3600000.0,2100000.0,2350000.0,8050000.0,5700000.0,salary,2023-07-12 19:39:00
BGT08311,USR047,INC00721,3750000.0,2550000.0,1650000.0,7950000.0,6300000.0,freelance,2024-06-12 01:14:00
BGT05643,USR035,INC09027,2300000.0,1200000.0,1000000.0,4500000.0,3500000.0,part_time,2023-10-27 15:07:00
BGT09692,USR025,INC04877,750000.0,500000.0,350000.0,1600000.0,1250000.0,allowance,2024-11-29 00:23:00
BGT05218,USR057,INC04951,3000000.0,1900000.0,1050000.0,5950000.0,4900000.0,bonus,2023-10-06 19:55:00
BGT08824,USR041,INC04257,2800000.0,1700000.0,1600000.0,6100000.0,4500000.0,business,2023-11-27 08:33:00
BGT04359,USR046,INC00542,3000000.0,1800000.0,1600000.0,6400000.0,4800000.0,business,2023-12-28 00:12:00
BGT03355,USR008,INC02951,550000.0,300000.0,200000.0,1050000.0,850000.0,part_time,2023-10-12 19:46:00
BGT00064,USR045,INC01253,3350000.0,2200000.0,1400000.0,6950000.0,5550000.0,bonus,2024-03-08 22:17:00
BGT00559,USR065,INC00779,3300000.0,1850000.0,750000.0,5900000.0,5150000.0,salary,2024-11-18 23:42:00
BGT02006,USR058,INC07878,4250000.0,2000000.0,1350000.0,7600000.0,6250000.0,business,2023-10-23 16:24:00
BGT08539,USR056,INC05833,3400000.0,2100000.0,1550000.0,7050000.0,5500000.0,business,2024-07-28 09:00:00
BGT01316,USR016,INC01069,650000.0,400000.0,250000.0,1300000.0,1050000.0,part_time,2023-08-03 08:55:00
BGT02124,USR020,INC03053,950000.0,500000.0,300000.0,1750000.0,1450000.0,part_time,2023-08-21 01:46:00
BGT02760,USR050,INC08868,3250000.0,1850000.0,1300000.0,6400000.0,5100000.0,salary,2023-08-25 20:17:00
BGT00161,USR069,INC09956,4800000.0,3000000.0,1250000.0,9100000.0,7800000.0,salary,2023-01-13 11:20:00
BGT07593,USR045,INC03236,3450000.0,2100000.0,1000000.0,6550000.0,5550000.0,salary,2023-08-14 16:51:00
BGT01711,USR067,INC08177,2200000.0,1500000.0,1050000.0,4750000.0,3700000.0,bonus,2024-04-04 14:59:00
BGT03517,USR029,INC03199,850000.0,400000.0,300000.0,1550000.0,1250000.0,freelance,2023-05-05 05:00:00
BGT01883,USR029,INC05252,1150000.0,700000.0,350000.0,2250000.0,1850000.0,part_time,2024-08-10 20:01:00
BGT02915,USR050,INC00001,2800000.0,1550000.0,700000.0,5050000.0,4350000.0,freelance,2023-11-12 06:29:00
BGT00274,USR025,INC01405,1950000.0,1300000.0,700000.0,3950000.0,3250000.0,internship,2023-04-10 21:03:00
BGT02763,USR037,INC04216,1450000.0,1000000.0,600000.0,3050000.0,2450000.0,part_time,2023-08-15 06:20:00
BGT04807,USR061,INC05808,3500000.0,2200000.0,1150000.0,6900000.0,5700000.0,freelance,2024-03-27 16:42:00
BGT06947,USR004,INC03862,450000.0,300000.0,250000.0,1000000.0,750000.0,part_time,2023-01-02 21:42:00
BGT05059,USR067,INC00243,2050000.0,1200000.0,900000.0,4150000.0,3250000.0,bonus,2024-05-06 10:34:00
BGT05285,USR016,INC00386,-1500000.0,900000.0,400000.0,2800000.0,-600000.0,part_time,2023-01-14 13:46:00
BGT07813,USR010,INC07623,1200000.0,800000.0,550000.0,2600000.0,2000000.0,allowance,2023-09-24 23:01:00
BGT00548,USR071,INC05105,4700000.0,2600000.0,1600000.0,8900000.0,7300000.0,freelance,2023-02-12 11:44:00
BGT02714,USR075,INC00201,3100000.0,1800000.0,1800000.0,6750000.0,4900000.0,salary,2024-05-20 10:19:00
BGT03578,USR002,INC02350,1050000.0,650000.0,450000.0,2150000.0,1700000.0,part_time,2023-10-09 14:28:00
BGT09192,USR012,INC00659,450000.0,250000.0,250000.0,1000000.0,700000.0,scholarship,2024-08-16 23:26:00
BGT06695,USR048,INC07267,3550000.0,2100000.0,1900000.0,7550000.0,5650000.0,salary,2023-06-21 12:23:00
BGT03744,USR023,INC08854,850000.0,500000.0,300000.0,1650000.0,1350000.0,internship,2024-04-29 21:28:00
BGT07083,USR031,INC01579,1200000.0,800000.0,650000.0,2650000.0,2000000.0,freelance,2024-10-12 10:41:00
BGT07652,USR055,INC05035,2850000.0,1500000.0,1200000.0,5550000.0,4350000.0,bonus,2024-10-21 19:10:00
BGT07832,USR011,INC03056,900000.0,550000.0,400000.0,1850000.0,1450000.0,part_time,2024-10-15 12:58:00
BGT03469,USR021,INC01903,1050000.0,600000.0,400000.0,2050000.0,1650000.0,allowance,2024-03-10 11:33:00
BGT04873,USR036,INC00297,2050000.0,1200000.0,600000.0,3850000.0,3250000.0,part_time,2024-02-11 11:40:00
BGT03205,USR065,INC09824,3450000.0,2200000.0,850000.0,6500000.0,5650000.0,bonus,2023-09-13 04:10:00
BGT04997,USR016,INC06501,550000.0,350000.0,250000.0,1150000.0,900000.0,part_time,2024-08-25 02:20:00
BGT01053,USR035,INC03630,2100000.0,1400000.0,1100000.0,4600000.0,3500000.0,part_time,2024-10-06 20:46:00
BGT08047,USR013,INC00613,1300000.0,700000.0,350000.0,2400000.0,2000000.0,part_time,2023-06-02 20:20:00
BGT08544,USR006,INC01877,700000.0,450000.0,200000.0,1350000.0,1150000.0,allowance,2023-11-23 02:40:00
BGT06036,USR003,INC00653,1200000.0,800000.0,550000.0,2550000.0,2000000.0,scholarship,2024-09-22 16:22:00
BGT06472,USR007,INC04320,950000.0,700000.0,400000.0,2050000.0,1650000.0,allowance,2024-01-18 23:40:00
BGT08366,USR045,INC03761,2950000.0,1400000.0,900000.0,5250000.0,4350000.0,bonus,2023-06-12 07:32:00
BGT07236,USR061,INC04706,3250000.0,1800000.0,1600000.0,6650000.0,5050000.0,freelance,2023-04-22 02:59:00
BGT05246,USR050,INC03332,2700000.0,1700000.0,900000.0,5300000.0,4400000.0,bonus,2024-09-16 16:03:00
BGT07341,USR003,INC05799,1600000.0,850000.0,500000.0,2950000.0,2450000.0,allowance,2023-05-23 08:19:00
BGT07987,USR038,INC05111,1200000.0,700000.0,700000.0,2650000.0,1900000.0,part_time,2024-04-05 04:06:00
BGT01165,USR026,INC01115,1050000.0,700000.0,450000.0,2200000.0,1750000.0,part_time,2023-11-23 04:06:00
BGT03918,USR012,INC04359,600000.0,400000.0,300000.0,1300000.0,1000000.0,scholarship,2023-03-23 11:17:00
BGT01909,USR039,INC07454,1750000.0,1150000.0,650000.0,3550000.0,2900000.0,part_time,2024-03-10 23:52:00
BGT07453,USR045,INC07778,2500000.0,1600000.0,1100000.0,5200000.0,4100000.0,salary,2023-04-16 05:16:00
BGT01857,USR008,INC08354,1300000.0,850000.0,700000.0,2900000.0,2150000.0,scholarship,2023-01-01 07:28:00
BGT07407,USR061,INC02219,2350000.0,1450000.0,550000.0,4350000.0,3800000.0,business,2024-03-09 17:19:00
BGT09317,USR014,INC02008,1100000.0,600000.0,350000.0,2050000.0,1700000.0,scholarship,2024-07-12 20:08:00
BGT00077,USR019,INC06726,900000.0,450000.0,400000.0,175000000.0,1350000.0,scholarship,2024-07-18 15:29:00
BGT08001,USR045,INC07875,2850000.0,1500000.0,950000.0,5300000.0,4350000.0,freelance,2024-12-26 12:12:00
BGT00783,USR027,INC06223,950000.0,500000.0,300000.0,1800000.0,1450000.0,part_time,2023-05-02 23:12:00
BGT05767,USR072,INC03898,1850000.0,1100000.0,1100000.0,4050000.0,2950000.0,bonus,2023-07-05 10:19:00
BGT09704,USR027,INC01545,1350000.0,850000.0,800000.0,3050000.0,2200000.0,allowance,2023-04-18 05:40:00
BGT01702,USR061,INC07670,3950000.0,2250000.0,1850000.0,8050000.0,6200000.0,investment_return,2024-05-16 01:58:00
BGT00249,USR075,INC06746,1800000.0,1250000.0,1000000.0,4050000.0,3050000.0,bonus,2023-04-10 22:55:00
BGT03206,USR031,INC02065,1000000.0,650000.0,600000.0,2300000.0,1650000.0,part_time,2024-05-25 23:06:00
BGT04198,USR057,INC05262,3550000.0,1850000.0,1450000.0,6850000.0,5400000.0,salary,2023-10-05 04:26:00
BGT04668,USR026,INC06027,850000.0,500000.0,500000.0,1850000.0,1350000.0,freelance,2023-10-22 10:44:00
BGT03182,USR063,INC01955,3100000.0,2150000.0,1750000.0,7000000.0,5250000.0,investment_return,2024-10-12 02:41:00
BGT07465,USR015,INC01971,1250000.0,700000.0,750000.0,2750000.0,1950000.0,allowance,2024-12-13 13:56:00
BGT02523,USR039,INC09880,2200000.0,1450000.0,700000.0,4350000.0,3650000.0,freelance,2024-09-17 01:42:00
BGT05343,USR025,INC01203,1450000.0,750000.0,500000.0,2700000.0,2200000.0,internship,2023-01-14 02:19:00
BGT02758,USR046,INC09714,2300000.0,1450000.0,550000.0,4300000.0,3750000.0,salary,2023-04-13 06:22:00
BGT07102,USR003,INC00704,700000.0,400000.0,350000.0,1450000.0,1100000.0,scholarship,2023-03-15 09:02:00
BGT06307,USR071,INC08355,3350000.0,1800000.0,900000.0,6050000.0,5150000.0,business,2023-11-12 03:38:00
BGT07050,USR037,INC04437,2400000.0,-1350000.0,700000.0,4450000.0,1050000.0,part_time,2024-02-25 09:58:00
BGT00670,USR025,INC09012,1050000.0,650000.0,250000.0,1950000.0,1700000.0,freelance,2023-06-15 08:27:00
BGT01853,USR072,INC08523,2250000.0,1550000.0,1100000.0,4900000.0,3800000.0,investment_return,2024-01-21 18:09:00
BGT03916,USR009,INC00091,850000.0,500000.0,150000.0,1500000.0,1350000.0,scholarship,2024-06-13 19:55:00
BGT00004,USR070,INC02482,2250000.0,1450000.0,1150000.0,4850000.0,3700000.0,bonus,2023-12-28 06:20:00
BGT05647,USR037,INC01711,2150000.0,1400000.0,750000.0,4300000.0,3550000.0,internship,2024-01-22 00:26:00
BGT00644,USR013,INC07022,1000000.0,500000.0,300000.0,1800000.0,1500000.0,allowance,2023-02-04 08:20:00
BGT01035,USR050,INC04313,3500000.0,2200000.0,1150000.0,6900000.0,5700000.0,salary,2023-10-03 12:02:00
BGT01922,USR056,INC04264,3050000.0,2000000.0,1700000.0,6750000.0,5050000.0,bonus,2023-08-11 01:27:00
BGT05368,USR054,INC09259,1850000.0,1000000.0,550000.0,3400000.0,2850000.0,freelance,2023-10-05 10:14:00
BGT08092,USR048,INC00579,3350000.0,2200000.0,2050000.0,7600000.0,5550000.0,business,2024-03-08 07:36:00
BGT01733,USR069,INC02706,4400000.0,2100000.0,1650000.0,8150000.0,6500000.0,business,2024-05-12 23:56:00
BGT03075,USR008,INC03029,1100000.0,650000.0,550000.0,2300000.0,1750000.0,allowance,2023-11-07 12:17:00
BGT05300,USR068,INC08991,3000000.0,1750000.0,1750000.0,6550000.0,4750000.0,investment_return,2024-01-22 10:44:00
BGT08170,USR019,INC04922,1100000.0,650000.0,550000.0,2300000.0,1750000.0,allowance,2023-04-27 02:56:00
BGT08432,USR005,INC00686,1350000.0,1000000.0,550000.0,2900000.0,2350000.0,part_time,2024-06-27 12:00:00
BGT02619,USR048,INC04577,3850000.0,2050000.0,950000.0,6900000.0,5900000.0,business,2024-10-15 07:46:00
BGT05579,USR025,INC05454,1000000.0,550000.0,300000.0,1900000.0,1550000.0,internship,2024-08-14 23:54:00
BGT04780,USR040,INC04815,1150000.0,750000.0,350000.0,2250000.0,1900000.0,part_time,2023-11-08 06:40:00
BGT00853,USR040,INC01157,2200000.0,1450000.0,750000.0,4400000.0,3650000.0,freelance,2024-07-09 18:05:00
BGT01696,USR033,INC09594,1950000.0,1250000.0,950000.0,4200000.0,3200000.0,freelance,2023-09-01 09:21:00
BGT08014,USR046,INC04787,2050000.0,1550000.0,950000.0,4600000.0,3600000.0,bonus,2023-08-28 22:47:00
BGT08401,USR015,INC06737,700000.0,400000.0,250000.0,1350000.0,1100000.0,part_time,2023-06-15 08:51:00
BGT08481,USR049,INC02913,3450000.0,2200000.0,1900000.0,750000000.0,5650000.0,bonus,2023-07-18 08:21:00
BGT02428,USR046,INC05188,2850000.0,1450000.0,1000000.0,5300000.0,4300000.0,business,2024-02-10 00:08:00
BGT08086,USR011,INC06961,1000000.0,550000.0,300000.0,1850000.0,1550000.0,part_time,2024-09-04 02:33:00
BGT09257,USR068,INC01164,2650000.0,1750000.0,1650000.0,6050000.0,4400000.0,business,2024-05-14 12:14:00
BGT04109,USR042,INC04977,2100000.0,1350000.0,900000.0,4350000.0,3450000.0,salary,2024-10-18 04:36:00
BGT00574,USR002,INC07514,900000.0,500000.0,250000.0,1650000.0,1400000.0,allowance,2023-10-14 23:31:00
BGT00866,USR014,INC04151,800000.0,600000.0,350000.0,1750000.0,1400000.0,scholarship,2024-01-14 08:10:00
BGT09202,USR030,INC00404,1500000.0,900000.0,950000.0,3350000.0,2400000.0,allowance,2024-08-30 00:05:00
BGT06354,USR024,INC07782,2200000.0,1350000.0,1300000.0,4900000.0,3550000.0,part_time,2024-05-16 17:55:00
BGT07888,USR032,INC04416,2200000.0,1400000.0,1400000.0,5000000.0,3600000.0,freelance,2023-05-13 13:54:00
BGT01499,USR060,INC06532,2000000.0,1250000.0,750000.0,4050000.0,3250000.0,salary,2023-05-28 17:39:00
BGT07375,USR002,INC02735,1400000.0,950000.0,500000.0,2900000.0,2350000.0,part_time,2023-06-14 22:12:00
BGT08779,USR072,INC04000,2600000.0,1500000.0,1100000.0,5250000.0,4100000.0,business,2024-08-11 03:53:00
BGT08868,USR022,INC03313,1800000.0,1100000.0,600000.0,3500000.0,2900000.0,part_time,2023-01-02 19:31:00
BGT03294,USR055,INC08255,3850000.0,2350000.0,1650000.0,7850000.0,6200000.0,bonus,2024-10-17 21:59:00
BGT08564,USR023,INC04853,1250000.0,700000.0,700000.0,2650000.0,1950000.0,internship,2024-04-20 06:37:00
BGT04910,USR011,INC09397,1400000.0,750000.0,400000.0,2550000.0,2150000.0,part_time,2024-07-14 00:45:00
BGT07869,USR038,INC09311,850000.0,500000.0,200000.0,1550000.0,1350000.0,internship,2023-03-01 04:49:00
BGT03559,USR004,INC05482,550000.0,350000.0,150000.0,1050000.0,900000.0,scholarship,2023-01-05 19:58:00
BGT08255,USR007,INC05055,1200000.0,800000.0,500000.0,2500000.0,2000000.0,allowance,2024-01-15 15:06:00
BGT00127,USR049,INC08615,3100000.0,1650000.0,1100000.0,5850000.0,4750000.0,bonus,2024-09-03 14:22:00
BGT06220,USR038,INC09872,2450000.0,1350000.0,750000.0,4550000.0,3800000.0,allowance,2023-12-30 17:20:00
BGT07737,USR006,INC08697,700000.0,500000.0,300000.0,1500000.0,1200000.0,part_time,2024-01-29 03:21:00
BGT00791,USR066,INC01040,3650000.0,2400000.0,1700000.0,7800000.0,6050000.0,freelance,2024-07-16 19:30:00
BGT00507,USR056,INC02199,2300000.0,1400000.0,1500000.0,5200000.0,3700000.0,freelance,2024-04-23 07:11:00
BGT01618,USR064,INC04562,2300000.0,1600000.0,750000.0,4650000.0,3900000.0,bonus,2023-09-29 19:47:00
BGT08855,USR074,INC02638,5450000.0,3100000.0,1400000.0,9950000.0,8550000.0,bonus,2023-11-28 04:24:00
BGT01490,USR054,INC09695,4350000.0,2700000.0,850000.0,7900000.0,7050000.0,salary,2023-01-10 00:31:00
BGT04590,USR072,INC01453,3150000.0,1850000.0,1150000.0,6150000.0,5000000.0,freelance,2024-01-16 09:11:00
BGT07498,USR042,INC02489,3300000.0,2100000.0,1900000.0,7300000.0,5400000.0,business,2024-07-12 01:46:00
BGT02553,USR039,INC03132,1350000.0,900000.0,600000.0,2850000.0,2250000.0,part_time,2023-03-20 04:41:00
BGT05837,USR023,INC04581,1500000.0,850000.0,600000.0,2950000.0,2350000.0,part_time,2024-12-08 02:37:00
BGT06355,USR045,INC06299,2700000.0,1550000.0,1250000.0,5500000.0,4250000.0,bonus,2024-06-29 10:39:00
BGT00224,USR017,INC05339,1100000.0,550000.0,350000.0,2000000.0,1650000.0,allowance,2024-12-22 15:40:00
BGT06082,USR009,INC01906,1500000.0,850000.0,550000.0,2900000.0,2350000.0,scholarship,2024-08-13 01:55:00
BGT08939,USR002,INC03536,850000.0,450000.0,200000.0,1500000.0,1300000.0,part_time,2024-06-28 01:37:00
BGT03198,USR061,INC02705,3800000.0,2350000.0,1200000.0,7350000.0,6150000.0,salary,2023-10-22 17:45:00
BGT05225,USR051,INC06069,4050000.0,2200000.0,1650000.0,7900000.0,6250000.0,salary,2024-11-16 16:44:00
BGT07051,USR023,INC06325,1600000.0,900000.0,550000.0,3050000.0,2500000.0,allowance,2023-05-05 17:24:00
BGT04160,USR036,INC08073,1650000.0,1000000.0,750000.0,3400000.0,2650000.0,internship,2024-05-26 12:37:00
BGT03315,USR062,INC04737,3050000.0,1600000.0,1000000.0,5650000.0,4650000.0,freelance,2024-01-15 12:44:00
BGT04283,USR028,INC05660,1650000.0,800000.0,650000.0,3150000.0,2450000.0,freelance,2024-07-02 22:20:00
BGT02397,USR034,INC06427,2150000.0,1100000.0,800000.0,4050000.0,3250000.0,freelance,2023-03-22 05:20:00
BGT03280,USR070,INC02953,-2600000.0,1700000.0,1350000.0,5600000.0,-900000.0,freelance,2023-11-07 22:10:00
BGT06161,USR031,INC02506,1500000.0,1000000.0,650000.0,3200000.0,2500000.0,freelance,2024-11-05 00:19:00
BGT02595,USR074,INC09901,2150000.0,1250000.0,1400000.0,4800000.0,3400000.0,freelance,2024-03-16 13:49:00
BGT04945,USR038,INC04450,950000.0,550000.0,350000.0,1850000.0,1500000.0,internship,2023-07-29 07:37:00
BGT00244,USR009,INC03799,600000.0,400000.0,350000.0,1350000.0,1000000.0,scholarship,2023-12-11 18:05:00
BGT03094,USR056,INC03051,2100000.0,1500000.0,950000.0,4600000.0,3600000.0,bonus,2024-02-27 11:58:00
BGT09135,USR048,INC09386,2450000.0,1450000.0,800000.0,4700000.0,3900000.0,bonus,2023-02-05 05:52:00
BGT05926,USR062,INC07234,4600000.0,2300000.0,1300000.0,8250000.0,6900000.0,investment_return,2024-10-26 10:12:00
BGT05506,USR007,INC02445,600000.0,300000.0,200000.0,1100000.0,900000.0,part_time,2024-11-28 18:12:00
BGT07618,USR003,INC09593,1200000.0,850000.0,500000.0,2550000.0,2050000.0,scholarship,2024-07-31 16:03:00
BGT02913,USR007,INC05827,500000.0,300000.0,250000.0,1050000.0,800000.0,scholarship,2024-07-19 18:54:00
BGT07800,USR056,INC02938,3600000.0,2250000.0,1400000.0,7250000.0,5850000.0,freelance,2023-08-09 02:49:00
BGT08680,USR003,INC03434,1250000.0,800000.0,350000.0,2450000.0,2050000.0,part_time,2024-03-18 04:55:00
BGT03855,USR029,INC09533,800000.0,450000.0,300000.0,1550000.0,1250000.0,allowance,2024-12-10 15:20:00
BGT07002,USR045,INC04407,1400000.0,1050000.0,700000.0,3150000.0,2450000.0,bonus,2023-10-07 21:55:00
BGT04146,USR035,INC00212,1750000.0,1050000.0,550000.0,3350000.0,2800000.0,freelance,2024-05-19 07:20:00
BGT02745,USR069,INC07642,2150000.0,1400000.0,900000.0,4450000.0,3550000.0,salary,2024-08-13 01:57:00
BGT06761,USR065,INC07815,2400000.0,1500000.0,650000.0,4550000.0,3900000.0,bonus,2024-12-15 02:35:00
BGT00656,USR042,INC07831,4150000.0,2450000.0,1250000.0,7850000.0,6600000.0,bonus,2023-10-28 12:44:00
BGT04229,USR058,INC09624,2950000.0,1700000.0,1450000.0,6100000.0,4650000.0,freelance,2024-08-10 17:16:00
BGT08799,USR009,INC06807,1400000.0,800000.0,450000.0,2650000.0,2200000.0,part_time,2023-09-09 00:16:00
BGT05255,USR021,INC04514,1950000.0,1250000.0,900000.0,4100000.0,3200000.0,internship,2024-11-21 15:37:00
BGT03959,USR023,INC00884,2050000.0,1250000.0,1250000.0,4550000.0,3300000.0,allowance,2024-06-02 05:21:00
BGT02238,USR053,INC08641,3700000.0,1700000.0,1200000.0,6600000.0,5400000.0,freelance,2023-02-18 21:38:00
BGT00785,USR032,INC08373,2150000.0,1400000.0,950000.0,4500000.0,3550000.0,allowance,2023-01-01 18:28:00
BGT08707,USR051,INC05547,3950000.0,2600000.0,1050000.0,7600000.0,6550000.0,freelance,2024-12-12 12:52:00
BGT04479,USR034,INC04014,2000000.0,1100000.0,850000.0,395000000.0,3100000.0,freelance,2023-01-27 22:48:00
BGT05079,USR046,INC09262,3200000.0,1900000.0,1450000.0,6550000.0,5100000.0,bonus,2023-06-16 19:45:00
BGT03755,USR057,INC06302,1800000.0,950000.0,550000.0,3300000.0,2750000.0,bonus,2023-08-20 22:23:00
BGT03912,USR010,INC09095,1050000.0,700000.0,650000.0,2400000.0,1750000.0,part_time,2024-08-08 15:03:00
BGT06619,USR047,INC03009,2300000.0,1450000.0,1400000.0,5150000.0,3750000.0,business,2023-02-28 15:58:00
BGT09714,USR050,INC05902,3100000.0,1700000.0,900000.0,5750000.0,4800000.0,business,2024-09-05 01:50:00
BGT07977,USR067,INC08310,4200000.0,2850000.0,2450000.0,9500000.0,7050000.0,salary,2024-07-14 12:51:00
BGT06094,USR013,INC04616,1150000.0,600000.0,450000.0,2250000.0,1750000.0,allowance,2023-04-05 15:56:00
BGT03403,USR029,INC03999,1000000.0,650000.0,550000.0,2200000.0,1650000.0,allowance,2023-02-03 00:18:00
BGT00565,USR028,INC00391,700000.0,400000.0,400000.0,1500000.0,1100000.0,internship,2024-05-23 10:42:00
BGT06556,USR038,INC01032,1300000.0,900000.0,500000.0,2700000.0,2200000.0,allowance,2024-05-06 22:31:00
BGT07962,USR058,INC09000,2950000.0,-1950000.0,1800000.0,6650000.0,1000000.0,salary,2024-07-21 18:50:00
BGT02153,USR045,INC08948,2250000.0,1600000.0,1150000.0,5000000.0,3850000.0,business,2024-08-25 17:34:00
BGT01817,USR040,INC07256,2300000.0,1350000.0,1200000.0,4850000.0,3650000.0,freelance,2023-11-09 17:05:00
BGT01637,USR068,INC06051,2600000.0,1650000.0,750000.0,5000000.0,4250000.0,bonus,2023-09-10 19:27:00
BGT03775,USR060,INC08209,2400000.0,1450000.0,1050000.0,4900000.0,3850000.0,business,2023-08-14 21:21:00
BGT02028,USR012,INC03101,550000.0,300000.0,300000.0,1150000.0,850000.0,part_time,2024-04-20 13:00:00
BGT03493,USR071,INC01903,4500000.0,2850000.0,1300000.0,8650000.0,7350000.0,salary,2024-05-24 21:40:00
BGT07501,USR053,INC08435,4000000.0,2050000.0,1250000.0,7300000.0,6050000.0,business,2024-09-21 05:35:00
BGT00144,USR006,INC08158,950000.0,450000.0,350000.0,1750000.0,1400000.0,allowance,2024-11-06 09:53:00
BGT01120,USR038,INC07832,2050000.0,1250000.0,800000.0,4100000.0,3300000.0,internship,2023-05-24 03:31:00
BGT04119,USR054,INC07391,2400000.0,1500000.0,1300000.0,5200000.0,3900000.0,salary,2024-11-21 05:06:00
BGT02797,USR036,INC03613,1850000.0,1050000.0,950000.0,3850000.0,2900000.0,allowance,2023-01-09 18:19:00
BGT03841,USR005,INC07604,750000.0,450000.0,150000.0,1350000.0,1200000.0,allowance,2023-02-16 19:25:00
BGT08172,USR036,INC07189,2000000.0,1300000.0,700000.0,4000000.0,3300000.0,part_time,2023-03-25 06:38:00
BGT04887,USR037,INC09781,1100000.0,650000.0,300000.0,2050000.0,1750000.0,internship,2024-12-01 20:41:00
BGT05783,USR003,INC04727,1050000.0,600000.0,300000.0,1950000.0,1650000.0,allowance,2023-12-12 11:23:00
BGT01982,USR028,INC02407,2100000.0,1100000.0,650000.0,3850000.0,3200000.0,allowance,2024-02-25 06:04:00
BGT01839,USR058,INC06057,2250000.0,1400000.0,550000.0,4200000.0,3650000.0,bonus,2024-08-22 01:57:00
BGT06294,USR030,INC02327,1950000.0,1300000.0,1100000.0,4350000.0,3250000.0,allowance,2023-11-23 12:16:00
BGT09161,USR040,INC02731,2050000.0,1200000.0,750000.0,4050000.0,3250000.0,part_time,2023-06-30 17:57:00
BGT03240,USR005,INC02082,1200000.0,700000.0,550000.0,2450000.0,1900000.0,part_time,2024-05-15 18:44:00
BGT04698,USR015,INC09432,1300000.0,850000.0,650000.0,2800000.0,2150000.0,allowance,2023-07-05 20:23:00
BGT04154,USR006,INC05775,750000.0,400000.0,350000.0,1500000.0,1150000.0,allowance,2024-08-30 04:17:00
BGT08849,USR013,INC05631,1050000.0,550000.0,300000.0,1900000.0,1600000.0,scholarship,2024-04-12 13:05:00
BGT07602,USR068,INC07856,3150000.0,2050000.0,1800000.0,7000000.0,5200000.0,freelance,2023-04-15 23:57:00
BGT04982,USR016,INC02645,800000.0,550000.0,300000.0,1650000.0,1350000.0,scholarship,2024-04-03 14:59:00
BGT02767,USR074,INC03899,2400000.0,1300000.0,1150000.0,4850000.0,3700000.0,business,2024-05-24 00:36:00
BGT05782,USR045,INC07569,1500000.0,850000.0,700000.0,3100000.0,2350000.0,salary,2023-06-18 05:12:00
BGT01039,USR006,INC07607,800000.0,500000.0,450000.0,1750000.0,1300000.0,part_time,2023-02-25 00:13:00
BGT09813,USR031,INC00252,2250000.0,1250000.0,650000.0,4200000.0,3500000.0,internship,2024-08-13 06:35:00
BGT06153,USR003,INC01847,450000.0,300000.0,250000.0,1000000.0,750000.0,scholarship,2023-02-07 03:34:00
BGT00708,USR062,INC00396,2450000.0,1550000.0,900000.0,4900000.0,4000000.0,investment_return,2024-10-10 12:45:00
BGT09955,USR010,INC08075,-1300000.0,1000000.0,650000.0,3000000.0,-300000.0,scholarship,2024-04-17 19:25:00
BGT02959,USR030,INC06321,1600000.0,1050000.0,750000.0,3450000.0,2650000.0,allowance,2024-07-30 08:12:00
BGT00432,USR031,INC00481,2350000.0,1350000.0,950000.0,4650000.0,3700000.0,part_time,2023-10-01 11:38:00
BGT03284,USR050,INC02101,1950000.0,1150000.0,400000.0,3500000.0,3100000.0,business,2023-09-05 03:48:00
BGT05913,USR013,INC04281,1250000.0,800000.0,650000.0,2750000.0,2050000.0,part_time,2023-08-14 08:40:00
BGT02766,USR017,INC07941,1000000.0,700000.0,500000.0,2200000.0,1700000.0,allowance,2023-10-29 09:55:00
BGT07814,USR010,INC02829,1250000.0,700000.0,400000.0,2350000.0,1950000.0,part_time,2024-12-29 02:14:00
BGT07280,USR051,INC01554,-3000000.0,1850000.0,600000.0,5450000.0,-1150000.0,salary,2024-11-06 00:21:00
BGT04434,USR003,INC02517,550000.0,300000.0,300000.0,1200000.0,850000.0,allowance,2023-03-14 16:50:00
BGT09316,USR058,INC02204,3250000.0,1750000.0,1750000.0,6750000.0,5000000.0,business,2023-06-08 15:58:00
BGT09988,USR019,INC05829,1100000.0,600000.0,650000.0,2350000.0,1700000.0,scholarship,2023-03-11 19:36:00
BGT00756,USR052,INC01102,3750000.0,2050000.0,2150000.0,7950000.0,5800000.0,bonus,2023-06-09 03:53:00
BGT06117,USR048,INC00320,2050000.0,1000000.0,700000.0,3750000.0,3050000.0,freelance,2023-10-06 01:57:00
BGT08190,USR064,INC07644,4100000.0,2200000.0,1550000.0,7850000.0,6300000.0,investment_return,2024-06-09 13:59:00
BGT07395,USR066,INC05604,3600000.0,2350000.0,1600000.0,7550000.0,5950000.0,freelance,2024-12-28 15:12:00
BGT05903,USR063,INC07666,3950000.0,2950000.0,2050000.0,9000000.0,6900000.0,salary,2023-12-07 08:46:00
BGT03842,USR072,INC00737,3000000.0,1600000.0,1100000.0,5700000.0,4600000.0,bonus,2024-04-04 03:20:00
BGT06317,USR039,INC04479,950000.0,500000.0,250000.0,1700000.0,1450000.0,part_time,2023-03-07 10:00:00
BGT05696,USR034,INC09685,850000.0,450000.0,250000.0,1550000.0,1300000.0,allowance,2023-01-22 20:25:00
BGT01465,USR064,INC00732,3350000.0,2200000.0,1150000.0,6700000.0,5550000.0,bonus,2024-05-17 23:28:00
BGT08881,USR014,INC08441,950000.0,550000.0,300000.0,1850000.0,1500000.0,allowance,2024-04-16 05:52:00
BGT08934,USR028,INC04293,1000000.0,550000.0,350000.0,1900000.0,1550000.0,internship,2023-12-28 09:32:00
BGT04092,USR057,INC00953,3600000.0,1800000.0,1050000.0,6450000.0,5400000.0,salary,2023-11-21 11:37:00
BGT07597,USR021,INC06294,2300000.0,1300000.0,1000000.0,4650000.0,3600000.0,allowance,2024-11-10 17:46:00
BGT00986,USR026,INC09275,1800000.0,1300000.0,700000.0,3800000.0,3100000.0,freelance,2023-06-29 18:12:00
BGT02008,USR074,INC07156,2400000.0,1450000.0,1600000.0,545000000.0,3850000.0,bonus,2024-05-13 17:55:00
BGT05648,USR015,INC09128,800000.0,500000.0,450000.0,1750000.0,1300000.0,scholarship,2024-08-03 02:58:00
BGT05446,USR039,INC03684,2600000.0,1350000.0,950000.0,4900000.0,3950000.0,allowance,2024-09-11 04:42:00
BGT05228,USR071,INC04178,3250000.0,1700000.0,1100000.0,6050000.0,4950000.0,investment_return,2023-08-04 17:37:00
BGT06996,USR040,INC04506,1250000.0,800000.0,400000.0,2450000.0,2050000.0,allowance,2023-11-06 05:50:00
BGT01877,USR042,INC05558,2000000.0,1500000.0,900000.0,4400000.0,3500000.0,freelance,2023-12-26 19:59:00
BGT09055,USR050,INC06860,3450000.0,2250000.0,1500000.0,7200000.0,5700000.0,freelance,2024-04-22 03:00:00
BGT05015,USR016,INC09174,600000.0,350000.0,250000.0,1200000.0,950000.0,scholarship,2024-05-20 23:04:00
BGT02889,USR036,INC04707,2450000.0,1550000.0,650000.0,4650000.0,4000000.0,allowance,2024-02-11 06:02:00
BGT02303,USR060,INC08197,4000000.0,2600000.0,1050000.0,7650000.0,6600000.0,bonus,2024-12-21 17:05:00
BGT05773,USR018,INC01912,550000.0,350000.0,300000.0,1200000.0,900000.0,scholarship,2024-06-24 17:45:00
BGT07654,USR023,INC05269,1400000.0,1050000.0,700000.0,3150000.0,2450000.0,part_time,2024-04-24 16:53:00
BGT01573,USR066,INC07197,2700000.0,1500000.0,1200000.0,5400000.0,4200000.0,salary,2023-10-12 10:07:00
BGT06407,USR017,INC05436,500000.0,250000.0,300000.0,1050000.0,750000.0,part_time,2023-01-09 07:52:00
BGT03308,USR050,INC05647,2800000.0,1800000.0,1450000.0,6050000.0,4600000.0,business,2024-08-07 03:22:00
BGT03360,USR013,INC03540,900000.0,500000.0,300000.0,1700000.0,1400000.0,part_time,2024-06-29 04:02:00
BGT05740,USR039,INC06472,1150000.0,800000.0,400000.0,2350000.0,1950000.0,freelance,2024-01-17 09:36:00
BGT05508,USR026,INC03201,1150000.0,650000.0,300000.0,2150000.0,1800000.0,freelance,2024-05-24 10:48:00
BGT09324,USR005,INC09867,1050000.0,600000.0,400000.0,2050000.0,1650000.0,scholarship,2023-05-24 20:40:00
BGT06986,USR068,INC04724,2350000.0,1250000.0,1000000.0,4600000.0,3600000.0,business,2024-07-06 03:32:00
BGT08851,USR032,INC08033,1500000.0,800000.0,600000.0,2900000.0,2300000.0,internship,2023-03-08 18:14:00
BGT01156,USR052,INC09459,2100000.0,1200000.0,700000.0,4000000.0,3300000.0,bonus,2023-10-13 01:44:00
BGT09584,USR043,INC08479,2500000.0,1250000.0,850000.0,4600000.0,3750000.0,salary,2023-04-22 08:55:00
BGT08049,USR046,INC08790,2700000.0,1950000.0,1400000.0,6050000.0,4650000.0,bonus,2024-05-27 02:26:00
BGT09387,USR049,INC01118,2750000.0,1850000.0,800000.0,5400000.0,4600000.0,freelance,2023-08-16 21:11:00
BGT07985,USR037,INC05830,1200000.0,750000.0,600000.0,2550000.0,1950000.0,internship,2023-05-18 12:54:00
BGT02278,USR073,INC07945,3500000.0,2250000.0,2000000.0,7750000.0,5750000.0,bonus,2024-02-18 12:29:00
BGT04723,USR064,INC00298,2900000.0,1450000.0,950000.0,5300000.0,4350000.0,bonus,2023-07-14 21:37:00
BGT05170,USR035,INC01068,2250000.0,1450000.0,550000.0,4250000.0,3700000.0,allowance,2023-11-20 04:35:00
BGT00167,USR038,INC06408,2000000.0,1450000.0,900000.0,4350000.0,3450000.0,internship,2023-09-21 22:40:00
BGT05906,USR061,INC00972,2650000.0,1750000.0,1050000.0,5450000.0,4400000.0,freelance,2023-09-01 05:33:00
BGT00365,USR042,INC05863,2750000.0,1750000.0,1150000.0,5650000.0,4500000.0,bonus,2023-02-08 05:26:00
BGT09854,USR028,INC08008,1700000.0,950000.0,800000.0,3450000.0,2650000.0,freelance,2023-11-07 07:45:00
BGT05729,USR050,INC00475,2850000.0,1500000.0,800000.0,5150000.0,4350000.0,freelance,2023-02-22 22:30:00
BGT05447,USR037,INC07088,2200000.0,1500000.0,850000.0,4550000.0,3700000.0,freelance,2024-11-13 06:20:00
BGT07306,USR073,INC09938,4050000.0,2550000.0,1350000.0,7950000.0,6600000.0,business,2023-12-11 03:38:00
BGT01154,USR067,INC01533,2350000.0,1600000.0,1050000.0,5000000.0,3950000.0,business,2023-02-05 04:43:00
BGT03413,USR074,INC07930,2750000.0,1450000.0,800000.0,5000000.0,4200000.0,salary,2023-01-17 05:46:00
BGT02463,USR039,INC05617,2000000.0,1350000.0,1250000.0,4600000.0,3350000.0,freelance,2024-02-26 14:01:00
BGT01881,USR022,INC08753,-2200000.0,1300000.0,850000.0,4350000.0,-900000.0,part_time,2023-05-07 21:46:00
BGT04103,USR040,INC05699,1100000.0,650000.0,600000.0,2350000.0,1750000.0,freelance,2023-04-23 18:18:00
BGT05852,USR027,INC03215,1300000.0,650000.0,400000.0,2350000.0,1950000.0,allowance,2023-03-12 05:35:00
BGT00017,USR020,INC05644,650000.0,350000.0,300000.0,1350000.0,1000000.0,scholarship,2024-12-11 18:45:00
BGT06328,USR067,INC02123,4200000.0,2050000.0,1350000.0,7600000.0,6250000.0,freelance,2024-09-12 05:17:00
BGT01792,USR062,INC02934,3350000.0,2050000.0,950000.0,6350000.0,5400000.0,freelance,2024-03-04 03:38:00
BGT02383,USR009,INC07314,1000000.0,550000.0,250000.0,1800000.0,1550000.0,scholarship,2023-06-09 16:15:00
BGT01226,USR023,INC07448,1100000.0,650000.0,600000.0,2350000.0,1750000.0,part_time,2023-07-15 13:20:00
BGT07091,USR061,INC04236,2100000.0,1100000.0,900000.0,4150000.0,3200000.0,investment_return,2024-10-16 02:06:00
BGT02494,USR030,INC07774,2100000.0,1250000.0,900000.0,4250000.0,3350000.0,freelance,2024-08-13 15:02:00
BGT04944,USR019,INC07456,800000.0,550000.0,300000.0,1650000.0,1350000.0,part_time,2023-02-25 19:14:00
BGT01554,USR047,INC01468,3600000.0,2050000.0,1900000.0,7550000.0,5650000.0,freelance,2024-04-02 03:19:00
BGT06505,USR002,INC08736,1100000.0,650000.0,500000.0,2250000.0,1750000.0,scholarship,2023-09-17 09:24:00
BGT07566,USR068,INC09134,3750000.0,2100000.0,1950000.0,7850000.0,5850000.0,business,2023-05-30 17:43:00
BGT07668,USR037,INC08634,1050000.0,600000.0,300000.0,1950000.0,1650000.0,part_time,2023-02-23 03:26:00
BGT05266,USR003,INC02186,1250000.0,700000.0,400000.0,2350000.0,1950000.0,scholarship,2023-03-18 17:58:00
BGT06649,USR057,INC09088,4200000.0,2500000.0,1100000.0,7800000.0,6700000.0,bonus,2024-03-18 12:09:00
BGT06166,USR073,INC01897,3950000.0,2350000.0,1600000.0,7900000.0,6300000.0,salary,2024-04-03 16:30:00
BGT09547,USR033,INC01863,1450000.0,900000.0,500000.0,2850000.0,2350000.0,internship,2024-01-05 10:01:00
BGT03826,USR070,INC04495,2800000.0,1800000.0,1400000.0,6000000.0,4600000.0,bonus,2023-11-24 01:31:00
BGT02971,USR013,INC03664,1050000.0,750000.0,400000.0,2200000.0,1800000.0,scholarship,2023-10-03 23:01:00
BGT09970,USR020,INC09444,750000.0,400000.0,300000.0,1500000.0,1150000.0,allowance,2024-08-21 20:40:00
BGT06269,USR003,INC09236,1200000.0,650000.0,400000.0,2250000.0,1850000.0,part_time,2024-10-01 08:30:00
BGT04971,USR005,INC02354,1250000.0,750000.0,450000.0,2450000.0,2000000.0,part_time,2024-04-01 19:20:00
BGT04454,USR068,INC05229,4400000.0,2900000.0,2450000.0,9750000.0,7300000.0,bonus,2023-07-31 07:45:00
BGT03211,USR060,INC00148,2950000.0,1950000.0,850000.0,5800000.0,4900000.0,business,2024-06-06 12:15:00
BGT08954,USR002,INC00847,700000.0,450000.0,350000.0,1500000.0,1150000.0,scholarship,2023-02-13 02:56:00
BGT02506,USR056,INC02945,2600000.0,2000000.0,1300000.0,5900000.0,4600000.0,freelance,2023-12-19 09:19:00
BGT00326,USR016,INC03617,-900000.0,450000.0,300000.0,1650000.0,-450000.0,part_time,2024-06-26 08:34:00
BGT05460,USR002,INC08379,550000.0,350000.0,300000.0,1200000.0,900000.0,allowance,2024-01-31 04:17:00
BGT00390,USR038,INC09457,2350000.0,1300000.0,1350000.0,5000000.0,3650000.0,internship,2023-10-20 21:51:00
BGT02499,USR010,INC09835,800000.0,450000.0,400000.0,1700000.0,1250000.0,scholarship,2024-02-27 05:56:00
BGT00141,USR037,INC02220,1350000.0,800000.0,300000.0,2450000.0,2150000.0,allowance,2024-12-12 07:51:00
BGT06689,USR025,INC02563,2400000.0,1450000.0,850000.0,4700000.0,3850000.0,freelance,2024-07-12 03:05:00
BGT07886,USR003,INC09468,650000.0,400000.0,200000.0,1250000.0,1050000.0,allowance,2024-05-04 23:54:00
BGT09167,USR048,INC09975,2500000.0,1450000.0,750000.0,4700000.0,3950000.0,bonus,2023-10-19 06:23:00
BGT09385,USR033,INC03293,1750000.0,1300000.0,900000.0,4000000.0,3050000.0,allowance,2023-10-25 08:31:00
BGT02980,USR001,INC00938,1400000.0,1000000.0,600000.0,3000000.0,2400000.0,allowance,2023-01-24 00:28:00
BGT03874,USR005,INC07614,1300000.0,700000.0,500000.0,2500000.0,2000000.0,part_time,2023-10-27 06:48:00
BGT04710,USR038,INC06410,1200000.0,800000.0,650000.0,2650000.0,2000000.0,part_time,2023-09-17 03:51:00
BGT08975,USR005,INC07577,850000.0,550000.0,250000.0,1650000.0,1400000.0,part_time,2023-01-16 06:37:00
BGT04766,USR064,INC03909,4250000.0,2300000.0,1750000.0,8300000.0,6550000.0,business,2023-06-16 13:18:00
BGT00797,USR067,INC04830,3750000.0,2150000.0,1450000.0,7350000.0,5900000.0,bonus,2024-03-16 10:44:00
BGT06008,USR022,INC05853,2300000.0,1250000.0,750000.0,4300000.0,3550000.0,part_time,2024-05-30 05:10:00
BGT09380,USR049,INC07014,2300000.0,1250000.0,1100000.0,4650000.0,3550000.0,business,2023-02-01 17:21:00
BGT05035,USR038,INC02426,2300000.0,1550000.0,950000.0,4800000.0,3850000.0,freelance,2024-07-03 14:35:00
BGT07542,USR069,INC09618,3400000.0,2200000.0,850000.0,6450000.0,5600000.0,bonus,2024-05-04 10:53:00
BGT05224,USR037,INC08583,2200000.0,1350000.0,1000000.0,4550000.0,3550000.0,allowance,2023-11-27 00:10:00
BGT05153,USR037,INC07253,1700000.0,1000000.0,350000.0,3050000.0,2700000.0,internship,2023-05-09 11:23:00
BGT04608,USR055,INC06736,3600000.0,2150000.0,1900000.0,7650000.0,5750000.0,business,2024-04-27 18:31:00
BGT08616,USR011,INC04164,1450000.0,900000.0,650000.0,3000000.0,2350000.0,allowance,2024-07-21 13:07:00
BGT09559,USR018,INC07852,1050000.0,800000.0,500000.0,2350000.0,1850000.0,part_time,2024-10-05 10:21:00
BGT02038,USR058,INC00513,1700000.0,850000.0,500000.0,3050000.0,2550000.0,salary,2023-01-13 22:22:00
BGT06665,USR065,INC08899,2050000.0,1200000.0,1050000.0,4300000.0,3250000.0,business,2023-11-29 04:13:00
BGT07734,USR018,INC01972,750000.0,500000.0,300000.0,1550000.0,1250000.0,part_time,2024-11-15 08:08:00
BGT09791,USR035,INC05070,1800000.0,1200000.0,1000000.0,4000000.0,3000000.0,allowance,2023-09-06 07:59:00
BGT05744,USR036,INC07807,1450000.0,1000000.0,750000.0,3200000.0,2450000.0,part_time,2023-10-12 02:50:00
BGT00093,USR060,INC08604,4100000.0,2300000.0,1050000.0,7450000.0,6400000.0,freelance,2023-08-10 10:32:00
BGT00219,USR031,INC04674,1100000.0,650000.0,250000.0,2000000.0,1750000.0,part_time,2023-01-11 13:02:00
BGT06440,USR024,INC02890,1100000.0,600000.0,550000.0,2250000.0,1700000.0,freelance,2023-03-02 19:30:00
BGT06977,USR072,INC01749,4150000.0,2100000.0,1550000.0,7800000.0,6250000.0,freelance,2024-06-27 20:19:00
BGT08919,USR033,INC05027,1550000.0,850000.0,500000.0,2900000.0,2400000.0,freelance,2024-06-11 08:14:00
BGT04494,USR064,INC05692,2300000.0,1300000.0,550000.0,4150000.0,3600000.0,investment_return,2024-09-02 05:23:00
BGT08183,USR045,INC09552,2300000.0,1200000.0,1000000.0,4500000.0,3500000.0,salary,2023-12-01 05:51:00
BGT04651,USR020,INC01582,1200000.0,700000.0,400000.0,2350000.0,1900000.0,allowance,2024-11-21 02:06:00
BGT09920,USR054,INC03180,3100000.0,1750000.0,1600000.0,650000000.0,4850000.0,salary,2024-07-18 17:43:00
BGT00566,USR027,INC00280,1550000.0,950000.0,550000.0,3050000.0,2500000.0,freelance,2024-06-18 09:59:00
BGT07792,USR023,INC06034,750000.0,500000.0,300000.0,1550000.0,1250000.0,part_time,2024-01-03 12:35:00
BGT02101,USR024,INC08102,2250000.0,1550000.0,1000000.0,4800000.0,3800000.0,internship,2023-05-24 02:06:00
BGT06981,USR007,INC07616,700000.0,350000.0,250000.0,1300000.0,1050000.0,allowance,2023-02-06 06:20:00
BGT01528,USR027,INC03172,1950000.0,1150000.0,1000000.0,4100000.0,3100000.0,freelance,2024-09-15 15:14:00
BGT08005,USR043,INC06403,2950000.0,1700000.0,1900000.0,6600000.0,4650000.0,business,2024-05-02 06:48:00
BGT01619,USR073,INC08088,5000000.0,2700000.0,1550000.0,925000000.0,7700000.0,bonus,2023-04-01 01:48:00
BGT00037,USR074,INC08913,2650000.0,1200000.0,850000.0,4700000.0,3850000.0,business,2024-09-24 00:59:00
BGT06421,USR061,INC04118,4950000.0,2550000.0,1300000.0,8800000.0,7500000.0,investment_return,2024-04-29 23:22:00
BGT02268,USR038,INC00815,1950000.0,1150000.0,500000.0,3650000.0,3100000.0,part_time,2023-05-03 17:38:00
BGT06351,USR057,INC07087,3750000.0,2600000.0,1500000.0,7850000.0,6350000.0,business,2024-05-02 23:44:00
BGT07263,USR024,INC05410,900000.0,500000.0,250000.0,1650000.0,1400000.0,part_time,2023-07-05 16:50:00
BGT02978,USR069,INC03882,4950000.0,3200000.0,1550000.0,9750000.0,8150000.0,investment_return,2023-07-07 10:37:00
BGT05842,USR025,INC08375,1450000.0,950000.0,600000.0,3000000.0,2400000.0,internship,2023-06-01 02:15:00
BGT06741,USR007,INC04156,1200000.0,850000.0,600000.0,2700000.0,2050000.0,allowance,2024-10-08 19:36:00
BGT09119,USR018,INC05003,650000.0,500000.0,300000.0,1450000.0,1150000.0,part_time,2024-12-04 08:49:00
BGT01080,USR003,INC03707,800000.0,400000.0,250000.0,1450000.0,1200000.0,allowance,2023-08-19 03:33:00
BGT03059,USR066,INC01284,4000000.0,2550000.0,1950000.0,8500000.0,6550000.0,bonus,2024-11-06 19:13:00
BGT00072,USR055,INC06095,3300000.0,2150000.0,1450000.0,6900000.0,5450000.0,bonus,2023-11-18 10:19:00
BGT06366,USR029,INC00167,1800000.0,1200000.0,950000.0,395000000.0,3000000.0,part_time,2024-05-19 11:56:00
BGT08738,USR072,INC03296,3500000.0,1650000.0,1200000.0,6400000.0,5150000.0,bonus,2024-09-21 02:50:00
BGT01322,USR032,INC04705,1050000.0,500000.0,400000.0,1950000.0,1550000.0,freelance,2024-01-26 03:16:00
BGT00428,USR011,INC03273,450000.0,350000.0,200000.0,1000000.0,800000.0,allowance,2023-12-15 01:05:00
BGT03608,USR023,INC04108,1350000.0,950000.0,800000.0,3100000.0,2300000.0,allowance,2023-05-18 03:53:00
BGT01783,USR032,INC04405,2300000.0,1350000.0,900000.0,4550000.0,3650000.0,part_time,2023-10-21 09:47:00
BGT00159,USR024,INC06677,950000.0,700000.0,500000.0,2150000.0,1650000.0,freelance,2024-09-18 18:07:00
BGT01372,USR067,INC04188,3950000.0,2200000.0,1200000.0,7350000.0,6150000.0,investment_return,2024-09-14 13:33:00
BGT05321,USR018,INC05089,750000.0,500000.0,400000.0,1650000.0,1250000.0,scholarship,2023-10-29 23:15:00
BGT09566,USR051,INC06270,3550000.0,2050000.0,1950000.0,7550000.0,5600000.0,business,2023-02-05 04:58:00
BGT03376,USR071,INC02675,3150000.0,2100000.0,1300000.0,6600000.0,5250000.0,bonus,2023-07-30 18:42:00
BGT07000,USR023,INC00998,2350000.0,1450000.0,1000000.0,4800000.0,3800000.0,freelance,2024-06-06 16:31:00
BGT07720,USR049,INC02210,3600000.0,2300000.0,1950000.0,7850000.0,5900000.0,bonus,2024-11-13 07:01:00
BGT05309,USR044,INC03271,1950000.0,1150000.0,1000000.0,4100000.0,3100000.0,salary,2024-11-23 09:27:00
BGT00572,USR038,INC04969,1550000.0,950000.0,300000.0,2850000.0,2500000.0,part_time,2024-05-23 07:49:00
BGT09443,USR046,INC08977,1400000.0,900000.0,700000.0,3000000.0,2300000.0,freelance,2023-11-13 19:43:00
BGT09617,USR020,INC02184,1050000.0,600000.0,350000.0,2050000.0,1650000.0,allowance,2023-05-06 07:10:00
BGT00649,USR007,INC05349,550000.0,400000.0,250000.0,1200000.0,950000.0,part_time,2024-07-24 19:41:00
BGT09994,USR051,INC08601,2000000.0,1300000.0,700000.0,4000000.0,3300000.0,business,2024-03-12 07:42:00
BGT00346,USR030,INC08410,1000000.0,500000.0,300000.0,1850000.0,1500000.0,part_time,2024-03-01 01:56:00
BGT07323,USR041,INC09007,3150000.0,2200000.0,1350000.0,6700000.0,5350000.0,salary,2023-10-15 02:47:00
BGT02457,USR050,INC09702,3250000.0,1950000.0,1450000.0,6650000.0,5200000.0,business,2023-12-24 15:54:00
BGT08424,USR040,INC07612,850000.0,550000.0,400000.0,1800000.0,1400000.0,internship,2024-03-15 07:53:00
BGT01549,USR040,INC08590,700000.0,400000.0,400000.0,1550000.0,1100000.0,part_time,2024-07-26 15:28:00
BGT08012,USR027,INC05917,2500000.0,1600000.0,800000.0,4900000.0,4100000.0,freelance,2024-10-03 07:46:00
BGT04844,USR036,INC05052,1100000.0,550000.0,550000.0,2200000.0,1650000.0,freelance,2024-05-15 01:44:00
BGT03187,USR005,INC01239,750000.0,450000.0,300000.0,1500000.0,1200000.0,part_time,2023-09-19 16:04:00
BGT03936,USR061,INC00498,-2300000.0,1350000.0,600000.0,4250000.0,-950000.0,investment_return,2024-01-21 00:24:00
BGT08487,USR039,INC01952,2000000.0,1200000.0,700000.0,3950000.0,3200000.0,allowance,2024-07-11 15:42:00
BGT08803,USR030,INC03103,1200000.0,750000.0,350000.0,2300000.0,1950000.0,allowance,2023-09-12 02:33:00
BGT03395,USR024,INC00843,1050000.0,550000.0,250000.0,1850000.0,1600000.0,allowance,2024-01-11 16:45:00
BGT05699,USR059,INC02621,2100000.0,1050000.0,900000.0,4050000.0,3150000.0,freelance,2024-10-20 15:54:00
BGT04883,USR066,INC01805,3550000.0,2150000.0,1900000.0,7600000.0,5700000.0,salary,2023-11-10 10:50:00
BGT08276,USR001,INC08701,500000.0,350000.0,300000.0,1150000.0,850000.0,allowance,2023-04-17 12:06:00
BGT01651,USR003,INC06056,1400000.0,800000.0,400000.0,2650000.0,2200000.0,scholarship,2024-02-10 14:03:00
BGT03892,USR071,INC07434,4600000.0,3000000.0,1800000.0,9400000.0,7600000.0,investment_return,2023-06-26 04:29:00
BGT03316,USR017,INC05214,850000.0,500000.0,450000.0,1800000.0,1350000.0,scholarship,2023-02-19 03:58:00
BGT02822,USR069,INC04244,3850000.0,2400000.0,1450000.0,7700000.0,6250000.0,freelance,2024-06-18 04:40:00
BGT03546,USR018,INC09400,1550000.0,800000.0,650000.0,3000000.0,2350000.0,allowance,2023-04-16 13:19:00
BGT03300,USR044,INC01742,1900000.0,1400000.0,900000.0,4200000.0,3300000.0,bonus,2024-06-29 20:26:00
BGT01910,USR045,INC06733,2300000.0,1150000.0,700000.0,4150000.0,3450000.0,salary,2023-10-19 23:23:00
BGT04139,USR006,INC05897,1000000.0,550000.0,450000.0,2050000.0,1550000.0,scholarship,2024-06-17 05:37:00
BGT08017,USR045,INC05831,2300000.0,1150000.0,750000.0,4200000.0,3450000.0,freelance,2024-07-13 13:34:00
BGT09386,USR054,INC00909,2550000.0,1800000.0,1300000.0,5700000.0,4350000.0,freelance,2023-07-10 22:46:00
BGT06438,USR055,INC03347,1350000.0,950000.0,800000.0,3100000.0,2300000.0,salary,2024-08-09 05:47:00
BGT09000,USR052,INC01301,2850000.0,1550000.0,1650000.0,6050000.0,4400000.0,bonus,2024-05-24 16:47:00
BGT05350,USR039,INC05523,2200000.0,1400000.0,1400000.0,5000000.0,3600000.0,allowance,2024-07-14 06:44:00
BGT04396,USR073,INC07885,1800000.0,1200000.0,1000000.0,4050000.0,3000000.0,bonus,2023-08-17 08:01:00
BGT04315,USR071,INC05452,2750000.0,1650000.0,1500000.0,5900000.0,4400000.0,business,2023-05-01 18:53:00
BGT05927,USR005,INC03669,1000000.0,700000.0,550000.0,2250000.0,1700000.0,allowance,2023-02-25 15:18:00
BGT02202,USR026,INC09372,1550000.0,1150000.0,700000.0,3400000.0,2700000.0,internship,2023-09-11 13:30:00
BGT03343,USR025,INC02951,2250000.0,1200000.0,600000.0,4050000.0,3450000.0,part_time,2024-11-11 23:19:00
BGT00579,USR026,INC08391,1200000.0,750000.0,500000.0,2500000.0,1950000.0,freelance,2024-07-25 02:42:00
BGT06597,USR072,INC09123,3750000.0,2650000.0,1400000.0,7850000.0,6400000.0,freelance,2024-11-01 03:35:00
BGT05431,USR035,INC04698,900000.0,600000.0,500000.0,2000000.0,1500000.0,part_time,2024-09-27 06:09:00
BGT01537,USR007,INC04056,750000.0,450000.0,150000.0,1400000.0,1200000.0,allowance,2024-10-10 19:25:00
BGT09763,USR050,INC05524,2600000.0,1600000.0,1400000.0,5600000.0,4200000.0,bonus,2024-04-02 10:59:00
BGT07269,USR070,INC06727,3050000.0,1850000.0,1900000.0,6800000.0,4900000.0,freelance,2024-03-23 16:25:00
BGT03292,USR036,INC01945,2150000.0,1050000.0,750000.0,3950000.0,3200000.0,freelance,2023-01-21 18:26:00
BGT05265,USR067,INC02758,2100000.0,1200000.0,800000.0,4100000.0,3300000.0,freelance,2024-07-17 11:38:00
BGT00955,USR044,INC08898,3900000.0,2150000.0,1150000.0,7200000.0,6050000.0,salary,2023-01-24 02:29:00
BGT02002,USR040,INC06462,2000000.0,1150000.0,1150000.0,4300000.0,3150000.0,freelance,2023-08-19 06:02:00
BGT06964,USR059,INC03420,2450000.0,1450000.0,900000.0,4850000.0,3900000.0,bonus,2024-10-03 19:26:00
BGT06160,USR070,INC03253,4650000.0,2700000.0,2300000.0,9650000.0,7350000.0,salary,2024-04-04 07:02:00
BGT02326,USR034,INC06404,1800000.0,1350000.0,900000.0,4050000.0,3150000.0,internship,2024-12-22 05:27:00
BGT01970,USR050,INC03329,2600000.0,1600000.0,750000.0,4950000.0,4200000.0,bonus,2024-08-03 08:59:00
BGT03090,USR028,INC06158,850000.0,550000.0,450000.0,1850000.0,1400000.0,part_time,2023-05-06 11:06:00
BGT05587,USR044,INC05057,2750000.0,1650000.0,800000.0,5200000.0,4400000.0,business,2024-04-15 14:59:00
BGT00594,USR027,INC03789,1950000.0,1350000.0,700000.0,4000000.0,3300000.0,allowance,2023-07-14 15:18:00
BGT06172,USR058,INC06416,3300000.0,2050000.0,2200000.0,7550000.0,5350000.0,salary,2023-09-22 16:48:00
BGT02554,USR027,INC05750,1750000.0,1050000.0,400000.0,3200000.0,2800000.0,allowance,2023-04-03 00:14:00
BGT05394,USR009,INC06836,-950000.0,650000.0,300000.0,1900000.0,-300000.0,allowance,2024-06-07 14:34:00
BGT09361,USR042,INC05800,3850000.0,2050000.0,950000.0,6850000.0,5900000.0,bonus,2023-03-17 05:18:00
BGT08775,USR032,INC03766,750000.0,400000.0,400000.0,1550000.0,1150000.0,freelance,2023-08-07 02:34:00
BGT07837,USR009,INC08724,600000.0,450000.0,300000.0,1400000.0,1050000.0,scholarship,2024-05-19 17:37:00
BGT03415,USR069,INC05421,3650000.0,2300000.0,1700000.0,7650000.0,5950000.0,freelance,2023-04-07 13:35:00
BGT04852,USR047,INC04144,2900000.0,1950000.0,1300000.0,6150000.0,4850000.0,bonus,2023-10-05 07:15:00
BGT00460,USR061,INC01507,3850000.0,2300000.0,2400000.0,8600000.0,6150000.0,freelance,2024-05-05 01:48:00
BGT09134,USR032,INC02850,2150000.0,1450000.0,1200000.0,4800000.0,3600000.0,freelance,2023-11-29 14:26:00
BGT06826,USR038,INC03916,1250000.0,700000.0,800000.0,2750000.0,1950000.0,internship,2023-12-14 14:37:00
BGT07721,USR037,INC03666,2150000.0,1300000.0,1150000.0,4600000.0,3450000.0,internship,2024-08-02 01:45:00
BGT03885,USR020,INC00228,1000000.0,650000.0,550000.0,2200000.0,1650000.0,allowance,2024-09-23 04:12:00
BGT09434,USR006,INC04567,1000000.0,550000.0,400000.0,1950000.0,1550000.0,part_time,2024-08-05 16:44:00
BGT03341,USR034,INC07582,800000.0,450000.0,250000.0,1550000.0,1250000.0,part_time,2023-08-26 07:17:00
BGT02208,USR059,INC03618,3250000.0,1950000.0,900000.0,6100000.0,5200000.0,business,2023-03-10 06:16:00
BGT04689,USR039,INC07261,900000.0,550000.0,250000.0,1700000.0,1450000.0,part_time,2024-10-14 04:16:00
BGT03613,USR033,INC05958,1650000.0,900000.0,600000.0,3150000.0,2550000.0,internship,2024-07-02 02:10:00
BGT09800,USR028,INC03054,2050000.0,1000000.0,700000.0,3750000.0,3050000.0,part_time,2024-08-13 05:20:00
BGT01381,USR002,INC03371,1350000.0,700000.0,500000.0,2550000.0,2050000.0,allowance,2024-01-30 03:14:00
BGT00469,USR027,INC03778,1850000.0,1100000.0,800000.0,3750000.0,2950000.0,freelance,2023-09-14 18:19:00
BGT05680,USR005,INC03728,1000000.0,600000.0,300000.0,1950000.0,1600000.0,allowance,2023-07-02 17:51:00
BGT05565,USR075,INC01719,3150000.0,2050000.0,1650000.0,6900000.0,5200000.0,business,2024-10-22 15:00:00
BGT00386,USR036,INC02796,1450000.0,1100000.0,650000.0,3200000.0,2550000.0,internship,2024-05-14 12:13:00
BGT09659,USR008,INC08706,1250000.0,850000.0,550000.0,2700000.0,2100000.0,scholarship,2023-02-22 20:45:00
BGT03111,USR069,INC06426,4100000.0,2750000.0,1700000.0,8550000.0,6850000.0,business,2024-02-26 04:08:00
BGT00085,USR024,INC02556,2450000.0,1200000.0,1050000.0,4700000.0,3650000.0,part_time,2024-11-03 12:02:00
BGT06304,USR021,INC00042,2250000.0,1350000.0,450000.0,4050000.0,3600000.0,allowance,2023-11-10 16:06:00
BGT04298,USR075,INC08344,2700000.0,1700000.0,950000.0,5350000.0,4400000.0,business,2023-05-05 03:55:00
BGT06735,USR028,INC03770,1300000.0,700000.0,350000.0,2400000.0,2000000.0,part_time,2024-02-11 21:21:00
BGT06509,USR058,INC01291,2800000.0,1650000.0,1250000.0,5700000.0,4450000.0,business,2024-04-04 16:23:00
BGT01767,USR059,INC07336,2550000.0,1500000.0,1300000.0,5350000.0,4050000.0,business,2024-09-27 03:50:00
BGT09047,USR041,INC00537,2000000.0,1150000.0,850000.0,4050000.0,3150000.0,business,2024-12-07 05:12:00
BGT00368,USR073,INC03291,3000000.0,2200000.0,1450000.0,6650000.0,5200000.0,salary,2024-04-25 13:59:00
BGT01622,USR031,INC09931,1800000.0,1050000.0,900000.0,3750000.0,2850000.0,allowance,2023-07-26 04:31:00
BGT02973,USR068,INC07540,2600000.0,1450000.0,600000.0,4650000.0,4050000.0,bonus,2023-01-10 10:01:00
BGT05287,USR074,INC06789,4900000.0,2450000.0,2050000.0,9400000.0,7350000.0,salary,2024-02-02 07:44:00
BGT02221,USR074,INC08571,2800000.0,1800000.0,1600000.0,6200000.0,4600000.0,bonus,2023-05-16 11:36:00
BGT00160,USR032,INC05935,2500000.0,1350000.0,600000.0,4450000.0,3850000.0,allowance,2024-12-25 09:09:00
BGT00753,USR070,INC02948,3900000.0,2150000.0,2250000.0,8300000.0,6050000.0,business,2024-06-19 00:28:00
BGT02068,USR051,INC07895,3200000.0,1850000.0,900000.0,5950000.0,5050000.0,bonus,2024-05-12 07:25:00
BGT01805,USR013,INC05698,1050000.0,550000.0,500000.0,2100000.0,1600000.0,allowance,2023-09-30 01:07:00
BGT02235,USR044,INC03875,2700000.0,1300000.0,900000.0,4900000.0,4000000.0,freelance,2023-12-09 20:11:00
BGT05481,USR031,INC06700,2000000.0,1300000.0,1300000.0,4600000.0,3300000.0,part_time,2023-03-07 21:17:00
BGT05315,USR054,INC08127,2550000.0,1450000.0,1100000.0,5100000.0,4000000.0,freelance,2024-10-01 14:45:00
BGT07535,USR024,INC07429,2000000.0,1150000.0,950000.0,4100000.0,3150000.0,part_time,2024-11-17 23:01:00
BGT05450,USR061,INC07309,3500000.0,2250000.0,1250000.0,7000000.0,5750000.0,salary,2024-02-03 14:28:00
BGT02248,USR054,INC08425,2250000.0,1400000.0,1000000.0,4650000.0,3650000.0,business,2024-03-08 07:15:00
BGT08643,USR027,INC00376,2050000.0,1100000.0,1000000.0,4150000.0,3150000.0,part_time,2024-07-23 00:48:00
BGT03575,USR032,INC01005,1850000.0,1050000.0,850000.0,3750000.0,2900000.0,internship,2023-11-07 06:31:00
BGT02817,USR071,INC08893,4000000.0,2300000.0,1550000.0,7850000.0,6300000.0,salary,2024-11-19 18:08:00
BGT07061,USR072,INC06641,4100000.0,2600000.0,1650000.0,8350000.0,6700000.0,investment_return,2023-09-19 20:06:00
BGT04677,USR002,INC00003,550000.0,400000.0,300000.0,1250000.0,950000.0,scholarship,2024-08-03 00:33:00
BGT06290,USR054,INC08761,3000000.0,2000000.0,900000.0,5900000.0,5000000.0,freelance,2023-11-27 15:21:00
BGT00732,USR015,INC03860,1100000.0,700000.0,450000.0,2250000.0,1800000.0,part_time,2024-02-20 16:00:00
BGT06164,USR024,INC00332,-1600000.0,1200000.0,800000.0,3600000.0,-400000.0,allowance,2023-01-24 21:32:00
BGT09052,USR069,INC06273,4500000.0,3250000.0,2050000.0,9800000.0,7750000.0,freelance,2024-02-29 01:00:00
BGT02844,USR039,INC09356,1300000.0,850000.0,500000.0,2700000.0,2150000.0,internship,2024-02-18 20:45:00
BGT00563,USR023,INC09581,1900000.0,1150000.0,800000.0,3900000.0,3050000.0,internship,2023-03-18 11:47:00
BGT09302,USR021,INC01378,1550000.0,800000.0,650000.0,3000000.0,2350000.0,part_time,2024-10-28 09:07:00
BGT03310,USR072,INC02470,3400000.0,1950000.0,1450000.0,6800000.0,5350000.0,investment_return,2024-03-15 23:53:00
BGT02409,USR042,INC08380,3500000.0,-1900000.0,1700000.0,7100000.0,1600000.0,bonus,2024-12-22 21:52:00
BGT04706,USR073,INC06539,3550000.0,2200000.0,2100000.0,7850000.0,5750000.0,salary,2024-01-26 04:24:00
BGT01044,USR042,INC03044,2100000.0,1250000.0,450000.0,3850000.0,3350000.0,freelance,2024-09-23 05:20:00
BGT05247,USR043,INC05128,3250000.0,1900000.0,750000.0,5900000.0,5150000.0,freelance,2023-01-23 16:41:00
BGT04942,USR072,INC04267,5000000.0,2950000.0,1850000.0,985000000.0,7950000.0,investment_return,2023-01-02 01:30:00
BGT00562,USR008,INC04318,1150000.0,650000.0,650000.0,2450000.0,1800000.0,part_time,2023-08-13 05:02:00
BGT07918,USR053,INC08681,2650000.0,1750000.0,1500000.0,5900000.0,4400000.0,freelance,2024-04-05 06:31:00
BGT04347,USR072,INC08618,2900000.0,2050000.0,1400000.0,6350000.0,4950000.0,investment_return,2023-09-17 11:24:00
BGT02220,USR068,INC04480,2350000.0,1500000.0,1000000.0,4850000.0,3850000.0,freelance,2023-04-20 05:37:00
BGT02244,USR061,INC00037,3650000.0,2150000.0,700000.0,6550000.0,5800000.0,bonus,2023-04-17 00:19:00
BGT02870,USR063,INC06206,5200000.0,2950000.0,1650000.0,9850000.0,8150000.0,investment_return,2023-09-15 10:55:00
BGT05952,USR019,INC04893,550000.0,350000.0,300000.0,1200000.0,900000.0,scholarship,2023-07-22 23:57:00
BGT02197,USR006,INC02436,1400000.0,800000.0,700000.0,2900000.0,2200000.0,scholarship,2023-02-01 18:31:00
BGT09311,USR031,INC06482,1650000.0,1000000.0,850000.0,3500000.0,2650000.0,freelance,2024-11-11 01:28:00
BGT09768,USR041,INC03934,1550000.0,1000000.0,550000.0,3100000.0,2550000.0,bonus,2023-07-16 14:09:00
BGT08461,USR047,INC07742,4100000.0,2150000.0,1200000.0,7450000.0,6250000.0,salary,2023-04-30 21:21:00
BGT05964,USR064,INC07173,2700000.0,1700000.0,1600000.0,6000000.0,4400000.0,salary,2023-02-03 07:05:00
BGT06579,USR050,INC04355,3000000.0,1950000.0,750000.0,5700000.0,4950000.0,freelance,2023-11-14 17:15:00
BGT06725,USR022,INC00038,2050000.0,1150000.0,550000.0,3750000.0,3200000.0,allowance,2024-06-08 15:53:00
BGT01086,USR018,INC00205,600000.0,350000.0,150000.0,1150000.0,950000.0,part_time,2024-02-25 05:38:00
BGT06610,USR057,INC06759,2000000.0,1350000.0,1000000.0,4400000.0,3350000.0,bonus,2024-05-28 19:31:00
BGT06243,USR019,INC08605,1200000.0,750000.0,450000.0,2400000.0,1950000.0,part_time,2023-05-16 20:44:00
BGT03938,USR048,INC04432,4000000.0,2050000.0,1600000.0,7650000.0,6050000.0,bonus,2023-11-30 12:20:00
BGT02005,USR011,INC06350,1100000.0,600000.0,600000.0,2300000.0,1700000.0,allowance,2023-07-10 02:30:00
BGT08402,USR013,INC04632,1600000.0,850000.0,550000.0,3000000.0,2450000.0,part_time,2023-03-10 03:28:00
BGT06686,USR068,INC03182,3750000.0,2400000.0,1550000.0,7700000.0,6150000.0,salary,2024-08-07 00:14:00
BGT09059,USR062,INC08184,4450000.0,2650000.0,1450000.0,8600000.0,7100000.0,bonus,2024-05-31 03:10:00
BGT02652,USR025,INC01368,950000.0,550000.0,600000.0,2100000.0,1500000.0,part_time,2023-07-21 05:14:00
BGT03570,USR064,INC07474,2650000.0,1600000.0,1350000.0,5600000.0,4250000.0,investment_return,2024-10-15 01:40:00
BGT00690,USR017,INC07230,900000.0,600000.0,400000.0,1900000.0,1500000.0,part_time,2023-01-25 20:56:00
BGT01011,USR034,INC00791,1800000.0,1000000.0,500000.0,3300000.0,2800000.0,part_time,2023-07-16 08:55:00
BGT07285,USR008,INC03874,1450000.0,850000.0,550000.0,2850000.0,2300000.0,scholarship,2024-01-24 05:08:00
BGT07697,USR073,INC08731,3600000.0,2400000.0,2200000.0,8200000.0,6000000.0,bonus,2023-11-24 09:52:00
BGT08689,USR070,INC07662,3650000.0,2100000.0,1250000.0,7000000.0,5750000.0,bonus,2024-01-12 08:59:00
BGT07317,USR028,INC02555,1550000.0,950000.0,950000.0,3450000.0,2500000.0,part_time,2023-01-30 09:04:00
BGT03543,USR030,INC04053,1350000.0,850000.0,750000.0,2950000.0,2200000.0,part_time,2024-03-18 20:04:00
BGT04228,USR003,INC04079,1000000.0,650000.0,400000.0,2100000.0,1650000.0,allowance,2023-05-19 17:40:00
BGT05851,USR058,INC04581,2000000.0,1000000.0,600000.0,3600000.0,3000000.0,business,2023-04-02 03:42:00
BGT05793,USR005,INC09794,650000.0,400000.0,300000.0,1350000.0,1050000.0,part_time,2023-07-11 08:43:00
BGT01016,USR035,INC07990,2400000.0,1450000.0,950000.0,4850000.0,3850000.0,part_time,2023-03-20 13:06:00
BGT06821,USR065,INC06967,1800000.0,1250000.0,950000.0,4000000.0,3050000.0,business,2024-01-28 14:00:00
BGT06930,USR018,INC05420,700000.0,450000.0,250000.0,1400000.0,1150000.0,allowance,2024-05-27 11:09:00
BGT07305,USR020,INC01856,550000.0,300000.0,150000.0,1000000.0,850000.0,scholarship,2024-04-07 10:14:00
BGT09091,USR021,INC02308,1550000.0,1000000.0,500000.0,3050000.0,2550000.0,allowance,2023-05-21 14:51:00
BGT08243,USR026,INC02474,1450000.0,900000.0,350000.0,2700000.0,2350000.0,allowance,2024-07-27 03:34:00
BGT05722,USR001,INC07515,1000000.0,550000.0,300000.0,1850000.0,1550000.0,allowance,2023-05-16 12:42:00
BGT05607,USR035,INC06216,2500000.0,1500000.0,700000.0,4700000.0,4000000.0,allowance,2023-02-24 06:52:00
BGT04785,USR029,INC06331,1700000.0,800000.0,550000.0,3050000.0,2500000.0,part_time,2023-04-13 15:55:00
BGT03199,USR071,INC00422,4500000.0,3000000.0,2250000.0,9750000.0,7500000.0,salary,2023-05-18 23:01:00
BGT00534,USR033,INC02874,2350000.0,1250000.0,700000.0,4300000.0,3600000.0,allowance,2023-02-04 18:04:00
BGT09496,USR057,INC06130,3300000.0,2100000.0,1600000.0,7050000.0,5400000.0,bonus,2023-04-04 23:08:00
BGT08638,USR020,INC03930,1350000.0,950000.0,500000.0,2850000.0,2300000.0,part_time,2024-03-03 23:34:00
BGT08512,USR013,INC00514,700000.0,400000.0,400000.0,1500000.0,1100000.0,allowance,2024-11-25 03:55:00
BGT09060,USR008,INC08262,900000.0,550000.0,500000.0,1950000.0,1450000.0,allowance,2024-01-15 12:14:00
BGT00382,USR039,INC03170,2050000.0,1400000.0,900000.0,4400000.0,3450000.0,allowance,2024-07-11 11:50:00
BGT04380,USR001,INC00301,750000.0,400000.0,250000.0,1400000.0,1150000.0,allowance,2023-05-19 10:25:00
BGT02892,USR007,INC02063,1300000.0,-750000.0,350000.0,2400000.0,550000.0,part_time,2023-06-12 05:08:00
BGT04467,USR075,INC04668,2100000.0,1250000.0,900000.0,4250000.0,3350000.0,business,2024-01-28 22:02:00
BGT00713,USR039,INC07046,1600000.0,950000.0,900000.0,3450000.0,2550000.0,internship,2024-07-15 10:59:00
BGT03298,USR032,INC09018,1050000.0,600000.0,250000.0,1950000.0,1650000.0,part_time,2023-01-30 06:39:00
BGT00624,USR057,INC07275,1950000.0,1300000.0,800000.0,4050000.0,3250000.0,business,2024-03-09 13:16:00
BGT07612,USR033,INC01212,1750000.0,950000.0,700000.0,3400000.0,2700000.0,allowance,2023-05-26 01:54:00
BGT07244,USR060,INC09848,3850000.0,2500000.0,950000.0,7300000.0,6350000.0,freelance,2024-06-08 23:03:00
BGT08521,USR019,INC07320,500000.0,300000.0,200000.0,1000000.0,800000.0,scholarship,2024-07-30 09:58:00
BGT01819,USR062,INC04622,3550000.0,2100000.0,1150000.0,6800000.0,5650000.0,salary,2023-05-22 13:16:00
BGT02325,USR009,INC01096,1050000.0,700000.0,550000.0,2300000.0,1750000.0,scholarship,2023-01-14 02:21:00
BGT01763,USR029,INC00600,1450000.0,850000.0,800000.0,3100000.0,2300000.0,allowance,2024-06-13 11:10:00
BGT01557,USR065,INC03871,-2850000.0,1850000.0,900000.0,560000000.0,-1000000.0,bonus,2024-05-18 08:51:00
BGT07449,USR046,INC06138,2800000.0,1700000.0,1000000.0,5500000.0,4500000.0,freelance,2023-08-12 09:13:00
BGT03357,USR043,INC06382,3400000.0,2350000.0,1350000.0,7100000.0,5750000.0,salary,2024-02-13 07:56:00
BGT02879,USR058,INC02847,1600000.0,900000.0,950000.0,3450000.0,2500000.0,freelance,2024-09-09 17:31:00
BGT00456,USR036,INC09952,1400000.0,700000.0,450000.0,2550000.0,2100000.0,part_time,2023-02-22 07:09:00
BGT00012,USR004,INC09739,1000000.0,600000.0,200000.0,1800000.0,1600000.0,scholarship,2023-03-24 11:25:00
BGT07945,USR031,INC00311,1250000.0,800000.0,650000.0,2700000.0,2050000.0,part_time,2024-04-18 14:26:00
BGT04672,USR041,INC04621,3350000.0,1900000.0,1850000.0,7100000.0,5250000.0,bonus,2024-08-24 18:10:00
BGT00646,USR060,INC04422,2900000.0,1800000.0,700000.0,5400000.0,4700000.0,business,2024-06-21 17:52:00
BGT01106,USR057,INC05538,3300000.0,1850000.0,1200000.0,6350000.0,5150000.0,freelance,2023-01-10 04:09:00
BGT01055,USR066,INC06550,2900000.0,1700000.0,750000.0,5350000.0,4600000.0,bonus,2024-10-20 05:03:00
BGT04919,USR006,INC03803,1050000.0,600000.0,450000.0,2150000.0,1650000.0,allowance,2023-10-12 10:31:00
BGT04231,USR042,INC04229,2900000.0,1900000.0,1600000.0,6400000.0,4800000.0,salary,2024-10-15 18:32:00
BGT04247,USR008,INC09024,600000.0,300000.0,250000.0,1150000.0,900000.0,allowance,2023-03-21 04:07:00
BGT08145,USR052,INC01414,3200000.0,1950000.0,1100000.0,6250000.0,5150000.0,freelance,2023-06-23 13:01:00
BGT08227,USR047,INC00906,2000000.0,1200000.0,800000.0,4000000.0,3200000.0,bonus,2024-08-31 08:40:00
BGT00618,USR061,INC04170,3750000.0,2250000.0,2000000.0,8000000.0,6000000.0,investment_return,2024-10-18 00:33:00
BGT06470,USR040,INC00928,1300000.0,900000.0,500000.0,2750000.0,2200000.0,freelance,2024-05-23 09:49:00
BGT05657,USR001,INC06003,700000.0,450000.0,250000.0,1400000.0,1150000.0,allowance,2024-05-08 15:03:00
BGT06716,USR029,INC00688,900000.0,550000.0,500000.0,1950000.0,1450000.0,allowance,2023-12-04 03:17:00
BGT04084,USR032,INC03030,1900000.0,1150000.0,950000.0,4000000.0,3050000.0,allowance,2023-12-15 18:43:00
BGT07665,USR003,INC06407,1150000.0,650000.0,550000.0,2350000.0,1800000.0,allowance,2023-12-13 01:21:00
BGT02703,USR001,INC06993,650000.0,500000.0,300000.0,1450000.0,1150000.0,part_time,2023-11-23 22:48:00
BGT08016,USR047,INC08199,1400000.0,850000.0,850000.0,3100000.0,2250000.0,salary,2023-07-16 06:11:00
BGT09577,USR017,INC09595,750000.0,450000.0,250000.0,1500000.0,1200000.0,scholarship,2023-03-24 16:54:00
BGT02460,USR036,INC01785,1800000.0,1050000.0,850000.0,3700000.0,2850000.0,part_time,2024-04-18 13:44:00
BGT02106,USR013,INC01981,800000.0,500000.0,400000.0,1700000.0,1300000.0,allowance,2024-08-01 16:34:00
BGT03462,USR048,INC09630,3500000.0,1850000.0,1700000.0,7050000.0,5350000.0,salary,2023-10-15 22:14:00
BGT01964,USR043,INC09718,2400000.0,1300000.0,950000.0,4650000.0,3700000.0,bonus,2023-10-01 18:50:00
BGT04271,USR025,INC01042,1150000.0,700000.0,700000.0,2550000.0,1850000.0,allowance,2023-06-22 07:17:00
BGT09770,USR021,INC04507,1250000.0,800000.0,400000.0,2450000.0,2050000.0,internship,2023-12-13 09:27:00
BGT08325,USR053,INC01185,3750000.0,2050000.0,1700000.0,7500000.0,5800000.0,freelance,2023-04-25 17:03:00
BGT09426,USR048,INC04708,3800000.0,2300000.0,1350000.0,7450000.0,6100000.0,business,2023-02-05 11:58:00
BGT02718,USR058,INC09195,2650000.0,1850000.0,1400000.0,5900000.0,4500000.0,business,2023-08-29 15:26:00
BGT05339,USR060,INC03445,3500000.0,1900000.0,1900000.0,7300000.0,5400000.0,business,2023-08-16 07:19:00
BGT03457,USR046,INC02280,3500000.0,1800000.0,1100000.0,6400000.0,5300000.0,bonus,2024-10-22 10:03:00
BGT07499,USR022,INC07943,2100000.0,1200000.0,900000.0,4200000.0,3300000.0,freelance,2024-12-15 17:54:00
BGT05874,USR004,INC09279,1300000.0,800000.0,700000.0,2800000.0,2100000.0,allowance,2024-09-21 08:24:00
BGT07075,USR024,INC02401,1750000.0,1050000.0,800000.0,3600000.0,2800000.0,part_time,2023-08-07 19:31:00
BGT02644,USR019,INC08794,1000000.0,650000.0,250000.0,1900000.0,1650000.0,part_time,2024-01-04 02:09:00
BGT08471,USR023,INC02230,1700000.0,950000.0,800000.0,3450000.0,2650000.0,allowance,2024-11-01 19:44:00
BGT01369,USR059,INC09768,2900000.0,1550000.0,1300000.0,5750000.0,4450000.0,salary,2023-02-05 15:53:00
BGT01134,USR001,INC03702,900000.0,550000.0,250000.0,1700000.0,1450000.0,allowance,2023-09-20 06:04:00
BGT06126,USR074,INC01236,2900000.0,1750000.0,700000.0,5350000.0,4650000.0,investment_return,2024-07-04 22:32:00
BGT07514,USR031,INC06132,2000000.0,1200000.0,1100000.0,4300000.0,3200000.0,allowance,2023-06-02 09:10:00
BGT01905,USR004,INC07755,700000.0,350000.0,200000.0,1300000.0,1050000.0,allowance,2024-09-09 15:39:00
BGT03817,USR045,INC08036,3150000.0,2050000.0,1450000.0,6650000.0,5200000.0,salary,2023-10-15 18:33:00
BGT02737,USR009,INC02918,1050000.0,700000.0,550000.0,2300000.0,1750000.0,allowance,2024-06-27 05:31:00
BGT02178,USR061,INC09094,4400000.0,2600000.0,2600000.0,9600000.0,7000000.0,investment_return,2024-08-20 13:35:00
BGT09811,USR031,INC04753,2000000.0,1400000.0,1100000.0,4500000.0,3400000.0,freelance,2024-07-01 07:11:00
BGT02392,USR017,INC04366,1000000.0,600000.0,350000.0,1950000.0,1600000.0,allowance,2024-03-13 04:17:00
BGT06839,USR057,INC04031,1950000.0,1050000.0,800000.0,3800000.0,3000000.0,salary,2023-11-26 16:38:00
BGT06425,USR060,INC03638,2700000.0,1550000.0,850000.0,5100000.0,4250000.0,salary,2023-05-12 02:08:00
BGT03244,USR020,INC05146,800000.0,400000.0,250000.0,1450000.0,1200000.0,allowance,2024-03-23 04:59:00
BGT08675,USR024,INC00602,1400000.0,850000.0,550000.0,2800000.0,2250000.0,part_time,2023-09-10 00:51:00
BGT02691,USR001,INC06694,1400000.0,850000.0,400000.0,2650000.0,2250000.0,part_time,2023-02-02 02:14:00
BGT09168,USR066,INC05967,2750000.0,1550000.0,700000.0,5000000.0,4300000.0,business,2023-11-18 01:04:00
BGT09515,USR021,INC03520,900000.0,450000.0,350000.0,1700000.0,1350000.0,internship,2023-12-28 01:44:00
BGT03751,USR055,INC04138,3150000.0,1800000.0,1750000.0,6750000.0,4950000.0,business,2024-01-23 01:23:00
BGT09916,USR050,INC03779,4250000.0,2600000.0,850000.0,7700000.0,6850000.0,bonus,2024-08-10 10:29:00
BGT04368,USR060,INC04716,2400000.0,1700000.0,1100000.0,5200000.0,4100000.0,bonus,2023-11-13 13:42:00
BGT07710,USR012,INC02993,1200000.0,800000.0,650000.0,2650000.0,2000000.0,part_time,2024-11-13 13:58:00
BGT05359,USR042,INC07212,2600000.0,1600000.0,1300000.0,5500000.0,4200000.0,salary,2024-01-16 10:06:00
BGT01010,USR030,INC02344,1350000.0,700000.0,400000.0,2450000.0,2050000.0,allowance,2023-07-16 09:01:00
BGT00936,USR068,INC01609,2550000.0,1750000.0,1200000.0,5500000.0,4300000.0,freelance,2023-09-26 19:44:00
BGT04753,USR035,INC01125,1900000.0,1100000.0,450000.0,3450000.0,3000000.0,allowance,2023-09-03 18:59:00
BGT05179,USR049,INC01250,3450000.0,2350000.0,1550000.0,7350000.0,5800000.0,salary,2023-11-16 01:42:00
BGT05016,USR060,INC00825,3350000.0,2200000.0,1550000.0,7150000.0,5550000.0,salary,2023-12-05 19:53:00
BGT08344,USR020,INC06066,900000.0,500000.0,300000.0,1700000.0,1400000.0,part_time,2023-05-23 15:50:00
BGT06202,USR022,INC03335,750000.0,500000.0,350000.0,1600000.0,1250000.0,part_time,2024-01-24 21:50:00
BGT02072,USR013,INC09039,1150000.0,700000.0,400000.0,2250000.0,1850000.0,part_time,2024-02-05 01:04:00
BGT00337,USR019,INC06210,850000.0,550000.0,400000.0,1800000.0,1400000.0,scholarship,2024-07-31 00:14:00
BGT08864,USR044,INC08653,1950000.0,1200000.0,700000.0,385000000.0,3150000.0,freelance,2024-12-03 05:43:00
BGT00181,USR021,INC04105,1650000.0,1100000.0,800000.0,3550000.0,2750000.0,freelance,2023-11-18 06:23:00
BGT09145,USR014,INC09478,1050000.0,550000.0,500000.0,2100000.0,1600000.0,scholarship,2024-05-21 02:13:00
BGT02962,USR039,INC09079,900000.0,550000.0,350000.0,1800000.0,1450000.0,internship,2024-02-16 02:27:00
BGT03710,USR008,INC08125,1150000.0,700000.0,600000.0,2450000.0,1850000.0,part_time,2024-05-28 06:53:00
BGT04955,USR023,INC01722,950000.0,500000.0,350000.0,1800000.0,1450000.0,internship,2024-12-09 13:48:00
BGT00490,USR074,INC05780,3300000.0,1900000.0,800000.0,6000000.0,5200000.0,bonus,2023-07-24 00:20:00
BGT02937,USR001,INC09488,950000.0,600000.0,250000.0,1800000.0,1550000.0,scholarship,2024-03-27 04:09:00
BGT05944,USR027,INC08882,1300000.0,800000.0,250000.0,2350000.0,2100000.0,freelance,2023-11-24 07:50:00
BGT02616,USR043,INC09961,1900000.0,1200000.0,550000.0,3650000.0,3100000.0,salary,2024-05-10 03:56:00
BGT07461,USR049,INC04925,4250000.0,2250000.0,1050000.0,7550000.0,6500000.0,freelance,2023-12-09 06:10:00
BGT08168,USR060,INC05543,3650000.0,1950000.0,1300000.0,6900000.0,5600000.0,salary,2024-08-07 06:24:00
BGT09541,USR050,INC00128,1750000.0,850000.0,700000.0,3300000.0,2600000.0,freelance,2024-02-24 09:33:00
BGT07512,USR072,INC01806,5050000.0,2650000.0,1800000.0,9550000.0,7700000.0,investment_return,2023-09-28 17:19:00
BGT01347,USR049,INC06829,3450000.0,1950000.0,1600000.0,7000000.0,5400000.0,freelance,2024-02-24 01:53:00
BGT09270,USR064,INC02869,4900000.0,2350000.0,1800000.0,9100000.0,7250000.0,investment_return,2024-06-09 01:06:00
BGT02451,USR029,INC01870,2000000.0,1100000.0,500000.0,3600000.0,3100000.0,internship,2023-03-21 13:00:00
BGT08201,USR047,INC06409,2150000.0,1250000.0,1050000.0,4450000.0,3400000.0,bonus,2024-05-30 03:12:00
BGT04861,USR050,INC06930,2800000.0,1650000.0,1250000.0,5700000.0,4450000.0,freelance,2024-06-08 00:47:00
BGT05414,USR003,INC02463,950000.0,650000.0,600000.0,2200000.0,1600000.0,allowance,2024-06-20 04:00:00
BGT06816,USR074,INC09287,3450000.0,2400000.0,1200000.0,7050000.0,5850000.0,investment_return,2024-03-29 17:55:00
BGT05209,USR027,INC03752,2700000.0,1450000.0,650000.0,4800000.0,4150000.0,allowance,2024-10-27 22:00:00
BGT03503,USR062,INC02542,2350000.0,1150000.0,750000.0,4250000.0,3500000.0,business,2024-02-27 16:54:00
BGT02210,USR030,INC07343,1850000.0,1200000.0,1050000.0,4100000.0,3050000.0,internship,2024-09-18 19:56:00
BGT01208,USR024,INC09749,2300000.0,1400000.0,700000.0,4400000.0,3700000.0,allowance,2024-06-30 20:22:00
BGT07843,USR057,INC09009,-2900000.0,1800000.0,1550000.0,6250000.0,-1100000.0,business,2023-12-17 03:43:00
BGT00899,USR062,INC02877,2850000.0,2100000.0,1250000.0,6200000.0,4950000.0,business,2024-11-17 13:39:00
BGT08186,USR058,INC03736,3100000.0,1550000.0,1000000.0,5650000.0,4650000.0,business,2024-05-13 04:56:00
BGT06489,USR069,INC06096,5300000.0,2700000.0,2000000.0,10000000.0,8000000.0,salary,2023-08-22 03:27:00
BGT08114,USR051,INC01532,3150000.0,1800000.0,850000.0,5800000.0,4950000.0,salary,2024-02-01 17:39:00
BGT04736,USR009,INC00407,700000.0,450000.0,150000.0,1300000.0,1150000.0,scholarship,2023-04-23 14:46:00
BGT09394,USR021,INC04233,750000.0,500000.0,400000.0,1650000.0,1250000.0,part_time,2024-10-13 04:08:00
BGT07908,USR038,INC09315,1200000.0,700000.0,300000.0,2200000.0,1900000.0,freelance,2023-01-07 05:17:00
BGT07664,USR009,INC08801,800000.0,500000.0,250000.0,1550000.0,1300000.0,allowance,2024-05-17 23:30:00
BGT06818,USR028,INC09189,1450000.0,1050000.0,650000.0,3150000.0,2500000.0,internship,2023-10-01 01:03:00
BGT01177,USR050,INC08416,2900000.0,1700000.0,850000.0,5450000.0,4600000.0,salary,2024-11-27 12:26:00
BGT02423,USR044,INC06657,3200000.0,2150000.0,1000000.0,6350000.0,5350000.0,freelance,2023-04-23 12:10:00
BGT00837,USR061,INC06161,4250000.0,2950000.0,1500000.0,8700000.0,7200000.0,investment_return,2024-10-01 22:11:00
BGT04394,USR042,INC09368,3350000.0,1950000.0,1250000.0,6550000.0,5300000.0,freelance,2024-09-23 16:44:00
BGT07729,USR016,INC09999,950000.0,650000.0,300000.0,1900000.0,1600000.0,allowance,2023-08-10 00:03:00
BGT04506,USR030,INC03793,1250000.0,950000.0,650000.0,2850000.0,2200000.0,allowance,2024-10-04 20:05:00
BGT03678,USR004,INC09473,750000.0,400000.0,250000.0,1400000.0,1150000.0,part_time,2024-10-21 18:12:00
BGT02154,USR043,INC05687,3000000.0,1700000.0,1400000.0,6150000.0,4700000.0,bonus,2024-11-16 20:59:00
BGT02662,USR015,INC08027,1450000.0,800000.0,450000.0,2700000.0,2250000.0,scholarship,2023-11-29 13:52:00
BGT07092,USR025,INC00030,1300000.0,750000.0,500000.0,2550000.0,2050000.0,internship,2023-12-31 18:49:00
BGT04987,USR037,INC01165,2200000.0,1450000.0,1200000.0,4850000.0,3650000.0,part_time,2024-03-22 05:10:00
BGT00911,USR044,INC06243,3800000.0,2000000.0,950000.0,6750000.0,5800000.0,salary,2023-11-01 19:01:00
BGT03144,USR059,INC07260,2200000.0,1300000.0,900000.0,4400000.0,3500000.0,freelance,2023-04-05 15:07:00
BGT03895,USR026,INC09403,1850000.0,1350000.0,950000.0,4150000.0,3200000.0,freelance,2023-02-02 14:04:00
BGT00240,USR044,INC02030,2700000.0,1950000.0,1400000.0,6050000.0,4650000.0,bonus,2023-07-30 22:05:00
BGT01386,USR055,INC08381,3500000.0,1850000.0,1500000.0,6900000.0,5350000.0,bonus,2024-02-18 17:54:00
BGT03670,USR037,INC07281,1000000.0,500000.0,400000.0,1900000.0,1500000.0,allowance,2023-07-15 00:40:00
BGT01398,USR048,INC04703,1750000.0,1000000.0,550000.0,3300000.0,2750000.0,bonus,2023-08-21 18:16:00
BGT05984,USR010,INC07641,600000.0,350000.0,250000.0,1200000.0,950000.0,part_time,2024-11-14 05:20:00
BGT06765,USR001,INC05957,1150000.0,850000.0,500000.0,2550000.0,2000000.0,part_time,2024-12-05 00:18:00
BGT07957,USR016,INC07067,500000.0,350000.0,250000.0,1100000.0,850000.0,scholarship,2024-02-05 14:06:00
BGT02641,USR015,INC03244,600000.0,400000.0,300000.0,1300000.0,1000000.0,part_time,2023-08-16 11:13:00
BGT09699,USR004,INC05197,1400000.0,850000.0,550000.0,2800000.0,2250000.0,part_time,2023-11-19 01:31:00
BGT04963,USR023,INC01162,2250000.0,1550000.0,1050000.0,4850000.0,3800000.0,internship,2024-12-22 09:52:00
BGT06261,USR048,INC01017,2400000.0,1350000.0,900000.0,4650000.0,3750000.0,freelance,2024-05-10 22:45:00
BGT06926,USR008,INC07620,700000.0,450000.0,350000.0,1500000.0,1150000.0,part_time,2023-11-24 20:28:00
BGT02657,USR004,INC03559,850000.0,450000.0,200000.0,1500000.0,1300000.0,scholarship,2024-10-11 21:09:00
BGT08207,USR019,INC02651,800000.0,450000.0,350000.0,1600000.0,1250000.0,part_time,2023-11-19 19:11:00
BGT07504,USR024,INC06695,2650000.0,1600000.0,650000.0,4900000.0,4250000.0,freelance,2024-12-15 17:28:00
BGT03470,USR061,INC01249,3450000.0,2250000.0,2100000.0,7800000.0,5700000.0,salary,2023-07-17 07:32:00
BGT08794,USR045,INC07714,1500000.0,850000.0,650000.0,3000000.0,2350000.0,business,2023-07-23 14:31:00
BGT07371,USR030,INC05019,1700000.0,1000000.0,450000.0,3150000.0,2700000.0,allowance,2023-08-30 16:41:00
BGT00090,USR016,INC04631,1150000.0,700000.0,350000.0,2200000.0,1850000.0,allowance,2024-03-13 19:21:00
BGT08011,USR071,INC01111,2700000.0,1550000.0,650000.0,4900000.0,4250000.0,freelance,2024-11-27 01:51:00
BGT04354,USR067,INC06399,4400000.0,2450000.0,1950000.0,8800000.0,6850000.0,freelance,2023-07-01 19:24:00
BGT01975,USR047,INC09968,2050000.0,1300000.0,450000.0,3800000.0,3350000.0,salary,2024-11-17 14:00:00
BGT07212,USR061,INC01926,2650000.0,1800000.0,1100000.0,5550000.0,4450000.0,freelance,2023-08-24 08:27:00
BGT03808,USR001,INC02771,500000.0,300000.0,200000.0,1000000.0,800000.0,allowance,2024-07-13 15:05:00
BGT05529,USR016,INC02464,700000.0,400000.0,250000.0,1350000.0,1100000.0,scholarship,2024-10-31 15:09:00
BGT00079,USR063,INC00336,3800000.0,2150000.0,1400000.0,7350000.0,5950000.0,bonus,2023-03-14 13:15:00
BGT02410,USR026,INC05099,900000.0,650000.0,450000.0,2000000.0,1550000.0,internship,2024-03-31 06:40:00
BGT08632,USR001,INC04021,750000.0,450000.0,300000.0,1500000.0,1200000.0,scholarship,2023-07-22 17:27:00
BGT03192,USR051,INC07773,2150000.0,1150000.0,1100000.0,4400000.0,3300000.0,bonus,2024-04-15 09:39:00
BGT05232,USR028,INC01233,2050000.0,1400000.0,800000.0,4300000.0,3450000.0,freelance,2023-02-03 11:18:00
BGT09402,USR038,INC07382,1200000.0,800000.0,650000.0,2650000.0,2000000.0,part_time,2023-04-10 01:37:00
BGT00759,USR068,INC01133,2250000.0,1250000.0,750000.0,4250000.0,3500000.0,investment_return,2023-11-04 01:56:00
BGT08144,USR041,INC00312,2550000.0,1500000.0,800000.0,4850000.0,4050000.0,business,2024-02-08 15:39:00
BGT03260,USR071,INC07704,3250000.0,2100000.0,1150000.0,6500000.0,5350000.0,bonus,2023-05-30 03:06:00
BGT02700,USR062,INC09202,3400000.0,2050000.0,750000.0,6200000.0,5450000.0,freelance,2023-09-01 12:09:00
BGT02943,USR017,INC03286,950000.0,550000.0,350000.0,1850000.0,1500000.0,part_time,2024-01-06 21:20:00
BGT05082,USR071,INC04739,4300000.0,2450000.0,1700000.0,8450000.0,6750000.0,investment_return,2023-06-03 04:25:00
BGT08813,USR053,INC09033,2700000.0,1550000.0,650000.0,4900000.0,4250000.0,business,2023-07-12 02:13:00
BGT00913,USR060,INC06768,3700000.0,2250000.0,800000.0,6750000.0,5950000.0,freelance,2024-02-22 01:36:00
BGT08672,USR017,INC05227,650000.0,400000.0,350000.0,1400000.0,1050000.0,allowance,2023-11-02 16:34:00
BGT00436,USR070,INC03582,3600000.0,2100000.0,1600000.0,7300000.0,5700000.0,investment_return,2024-09-01 15:25:00
BGT06451,USR065,INC06131,2150000.0,1400000.0,750000.0,4300000.0,3550000.0,bonus,2023-05-10 07:42:00
BGT04274,USR039,INC04596,1300000.0,750000.0,700000.0,2750000.0,2050000.0,part_time,2023-11-10 01:13:00
BGT08968,USR043,INC06974,3050000.0,1800000.0,1800000.0,6650000.0,4850000.0,salary,2024-02-06 03:59:00
BGT00316,USR075,INC04190,2950000.0,1850000.0,650000.0,5450000.0,4800000.0,bonus,2024-08-15 03:45:00
BGT05145,USR030,INC07175,950000.0,650000.0,300000.0,1900000.0,1600000.0,internship,2023-08-03 05:47:00
BGT08709,USR039,INC05091,1250000.0,700000.0,400000.0,2350000.0,1950000.0,allowance,2023-03-08 03:22:00
BGT07376,USR023,INC06883,1700000.0,1050000.0,400000.0,3150000.0,2750000.0,part_time,2024-10-08 04:57:00
BGT07723,USR020,INC00350,1200000.0,650000.0,600000.0,2450000.0,1850000.0,allowance,2024-06-03 09:40:00
BGT07362,USR051,INC00678,2750000.0,2000000.0,1250000.0,6000000.0,4750000.0,bonus,2024-03-29 18:42:00
BGT08133,USR023,INC02985,2100000.0,1500000.0,950000.0,4550000.0,3600000.0,freelance,2023-12-20 00:26:00
BGT00648,USR049,INC06005,3450000.0,2050000.0,2050000.0,7550000.0,5500000.0,bonus,2023-05-27 18:54:00
BGT02417,USR051,INC04763,1900000.0,1200000.0,650000.0,3750000.0,3100000.0,freelance,2023-10-10 20:03:00
BGT05624,USR031,INC09157,1300000.0,800000.0,400000.0,2500000.0,2100000.0,internship,2023-08-28 18:29:00
BGT08622,USR043,INC01925,2650000.0,1400000.0,1150000.0,5200000.0,4050000.0,business,2023-05-20 22:20:00
BGT05277,USR050,INC06789,2450000.0,1550000.0,700000.0,4700000.0,4000000.0,business,2023-09-05 17:31:00
BGT05171,USR003,INC08287,1200000.0,700000.0,600000.0,2500000.0,1900000.0,part_time,2023-05-10 09:10:00
BGT09614,USR003,INC06606,1150000.0,750000.0,400000.0,2300000.0,1900000.0,part_time,2024-07-25 11:02:00
BGT09820,USR056,INC04413,2050000.0,1500000.0,850000.0,4400000.0,3550000.0,freelance,2024-09-26 10:18:00
BGT02977,USR030,INC00120,1950000.0,1200000.0,1150000.0,4300000.0,3150000.0,freelance,2023-06-24 04:53:00
BGT02906,USR054,INC05819,1800000.0,1100000.0,950000.0,3850000.0,2900000.0,bonus,2023-07-31 02:53:00
BGT06083,USR003,INC06318,500000.0,300000.0,200000.0,1000000.0,800000.0,allowance,2023-09-07 15:40:00
BGT08469,USR028,INC03969,1600000.0,750000.0,550000.0,2950000.0,2350000.0,internship,2023-07-26 09:04:00
BGT08213,USR062,INC01230,2750000.0,1500000.0,1500000.0,5750000.0,4250000.0,freelance,2023-06-01 17:22:00
BGT06108,USR075,INC06922,4600000.0,3000000.0,1800000.0,9400000.0,7600000.0,business,2023-02-11 15:58:00
BGT07967,USR070,INC07113,2500000.0,1450000.0,1000000.0,4950000.0,3950000.0,freelance,2023-09-25 22:22:00
BGT05433,USR039,INC01231,1600000.0,1150000.0,850000.0,3600000.0,2750000.0,internship,2023-03-24 10:08:00
BGT09408,USR003,INC06356,700000.0,400000.0,400000.0,1500000.0,1100000.0,allowance,2024-09-06 08:49:00
BGT00014,USR003,INC03207,1200000.0,750000.0,350000.0,2300000.0,1950000.0,scholarship,2024-11-03 00:08:00
BGT06614,USR018,INC00826,1550000.0,950000.0,400000.0,2950000.0,2500000.0,allowance,2024-02-01 03:48:00
BGT06677,USR004,INC09753,1200000.0,800000.0,300000.0,2300000.0,2000000.0,part_time,2023-03-29 19:28:00
BGT05933,USR006,INC03082,1250000.0,600000.0,450000.0,2300000.0,1850000.0,scholarship,2024-01-16 05:49:00
BGT05493,USR010,INC01080,700000.0,450000.0,300000.0,1450000.0,1150000.0,scholarship,2023-04-14 19:14:00
BGT00822,USR041,INC03661,3350000.0,2050000.0,1450000.0,6850000.0,5400000.0,freelance,2024-05-07 14:20:00
BGT02112,USR051,INC01833,1900000.0,1150000.0,500000.0,3550000.0,3050000.0,salary,2023-06-03 08:18:00
BGT01196,USR026,INC02681,1800000.0,1400000.0,900000.0,4100000.0,3200000.0,freelance,2023-03-29 22:10:00
BGT06520,USR017,INC00365,1150000.0,800000.0,550000.0,2550000.0,1950000.0,scholarship,2024-01-09 07:06:00
BGT00637,USR038,INC00472,2750000.0,1600000.0,650000.0,5000000.0,4350000.0,freelance,2023-06-07 01:18:00
BGT03784,USR061,INC05487,3700000.0,2300000.0,1700000.0,7700000.0,6000000.0,investment_return,2024-07-15 21:35:00
BGT08068,USR028,INC03065,1150000.0,750000.0,650000.0,2550000.0,1900000.0,internship,2023-09-15 10:15:00
BGT06496,USR029,INC08386,1300000.0,850000.0,500000.0,2650000.0,2150000.0,allowance,2024-03-01 21:57:00
BGT01709,USR052,INC07278,2100000.0,1300000.0,1050000.0,4450000.0,3400000.0,business,2023-04-17 13:06:00
BGT09464,USR074,INC08420,2500000.0,1450000.0,750000.0,4750000.0,3950000.0,investment_return,2023-02-07 01:23:00
BGT06795,USR036,INC01546,1300000.0,800000.0,250000.0,2350000.0,2100000.0,internship,2023-12-10 06:17:00
BGT00395,USR062,INC06817,4300000.0,2700000.0,1950000.0,8950000.0,7000000.0,bonus,2023-03-18 12:53:00
BGT00626,USR054,INC00530,2450000.0,1550000.0,1300000.0,5300000.0,4000000.0,salary,2024-06-25 22:44:00
BGT07153,USR045,INC05495,3700000.0,2500000.0,1550000.0,7750000.0,6200000.0,business,2023-12-08 02:06:00
BGT05584,USR056,INC09476,3900000.0,2100000.0,1800000.0,7800000.0,6000000.0,bonus,2024-02-21 21:31:00
BGT05939,USR013,INC08573,800000.0,500000.0,250000.0,1600000.0,1300000.0,scholarship,2023-04-30 11:29:00
BGT09238,USR062,INC08002,2050000.0,1250000.0,1300000.0,4600000.0,3300000.0,freelance,2023-06-22 23:55:00
BGT00991,USR058,INC05424,3350000.0,2100000.0,2000000.0,7450000.0,5450000.0,freelance,2024-08-18 14:07:00
BGT02455,USR015,INC00071,700000.0,400000.0,150000.0,1250000.0,1100000.0,scholarship,2024-01-12 08:03:00
BGT05314,USR029,INC02888,2550000.0,1450000.0,650000.0,4650000.0,4000000.0,freelance,2024-03-30 03:24:00
BGT01674,USR014,INC03910,600000.0,400000.0,200000.0,1200000.0,1000000.0,scholarship,2024-07-02 17:31:00
BGT00856,USR012,INC06769,750000.0,400000.0,350000.0,1500000.0,1150000.0,allowance,2024-10-12 06:03:00
BGT06170,USR011,INC07861,750000.0,450000.0,400000.0,1600000.0,1200000.0,scholarship,2023-02-28 16:32:00
BGT02191,USR016,INC04991,500000.0,300000.0,250000.0,1050000.0,800000.0,scholarship,2024-02-28 03:03:00
BGT08685,USR048,INC09789,3100000.0,1850000.0,1250000.0,6200000.0,4950000.0,bonus,2023-03-23 00:10:00
BGT06309,USR008,INC09857,1100000.0,600000.0,350000.0,2050000.0,1700000.0,scholarship,2023-08-11 17:24:00
BGT04023,USR026,INC06837,-1850000.0,1100000.0,450000.0,3400000.0,-750000.0,freelance,2023-07-20 14:41:00
BGT01339,USR043,INC03094,3550000.0,2550000.0,1600000.0,7700000.0,6100000.0,freelance,2023-09-04 04:24:00
BGT00867,USR011,INC09502,950000.0,550000.0,350000.0,1850000.0,1500000.0,allowance,2023-01-22 18:18:00
BGT04101,USR018,INC03604,700000.0,400000.0,450000.0,1550000.0,1100000.0,allowance,2023-05-03 18:14:00
BGT00726,USR038,INC01647,1100000.0,650000.0,700000.0,2450000.0,1750000.0,part_time,2023-05-23 19:43:00
BGT01389,USR065,INC06153,2750000.0,1550000.0,800000.0,5100000.0,4300000.0,freelance,2024-11-13 17:55:00
BGT09372,USR002,INC01289,1350000.0,850000.0,400000.0,2600000.0,2200000.0,scholarship,2023-05-01 14:29:00
BGT02264,USR011,INC09319,900000.0,500000.0,300000.0,1700000.0,1400000.0,part_time,2023-01-18 13:30:00
BGT00877,USR038,INC09482,1500000.0,950000.0,700000.0,3150000.0,2450000.0,freelance,2024-04-10 23:56:00
BGT01461,USR075,INC08296,4050000.0,2400000.0,1850000.0,8300000.0,6450000.0,investment_return,2024-03-07 14:28:00
BGT07327,USR020,INC00236,1250000.0,700000.0,500000.0,2450000.0,1950000.0,allowance,2024-07-18 04:44:00
BGT09036,USR028,INC05249,1150000.0,650000.0,550000.0,2350000.0,1800000.0,allowance,2023-02-28 00:35:00
BGT00927,USR009,INC03366,850000.0,450000.0,300000.0,1600000.0,1300000.0,allowance,2023-01-09 20:20:00
BGT03478,USR041,INC09369,3350000.0,2150000.0,950000.0,6450000.0,5500000.0,salary,2024-01-02 22:52:00
BGT00621,USR055,INC08090,2450000.0,1400000.0,1300000.0,5150000.0,3850000.0,freelance,2023-06-03 20:10:00
BGT08719,USR033,INC08767,1550000.0,950000.0,900000.0,3400000.0,2500000.0,internship,2023-08-29 23:01:00
BGT07101,USR034,INC02667,1900000.0,1150000.0,800000.0,3900000.0,3050000.0,internship,2023-10-13 00:11:00
BGT03366,USR020,INC08193,1450000.0,850000.0,700000.0,3000000.0,2300000.0,scholarship,2024-05-05 00:56:00
BGT01364,USR033,INC08360,1100000.0,550000.0,350000.0,2000000.0,1650000.0,allowance,2023-12-01 00:07:00
BGT08807,USR003,INC07855,600000.0,350000.0,150000.0,1100000.0,950000.0,scholarship,2024-03-27 07:21:00
BGT05480,USR020,INC08062,1350000.0,800000.0,300000.0,2450000.0,2150000.0,allowance,2023-10-12 20:02:00
BGT04846,USR026,INC08005,1900000.0,1100000.0,550000.0,3550000.0,3000000.0,allowance,2024-12-25 09:33:00
BGT04165,USR072,INC07497,2100000.0,1300000.0,650000.0,4050000.0,3400000.0,salary,2024-01-20 01:25:00
BGT01687,USR012,INC06811,1400000.0,800000.0,700000.0,2900000.0,2200000.0,scholarship,2024-12-21 15:40:00
BGT06667,USR047,INC01267,2850000.0,1750000.0,700000.0,5300000.0,4600000.0,freelance,2024-05-02 08:44:00
BGT05622,USR025,INC03069,950000.0,550000.0,450000.0,1950000.0,1500000.0,allowance,2024-09-27 22:22:00
BGT02145,USR022,INC02736,1950000.0,1250000.0,850000.0,4100000.0,3200000.0,allowance,2024-09-26 21:12:00
BGT07790,USR072,INC01411,4700000.0,2550000.0,2150000.0,9450000.0,7250000.0,salary,2024-12-03 21:31:00
BGT00307,USR007,INC07408,1100000.0,550000.0,350000.0,2000000.0,1650000.0,allowance,2023-01-11 06:46:00
BGT04808,USR035,INC01383,2250000.0,1400000.0,650000.0,4300000.0,3650000.0,part_time,2024-02-07 12:11:00
BGT07157,USR029,INC02215,1850000.0,1000000.0,1000000.0,3850000.0,2850000.0,allowance,2024-11-16 21:40:00
BGT05483,USR054,INC08518,3100000.0,1800000.0,1150000.0,6050000.0,4900000.0,bonus,2023-08-25 07:03:00
BGT00515,USR065,INC07549,2950000.0,1750000.0,1350000.0,6050000.0,4700000.0,freelance,2023-10-26 08:15:00
BGT05114,USR028,INC07231,700000.0,450000.0,400000.0,1550000.0,1150000.0,allowance,2023-12-25 22:32:00
BGT00491,USR072,INC07052,2600000.0,1650000.0,650000.0,4900000.0,4250000.0,investment_return,2023-12-17 18:35:00
BGT06766,USR066,INC08396,4550000.0,2400000.0,1950000.0,8900000.0,6950000.0,salary,2023-08-10 21:52:00
BGT04342,USR072,INC09643,2400000.0,1500000.0,1450000.0,5350000.0,3900000.0,salary,2023-06-19 10:36:00
BGT05091,USR020,INC00730,500000.0,300000.0,200000.0,1000000.0,800000.0,part_time,2023-04-19 04:25:00
BGT06240,USR024,INC03992,2050000.0,1500000.0,1100000.0,4650000.0,3550000.0,internship,2024-10-10 11:51:00
BGT07294,USR043,INC02747,2850000.0,2050000.0,1450000.0,6350000.0,4900000.0,salary,2024-09-08 12:07:00
BGT05779,USR068,INC05997,5100000.0,3150000.0,1350000.0,9600000.0,8250000.0,freelance,2023-03-09 11:28:00
BGT06837,USR004,INC06063,1400000.0,700000.0,600000.0,2700000.0,2100000.0,scholarship,2024-03-17 12:18:00
BGT04951,USR011,INC09884,700000.0,450000.0,300000.0,1450000.0,1150000.0,part_time,2023-11-23 06:53:00
BGT06707,USR064,INC06670,3850000.0,2250000.0,2500000.0,8600000.0,6100000.0,freelance,2024-12-30 16:31:00
BGT07110,USR059,INC03425,2100000.0,1050000.0,850000.0,4000000.0,3150000.0,bonus,2023-11-09 12:42:00
BGT03668,USR005,INC06265,1500000.0,850000.0,300000.0,2700000.0,2350000.0,scholarship,2024-12-02 02:06:00
BGT06515,USR060,INC09230,1550000.0,950000.0,900000.0,3400000.0,2500000.0,salary,2024-10-31 01:49:00
BGT09733,USR016,INC08728,1050000.0,650000.0,300000.0,2000000.0,1700000.0,allowance,2024-11-02 22:37:00
BGT08479,USR075,INC00503,3200000.0,1850000.0,1750000.0,6800000.0,5050000.0,investment_return,2023-08-04 05:11:00
BGT07445,USR060,INC00384,3400000.0,2350000.0,1650000.0,7400000.0,5750000.0,business,2023-11-06 17:35:00
BGT08756,USR038,INC09716,1900000.0,1100000.0,650000.0,3700000.0,3000000.0,internship,2023-08-08 00:23:00
BGT04711,USR070,INC00110,2100000.0,1300000.0,1250000.0,4700000.0,3400000.0,bonus,2024-03-31 07:04:00
BGT05457,USR075,INC01905,4050000.0,2200000.0,1100000.0,7400000.0,6250000.0,bonus,2023-04-03 02:51:00
BGT02001,USR067,INC08169,3100000.0,2150000.0,1500000.0,6750000.0,5250000.0,investment_return,2023-08-03 16:08:00
BGT01203,USR048,INC03539,3800000.0,2150000.0,1400000.0,7350000.0,5950000.0,bonus,2024-04-05 10:24:00
BGT01180,USR005,INC04875,1350000.0,800000.0,700000.0,2900000.0,2150000.0,scholarship,2024-09-21 17:22:00
BGT06859,USR030,INC09645,2450000.0,1250000.0,800000.0,4550000.0,3700000.0,freelance,2023-12-05 14:42:00
BGT06460,USR009,INC01664,800000.0,500000.0,400000.0,1700000.0,1300000.0,part_time,2023-07-09 12:55:00
BGT02258,USR047,INC06122,2400000.0,1600000.0,900000.0,4900000.0,4000000.0,salary,2023-01-31 00:00:00
BGT03255,USR032,INC02160,1950000.0,1100000.0,1100000.0,4150000.0,3050000.0,allowance,2024-01-20 18:05:00
BGT08873,USR035,INC00260,1600000.0,1000000.0,450000.0,3050000.0,2600000.0,part_time,2023-12-12 10:52:00
BGT08725,USR035,INC04276,1100000.0,700000.0,450000.0,2250000.0,1800000.0,part_time,2023-05-30 10:18:00
BGT00722,USR031,INC08559,800000.0,450000.0,250000.0,1500000.0,1250000.0,allowance,2023-09-03 06:35:00
BGT00124,USR071,INC05529,4400000.0,2600000.0,2350000.0,9350000.0,7000000.0,freelance,2024-11-23 17:03:00
BGT08395,USR042,INC04241,2300000.0,1450000.0,950000.0,4700000.0,3750000.0,business,2023-05-27 16:22:00
BGT00324,USR035,INC04638,2550000.0,1550000.0,900000.0,5000000.0,4100000.0,freelance,2023-06-30 20:01:00
BGT01275,USR066,INC07916,4550000.0,2600000.0,2150000.0,9300000.0,7150000.0,business,2023-03-30 01:11:00
BGT04764,USR016,INC02750,1150000.0,700000.0,600000.0,2500000.0,1850000.0,part_time,2024-04-11 10:16:00
BGT00148,USR024,INC06515,1650000.0,850000.0,550000.0,3100000.0,2500000.0,part_time,2023-03-13 15:13:00
BGT04850,USR023,INC02319,1750000.0,1250000.0,850000.0,3850000.0,3000000.0,internship,2023-02-27 06:41:00
BGT04911,USR043,INC03568,2150000.0,1500000.0,850000.0,4500000.0,3650000.0,freelance,2024-11-28 13:53:00
BGT02628,USR045,INC09961,2950000.0,1750000.0,950000.0,5650000.0,4700000.0,bonus,2024-04-03 10:07:00
BGT03795,USR030,INC08120,1800000.0,1150000.0,950000.0,3900000.0,2950000.0,freelance,2023-01-16 02:44:00
BGT07647,USR026,INC05063,1050000.0,600000.0,350000.0,2050000.0,1650000.0,part_time,2023-02-10 21:28:00
BGT06428,USR021,INC08877,1450000.0,950000.0,400000.0,2800000.0,2400000.0,allowance,2023-04-12 03:45:00
BGT08780,USR049,INC06947,3050000.0,2300000.0,1600000.0,6950000.0,5350000.0,salary,2023-09-21 08:03:00
BGT01116,USR006,INC03156,1550000.0,850000.0,550000.0,2950000.0,2400000.0,part_time,2024-08-06 16:50:00
BGT08312,USR039,INC04007,1400000.0,850000.0,400000.0,2650000.0,2250000.0,part_time,2024-05-22 14:03:00
BGT05026,USR013,INC04035,1200000.0,600000.0,400000.0,2200000.0,1800000.0,scholarship,2024-01-04 05:38:00
BGT01323,USR005,INC03010,1300000.0,850000.0,700000.0,2850000.0,2150000.0,allowance,2023-09-05 04:55:00
BGT07438,USR007,INC02301,1050000.0,550000.0,300000.0,1900000.0,1600000.0,part_time,2023-11-07 09:56:00
BGT07620,USR011,INC04464,650000.0,450000.0,250000.0,1350000.0,1100000.0,allowance,2023-09-21 02:56:00
BGT07826,USR004,INC01043,750000.0,400000.0,200000.0,1400000.0,1150000.0,part_time,2024-11-20 11:36:00
BGT00970,USR062,INC08069,4150000.0,2300000.0,2400000.0,8850000.0,6450000.0,business,2024-12-24 08:12:00
BGT09258,USR060,INC04777,3350000.0,2000000.0,1250000.0,6600000.0,5350000.0,freelance,2024-12-02 10:56:00
BGT08994,USR020,INC04340,650000.0,400000.0,250000.0,1300000.0,1050000.0,allowance,2023-06-14 14:36:00
BGT04072,USR032,INC05959,1150000.0,850000.0,600000.0,2600000.0,2000000.0,allowance,2023-11-16 01:17:00
BGT00518,USR064,INC04711,2650000.0,1650000.0,1200000.0,5550000.0,4300000.0,investment_return,2023-05-12 12:25:00
BGT01525,USR051,INC00222,2750000.0,1450000.0,800000.0,5000000.0,4200000.0,salary,2023-03-06 05:50:00
BGT06727,USR020,INC06172,1050000.0,600000.0,600000.0,2250000.0,1650000.0,scholarship,2023-08-31 14:25:00
BGT05635,USR032,INC04971,1200000.0,700000.0,650000.0,2550000.0,1900000.0,part_time,2024-06-21 19:55:00
BGT08225,USR071,INC04460,3200000.0,1950000.0,1150000.0,6300000.0,5150000.0,bonus,2024-03-02 10:42:00
BGT05656,USR029,INC06549,1100000.0,600000.0,350000.0,2050000.0,1700000.0,allowance,2024-07-05 05:45:00
BGT06453,USR005,INC01170,1200000.0,650000.0,600000.0,2450000.0,1850000.0,allowance,2024-05-26 03:38:00
BGT06681,USR040,INC04832,2200000.0,1350000.0,550000.0,4100000.0,3550000.0,part_time,2024-04-06 23:36:00
BGT08496,USR034,INC02800,1600000.0,800000.0,600000.0,3050000.0,2400000.0,allowance,2023-01-15 10:48:00
BGT00119,USR034,INC04317,1850000.0,900000.0,650000.0,3400000.0,2750000.0,part_time,2023-05-20 00:07:00
BGT06850,USR061,INC04037,2500000.0,1800000.0,1200000.0,5500000.0,4300000.0,freelance,2024-05-13 10:22:00
BGT05239,USR053,INC08436,3550000.0,1700000.0,1300000.0,6600000.0,5250000.0,business,2023-11-13 13:39:00
BGT05112,USR065,INC01485,4050000.0,2300000.0,2100000.0,8450000.0,6350000.0,business,2024-04-13 11:52:00
BGT07870,USR053,INC01130,3250000.0,1750000.0,1400000.0,6400000.0,5000000.0,freelance,2023-10-27 02:28:00
BGT09096,USR005,INC01434,1100000.0,550000.0,450000.0,2100000.0,1650000.0,scholarship,2024-06-12 13:57:00
BGT05210,USR004,INC08357,950000.0,500000.0,250000.0,1700000.0,1450000.0,allowance,2023-08-27 09:17:00
BGT09268,USR071,INC02138,3150000.0,2150000.0,1650000.0,6950000.0,5300000.0,business,2023-02-03 11:45:00
BGT03925,USR060,INC05941,1700000.0,1050000.0,650000.0,3400000.0,2750000.0,bonus,2023-01-19 06:16:00
BGT07817,USR004,INC02038,1450000.0,850000.0,500000.0,2800000.0,2300000.0,scholarship,2023-02-05 00:40:00
BGT04502,USR055,INC06431,3150000.0,1650000.0,900000.0,5700000.0,4800000.0,business,2024-05-31 02:42:00
BGT07326,USR002,INC03527,1050000.0,600000.0,450000.0,2100000.0,1650000.0,allowance,2024-12-27 02:39:00
BGT01129,USR017,INC04390,1350000.0,800000.0,500000.0,2650000.0,2150000.0,scholarship,2023-03-23 06:47:00
BGT00727,USR008,INC08966,1450000.0,750000.0,450000.0,2650000.0,2200000.0,part_time,2023-03-14 04:36:00
BGT04986,USR018,INC02309,1050000.0,550000.0,300000.0,1900000.0,1600000.0,part_time,2024-07-23 23:11:00
BGT03917,USR049,INC07942,3950000.0,2300000.0,1350000.0,7600000.0,6250000.0,business,2023-02-21 05:45:00
BGT08019,USR037,INC01441,2250000.0,1500000.0,800000.0,4550000.0,3750000.0,allowance,2023-05-22 02:58:00
BGT07781,USR048,INC01789,3500000.0,2000000.0,750000.0,6250000.0,5500000.0,freelance,2023-11-03 07:33:00
BGT02550,USR007,INC05059,1300000.0,750000.0,700000.0,2750000.0,2050000.0,scholarship,2023-10-29 22:54:00
BGT08684,USR038,INC02306,1950000.0,1400000.0,1050000.0,4450000.0,3350000.0,part_time,2024-11-03 11:11:00
BGT03654,USR001,INC07598,550000.0,300000.0,200000.0,1050000.0,850000.0,allowance,2023-01-31 06:18:00
BGT02938,USR043,INC02822,2400000.0,1300000.0,800000.0,4500000.0,3700000.0,business,2023-11-29 01:40:00
BGT04984,USR025,INC03037,2600000.0,1500000.0,600000.0,4750000.0,4100000.0,internship,2024-03-20 09:09:00
BGT03107,USR041,INC05950,1700000.0,1050000.0,500000.0,3250000.0,2750000.0,freelance,2024-06-01 18:57:00
BGT01245,USR027,INC05096,950000.0,500000.0,250000.0,1750000.0,1450000.0,internship,2024-10-08 06:27:00
BGT02699,USR062,INC02689,4950000.0,3000000.0,1750000.0,9700000.0,7950000.0,salary,2023-02-18 09:10:00
BGT03191,USR057,INC00435,1800000.0,1250000.0,700000.0,3800000.0,3050000.0,bonus,2024-05-12 17:16:00
BGT02198,USR004,INC02446,1000000.0,550000.0,650000.0,2200000.0,1550000.0,part_time,2024-06-01 22:31:00
BGT08449,USR018,INC05765,850000.0,550000.0,250000.0,1650000.0,1400000.0,scholarship,2024-11-26 09:07:00
BGT08440,USR044,INC02508,1950000.0,1150000.0,800000.0,3900000.0,3100000.0,freelance,2023-12-29 05:38:00
BGT02023,USR014,INC00060,750000.0,500000.0,350000.0,1600000.0,1250000.0,allowance,2024-07-03 00:04:00
BGT00180,USR067,INC01330,3800000.0,2450000.0,1650000.0,7950000.0,6250000.0,business,2024-10-08 03:32:00
BGT01220,USR045,INC06322,3200000.0,1750000.0,1000000.0,5950000.0,4950000.0,freelance,2024-06-21 06:47:00
BGT01896,USR026,INC08842,850000.0,450000.0,350000.0,1650000.0,1300000.0,freelance,2024-12-21 15:00:00
BGT07635,USR002,INC01238,800000.0,600000.0,400000.0,1800000.0,1400000.0,part_time,2023-10-07 11:19:00
BGT09852,USR021,INC08140,1350000.0,800000.0,400000.0,2550000.0,2150000.0,freelance,2023-01-03 23:07:00
BGT03265,USR038,INC07891,1700000.0,900000.0,500000.0,3100000.0,2600000.0,allowance,2024-03-25 21:21:00
BGT07152,USR054,INC03531,3800000.0,2200000.0,1600000.0,7600000.0,6000000.0,bonus,2023-01-12 15:12:00
BGT02656,USR017,INC00293,1200000.0,850000.0,550000.0,2600000.0,2050000.0,scholarship,2024-08-23 10:10:00
BGT05061,USR021,INC04292,1150000.0,800000.0,500000.0,2450000.0,1950000.0,part_time,2023-06-23 01:48:00
BGT06676,USR020,INC02153,1000000.0,600000.0,200000.0,1850000.0,1600000.0,part_time,2024-01-03 06:31:00
BGT03920,USR057,INC02053,3900000.0,2400000.0,950000.0,7250000.0,6300000.0,salary,2023-09-09 00:57:00
BGT03903,USR033,INC05645,1800000.0,1200000.0,550000.0,3550000.0,3000000.0,freelance,2023-01-20 02:46:00
BGT08691,USR006,INC04847,-800000.0,500000.0,350000.0,1700000.0,-300000.0,scholarship,2023-04-18 01:57:00
BGT03195,USR002,INC01552,1600000.0,950000.0,350000.0,2900000.0,2550000.0,scholarship,2024-12-26 22:23:00
BGT01563,USR046,INC08684,1400000.0,1100000.0,700000.0,3200000.0,2500000.0,bonus,2023-12-31 16:40:00
BGT04957,USR059,INC05798,3950000.0,2350000.0,1050000.0,7350000.0,6300000.0,freelance,2024-12-14 17:17:00
BGT06896,USR005,INC09156,1150000.0,800000.0,600000.0,2600000.0,1950000.0,allowance,2023-08-24 00:15:00
BGT00800,USR032,INC08712,2300000.0,1450000.0,1150000.0,4900000.0,3750000.0,part_time,2023-06-08 20:43:00
BGT09448,USR013,INC08084,1000000.0,550000.0,450000.0,2050000.0,1550000.0,allowance,2023-03-18 00:01:00
BGT01197,USR009,INC09918,650000.0,400000.0,300000.0,1400000.0,1050000.0,allowance,2023-03-26 08:00:00
BGT06454,USR019,INC08233,650000.0,350000.0,250000.0,1250000.0,1000000.0,part_time,2023-02-02 06:10:00
BGT02140,USR017,INC06053,1500000.0,900000.0,550000.0,2950000.0,2400000.0,allowance,2024-11-17 03:16:00
BGT07417,USR057,INC05710,4150000.0,2050000.0,1450000.0,7650000.0,6200000.0,bonus,2024-03-27 03:04:00
BGT07088,USR006,INC06000,1050000.0,600000.0,250000.0,1950000.0,1650000.0,freelance,2023-03-23 23:48:00
BGT00781,USR002,INC06397,1050000.0,-600000.0,300000.0,1950000.0,450000.0,part_time,2024-07-10 01:56:00
BGT01459,USR040,INC00008,1300000.0,750000.0,300000.0,2400000.0,2050000.0,part_time,2023-03-18 22:18:00
BGT06128,USR035,INC02191,2300000.0,1300000.0,600000.0,4200000.0,3600000.0,freelance,2023-01-23 03:00:00
BGT05386,USR051,INC01458,1850000.0,1050000.0,950000.0,3850000.0,2900000.0,bonus,2024-07-04 05:13:00
BGT06064,USR046,INC05331,2350000.0,1600000.0,1300000.0,5250000.0,3950000.0,bonus,2024-06-09 03:46:00
BGT00961,USR001,INC08265,1100000.0,750000.0,400000.0,2250000.0,1850000.0,part_time,2023-09-05 23:58:00
BGT05640,USR006,INC04620,1350000.0,800000.0,600000.0,2750000.0,2150000.0,part_time,2023-07-05 02:32:00
BGT07026,USR037,INC01208,1650000.0,950000.0,400000.0,3000000.0,2600000.0,internship,2023-11-23 17:36:00
BGT03537,USR069,INC03691,2250000.0,1400000.0,800000.0,4450000.0,3650000.0,salary,2023-10-25 15:33:00
BGT05148,USR015,INC01456,1300000.0,800000.0,600000.0,2700000.0,2100000.0,scholarship,2024-03-04 14:50:00
BGT00801,USR011,INC03645,1250000.0,750000.0,350000.0,2350000.0,2000000.0,part_time,2023-09-05 00:23:00
BGT00806,USR014,INC01011,850000.0,450000.0,200000.0,1500000.0,1300000.0,scholarship,2024-03-24 17:23:00
BGT05833,USR028,INC04751,1050000.0,550000.0,300000.0,1900000.0,1600000.0,allowance,2024-07-19 22:55:00
BGT00348,USR031,INC00790,1850000.0,1000000.0,1050000.0,3900000.0,2850000.0,freelance,2024-03-02 05:02:00
BGT08518,USR012,INC06179,1550000.0,800000.0,450000.0,2800000.0,2350000.0,allowance,2024-10-31 12:51:00
BGT03832,USR063,INC02024,4100000.0,2600000.0,2000000.0,8750000.0,6700000.0,salary,2024-05-07 05:29:00
BGT04822,USR018,INC00420,850000.0,550000.0,500000.0,1900000.0,1400000.0,allowance,2023-04-25 16:01:00
BGT00904,USR042,INC06897,1750000.0,950000.0,450000.0,3150000.0,2700000.0,freelance,2024-08-06 14:04:00
BGT07312,USR050,INC06072,3100000.0,1950000.0,1850000.0,6900000.0,5050000.0,freelance,2024-05-10 16:45:00
BGT06306,USR035,INC01784,1400000.0,700000.0,500000.0,2600000.0,2100000.0,internship,2023-11-15 12:25:00
BGT04140,USR053,INC03975,2600000.0,1400000.0,1050000.0,5050000.0,4000000.0,freelance,2023-01-28 03:06:00
BGT07526,USR011,INC03218,900000.0,500000.0,450000.0,1850000.0,1400000.0,part_time,2024-01-26 12:59:00
BGT03835,USR059,INC07270,1650000.0,1000000.0,600000.0,3250000.0,2650000.0,bonus,2024-03-07 16:43:00
BGT04346,USR041,INC00054,3100000.0,2100000.0,1300000.0,6500000.0,5200000.0,freelance,2023-08-22 03:51:00
BGT06282,USR034,INC07719,2150000.0,1500000.0,900000.0,4600000.0,3650000.0,part_time,2024-02-12 20:57:00
BGT04611,USR065,INC08847,2850000.0,1800000.0,750000.0,5400000.0,4650000.0,investment_return,2023-04-01 08:46:00
BGT04915,USR041,INC04282,3200000.0,1700000.0,1250000.0,6150000.0,4900000.0,freelance,2024-04-06 08:03:00
BGT06682,USR003,INC04640,1450000.0,900000.0,500000.0,2850000.0,2350000.0,scholarship,2024-04-28 17:07:00
BGT03101,USR065,INC05768,1900000.0,1200000.0,900000.0,4000000.0,3100000.0,investment_return,2024-01-09 21:37:00
BGT06002,USR072,INC09504,3800000.0,2400000.0,850000.0,7050000.0,6200000.0,salary,2024-02-16 00:27:00
BGT04456,USR052,INC09460,1450000.0,1000000.0,700000.0,3200000.0,2450000.0,bonus,2024-08-13 04:24:00
BGT07769,USR014,INC05315,600000.0,400000.0,300000.0,1300000.0,1000000.0,part_time,2023-12-18 22:41:00
BGT03088,USR019,INC05219,1000000.0,700000.0,400000.0,2100000.0,1700000.0,scholarship,2024-03-26 08:56:00
BGT04121,USR058,INC09367,2400000.0,1350000.0,1050000.0,4850000.0,3750000.0,freelance,2024-09-13 16:23:00
BGT03762,USR002,INC08052,1350000.0,900000.0,550000.0,2850000.0,2250000.0,allowance,2023-04-20 00:09:00
BGT08400,USR045,INC09185,3800000.0,2050000.0,1650000.0,7500000.0,5850000.0,salary,2024-04-29 17:30:00
BGT09912,USR037,INC02702,1400000.0,750000.0,550000.0,2700000.0,2150000.0,freelance,2024-11-29 15:34:00
BGT09003,USR027,INC06349,2100000.0,1100000.0,950000.0,4150000.0,3200000.0,freelance,2023-04-23 01:07:00
BGT00976,USR021,INC09292,1300000.0,850000.0,500000.0,2700000.0,2150000.0,allowance,2024-01-23 06:09:00
BGT07864,USR044,INC07172,3550000.0,2150000.0,850000.0,6550000.0,5700000.0,freelance,2023-10-05 10:46:00
BGT00989,USR038,INC04474,1550000.0,1000000.0,450000.0,3000000.0,2550000.0,freelance,2024-10-26 04:14:00
BGT05932,USR015,INC00022,850000.0,500000.0,400000.0,1750000.0,1350000.0,scholarship,2023-12-30 09:56:00
BGT04875,USR025,INC03326,1450000.0,800000.0,700000.0,3000000.0,2250000.0,allowance,2023-11-02 03:36:00
BGT00672,USR035,INC02033,1000000.0,650000.0,550000.0,2200000.0,1650000.0,freelance,2024-11-14 15:08:00
BGT04810,USR021,INC01041,1250000.0,650000.0,450000.0,2350000.0,1900000.0,freelance,2024-10-19 17:33:00
BGT09635,USR051,INC07756,2850000.0,1800000.0,1050000.0,5700000.0,4650000.0,bonus,2024-12-19 03:01:00
BGT04703,USR052,INC03487,2200000.0,1500000.0,700000.0,4400000.0,3700000.0,salary,2024-11-30 16:58:00
BGT04517,USR037,INC00035,1600000.0,950000.0,350000.0,2900000.0,2550000.0,part_time,2024-05-24 17:40:00
BGT00700,USR004,INC01226,850000.0,450000.0,200000.0,1500000.0,1300000.0,part_time,2024-07-18 21:23:00
BGT08758,USR047,INC02045,2300000.0,1450000.0,1250000.0,5000000.0,3750000.0,freelance,2023-12-28 22:03:00
BGT01750,USR033,INC08323,2200000.0,1250000.0,1400000.0,4850000.0,3450000.0,part_time,2023-09-25 12:00:00
BGT04576,USR003,INC06699,550000.0,300000.0,300000.0,1150000.0,850000.0,allowance,2024-09-27 17:04:00
BGT02630,USR066,INC07574,3600000.0,2000000.0,1050000.0,6700000.0,5600000.0,bonus,2024-10-22 10:58:00
BGT06149,USR021,INC04280,850000.0,550000.0,500000.0,1900000.0,1400000.0,part_time,2023-07-18 11:14:00
BGT01694,USR010,INC07842,700000.0,400000.0,300000.0,1400000.0,1100000.0,allowance,2024-09-03 11:09:00
BGT00590,USR025,INC02921,1200000.0,750000.0,500000.0,2450000.0,1950000.0,internship,2024-10-30 04:32:00
BGT09362,USR008,INC05330,750000.0,500000.0,400000.0,1650000.0,1250000.0,scholarship,2023-02-26 08:39:00
BGT04607,USR020,INC02715,900000.0,400000.0,300000.0,1600000.0,1300000.0,scholarship,2023-07-14 10:41:00
BGT06298,USR072,INC04680,2450000.0,1450000.0,1200000.0,5100000.0,3900000.0,freelance,2024-08-15 04:24:00
BGT04605,USR038,INC08243,1100000.0,650000.0,400000.0,2150000.0,1750000.0,internship,2024-09-16 00:33:00
BGT08514,USR074,INC00146,3900000.0,2450000.0,2100000.0,8450000.0,6350000.0,business,2024-04-26 16:48:00
BGT00314,USR068,INC03429,3100000.0,1650000.0,800000.0,5550000.0,4750000.0,investment_return,2024-06-23 14:20:00
BGT03509,USR017,INC02234,700000.0,400000.0,400000.0,1500000.0,1100000.0,scholarship,2023-03-01 00:32:00
BGT09513,USR055,INC02587,3550000.0,2100000.0,700000.0,630000000.0,5650000.0,freelance,2024-03-29 03:05:00
BGT06538,USR018,INC09820,1000000.0,700000.0,350000.0,2050000.0,1700000.0,allowance,2023-07-04 07:29:00
BGT09731,USR005,INC01175,1450000.0,950000.0,600000.0,3000000.0,2400000.0,part_time,2023-05-29 06:40:00
BGT00331,USR057,INC02513,1550000.0,1050000.0,450000.0,3050000.0,2600000.0,business,2024-03-30 05:58:00
BGT03465,USR011,INC06827,950000.0,600000.0,300000.0,1850000.0,1550000.0,scholarship,2023-03-12 09:12:00
BGT01804,USR053,INC02716,3550000.0,2050000.0,1200000.0,6800000.0,5600000.0,salary,2024-04-09 01:06:00
BGT02610,USR045,INC06444,3500000.0,1800000.0,1100000.0,6400000.0,5300000.0,salary,2024-08-14 23:03:00
BGT04568,USR068,INC00070,4400000.0,2300000.0,1800000.0,8500000.0,6700000.0,investment_return,2024-06-25 23:49:00
BGT07020,USR059,INC07418,2300000.0,1250000.0,650000.0,4200000.0,3550000.0,bonus,2024-02-16 19:22:00
BGT00771,USR059,INC01202,3600000.0,1750000.0,1200000.0,6550000.0,5350000.0,salary,2024-01-16 03:23:00
BGT09226,USR073,INC07839,2250000.0,1500000.0,1050000.0,4800000.0,3750000.0,salary,2023-10-28 13:35:00
BGT05981,USR036,INC00094,1400000.0,800000.0,800000.0,3000000.0,2200000.0,freelance,2024-10-14 15:09:00
BGT03158,USR008,INC07667,550000.0,300000.0,150000.0,1000000.0,850000.0,scholarship,2023-11-18 00:28:00
BGT01958,USR016,INC01137,1100000.0,600000.0,450000.0,2150000.0,1700000.0,allowance,2023-03-31 02:09:00
BGT07877,USR067,INC06530,2100000.0,1300000.0,950000.0,4400000.0,3400000.0,freelance,2023-05-12 18:37:00
BGT02254,USR002,INC06151,950000.0,750000.0,450000.0,2150000.0,1700000.0,allowance,2024-10-04 00:36:00
BGT01481,USR063,INC06451,3950000.0,2600000.0,2200000.0,8750000.0,6550000.0,freelance,2023-08-12 05:55:00
BGT03416,USR014,INC07635,850000.0,550000.0,450000.0,1850000.0,1400000.0,scholarship,2024-06-10 02:24:00
BGT07983,USR014,INC07874,950000.0,-600000.0,450000.0,2000000.0,350000.0,allowance,2024-10-11 00:57:00
BGT06488,USR058,INC04250,2100000.0,1200000.0,1150000.0,4450000.0,3300000.0,business,2023-04-29 14:55:00
BGT09911,USR066,INC02933,3900000.0,1950000.0,1200000.0,7050000.0,5850000.0,freelance,2023-05-02 07:38:00
BGT01199,USR073,INC00162,2800000.0,1950000.0,1050000.0,5800000.0,4750000.0,bonus,2023-08-28 06:30:00
BGT01224,USR002,INC08385,600000.0,450000.0,250000.0,1350000.0,1050000.0,part_time,2023-08-10 15:40:00
BGT08612,USR038,INC03390,2250000.0,1250000.0,750000.0,4250000.0,3500000.0,freelance,2024-08-25 19:18:00
BGT04289,USR055,INC04600,3250000.0,2450000.0,1700000.0,7400000.0,5700000.0,salary,2023-02-20 00:03:00
BGT00616,USR041,INC06398,2700000.0,1750000.0,1200000.0,5650000.0,4450000.0,freelance,2023-03-05 15:54:00
BGT05331,USR023,INC04005,1150000.0,700000.0,400000.0,2250000.0,1850000.0,allowance,2024-10-26 18:48:00
BGT09301,USR043,INC05448,3050000.0,2100000.0,1200000.0,6350000.0,5150000.0,bonus,2023-11-09 06:42:00
BGT01592,USR013,INC00441,1000000.0,450000.0,300000.0,1800000.0,1450000.0,scholarship,2024-04-22 03:27:00
BGT06973,USR025,INC02325,1200000.0,900000.0,600000.0,2700000.0,2100000.0,freelance,2023-05-28 15:33:00
BGT02562,USR062,INC00858,3350000.0,-1750000.0,1450000.0,6550000.0,1600000.0,investment_return,2023-09-28 09:18:00
BGT04181,USR007,INC08851,1350000.0,950000.0,650000.0,2950000.0,2300000.0,scholarship,2024-06-19 20:50:00
BGT05311,USR001,INC05092,950000.0,550000.0,500000.0,2000000.0,1500000.0,allowance,2023-04-27 21:01:00
BGT01493,USR005,INC06558,900000.0,600000.0,500000.0,2050000.0,1500000.0,part_time,2023-08-12 02:22:00
BGT07568,USR069,INC03148,4400000.0,2550000.0,1200000.0,8150000.0,6950000.0,salary,2023-07-22 20:49:00
BGT05053,USR016,INC08730,1250000.0,750000.0,350000.0,2400000.0,2000000.0,scholarship,2024-06-03 05:54:00
BGT09536,USR017,INC01494,1300000.0,850000.0,500000.0,2650000.0,2150000.0,scholarship,2023-02-05 04:18:00
BGT06409,USR006,INC06201,1250000.0,750000.0,400000.0,2400000.0,2000000.0,scholarship,2024-02-21 17:58:00
BGT06674,USR004,INC09277,1200000.0,750000.0,650000.0,2650000.0,1950000.0,scholarship,2023-01-05 15:28:00
BGT09508,USR005,INC04886,450000.0,300000.0,200000.0,1000000.0,750000.0,scholarship,2024-09-13 08:47:00
BGT05695,USR044,INC04986,3450000.0,2200000.0,1000000.0,6650000.0,5650000.0,salary,2023-08-23 20:39:00
BGT04686,USR067,INC05633,4700000.0,3050000.0,1800000.0,9600000.0,7750000.0,salary,2024-04-25 23:57:00
BGT00142,USR046,INC02492,1550000.0,900000.0,1050000.0,3500000.0,2450000.0,freelance,2024-04-23 01:40:00
BGT07982,USR010,INC07479,1150000.0,750000.0,650000.0,2550000.0,1900000.0,allowance,2023-04-07 20:38:00
BGT08624,USR012,INC04219,1350000.0,850000.0,350000.0,2550000.0,2200000.0,scholarship,2024-11-11 14:56:00
BGT08229,USR064,INC05970,2650000.0,1600000.0,1500000.0,5800000.0,4250000.0,bonus,2023-10-06 02:55:00
BGT03540,USR005,INC02126,800000.0,500000.0,250000.0,1550000.0,1300000.0,part_time,2023-08-08 03:33:00
BGT05469,USR056,INC07321,2800000.0,1650000.0,1100000.0,5550000.0,4450000.0,freelance,2024-10-17 19:13:00
BGT01911,USR041,INC08926,3600000.0,2350000.0,1200000.0,7150000.0,5950000.0,business,2024-08-09 04:20:00
BGT05543,USR012,INC07178,550000.0,300000.0,250000.0,1150000.0,850000.0,scholarship,2023-06-01 10:57:00
BGT02856,USR016,INC01845,800000.0,550000.0,350000.0,1750000.0,1350000.0,scholarship,2023-04-20 19:20:00
BGT06945,USR001,INC00079,1300000.0,850000.0,700000.0,2900000.0,2150000.0,part_time,2023-12-22 01:23:00
BGT03952,USR047,INC04665,2500000.0,1700000.0,1100000.0,5300000.0,4200000.0,bonus,2023-10-06 06:20:00
BGT07548,USR049,INC09137,1600000.0,850000.0,800000.0,3300000.0,2450000.0,freelance,2024-04-19 16:28:00
BGT07994,USR014,INC08281,800000.0,450000.0,450000.0,1700000.0,1250000.0,scholarship,2024-12-11 23:42:00
BGT06072,USR023,INC04958,1500000.0,1050000.0,750000.0,3350000.0,2550000.0,freelance,2023-05-20 12:47:00
BGT04002,USR064,INC08619,3400000.0,1800000.0,1450000.0,6700000.0,5200000.0,business,2023-04-23 00:48:00
BGT03565,USR074,INC04430,2100000.0,1300000.0,1250000.0,4700000.0,3400000.0,bonus,2024-03-24 03:05:00
BGT07478,USR040,INC06867,1700000.0,900000.0,550000.0,3150000.0,2600000.0,part_time,2023-01-07 03:38:00
BGT08546,USR029,INC02334,1950000.0,1100000.0,450000.0,3500000.0,3050000.0,freelance,2023-05-17 07:11:00
BGT02697,USR032,INC05272,1200000.0,650000.0,400000.0,2250000.0,1850000.0,internship,2023-06-30 22:23:00
BGT03361,USR002,INC01052,850000.0,450000.0,200000.0,1500000.0,1300000.0,part_time,2024-10-23 17:50:00
BGT09190,USR021,INC02081,1700000.0,950000.0,750000.0,3400000.0,2650000.0,part_time,2024-10-02 13:03:00
BGT08801,USR053,INC09449,-1400000.0,1000000.0,750000.0,3150000.0,-400000.0,freelance,2023-07-27 22:26:00
BGT09511,USR029,INC03263,2650000.0,1700000.0,600000.0,495000000.0,4350000.0,allowance,2024-08-04 04:09:00
BGT07463,USR001,INC08558,1050000.0,650000.0,600000.0,2300000.0,1700000.0,part_time,2024-01-10 07:44:00
BGT01472,USR052,INC02378,3150000.0,1800000.0,850000.0,5800000.0,4950000.0,business,2024-07-02 09:52:00
BGT02617,USR045,INC02448,1750000.0,1250000.0,1000000.0,4000000.0,3000000.0,freelance,2023-02-07 23:18:00
BGT01948,USR003,INC02783,650000.0,400000.0,250000.0,1300000.0,1050000.0,part_time,2024-04-06 16:21:00
BGT06540,USR041,INC08528,1650000.0,950000.0,750000.0,3350000.0,2600000.0,bonus,2023-08-10 16:59:00
BGT01214,USR032,INC01603,1100000.0,750000.0,500000.0,2350000.0,1850000.0,internship,2023-12-20 05:53:00
BGT01476,USR066,INC02694,3150000.0,1950000.0,1900000.0,7050000.0,5100000.0,business,2023-04-29 01:20:00
BGT03488,USR007,INC09101,1300000.0,-700000.0,700000.0,2700000.0,600000.0,allowance,2023-02-17 06:32:00
BGT09216,USR072,INC00539,2700000.0,1850000.0,1200000.0,5750000.0,4550000.0,salary,2023-03-15 20:02:00
BGT06137,USR065,INC07707,2900000.0,1750000.0,750000.0,5400000.0,4650000.0,investment_return,2023-12-03 08:44:00
BGT02334,USR070,INC02789,4500000.0,2450000.0,1750000.0,8700000.0,6950000.0,business,2023-08-20 07:07:00
BGT08822,USR050,INC06994,2750000.0,1900000.0,1650000.0,6300000.0,4650000.0,freelance,2023-06-27 04:08:00
BGT01147,USR015,INC08299,1050000.0,600000.0,550000.0,2200000.0,1650000.0,scholarship,2023-06-11 16:27:00
BGT04468,USR075,INC05411,2300000.0,1400000.0,1300000.0,5050000.0,3700000.0,freelance,2023-01-04 07:42:00
BGT03518,USR026,INC01258,2200000.0,1300000.0,1000000.0,4500000.0,3500000.0,allowance,2023-05-08 15:13:00
BGT09668,USR010,INC07956,550000.0,300000.0,150000.0,1000000.0,850000.0,allowance,2024-01-06 16:36:00
BGT00173,USR032,INC02312,1450000.0,850000.0,800000.0,3100000.0,2300000.0,freelance,2024-08-17 12:22:00
BGT00050,USR064,INC00946,2950000.0,2050000.0,1400000.0,6450000.0,5000000.0,investment_return,2023-06-26 05:59:00
BGT05583,USR003,INC06739,1400000.0,750000.0,650000.0,2800000.0,2150000.0,scholarship,2023-03-24 23:27:00
BGT03839,USR046,INC05206,3700000.0,2300000.0,750000.0,6750000.0,6000000.0,salary,2023-02-06 10:39:00
BGT03594,USR064,INC08077,4100000.0,2700000.0,1400000.0,8250000.0,6800000.0,salary,2024-10-18 23:09:00
BGT08640,USR038,INC04275,2150000.0,1250000.0,900000.0,4300000.0,3400000.0,allowance,2023-07-14 03:19:00
BGT02073,USR036,INC06687,2400000.0,1250000.0,700000.0,4350000.0,3650000.0,internship,2024-10-13 13:02:00
BGT07887,USR050,INC07465,2950000.0,2050000.0,1050000.0,6050000.0,5000000.0,bonus,2023-03-11 07:08:00
BGT06708,USR032,INC05469,1100000.0,750000.0,500000.0,2350000.0,1850000.0,part_time,2024-09-09 09:05:00
BGT07703,USR056,INC07498,3600000.0,1950000.0,1000000.0,6550000.0,5550000.0,business,2024-10-23 14:17:00
BGT08316,USR001,INC06089,650000.0,350000.0,250000.0,1250000.0,1000000.0,scholarship,2024-10-05 09:12:00
BGT03544,USR022,INC05405,2250000.0,1450000.0,700000.0,4400000.0,3700000.0,allowance,2024-12-14 00:40:00
BGT07145,USR056,INC09653,4400000.0,2150000.0,1450000.0,8000000.0,6550000.0,business,2024-12-29 04:48:00
BGT01479,USR024,INC06716,700000.0,400000.0,400000.0,1500000.0,1100000.0,freelance,2024-02-26 07:12:00
BGT08898,USR020,INC00605,1300000.0,800000.0,400000.0,2500000.0,2100000.0,scholarship,2023-02-11 12:05:00
BGT09560,USR005,INC01813,600000.0,300000.0,200000.0,1150000.0,900000.0,allowance,2023-03-21 14:32:00
BGT07943,USR010,INC03063,600000.0,400000.0,200000.0,1250000.0,1000000.0,scholarship,2024-04-10 00:52:00
BGT05930,USR021,INC05574,2200000.0,1700000.0,1100000.0,5000000.0,3900000.0,part_time,2024-04-14 02:34:00
BGT09812,USR020,INC02597,650000.0,350000.0,250000.0,1250000.0,1000000.0,part_time,2024-11-04 06:59:00
BGT08377,USR042,INC02170,3200000.0,2300000.0,1650000.0,7150000.0,5500000.0,freelance,2024-06-24 17:06:00
BGT08327,USR060,INC01605,2250000.0,1500000.0,800000.0,4550000.0,3750000.0,salary,2023-11-19 16:38:00
BGT08646,USR064,INC00975,3550000.0,2300000.0,1100000.0,7000000.0,5850000.0,business,2023-06-18 15:32:00
BGT05945,USR039,INC08086,2000000.0,1300000.0,900000.0,4200000.0,3300000.0,internship,2024-12-28 09:34:00
BGT08806,USR061,INC00666,3250000.0,1800000.0,1700000.0,6750000.0,5050000.0,investment_return,2024-08-11 03:18:00
BGT05616,USR005,INC02912,1500000.0,1000000.0,450000.0,2950000.0,2500000.0,part_time,2023-05-01 18:33:00
BGT02442,USR030,INC02962,1600000.0,1200000.0,750000.0,3600000.0,2800000.0,internship,2024-12-01 07:16:00
BGT07656,USR019,INC00276,550000.0,400000.0,250000.0,1200000.0,950000.0,part_time,2024-03-09 13:32:00
BGT08989,USR039,INC03674,1750000.0,1350000.0,800000.0,3900000.0,3100000.0,part_time,2023-10-30 12:51:00
BGT06284,USR054,INC04642,2250000.0,1150000.0,1000000.0,4450000.0,3400000.0,bonus,2023-08-04 10:39:00
BGT07214,USR008,INC09198,550000.0,300000.0,250000.0,1100000.0,850000.0,scholarship,2024-02-14 09:00:00
BGT09532,USR035,INC03939,2500000.0,1200000.0,850000.0,4550000.0,3700000.0,part_time,2023-04-02 13:12:00
BGT00861,USR008,INC06379,950000.0,600000.0,400000.0,1950000.0,1550000.0,allowance,2023-11-08 07:08:00
BGT04206,USR037,INC01953,750000.0,400000.0,400000.0,1550000.0,1150000.0,part_time,2023-10-12 23:50:00
BGT04992,USR034,INC03915,900000.0,550000.0,350000.0,1800000.0,1450000.0,part_time,2024-10-13 20:25:00
BGT08678,USR060,INC06038,1950000.0,1100000.0,550000.0,3600000.0,3050000.0,freelance,2024-10-10 05:13:00
BGT08836,USR019,INC01072,1250000.0,800000.0,800000.0,2850000.0,2050000.0,allowance,2024-04-05 09:02:00
BGT01655,USR002,INC09097,950000.0,700000.0,400000.0,2050000.0,1650000.0,part_time,2023-11-09 11:59:00
BGT08710,USR039,INC05643,2050000.0,1150000.0,800000.0,4050000.0,3200000.0,freelance,2024-06-15 08:11:00
BGT03444,USR036,INC07548,2350000.0,1400000.0,1250000.0,5000000.0,3750000.0,allowance,2023-08-16 07:09:00
BGT08013,USR042,INC09332,3050000.0,2200000.0,1400000.0,6650000.0,5250000.0,business,2024-03-22 05:57:00
BGT06352,USR006,INC08526,600000.0,300000.0,250000.0,1150000.0,900000.0,scholarship,2024-07-19 08:23:00
BGT02386,USR013,INC01062,650000.0,400000.0,200000.0,1250000.0,1050000.0,scholarship,2023-08-08 16:46:00
BGT07745,USR021,INC05815,2250000.0,1300000.0,1300000.0,4850000.0,3550000.0,internship,2023-05-24 09:08:00
BGT09241,USR064,INC00467,2300000.0,1350000.0,450000.0,4150000.0,3650000.0,freelance,2024-08-18 05:18:00
BGT07543,USR024,INC07964,950000.0,550000.0,300000.0,1800000.0,1500000.0,internship,2023-02-21 13:01:00
BGT07696,USR025,INC09056,1750000.0,1050000.0,1100000.0,3900000.0,2800000.0,part_time,2024-11-07 00:24:00
BGT08668,USR038,INC09353,1850000.0,1300000.0,800000.0,3950000.0,3150000.0,internship,2024-09-27 04:11:00
BGT09594,USR072,INC00277,4000000.0,2100000.0,1150000.0,7250000.0,6100000.0,salary,2024-02-13 10:22:00
BGT07797,USR005,INC06806,850000.0,500000.0,500000.0,1850000.0,1350000.0,part_time,2023-09-27 23:16:00
BGT02859,USR073,INC08276,3350000.0,1800000.0,1050000.0,6200000.0,5150000.0,freelance,2023-11-09 04:08:00
BGT08412,USR043,INC03237,2050000.0,1100000.0,700000.0,3850000.0,3150000.0,business,2024-04-20 15:10:00
BGT02826,USR029,INC04084,1650000.0,1050000.0,1000000.0,3700000.0,2700000.0,internship,2023-08-08 00:52:00
BGT08661,USR053,INC04742,2600000.0,1300000.0,1150000.0,5050000.0,3900000.0,salary,2024-09-25 17:16:00
BGT08384,USR051,INC03552,3450000.0,2200000.0,2000000.0,7650000.0,5650000.0,salary,2024-06-02 17:34:00
BGT06337,USR063,INC07441,5000000.0,3350000.0,1450000.0,9800000.0,8350000.0,salary,2024-11-10 12:29:00
BGT07951,USR073,INC07166,3650000.0,2150000.0,950000.0,6750000.0,5800000.0,business,2023-04-16 19:36:00
BGT06754,USR052,INC01824,1900000.0,1300000.0,700000.0,3900000.0,3200000.0,bonus,2023-11-29 08:04:00
BGT01836,USR036,INC01355,1000000.0,600000.0,300000.0,1900000.0,1600000.0,part_time,2023-05-30 06:46:00
BGT04653,USR026,INC00136,2500000.0,1500000.0,950000.0,4950000.0,4000000.0,internship,2024-05-25 18:59:00
BGT02390,USR065,INC09338,3150000.0,2350000.0,1400000.0,6900000.0,5500000.0,freelance,2024-12-22 13:18:00
BGT01230,USR001,INC09078,600000.0,350000.0,250000.0,1200000.0,950000.0,allowance,2023-09-03 21:38:00
BGT03172,USR036,INC05282,1050000.0,600000.0,500000.0,2150000.0,1650000.0,allowance,2023-09-03 19:44:00
BGT02302,USR036,INC02302,1600000.0,1000000.0,400000.0,3000000.0,2600000.0,internship,2024-07-17 08:32:00
BGT05099,USR032,INC00413,2600000.0,1250000.0,800000.0,4650000.0,3850000.0,allowance,2023-03-28 08:38:00
BGT01693,USR044,INC06764,1650000.0,800000.0,600000.0,3050000.0,2450000.0,business,2024-03-16 11:52:00
BGT02222,USR037,INC06904,700000.0,500000.0,400000.0,1600000.0,1200000.0,internship,2024-07-15 11:00:00
BGT08436,USR014,INC05953,1100000.0,700000.0,650000.0,2450000.0,1800000.0,allowance,2024-06-08 20:40:00
BGT04076,USR061,INC03866,4900000.0,3250000.0,1650000.0,9850000.0,8150000.0,freelance,2023-01-18 11:49:00
BGT07912,USR005,INC00722,1050000.0,750000.0,400000.0,2200000.0,1800000.0,part_time,2023-10-24 15:50:00
BGT07633,USR042,INC02652,3400000.0,2050000.0,1100000.0,6550000.0,5450000.0,freelance,2024-03-08 00:29:00
BGT05289,USR034,INC08370,2400000.0,1250000.0,800000.0,4450000.0,3650000.0,part_time,2023-07-01 02:46:00
BGT01095,USR021,INC08222,1900000.0,1100000.0,800000.0,3800000.0,3000000.0,allowance,2024-05-04 17:11:00
BGT00089,USR025,INC05314,1400000.0,700000.0,550000.0,2650000.0,2100000.0,internship,2023-08-22 00:00:00
BGT05896,USR062,INC08722,2650000.0,1350000.0,950000.0,4950000.0,4000000.0,investment_return,2024-10-25 14:50:00
BGT01190,USR058,INC02658,3300000.0,1800000.0,900000.0,6000000.0,5100000.0,freelance,2024-10-31 07:15:00
BGT00606,USR037,INC06436,1800000.0,1150000.0,900000.0,3850000.0,2950000.0,freelance,2023-04-21 22:16:00
BGT08105,USR026,INC08418,1700000.0,1000000.0,350000.0,3100000.0,2700000.0,allowance,2023-04-10 10:32:00
BGT06666,USR030,INC08362,1450000.0,700000.0,450000.0,2600000.0,2150000.0,part_time,2024-09-24 08:18:00
BGT00757,USR015,INC01866,450000.0,300000.0,200000.0,1000000.0,750000.0,scholarship,2024-06-10 21:36:00
BGT03228,USR069,INC03648,3550000.0,2300000.0,1350000.0,7200000.0,5850000.0,business,2024-07-02 01:01:00
BGT02009,USR011,INC06938,850000.0,550000.0,450000.0,1850000.0,1400000.0,allowance,2023-08-12 23:38:00
BGT06286,USR022,INC00456,900000.0,450000.0,350000.0,1700000.0,1350000.0,internship,2024-05-05 05:35:00
BGT02852,USR048,INC01086,2950000.0,1600000.0,1350000.0,5900000.0,4550000.0,freelance,2024-10-05 12:39:00
BGT00638,USR020,INC08139,1550000.0,950000.0,500000.0,3000000.0,2500000.0,allowance,2023-03-30 13:38:00
BGT03770,USR041,INC01633,2750000.0,1950000.0,1100000.0,5800000.0,4700000.0,bonus,2023-03-04 04:37:00
BGT03854,USR064,INC07066,2600000.0,2000000.0,1300000.0,5900000.0,4600000.0,business,2023-08-12 14:20:00
BGT05924,USR018,INC09853,1250000.0,650000.0,300000.0,2200000.0,1900000.0,allowance,2024-10-17 19:14:00
BGT04170,USR043,INC02240,3400000.0,2150000.0,1200000.0,6750000.0,5550000.0,bonus,2024-09-05 12:54:00
BGT07691,USR058,INC02114,3500000.0,2200000.0,1150000.0,685000000.0,5700000.0,business,2024-10-03 05:13:00
BGT05014,USR020,INC05368,650000.0,300000.0,200000.0,1200000.0,950000.0,allowance,2023-10-12 04:37:00
BGT02834,USR018,INC03553,1400000.0,950000.0,650000.0,3000000.0,2350000.0,part_time,2024-03-17 11:31:00
BGT06124,USR022,INC06920,1250000.0,700000.0,300000.0,2250000.0,1950000.0,freelance,2024-04-05 05:00:00
BGT09004,USR005,INC01977,900000.0,600000.0,350000.0,1850000.0,1500000.0,allowance,2024-09-27 19:36:00
BGT05735,USR046,INC05872,4000000.0,2300000.0,1100000.0,7450000.0,6300000.0,salary,2023-09-18 08:18:00
BGT05878,USR026,INC04168,1350000.0,650000.0,400000.0,2400000.0,2000000.0,allowance,2023-08-28 10:17:00
BGT09910,USR071,INC09178,3750000.0,2050000.0,1000000.0,6800000.0,5800000.0,investment_return,2023-01-24 22:38:00
BGT07653,USR060,INC09611,3800000.0,2000000.0,1650000.0,7450000.0,5800000.0,business,2023-07-19 10:18:00
BGT09700,USR050,INC07065,2100000.0,1500000.0,1100000.0,4700000.0,3600000.0,bonus,2023-10-30 10:27:00
BGT04783,USR034,INC04221,900000.0,500000.0,350000.0,1750000.0,1400000.0,allowance,2023-12-12 10:08:00
BGT07711,USR012,INC01924,1200000.0,800000.0,450000.0,2450000.0,2000000.0,scholarship,2023-12-02 23:12:00
BGT04047,USR058,INC08737,1650000.0,1050000.0,500000.0,3250000.0,2700000.0,business,2024-01-07 20:49:00
BGT08191,USR052,INC05134,3250000.0,1850000.0,1050000.0,6150000.0,5100000.0,bonus,2023-12-30 20:43:00
BGT06248,USR044,INC09423,4100000.0,2650000.0,1000000.0,7750000.0,6750000.0,bonus,2023-04-29 22:15:00
BGT01399,USR044,INC07263,2450000.0,1750000.0,1250000.0,5450000.0,4200000.0,business,2023-12-04 09:31:00
BGT02540,USR031,INC07940,1650000.0,950000.0,400000.0,3000000.0,2600000.0,allowance,2023-11-01 13:38:00
BGT07114,USR055,INC08954,2500000.0,1700000.0,1000000.0,5200000.0,4200000.0,bonus,2023-08-30 22:39:00
BGT01603,USR063,INC03558,3650000.0,1900000.0,1500000.0,7050000.0,5550000.0,freelance,2024-03-08 03:13:00
BGT02979,USR041,INC03603,3450000.0,2050000.0,1150000.0,6650000.0,5500000.0,bonus,2023-03-08 00:15:00
BGT06007,USR025,INC03743,1550000.0,1000000.0,900000.0,3450000.0,2550000.0,internship,2023-09-12 23:27:00
BGT07752,USR064,INC09946,2950000.0,2150000.0,1450000.0,6550000.0,5100000.0,investment_return,2024-08-02 14:38:00
BGT06342,USR025,INC09016,1050000.0,600000.0,300000.0,1950000.0,1650000.0,internship,2024-12-06 06:46:00
BGT04387,USR037,INC07690,2300000.0,1350000.0,650000.0,4300000.0,3650000.0,internship,2024-01-09 18:56:00
BGT06429,USR048,INC05998,2750000.0,1550000.0,1700000.0,6000000.0,4300000.0,salary,2024-06-06 10:07:00
BGT03513,USR023,INC09380,2200000.0,1600000.0,950000.0,4750000.0,3800000.0,freelance,2023-12-24 05:05:00
BGT06828,USR036,INC04033,1950000.0,1200000.0,450000.0,3600000.0,3150000.0,part_time,2024-05-20 07:55:00
BGT01126,USR004,INC09712,800000.0,400000.0,300000.0,1500000.0,1200000.0,part_time,2023-08-20 09:46:00
BGT05875,USR027,INC02425,1400000.0,850000.0,400000.0,2650000.0,2250000.0,allowance,2023-11-01 22:24:00
BGT04730,USR057,INC00672,2100000.0,1150000.0,850000.0,4100000.0,3250000.0,business,2023-01-06 11:39:00
BGT00362,USR029,INC01390,1050000.0,700000.0,450000.0,2250000.0,1750000.0,allowance,2023-12-02 09:33:00
BGT04418,USR046,INC06458,3200000.0,1950000.0,1350000.0,6500000.0,5150000.0,freelance,2023-09-16 09:10:00
BGT02585,USR053,INC08345,1700000.0,800000.0,600000.0,3100000.0,2500000.0,salary,2023-03-20 22:09:00
BGT08358,USR069,INC03232,2550000.0,1300000.0,850000.0,470000000.0,3850000.0,investment_return,2024-09-22 05:01:00
BGT07064,USR030,INC03163,2700000.0,1300000.0,1000000.0,5000000.0,4000000.0,allowance,2024-04-10 02:46:00
BGT03942,USR033,INC03826,1350000.0,900000.0,750000.0,3000000.0,2250000.0,internship,2024-02-20 20:34:00
BGT08456,USR069,INC04957,4600000.0,-3000000.0,1450000.0,9050000.0,1600000.0,salary,2024-02-26 03:11:00
BGT07403,USR002,INC06143,1150000.0,650000.0,350000.0,2150000.0,1800000.0,scholarship,2024-11-01 21:08:00
BGT02354,USR074,INC07124,2500000.0,1700000.0,1350000.0,5550000.0,4200000.0,salary,2023-06-27 05:25:00
BGT04287,USR072,INC02887,3000000.0,1700000.0,1600000.0,6300000.0,4700000.0,business,2024-07-10 12:44:00
BGT02468,USR059,INC01018,3000000.0,1950000.0,1000000.0,5950000.0,4950000.0,bonus,2023-07-25 01:35:00
BGT05364,USR072,INC02105,4000000.0,2450000.0,950000.0,7400000.0,6450000.0,freelance,2024-10-17 08:36:00
BGT07143,USR029,INC03868,1650000.0,1050000.0,750000.0,3450000.0,2700000.0,allowance,2024-02-28 09:04:00
BGT02405,USR030,INC00518,1200000.0,750000.0,800000.0,2750000.0,1950000.0,internship,2024-05-31 14:32:00
BGT08767,USR032,INC06225,1850000.0,1000000.0,750000.0,3650000.0,2850000.0,allowance,2023-10-05 17:35:00
BGT09417,USR002,INC02688,850000.0,550000.0,500000.0,1900000.0,1400000.0,part_time,2024-01-02 10:02:00
BGT09891,USR022,INC06285,1150000.0,750000.0,700000.0,2600000.0,1900000.0,part_time,2024-11-28 19:07:00
BGT03143,USR031,INC00526,1500000.0,1000000.0,650000.0,3150000.0,2500000.0,allowance,2024-02-16 12:23:00
BGT02296,USR049,INC06810,3100000.0,1800000.0,2000000.0,6900000.0,4900000.0,bonus,2023-06-28 18:13:00
BGT06895,USR062,INC09316,2250000.0,1200000.0,850000.0,4350000.0,3450000.0,investment_return,2024-11-27 06:20:00
BGT04935,USR075,INC00253,4300000.0,2550000.0,2300000.0,9150000.0,6850000.0,freelance,2023-01-18 07:09:00
BGT04077,USR061,INC07060,2250000.0,1650000.0,1000000.0,4900000.0,3900000.0,investment_return,2023-01-11 11:11:00
BGT00978,USR061,INC08444,4550000.0,2800000.0,1200000.0,8550000.0,7350000.0,business,2024-09-24 00:40:00
BGT03008,USR047,INC00182,2600000.0,1400000.0,1350000.0,5350000.0,4000000.0,freelance,2023-09-17 15:51:00
BGT08604,USR026,INC00379,1550000.0,1150000.0,650000.0,3350000.0,2700000.0,freelance,2024-03-10 00:01:00
BGT04471,USR045,INC07370,3650000.0,2150000.0,950000.0,6750000.0,5800000.0,salary,2023-02-24 14:31:00
BGT08081,USR043,INC04368,1700000.0,950000.0,450000.0,3100000.0,2650000.0,salary,2024-01-09 23:39:00
BGT07313,USR010,INC04175,1400000.0,800000.0,300000.0,2500000.0,2200000.0,part_time,2024-04-04 03:00:00
BGT02215,USR025,INC04516,1100000.0,650000.0,450000.0,2200000.0,1750000.0,part_time,2023-02-10 06:11:00
BGT03346,USR025,INC06906,1150000.0,700000.0,400000.0,2250000.0,1850000.0,part_time,2023-04-02 23:45:00
BGT00394,USR022,INC05062,1200000.0,850000.0,600000.0,2650000.0,2050000.0,internship,2024-09-24 12:12:00
BGT03430,USR053,INC03980,1950000.0,1200000.0,1050000.0,4200000.0,3150000.0,salary,2023-09-16 20:08:00
BGT06187,USR014,INC07208,800000.0,550000.0,400000.0,1750000.0,1350000.0,allowance,2024-10-08 15:39:00
BGT07444,USR017,INC01225,1050000.0,600000.0,600000.0,2250000.0,1650000.0,scholarship,2023-08-30 17:09:00
BGT05645,USR057,INC09379,3950000.0,2300000.0,1350000.0,7600000.0,6250000.0,salary,2023-03-12 21:11:00
BGT01098,USR046,INC00560,2600000.0,1400000.0,1000000.0,5000000.0,4000000.0,bonus,2023-02-25 04:32:00
BGT00916,USR016,INC00515,1300000.0,950000.0,550000.0,2800000.0,2250000.0,scholarship,2023-10-11 13:58:00
BGT06524,USR010,INC09970,950000.0,650000.0,350000.0,1950000.0,1600000.0,part_time,2023-01-10 11:03:00
BGT07066,USR005,INC03438,1150000.0,850000.0,650000.0,2650000.0,2000000.0,part_time,2023-07-04 11:18:00
BGT03142,USR068,INC09170,3900000.0,2750000.0,1650000.0,8350000.0,6650000.0,salary,2023-08-07 19:30:00
BGT03127,USR064,INC06351,2600000.0,1700000.0,800000.0,5100000.0,4300000.0,business,2024-09-05 03:01:00
BGT06953,USR036,INC03358,1550000.0,1100000.0,800000.0,3450000.0,2650000.0,freelance,2024-03-14 10:34:00
BGT00673,USR058,INC01419,2850000.0,1600000.0,850000.0,5300000.0,4450000.0,freelance,2023-11-08 03:11:00
BGT07564,USR009,INC04944,950000.0,600000.0,450000.0,2000000.0,1550000.0,scholarship,2024-10-29 13:59:00
BGT01713,USR027,INC05400,750000.0,450000.0,350000.0,1550000.0,1200000.0,allowance,2024-02-14 13:10:00
BGT01473,USR037,INC02187,1700000.0,1050000.0,1000000.0,3750000.0,2750000.0,freelance,2023-03-02 00:51:00
BGT04913,USR051,INC03439,4150000.0,2100000.0,1750000.0,8000000.0,6250000.0,freelance,2024-03-23 20:27:00
BGT08268,USR041,INC00327,1550000.0,1000000.0,850000.0,3400000.0,2550000.0,business,2024-01-14 10:50:00
BGT04407,USR017,INC02015,1000000.0,-600000.0,400000.0,2000000.0,400000.0,allowance,2023-06-01 08:19:00
BGT02841,USR016,INC09725,900000.0,500000.0,300000.0,1700000.0,1400000.0,part_time,2023-03-03 17:52:00
BGT05938,USR040,INC04217,1500000.0,900000.0,850000.0,3300000.0,2400000.0,part_time,2024-12-12 21:22:00
BGT08509,USR024,INC05595,2250000.0,1300000.0,900000.0,4450000.0,3550000.0,allowance,2024-12-26 07:56:00
BGT05876,USR060,INC05472,2750000.0,1550000.0,1700000.0,6000000.0,4300000.0,bonus,2024-04-30 21:21:00
BGT05847,USR063,INC06780,2000000.0,1400000.0,700000.0,4100000.0,3400000.0,investment_return,2023-07-18 01:50:00
BGT07046,USR051,INC01703,2650000.0,1700000.0,1100000.0,5450000.0,4350000.0,salary,2023-09-03 02:06:00
BGT06563,USR059,INC04331,1750000.0,1150000.0,750000.0,3650000.0,2900000.0,salary,2023-10-30 02:56:00
BGT08189,USR061,INC07953,4200000.0,2550000.0,1000000.0,7800000.0,6750000.0,bonus,2024-04-21 22:19:00
BGT05029,USR015,INC05733,1400000.0,800000.0,400000.0,2600000.0,2200000.0,allowance,2023-11-05 22:33:00
BGT02019,USR045,INC04478,3550000.0,1900000.0,900000.0,6350000.0,5450000.0,business,2023-03-02 05:48:00
BGT03571,USR056,INC03588,2850000.0,1550000.0,950000.0,5350000.0,4400000.0,freelance,2023-03-21 00:14:00
BGT06573,USR066,INC01367,2300000.0,1400000.0,700000.0,4450000.0,3700000.0,investment_return,2024-12-25 11:18:00
BGT06192,USR059,INC09067,3350000.0,2350000.0,1900000.0,7650000.0,5700000.0,salary,2023-03-13 18:38:00
BGT01090,USR065,INC02002,3100000.0,2050000.0,900000.0,6050000.0,5150000.0,bonus,2023-08-11 08:41:00
BGT05669,USR039,INC06003,1650000.0,1000000.0,700000.0,3400000.0,2650000.0,allowance,2023-09-07 04:38:00
BGT06444,USR008,INC02976,1250000.0,850000.0,350000.0,2450000.0,2100000.0,scholarship,2023-10-20 14:58:00
BGT04692,USR007,INC07864,750000.0,450000.0,350000.0,1550000.0,1200000.0,allowance,2024-03-11 21:30:00
BGT00605,USR071,INC05922,2950000.0,1900000.0,1900000.0,6750000.0,4850000.0,investment_return,2024-04-02 07:25:00
BGT06487,USR035,INC03474,1200000.0,800000.0,500000.0,2500000.0,2000000.0,internship,2024-01-30 00:19:00
BGT06000,USR046,INC07912,4100000.0,2350000.0,900000.0,7350000.0,6450000.0,freelance,2023-12-06 01:49:00
BGT05863,USR020,INC00460,950000.0,700000.0,400000.0,2100000.0,1650000.0,allowance,2024-10-27 14:03:00
BGT07541,USR050,INC03080,4150000.0,2250000.0,1600000.0,8000000.0,6400000.0,salary,2024-05-29 02:38:00
BGT04143,USR061,INC07107,3200000.0,1900000.0,1200000.0,6300000.0,5100000.0,bonus,2024-04-17 20:35:00
BGT05681,USR072,INC02423,3750000.0,2600000.0,1800000.0,8200000.0,6350000.0,salary,2024-10-08 03:52:00
BGT07996,USR071,INC07426,4100000.0,2700000.0,1400000.0,8250000.0,6800000.0,bonus,2023-09-15 09:15:00
BGT06565,USR042,INC08054,2700000.0,1450000.0,800000.0,4950000.0,4150000.0,salary,2023-01-26 20:52:00
BGT00376,USR045,INC00025,4050000.0,2250000.0,1450000.0,7750000.0,6300000.0,business,2023-08-05 04:48:00
BGT02901,USR046,INC04799,3950000.0,1850000.0,1350000.0,7150000.0,5800000.0,salary,2024-12-22 03:59:00
BGT09842,USR034,INC02786,700000.0,500000.0,350000.0,1550000.0,1200000.0,part_time,2023-04-01 11:46:00
BGT02402,USR071,INC06657,4900000.0,2900000.0,1250000.0,9100000.0,7800000.0,bonus,2023-02-27 10:09:00
BGT03723,USR067,INC03451,3100000.0,1700000.0,900000.0,5700000.0,4800000.0,freelance,2024-07-28 21:20:00
BGT00751,USR016,INC09995,850000.0,600000.0,450000.0,1900000.0,1450000.0,allowance,2023-06-03 06:15:00
BGT00639,USR045,INC08720,1750000.0,1100000.0,450000.0,3300000.0,2850000.0,business,2023-09-08 20:44:00
BGT05022,USR072,INC04774,4350000.0,3050000.0,2500000.0,9900000.0,7400000.0,salary,2024-08-15 07:25:00
BGT09245,USR055,INC07006,2650000.0,1750000.0,900000.0,5300000.0,4400000.0,business,2024-03-26 01:28:00
BGT05743,USR051,INC05727,2100000.0,1000000.0,750000.0,3850000.0,3100000.0,freelance,2024-01-25 18:03:00
BGT01361,USR003,INC00618,850000.0,550000.0,300000.0,1700000.0,1400000.0,part_time,2024-11-23 03:50:00
BGT01580,USR050,INC02371,2350000.0,1550000.0,1450000.0,5350000.0,3900000.0,freelance,2023-09-25 16:07:00
BGT00383,USR013,INC09692,600000.0,400000.0,300000.0,1300000.0,1000000.0,scholarship,2024-01-25 08:43:00
BGT04578,USR035,INC04065,1800000.0,1050000.0,900000.0,3800000.0,2850000.0,internship,2023-02-12 17:40:00
BGT09892,USR008,INC07348,1200000.0,750000.0,450000.0,2400000.0,1950000.0,scholarship,2024-12-12 15:11:00
BGT08889,USR071,INC08428,2900000.0,2000000.0,1700000.0,6600000.0,4900000.0,investment_return,2023-12-23 23:55:00
BGT04888,USR013,INC05933,850000.0,550000.0,400000.0,1800000.0,1400000.0,part_time,2024-10-24 01:37:00
BGT03392,USR037,INC06888,1850000.0,1100000.0,1300000.0,4250000.0,2950000.0,part_time,2023-07-28 16:47:00
BGT01057,USR039,INC00166,2300000.0,1200000.0,800000.0,4300000.0,3500000.0,part_time,2023-04-21 10:05:00
BGT07772,USR024,INC04795,1800000.0,950000.0,450000.0,3200000.0,2750000.0,allowance,2023-08-26 01:46:00
BGT05943,USR040,INC01975,1800000.0,1050000.0,1150000.0,4050000.0,2850000.0,freelance,2023-03-28 11:24:00
BGT01131,USR050,INC02117,2400000.0,1400000.0,950000.0,4750000.0,3800000.0,freelance,2023-01-05 15:39:00
BGT04652,USR055,INC07854,2250000.0,1350000.0,900000.0,4500000.0,3600000.0,salary,2023-02-08 12:33:00
BGT02510,USR038,INC05267,1700000.0,1200000.0,850000.0,3800000.0,2900000.0,freelance,2024-07-15 04:45:00
BGT05898,USR059,INC08430,2200000.0,1700000.0,1100000.0,5050000.0,3900000.0,business,2023-08-09 14:09:00
BGT05208,USR049,INC09104,3700000.0,2050000.0,1550000.0,7300000.0,5750000.0,salary,2024-07-29 21:59:00
BGT08791,USR012,INC00545,1400000.0,850000.0,400000.0,2650000.0,2250000.0,scholarship,2023-12-09 17:49:00
BGT07032,USR032,INC07003,2250000.0,1450000.0,1300000.0,5000000.0,3700000.0,internship,2023-09-01 16:58:00
BGT04197,USR003,INC07013,600000.0,400000.0,350000.0,1350000.0,1000000.0,allowance,2023-09-24 09:14:00
BGT08655,USR037,INC09233,2150000.0,1250000.0,1000000.0,4400000.0,3400000.0,part_time,2023-02-14 20:07:00
BGT06394,USR032,INC05918,2450000.0,1350000.0,1100000.0,490000000.0,3800000.0,freelance,2023-08-05 16:07:00
BGT00898,USR061,INC08715,4250000.0,2700000.0,1200000.0,8150000.0,6950000.0,salary,2024-09-06 18:35:00
BGT09822,USR022,INC02672,1800000.0,1100000.0,600000.0,3500000.0,2900000.0,part_time,2023-03-26 05:13:00
BGT04642,USR004,INC08519,1000000.0,600000.0,400000.0,2000000.0,1600000.0,part_time,2024-10-31 19:36:00
BGT08504,USR068,INC06944,2750000.0,1700000.0,1250000.0,5750000.0,4450000.0,bonus,2023-11-09 15:52:00
BGT05580,USR014,INC00965,800000.0,500000.0,150000.0,1450000.0,1300000.0,part_time,2024-07-10 21:36:00
BGT08261,USR012,INC06743,1000000.0,550000.0,350000.0,1900000.0,1550000.0,part_time,2024-02-29 15:45:00
BGT08058,USR019,INC05612,900000.0,550000.0,350000.0,1850000.0,1450000.0,allowance,2024-11-08 08:02:00
BGT09525,USR028,INC08616,700000.0,450000.0,450000.0,1600000.0,1150000.0,freelance,2024-07-28 17:37:00
BGT07515,USR041,INC01113,3600000.0,2050000.0,1250000.0,6900000.0,5650000.0,bonus,2023-10-11 03:40:00
BGT08438,USR003,INC02404,1450000.0,900000.0,300000.0,2650000.0,2350000.0,scholarship,2023-08-28 06:12:00
BGT01676,USR065,INC09224,4500000.0,2800000.0,1500000.0,8800000.0,7300000.0,business,2024-12-13 04:24:00
BGT08525,USR035,INC04360,2050000.0,1050000.0,650000.0,3750000.0,3100000.0,internship,2023-10-21 22:20:00
BGT02450,USR064,INC07020,3050000.0,1600000.0,1100000.0,5750000.0,4650000.0,freelance,2024-08-23 21:04:00
BGT08350,USR053,INC01513,3300000.0,2250000.0,1500000.0,7050000.0,5550000.0,freelance,2024-02-02 11:28:00
BGT01079,USR004,INC01076,1400000.0,800000.0,500000.0,2700000.0,2200000.0,part_time,2023-05-18 06:13:00
BGT03501,USR043,INC06160,3100000.0,2150000.0,1300000.0,6550000.0,5250000.0,bonus,2024-08-08 18:04:00
BGT00154,USR001,INC02896,800000.0,400000.0,250000.0,1450000.0,1200000.0,allowance,2024-07-06 11:33:00
BGT04100,USR064,INC02914,4150000.0,2250000.0,1700000.0,8100000.0,6400000.0,business,2024-08-11 01:52:00
BGT04908,USR049,INC00830,3000000.0,1550000.0,800000.0,5400000.0,4550000.0,business,2024-05-24 04:08:00
BGT07405,USR027,INC06601,2050000.0,1300000.0,1000000.0,4350000.0,3350000.0,part_time,2023-07-28 15:11:00
BGT01682,USR070,INC05803,5400000.0,3050000.0,1150000.0,9600000.0,8450000.0,freelance,2024-11-16 02:52:00
BGT09845,USR047,INC00489,3850000.0,2200000.0,850000.0,6900000.0,6050000.0,freelance,2024-05-16 09:28:00
BGT07802,USR002,INC07167,950000.0,600000.0,250000.0,1800000.0,1550000.0,allowance,2023-06-27 21:53:00
BGT03675,USR051,INC09800,3700000.0,2050000.0,1800000.0,7600000.0,5750000.0,business,2024-03-13 08:36:00
BGT06525,USR059,INC00169,3500000.0,2050000.0,1550000.0,7150000.0,5550000.0,business,2023-08-11 22:59:00
BGT06530,USR004,INC08756,950000.0,650000.0,400000.0,2000000.0,1600000.0,scholarship,2023-06-03 21:20:00
BGT00504,USR053,INC03560,2550000.0,1600000.0,800000.0,4950000.0,4150000.0,freelance,2023-10-29 23:50:00
BGT09645,USR069,INC00374,5200000.0,2850000.0,1750000.0,9850000.0,8050000.0,salary,2023-02-21 04:52:00
BGT02974,USR053,INC04916,2300000.0,1350000.0,500000.0,4150000.0,3650000.0,salary,2024-09-08 23:27:00
BGT05458,USR029,INC06484,1400000.0,850000.0,350000.0,2600000.0,2250000.0,freelance,2023-05-13 22:30:00
BGT07646,USR042,INC05602,3300000.0,2250000.0,1750000.0,7300000.0,5550000.0,freelance,2024-10-03 08:46:00
BGT00765,USR012,INC03650,500000.0,300000.0,250000.0,1050000.0,800000.0,allowance,2024-10-17 07:09:00
BGT09133,USR054,INC00044,2350000.0,1100000.0,750000.0,4200000.0,3450000.0,freelance,2024-09-16 08:44:00
BGT00859,USR019,INC08909,1000000.0,550000.0,350000.0,1900000.0,1550000.0,part_time,2024-10-27 13:03:00
BGT01357,USR026,INC03720,1500000.0,1000000.0,600000.0,3100000.0,2500000.0,internship,2024-10-21 14:16:00
BGT04827,USR025,INC04679,1600000.0,850000.0,500000.0,2950000.0,2450000.0,freelance,2024-08-08 09:49:00
BGT07580,USR044,INC09231,3400000.0,1850000.0,1850000.0,7100000.0,5250000.0,bonus,2024-09-25 11:09:00
BGT09944,USR014,INC00400,1300000.0,800000.0,800000.0,2900000.0,2100000.0,allowance,2024-04-29 17:03:00
BGT00408,USR031,INC04328,1250000.0,750000.0,750000.0,2750000.0,2000000.0,freelance,2023-12-08 02:39:00
BGT01758,USR038,INC07840,1950000.0,1000000.0,950000.0,3900000.0,2950000.0,internship,2023-01-19 04:58:00
BGT07716,USR052,INC06468,1700000.0,900000.0,450000.0,3050000.0,2600000.0,salary,2023-01-03 13:51:00
BGT07423,USR050,INC02643,3200000.0,1850000.0,1350000.0,6400000.0,5050000.0,freelance,2024-07-01 19:58:00
BGT02815,USR057,INC00419,3700000.0,2200000.0,1400000.0,7300000.0,5900000.0,freelance,2024-03-11 21:29:00
BGT01494,USR071,INC05123,4250000.0,2500000.0,1300000.0,8050000.0,6750000.0,salary,2024-02-22 04:31:00
BGT02995,USR074,INC01575,3250000.0,1950000.0,1450000.0,6650000.0,5200000.0,bonus,2023-12-27 03:16:00
BGT05295,USR021,INC05403,1200000.0,700000.0,550000.0,2450000.0,1900000.0,part_time,2023-04-12 05:56:00
BGT02951,USR007,INC07653,700000.0,400000.0,350000.0,1450000.0,1100000.0,scholarship,2023-11-30 13:23:00
BGT02989,USR047,INC01279,-2300000.0,1550000.0,1150000.0,4950000.0,-750000.0,salary,2024-03-25 01:59:00
BGT03986,USR049,INC04379,2450000.0,1300000.0,750000.0,4550000.0,3750000.0,freelance,2023-05-16 05:45:00
BGT05187,USR043,INC08866,3500000.0,2150000.0,1500000.0,7150000.0,5650000.0,business,2024-08-28 01:44:00
BGT09407,USR038,INC09577,2150000.0,1250000.0,750000.0,4150000.0,3400000.0,allowance,2023-08-25 20:16:00
BGT09113,USR019,INC02028,900000.0,600000.0,200000.0,1700000.0,1500000.0,scholarship,2024-02-19 11:49:00
BGT07451,USR073,INC02882,4000000.0,2450000.0,1400000.0,7850000.0,6450000.0,freelance,2023-04-24 18:38:00
BGT01856,USR006,INC07016,700000.0,450000.0,150000.0,1300000.0,1150000.0,scholarship,2023-12-13 23:10:00
BGT05018,USR044,INC06881,2600000.0,1500000.0,1450000.0,5550000.0,4100000.0,salary,2023-09-27 08:44:00
BGT07935,USR075,INC06310,2100000.0,1150000.0,1200000.0,4500000.0,3250000.0,investment_return,2024-12-21 03:42:00
BGT04796,USR054,INC02241,3100000.0,1700000.0,1350000.0,6150000.0,4800000.0,freelance,2024-10-04 23:19:00
BGT01028,USR006,INC07146,650000.0,400000.0,300000.0,1400000.0,1050000.0,allowance,2024-02-17 11:08:00
BGT04366,USR025,INC05369,2200000.0,1400000.0,1150000.0,4750000.0,3600000.0,internship,2023-09-17 01:28:00
BGT04882,USR043,INC05987,2900000.0,1600000.0,650000.0,5150000.0,4500000.0,freelance,2024-10-15 05:08:00
BGT05000,USR065,INC01044,4550000.0,2600000.0,1250000.0,8400000.0,7150000.0,freelance,2024-01-16 14:15:00
BGT09725,USR068,INC02388,2700000.0,1850000.0,1000000.0,5550000.0,4550000.0,business,2024-01-17 01:09:00
BGT07099,USR063,INC01132,2200000.0,1150000.0,1100000.0,4500000.0,3350000.0,investment_return,2024-08-06 16:10:00
BGT04000,USR023,INC07834,2100000.0,1300000.0,950000.0,4350000.0,3400000.0,part_time,2024-04-04 14:00:00
BGT08674,USR041,INC05257,4050000.0,2050000.0,1250000.0,740000000.0,6100000.0,freelance,2024-03-17 20:15:00
BGT01770,USR006,INC07840,850000.0,450000.0,250000.0,1550000.0,1300000.0,allowance,2023-09-10 15:49:00
BGT06742,USR017,INC08607,1150000.0,800000.0,450000.0,2400000.0,1950000.0,scholarship,2024-10-22 22:59:00
BGT04954,USR036,INC06525,1800000.0,1150000.0,900000.0,3850000.0,2950000.0,freelance,2023-12-05 06:57:00
BGT06267,USR038,INC01223,1150000.0,800000.0,600000.0,2550000.0,1950000.0,allowance,2023-11-11 07:18:00
BGT00925,USR051,INC02432,3650000.0,2050000.0,2250000.0,7950000.0,5700000.0,business,2024-01-16 22:18:00
BGT00884,USR036,INC04122,1950000.0,1200000.0,900000.0,4050000.0,3150000.0,internship,2024-04-11 16:35:00
BGT06270,USR064,INC04089,4400000.0,2700000.0,1650000.0,8750000.0,7100000.0,salary,2024-08-12 13:27:00
BGT09689,USR009,INC04575,1200000.0,900000.0,600000.0,2700000.0,2100000.0,part_time,2023-08-05 15:30:00
BGT06853,USR053,INC05234,2800000.0,1900000.0,1550000.0,6250000.0,4700000.0,bonus,2023-07-07 23:37:00
BGT01397,USR029,INC04782,2200000.0,1500000.0,1050000.0,4750000.0,3700000.0,allowance,2024-10-14 08:22:00
BGT02371,USR031,INC08448,2100000.0,1300000.0,850000.0,4250000.0,3400000.0,internship,2024-12-20 22:40:00
BGT00498,USR024,INC00981,1950000.0,1100000.0,750000.0,3800000.0,3050000.0,internship,2024-08-05 23:04:00
BGT04940,USR046,INC09601,3400000.0,1750000.0,1300000.0,6450000.0,5150000.0,business,2023-07-31 03:23:00
BGT02070,USR008,INC01451,1350000.0,700000.0,550000.0,2600000.0,2050000.0,part_time,2024-02-06 19:02:00
BGT09677,USR015,INC09341,1250000.0,750000.0,400000.0,2400000.0,2000000.0,scholarship,2023-11-29 22:31:00
BGT04281,USR042,INC05067,2100000.0,1250000.0,500000.0,3850000.0,3350000.0,freelance,2024-03-24 10:32:00
BGT01867,USR029,INC05347,950000.0,600000.0,250000.0,1800000.0,1550000.0,internship,2023-03-10 11:55:00
BGT09948,USR004,INC02243,1250000.0,600000.0,350000.0,2200000.0,1850000.0,allowance,2024-02-05 07:10:00
BGT01730,USR028,INC01457,2150000.0,1200000.0,1300000.0,4700000.0,3350000.0,internship,2023-02-03 17:43:00
BGT00270,USR053,INC09717,2850000.0,1800000.0,800000.0,5500000.0,4650000.0,freelance,2024-12-07 09:45:00
BGT04779,USR047,INC09652,2000000.0,1100000.0,600000.0,3700000.0,3100000.0,salary,2023-05-25 16:53:00
BGT07184,USR017,INC09404,1300000.0,950000.0,600000.0,2850000.0,2250000.0,allowance,2023-10-24 14:37:00
BGT05058,USR046,INC02697,3900000.0,2550000.0,1050000.0,7500000.0,6450000.0,salary,2023-05-17 20:24:00
BGT00196,USR060,INC05069,3550000.0,1750000.0,1150000.0,6450000.0,5300000.0,bonus,2024-03-24 05:47:00
BGT03648,USR013,INC01012,500000.0,300000.0,250000.0,1050000.0,800000.0,allowance,2023-09-27 19:15:00
BGT02920,USR043,INC04402,2800000.0,1800000.0,1450000.0,6050000.0,4600000.0,business,2024-12-05 19:16:00
BGT03947,USR052,INC03706,2200000.0,1200000.0,600000.0,4000000.0,3400000.0,freelance,2023-09-19 22:49:00
BGT04392,USR015,INC02726,1250000.0,700000.0,450000.0,2400000.0,1950000.0,scholarship,2023-06-22 02:01:00
BGT04455,USR016,INC05289,950000.0,650000.0,350000.0,1950000.0,1600000.0,allowance,2023-03-16 23:07:00
BGT04014,USR033,INC08587,1800000.0,1100000.0,600000.0,3500000.0,2900000.0,freelance,2024-03-24 18:46:00
BGT01108,USR058,INC01705,4050000.0,2050000.0,1400000.0,7500000.0,6100000.0,freelance,2024-10-28 05:00:00
BGT07862,USR050,INC09981,4050000.0,2450000.0,900000.0,7400000.0,6500000.0,business,2023-12-16 08:51:00
BGT09199,USR074,INC09430,4950000.0,3050000.0,1300000.0,9300000.0,8000000.0,bonus,2023-07-03 23:27:00
BGT03634,USR025,INC02118,850000.0,450000.0,400000.0,1700000.0,1300000.0,part_time,2024-05-31 19:02:00
BGT01802,USR057,INC05951,2200000.0,1350000.0,1300000.0,4900000.0,3550000.0,bonus,2023-10-13 19:50:00
BGT04561,USR041,INC03948,2500000.0,1350000.0,1350000.0,5250000.0,3850000.0,freelance,2023-06-13 15:57:00
BGT09358,USR073,INC02321,3750000.0,2200000.0,2200000.0,8150000.0,5950000.0,salary,2024-07-13 02:18:00
BGT07638,USR036,INC04770,1750000.0,1000000.0,1150000.0,3900000.0,2750000.0,part_time,2023-03-15 16:21:00
BGT04560,USR002,INC00067,550000.0,350000.0,250000.0,1150000.0,900000.0,part_time,2024-02-11 03:23:00
BGT04397,USR010,INC01264,1200000.0,700000.0,350000.0,2250000.0,1900000.0,allowance,2024-05-17 12:48:00
BGT02600,USR015,INC09982,800000.0,400000.0,200000.0,1400000.0,1200000.0,part_time,2023-05-27 01:57:00
BGT02522,USR036,INC09002,950000.0,600000.0,450000.0,2000000.0,1550000.0,part_time,2023-02-13 06:54:00
BGT04891,USR010,INC07699,600000.0,300000.0,150000.0,1050000.0,900000.0,scholarship,2023-04-26 13:17:00
BGT01310,USR053,INC09670,1650000.0,850000.0,650000.0,3200000.0,2500000.0,business,2024-06-15 10:28:00
BGT09836,USR021,INC07668,1950000.0,1250000.0,900000.0,4100000.0,3200000.0,allowance,2024-06-06 05:04:00
BGT09964,USR014,INC01803,1550000.0,850000.0,350000.0,2750000.0,2400000.0,part_time,2023-10-27 10:18:00
BGT07268,USR039,INC05630,2150000.0,1400000.0,1150000.0,4700000.0,3550000.0,internship,2024-10-11 00:33:00
BGT05785,USR018,INC09093,1250000.0,700000.0,400000.0,2350000.0,1950000.0,scholarship,2024-03-26 07:01:00
BGT06699,USR019,INC09145,550000.0,300000.0,200000.0,1050000.0,850000.0,scholarship,2024-02-23 06:33:00
BGT02496,USR055,INC01504,2850000.0,2100000.0,1400000.0,6350000.0,4950000.0,freelance,2024-01-06 06:25:00
BGT04489,USR047,INC07654,2650000.0,1450000.0,1200000.0,5300000.0,4100000.0,bonus,2024-02-16 18:08:00
BGT01021,USR031,INC04054,1550000.0,1050000.0,600000.0,3200000.0,2600000.0,allowance,2024-01-01 18:20:00
BGT06678,USR019,INC06093,900000.0,550000.0,350000.0,1800000.0,1450000.0,allowance,2023-12-30 02:56:00
BGT04541,USR005,INC02192,1150000.0,800000.0,400000.0,2350000.0,1950000.0,allowance,2023-03-27 22:45:00
BGT09764,USR047,INC01410,2150000.0,1200000.0,1300000.0,4650000.0,3350000.0,freelance,2024-02-21 04:53:00
BGT08508,USR059,INC02091,3500000.0,2150000.0,1800000.0,7450000.0,5650000.0,bonus,2023-06-08 15:48:00
BGT00787,USR054,INC08048,2650000.0,1500000.0,700000.0,4850000.0,4150000.0,business,2023-01-14 23:37:00
BGT08166,USR038,INC05220,2550000.0,1300000.0,800000.0,460000000.0,3850000.0,freelance,2024-06-20 08:39:00
BGT02130,USR008,INC09365,1650000.0,850000.0,500000.0,3000000.0,2500000.0,allowance,2023-04-26 16:47:00
BGT05158,USR073,INC07413,2600000.0,1450000.0,850000.0,4900000.0,4050000.0,freelance,2023-11-26 08:40:00
BGT09695,USR017,INC07029,1200000.0,750000.0,550000.0,2500000.0,1950000.0,allowance,2024-12-08 14:16:00
BGT00300,USR051,INC06900,2550000.0,1500000.0,900000.0,4950000.0,4050000.0,business,2023-03-30 06:32:00
BGT01163,USR061,INC00801,2900000.0,2050000.0,1300000.0,6250000.0,4950000.0,bonus,2024-12-24 12:50:00
BGT09142,USR058,INC04756,3400000.0,2050000.0,1600000.0,7050000.0,5450000.0,salary,2024-08-03 03:28:00
BGT05047,USR042,INC00069,2150000.0,1100000.0,1000000.0,4250000.0,3250000.0,bonus,2024-09-12 18:37:00
BGT05709,USR023,INC06459,1550000.0,900000.0,750000.0,3200000.0,2450000.0,part_time,2024-11-24 22:07:00
BGT09601,USR031,INC02121,1550000.0,850000.0,500000.0,2900000.0,2400000.0,allowance,2024-01-29 15:14:00
BGT01073,USR035,INC06923,1450000.0,1000000.0,800000.0,3250000.0,2450000.0,internship,2024-09-22 00:34:00
BGT05532,USR069,INC06378,4600000.0,2500000.0,2150000.0,9250000.0,7100000.0,salary,2024-12-06 22:53:00
BGT05375,USR064,INC05493,2400000.0,1450000.0,1500000.0,5350000.0,3850000.0,investment_return,2023-01-19 04:03:00
BGT09006,USR073,INC02179,4350000.0,2750000.0,950000.0,8050000.0,7100000.0,bonus,2024-05-12 02:20:00
BGT03590,USR009,INC09013,800000.0,550000.0,400000.0,1750000.0,1350000.0,scholarship,2023-08-18 10:24:00
BGT03017,USR005,INC07717,900000.0,450000.0,250000.0,1600000.0,1350000.0,allowance,2024-03-24 20:29:00
BGT01548,USR067,INC04417,3200000.0,1900000.0,1050000.0,6200000.0,5100000.0,salary,2024-05-21 13:44:00
BGT08752,USR020,INC04442,450000.0,300000.0,250000.0,1000000.0,750000.0,scholarship,2023-02-24 10:55:00
BGT05870,USR028,INC03116,800000.0,450000.0,350000.0,1600000.0,1250000.0,allowance,2023-11-24 21:31:00
BGT06389,USR046,INC09877,2300000.0,1250000.0,600000.0,4150000.0,3550000.0,business,2023-12-12 17:25:00
BGT04775,USR032,INC06419,1200000.0,750000.0,600000.0,2550000.0,1950000.0,internship,2024-03-05 07:39:00
BGT05080,USR015,INC05910,750000.0,450000.0,200000.0,1400000.0,1200000.0,part_time,2023-11-30 15:20:00
BGT04462,USR066,INC05080,2550000.0,1250000.0,900000.0,4700000.0,3800000.0,business,2024-05-11 09:32:00
BGT02021,USR033,INC03933,1450000.0,900000.0,800000.0,3150000.0,2350000.0,allowance,2023-11-01 01:19:00
BGT07686,USR005,INC01486,1250000.0,750000.0,600000.0,2600000.0,2000000.0,part_time,2023-10-28 06:35:00
BGT06542,USR017,INC08951,450000.0,300000.0,200000.0,1000000.0,750000.0,allowance,2023-03-10 06:50:00
BGT09056,USR063,INC09405,3350000.0,2200000.0,1750000.0,7300000.0,5550000.0,bonus,2024-03-18 10:37:00
BGT07778,USR071,INC07213,4450000.0,2500000.0,1400000.0,8350000.0,6950000.0,business,2024-01-25 07:25:00
BGT05081,USR066,INC07962,2250000.0,1350000.0,1250000.0,4850000.0,3600000.0,investment_return,2023-08-21 03:50:00
BGT08781,USR007,INC09076,1500000.0,950000.0,400000.0,2850000.0,2450000.0,part_time,2023-03-27 17:35:00
BGT06169,USR010,INC05713,1450000.0,750000.0,550000.0,2750000.0,2200000.0,part_time,2023-09-26 05:20:00
BGT07274,USR033,INC04420,1000000.0,700000.0,350000.0,2050000.0,1700000.0,internship,2024-02-12 03:11:00
BGT06987,USR051,INC01749,3500000.0,1800000.0,1150000.0,6500000.0,5300000.0,business,2024-01-26 19:05:00
BGT05682,USR011,INC09785,1100000.0,750000.0,500000.0,2350000.0,1850000.0,part_time,2024-05-05 02:56:00
BGT04194,USR033,INC05751,1850000.0,900000.0,700000.0,3450000.0,2750000.0,part_time,2023-04-10 17:06:00
BGT02381,USR068,INC04937,4900000.0,2650000.0,1650000.0,9200000.0,7550000.0,business,2024-09-16 08:05:00
BGT06099,USR066,INC04722,2700000.0,1700000.0,1100000.0,5500000.0,4400000.0,bonus,2024-04-19 17:40:00
BGT04238,USR030,INC09742,750000.0,400000.0,350000.0,1500000.0,1150000.0,internship,2024-11-11 05:47:00
BGT00457,USR063,INC00854,3950000.0,2600000.0,2450000.0,9000000.0,6550000.0,bonus,2023-06-25 00:04:00
BGT08715,USR058,INC04538,3800000.0,2350000.0,750000.0,6950000.0,6150000.0,business,2023-08-10 10:36:00
BGT04547,USR063,INC07706,4250000.0,2400000.0,1850000.0,8500000.0,6650000.0,salary,2024-08-10 17:37:00
BGT06186,USR062,INC06955,2950000.0,1700000.0,1800000.0,6450000.0,4650000.0,salary,2024-01-27 19:28:00
BGT09493,USR032,INC05406,1300000.0,750000.0,500000.0,2550000.0,2050000.0,internship,2023-02-21 11:48:00
BGT08720,USR062,INC02124,4050000.0,2450000.0,1950000.0,8450000.0,6500000.0,investment_return,2023-05-03 09:24:00
BGT00910,USR035,INC08776,1650000.0,900000.0,700000.0,3250000.0,2550000.0,allowance,2023-05-20 16:29:00
BGT05683,USR032,INC01210,2250000.0,1150000.0,600000.0,4050000.0,3400000.0,allowance,2024-07-01 09:28:00
BGT06223,USR045,INC01547,2700000.0,1550000.0,600000.0,4850000.0,4250000.0,freelance,2023-04-13 00:25:00
BGT03178,USR058,INC05018,2850000.0,1800000.0,1050000.0,5700000.0,4650000.0,bonus,2023-10-30 08:23:00
BGT02642,USR033,INC08028,1100000.0,700000.0,500000.0,2300000.0,1800000.0,freelance,2023-06-08 16:29:00
BGT00900,USR065,INC00827,5300000.0,3000000.0,1350000.0,9650000.0,8300000.0,business,2023-05-14 09:38:00
BGT06743,USR043,INC07258,2000000.0,1500000.0,1050000.0,4600000.0,3500000.0,business,2024-01-06 01:32:00
BGT05578,USR027,INC06982,1300000.0,750000.0,700000.0,2750000.0,2050000.0,internship,2024-01-14 11:32:00
BGT01808,USR043,INC06094,2000000.0,1050000.0,550000.0,3600000.0,3050000.0,business,2024-01-25 01:21:00
BGT07209,USR069,INC01315,2150000.0,1300000.0,850000.0,4300000.0,3450000.0,freelance,2024-10-13 15:33:00
BGT07694,USR013,INC00342,600000.0,400000.0,300000.0,1350000.0,1000000.0,allowance,2024-09-08 04:54:00
BGT01001,USR026,INC02776,1750000.0,1050000.0,900000.0,3700000.0,2800000.0,allowance,2024-11-11 21:26:00
BGT06683,USR025,INC09210,1600000.0,900000.0,450000.0,2950000.0,2500000.0,part_time,2024-06-23 08:07:00
BGT07119,USR009,INC00586,1000000.0,550000.0,350000.0,1900000.0,1550000.0,part_time,2023-07-23 02:30:00
BGT05813,USR002,INC04384,600000.0,400000.0,350000.0,1350000.0,1000000.0,scholarship,2024-02-25 01:19:00
BGT00569,USR043,INC04878,2050000.0,1150000.0,1050000.0,4250000.0,3200000.0,business,2023-04-15 14:23:00
BGT08167,USR006,INC06931,1000000.0,550000.0,400000.0,1950000.0,1550000.0,allowance,2023-01-20 02:56:00
BGT04399,USR013,INC07055,1300000.0,850000.0,600000.0,2800000.0,2150000.0,allowance,2023-05-30 15:21:00
BGT04431,USR001,INC09184,1250000.0,800000.0,350000.0,2450000.0,2050000.0,allowance,2023-09-30 15:03:00
BGT08388,USR055,INC04159,1700000.0,1250000.0,850000.0,3800000.0,2950000.0,salary,2023-04-04 08:59:00
BGT01234,USR005,INC03185,500000.0,300000.0,200000.0,1000000.0,800000.0,allowance,2023-11-22 12:36:00
BGT00845,USR045,INC00932,3850000.0,2200000.0,1800000.0,7850000.0,6050000.0,freelance,2023-10-05 13:54:00
BGT05173,USR009,INC09599,900000.0,500000.0,350000.0,1750000.0,1400000.0,allowance,2023-01-31 17:42:00
BGT06123,USR070,INC05611,4450000.0,3200000.0,1800000.0,9450000.0,7650000.0,freelance,2023-12-17 18:46:00
BGT04794,USR037,INC09641,800000.0,500000.0,450000.0,1750000.0,1300000.0,allowance,2023-09-14 06:10:00
BGT02586,USR053,INC01536,3600000.0,2350000.0,1850000.0,7800000.0,5950000.0,business,2023-12-22 01:08:00
BGT02138,USR006,INC03889,650000.0,300000.0,250000.0,1200000.0,950000.0,allowance,2023-03-17 14:14:00
BGT09917,USR016,INC08493,900000.0,600000.0,450000.0,1950000.0,1500000.0,part_time,2023-03-16 22:17:00
BGT04203,USR037,INC02224,1900000.0,1250000.0,750000.0,3900000.0,3150000.0,part_time,2023-11-23 05:22:00
BGT00935,USR005,INC03411,1000000.0,550000.0,600000.0,2150000.0,1550000.0,part_time,2024-12-05 04:55:00
BGT03258,USR049,INC08394,1950000.0,1050000.0,850000.0,3850000.0,3000000.0,freelance,2024-11-25 22:36:00
BGT06841,USR030,INC00458,2000000.0,1300000.0,1200000.0,4500000.0,3300000.0,internship,2024-11-27 05:07:00
BGT07386,USR041,INC04572,1900000.0,1100000.0,800000.0,3800000.0,3000000.0,salary,2024-05-13 13:03:00
BGT07701,USR007,INC00809,1150000.0,700000.0,400000.0,2250000.0,1850000.0,allowance,2024-11-13 21:34:00
BGT02790,USR021,INC08126,1700000.0,1050000.0,800000.0,3550000.0,2750000.0,internship,2023-01-12 17:57:00
BGT03951,USR016,INC07457,650000.0,350000.0,200000.0,1200000.0,1000000.0,scholarship,2023-07-08 21:48:00
BGT07554,USR017,INC03257,1000000.0,600000.0,450000.0,2050000.0,1600000.0,scholarship,2024-11-14 01:16:00
BGT06811,USR054,INC05594,2750000.0,1650000.0,1500000.0,5900000.0,4400000.0,salary,2024-08-24 03:05:00
BGT06131,USR019,INC00494,850000.0,550000.0,200000.0,1650000.0,1400000.0,part_time,2023-10-18 07:46:00
BGT07361,USR017,INC06498,1550000.0,900000.0,450000.0,2900000.0,2450000.0,allowance,2024-02-02 05:50:00
BGT04375,USR051,INC01795,2700000.0,-1450000.0,750000.0,4900000.0,1250000.0,salary,2023-01-26 21:41:00
BGT09009,USR027,INC09945,800000.0,400000.0,300000.0,1500000.0,1200000.0,internship,2024-09-03 21:36:00
BGT02249,USR005,INC02300,450000.0,250000.0,250000.0,1000000.0,700000.0,part_time,2024-06-26 17:28:00
BGT02874,USR003,INC06586,1300000.0,850000.0,300000.0,2450000.0,2150000.0,allowance,2023-03-01 22:52:00
BGT02541,USR053,INC09399,3200000.0,2000000.0,1450000.0,6700000.0,5200000.0,salary,2024-07-28 10:56:00
BGT09856,USR007,INC01913,1500000.0,750000.0,650000.0,2900000.0,2250000.0,allowance,2023-05-12 22:12:00
BGT04729,USR017,INC07205,600000.0,300000.0,250000.0,1150000.0,900000.0,allowance,2023-07-04 03:11:00
BGT02615,USR059,INC02952,1700000.0,850000.0,800000.0,3350000.0,2550000.0,salary,2024-06-04 01:34:00
BGT04355,USR039,INC07224,1300000.0,800000.0,650000.0,2750000.0,2100000.0,internship,2023-09-10 03:58:00
BGT02050,USR042,INC01286,3100000.0,1800000.0,1300000.0,6250000.0,4900000.0,freelance,2023-06-15 06:05:00
BGT00896,USR066,INC09411,4250000.0,2450000.0,1000000.0,7700000.0,6700000.0,business,2023-10-22 17:43:00
BGT02400,USR013,INC01450,1300000.0,850000.0,450000.0,2600000.0,2150000.0,allowance,2024-06-26 18:15:00
BGT01148,USR040,INC03831,2100000.0,1150000.0,1050000.0,4300000.0,3250000.0,part_time,2024-09-06 13:06:00
BGT01825,USR009,INC01875,850000.0,500000.0,400000.0,1800000.0,1350000.0,allowance,2023-03-08 17:03:00
BGT03870,USR022,INC01930,900000.0,600000.0,500000.0,2000000.0,1500000.0,internship,2024-10-27 07:28:00
BGT01139,USR037,INC04191,1000000.0,550000.0,300000.0,1850000.0,1550000.0,freelance,2023-09-27 01:45:00
BGT07968,USR003,INC03278,800000.0,450000.0,250000.0,1500000.0,1250000.0,part_time,2023-02-28 06:54:00
BGT00894,USR074,INC00636,4450000.0,2900000.0,1950000.0,9300000.0,7350000.0,bonus,2024-11-28 13:17:00
BGT09684,USR051,INC08151,1550000.0,900000.0,850000.0,3300000.0,2450000.0,bonus,2023-08-26 23:04:00
BGT01760,USR002,INC08718,1100000.0,750000.0,400000.0,2250000.0,1850000.0,scholarship,2024-10-18 22:03:00
BGT08346,USR019,INC02974,700000.0,450000.0,200000.0,1350000.0,1150000.0,scholarship,2023-12-29 13:53:00
BGT04440,USR013,INC07954,600000.0,350000.0,150000.0,1100000.0,950000.0,scholarship,2023-01-21 16:07:00
BGT00745,USR036,INC09772,850000.0,500000.0,400000.0,1750000.0,1350000.0,part_time,2024-10-18 15:50:00
BGT02353,USR004,INC09921,1200000.0,750000.0,300000.0,2250000.0,1950000.0,scholarship,2023-12-30 01:36:00
BGT04227,USR052,INC02656,1550000.0,1100000.0,700000.0,3350000.0,2650000.0,salary,2024-01-11 03:33:00
BGT07178,USR033,INC01600,2000000.0,1050000.0,850000.0,3950000.0,3050000.0,freelance,2023-03-18 10:15:00
BGT03526,USR007,INC08325,800000.0,550000.0,350000.0,1700000.0,1350000.0,part_time,2023-04-11 10:59:00
BGT07922,USR031,INC09891,1200000.0,750000.0,650000.0,2650000.0,1950000.0,part_time,2023-01-04 23:22:00
BGT04825,USR001,INC00986,650000.0,350000.0,350000.0,1350000.0,1000000.0,allowance,2024-04-10 14:10:00
BGT02294,USR024,INC02499,1500000.0,1000000.0,550000.0,3100000.0,2500000.0,part_time,2024-11-30 14:32:00
BGT02881,USR055,INC05277,1600000.0,1100000.0,700000.0,3450000.0,2700000.0,freelance,2024-01-06 00:48:00
BGT03560,USR052,INC02390,2400000.0,1300000.0,1100000.0,4800000.0,3700000.0,bonus,2023-12-17 13:08:00
BGT08313,USR046,INC05014,3150000.0,2050000.0,1000000.0,6200000.0,5200000.0,freelance,2023-02-20 14:03:00
BGT02728,USR061,INC00929,2700000.0,1500000.0,650000.0,4850000.0,4200000.0,business,2024-02-13 00:36:00
BGT02886,USR049,INC04725,1700000.0,1050000.0,500000.0,3250000.0,2750000.0,salary,2024-10-02 22:15:00
BGT00715,USR059,INC01960,1550000.0,1100000.0,650000.0,3350000.0,2650000.0,freelance,2024-03-15 09:37:00
BGT05604,USR022,INC06986,1300000.0,950000.0,550000.0,2850000.0,2250000.0,allowance,2023-04-12 17:26:00
BGT09817,USR075,INC01879,4500000.0,2700000.0,1300000.0,8500000.0,7200000.0,bonus,2023-12-25 12:14:00
BGT02839,USR074,INC03102,3300000.0,2300000.0,1600000.0,7200000.0,5600000.0,investment_return,2023-05-27 21:32:00
BGT02981,USR062,INC01839,4700000.0,2450000.0,1350000.0,8500000.0,7150000.0,investment_return,2023-09-09 06:56:00
BGT04894,USR038,INC04425,2150000.0,1450000.0,1150000.0,4750000.0,3600000.0,freelance,2023-08-31 04:31:00
BGT00283,USR036,INC08840,1800000.0,1150000.0,850000.0,3800000.0,2950000.0,allowance,2023-09-27 09:42:00
BGT09728,USR058,INC04394,2200000.0,1400000.0,1250000.0,4850000.0,3600000.0,business,2023-12-29 03:43:00
BGT00259,USR016,INC01104,850000.0,450000.0,450000.0,1750000.0,1300000.0,part_time,2024-02-18 05:37:00
BGT00484,USR039,INC03885,2150000.0,1300000.0,600000.0,405000000.0,3450000.0,freelance,2023-11-14 22:30:00
BGT07292,USR001,INC03576,1100000.0,600000.0,250000.0,1950000.0,1700000.0,scholarship,2023-05-30 14:00:00
BGT00447,USR034,INC07093,850000.0,500000.0,400000.0,1750000.0,1350000.0,allowance,2024-04-03 09:41:00
BGT03566,USR039,INC08057,1800000.0,950000.0,850000.0,3600000.0,2750000.0,freelance,2024-01-20 08:22:00
BGT02044,USR054,INC04198,2600000.0,1850000.0,1050000.0,5500000.0,4450000.0,bonus,2023-09-30 12:15:00
BGT09721,USR032,INC07451,1000000.0,700000.0,500000.0,2200000.0,1700000.0,internship,2024-06-16 05:35:00
BGT03222,USR016,INC00422,1200000.0,650000.0,350000.0,2200000.0,1850000.0,part_time,2023-06-25 13:37:00
BGT09068,USR004,INC03383,1350000.0,900000.0,600000.0,2850000.0,2250000.0,part_time,2024-01-13 01:43:00
BGT04105,USR033,INC04738,1900000.0,1050000.0,550000.0,3550000.0,2950000.0,internship,2023-11-10 08:07:00
BGT02552,USR052,INC09659,4000000.0,2300000.0,1200000.0,7500000.0,6300000.0,bonus,2024-12-30 09:17:00
BGT05549,USR059,INC02676,3950000.0,2250000.0,850000.0,7050000.0,6200000.0,bonus,2024-01-20 08:22:00
BGT00238,USR061,INC00810,4250000.0,3000000.0,2150000.0,9450000.0,7250000.0,investment_return,2024-06-18 20:27:00
BGT07311,USR009,INC02495,700000.0,400000.0,200000.0,1300000.0,1100000.0,part_time,2023-04-13 15:57:00
BGT01215,USR053,INC06775,-2250000.0,1500000.0,1250000.0,5000000.0,-750000.0,freelance,2024-10-20 11:55:00
BGT07468,USR024,INC09188,950000.0,600000.0,250000.0,1800000.0,1550000.0,part_time,2024-04-04 14:08:00
BGT09494,USR019,INC03137,550000.0,350000.0,300000.0,1250000.0,900000.0,allowance,2023-10-29 02:56:00
BGT07148,USR057,INC02954,-4200000.0,2550000.0,1000000.0,7750000.0,-1650000.0,business,2024-08-29 22:48:00
BGT08394,USR021,INC09707,1600000.0,950000.0,350000.0,2950000.0,2550000.0,allowance,2024-06-23 17:22:00
BGT07413,USR072,INC04919,3750000.0,2700000.0,1700000.0,8200000.0,6450000.0,salary,2023-09-09 13:09:00
BGT07164,USR016,INC05266,750000.0,450000.0,400000.0,1600000.0,1200000.0,part_time,2024-07-01 08:51:00
BGT09333,USR062,INC06972,2300000.0,1300000.0,800000.0,4400000.0,3600000.0,investment_return,2024-04-24 22:50:00
BGT05454,USR074,INC07748,4350000.0,2700000.0,2600000.0,9650000.0,7050000.0,business,2023-01-31 09:36:00
BGT02709,USR061,INC01529,2750000.0,1550000.0,1000000.0,5300000.0,4300000.0,freelance,2024-10-17 08:09:00
BGT08110,USR056,INC04304,1550000.0,1050000.0,600000.0,3200000.0,2600000.0,freelance,2023-08-10 20:00:00
BGT09556,USR030,INC04200,900000.0,650000.0,500000.0,210000000.0,1550000.0,internship,2023-04-05 15:49:00
BGT04895,USR008,INC03660,1000000.0,600000.0,400000.0,2000000.0,1600000.0,allowance,2024-11-06 16:14:00
BGT03166,USR035,INC08686,900000.0,500000.0,350000.0,1750000.0,1400000.0,allowance,2024-07-13 01:06:00
BGT07971,USR028,INC09436,2500000.0,1550000.0,900000.0,4950000.0,4050000.0,part_time,2023-07-01 21:58:00
BGT09339,USR014,INC00239,1000000.0,550000.0,450000.0,2000000.0,1550000.0,allowance,2024-11-10 17:40:00
BGT06313,USR017,INC01804,1500000.0,850000.0,300000.0,2700000.0,2350000.0,part_time,2023-04-08 08:12:00
BGT02172,USR051,INC07283,2200000.0,1450000.0,900000.0,4550000.0,3650000.0,freelance,2023-10-03 12:25:00
BGT02279,USR027,INC05497,1150000.0,800000.0,600000.0,2550000.0,1950000.0,freelance,2024-08-28 16:21:00
BGT01608,USR012,INC02903,550000.0,350000.0,250000.0,1150000.0,900000.0,allowance,2023-09-23 13:33:00
BGT07556,USR003,INC06263,1250000.0,800000.0,800000.0,2850000.0,2050000.0,part_time,2023-08-25 05:39:00
BGT02888,USR013,INC08455,500000.0,350000.0,250000.0,1100000.0,850000.0,allowance,2023-08-06 21:00:00
BGT09478,USR051,INC06268,3550000.0,2300000.0,1750000.0,760000000.0,5850000.0,salary,2024-11-02 03:43:00
BGT03072,USR065,INC05657,-3800000.0,2600000.0,1500000.0,7950000.0,-1200000.0,investment_return,2023-02-17 15:49:00
BGT07224,USR070,INC01198,2400000.0,1450000.0,1350000.0,5200000.0,3850000.0,freelance,2023-07-10 18:26:00
BGT03262,USR014,INC03815,900000.0,550000.0,350000.0,1800000.0,1450000.0,scholarship,2024-12-15 19:41:00
BGT00719,USR020,INC05591,750000.0,500000.0,300000.0,1550000.0,1250000.0,allowance,2024-02-03 04:11:00
BGT09675,USR052,INC05081,1900000.0,1100000.0,600000.0,3600000.0,3000000.0,bonus,2023-01-08 19:59:00
BGT07481,USR006,INC08818,1300000.0,800000.0,500000.0,2600000.0,2100000.0,part_time,2024-12-14 23:45:00
BGT09335,USR009,INC00996,650000.0,400000.0,200000.0,1250000.0,1050000.0,scholarship,2023-01-04 14:57:00
BGT03609,USR059,INC03563,2500000.0,1750000.0,1350000.0,5600000.0,4250000.0,freelance,2023-03-18 09:35:00
BGT04848,USR030,INC01051,1150000.0,550000.0,400000.0,2100000.0,1700000.0,internship,2024-11-09 16:29:00
BGT04225,USR053,INC08628,3700000.0,2200000.0,1200000.0,7150000.0,5900000.0,salary,2024-02-09 04:17:00
BGT03032,USR069,INC01725,3800000.0,2350000.0,900000.0,7050000.0,6150000.0,investment_return,2024-06-18 01:30:00
BGT09611,USR010,INC00661,1150000.0,600000.0,550000.0,2300000.0,1750000.0,part_time,2024-12-22 23:15:00
BGT04625,USR052,INC07570,4150000.0,2500000.0,1150000.0,7800000.0,6650000.0,salary,2023-10-15 09:45:00
BGT02209,USR070,INC07836,3150000.0,1750000.0,1150000.0,6050000.0,4900000.0,freelance,2023-01-31 03:34:00
BGT06373,USR037,INC04127,2400000.0,1350000.0,600000.0,4350000.0,3750000.0,part_time,2024-06-04 10:21:00
BGT00088,USR064,INC07776,5250000.0,2500000.0,1950000.0,9700000.0,7750000.0,bonus,2023-11-01 15:48:00
BGT07107,USR048,INC02566,2650000.0,1600000.0,700000.0,4950000.0,4250000.0,business,2023-09-16 20:12:00
BGT09499,USR041,INC09116,2950000.0,2150000.0,1450000.0,6550000.0,5100000.0,business,2024-05-16 14:13:00
BGT00901,USR024,INC00878,1800000.0,1100000.0,750000.0,3650000.0,2900000.0,allowance,2024-09-12 16:18:00
BGT09236,USR012,INC07634,1050000.0,700000.0,350000.0,2100000.0,1750000.0,scholarship,2023-06-16 07:35:00
BGT01382,USR058,INC08248,2350000.0,1300000.0,850000.0,4500000.0,3650000.0,bonus,2024-07-21 05:09:00
BGT09961,USR014,INC02395,1700000.0,850000.0,450000.0,3000000.0,2550000.0,scholarship,2024-08-14 03:46:00
BGT04024,USR073,INC07090,3700000.0,2300000.0,750000.0,6750000.0,6000000.0,freelance,2023-09-15 23:33:00
BGT01032,USR074,INC07300,2700000.0,1950000.0,1250000.0,5900000.0,4650000.0,business,2024-05-15 10:20:00
BGT01164,USR066,INC06763,2400000.0,1300000.0,700000.0,4400000.0,3700000.0,investment_return,2024-02-20 14:32:00
BGT05335,USR054,INC08853,2750000.0,1800000.0,1650000.0,6200000.0,4550000.0,freelance,2023-04-26 15:57:00
BGT01653,USR041,INC05038,2200000.0,1300000.0,1050000.0,4550000.0,3500000.0,salary,2023-06-15 02:44:00
BGT00674,USR016,INC05586,800000.0,550000.0,300000.0,1650000.0,1350000.0,part_time,2023-07-20 15:24:00
BGT03065,USR027,INC01923,2000000.0,1400000.0,1200000.0,4600000.0,3400000.0,internship,2023-05-12 07:53:00
BGT03037,USR008,INC08351,800000.0,500000.0,300000.0,1600000.0,1300000.0,allowance,2023-06-09 21:13:00
BGT00092,USR012,INC05025,550000.0,350000.0,250000.0,1150000.0,900000.0,scholarship,2023-09-14 14:44:00
BGT05522,USR001,INC09410,1250000.0,650000.0,350000.0,2300000.0,1900000.0,allowance,2024-11-12 20:54:00
BGT00289,USR045,INC02825,1600000.0,1000000.0,550000.0,3150000.0,2600000.0,freelance,2023-05-07 04:54:00
BGT01377,USR050,INC00879,3150000.0,1950000.0,2050000.0,7150000.0,5100000.0,salary,2023-05-07 11:38:00
BGT05203,USR052,INC05077,3600000.0,2500000.0,1400000.0,7500000.0,6100000.0,freelance,2023-04-01 09:58:00
BGT08741,USR043,INC03657,3700000.0,2150000.0,1850000.0,7700000.0,5850000.0,bonus,2024-07-29 17:01:00
BGT05345,USR054,INC01397,2500000.0,1500000.0,1400000.0,5400000.0,4000000.0,business,2024-11-07 12:58:00
BGT06750,USR022,INC08589,1300000.0,650000.0,450000.0,2450000.0,1950000.0,freelance,2024-01-09 03:59:00
BGT04923,USR062,INC06283,4600000.0,2700000.0,1100000.0,8400000.0,7300000.0,freelance,2024-08-27 07:39:00
BGT01781,USR067,INC00536,2600000.0,1450000.0,1350000.0,5400000.0,4050000.0,investment_return,2024-03-04 10:34:00
BGT05297,USR005,INC09323,1600000.0,950000.0,400000.0,2950000.0,2550000.0,allowance,2023-07-04 09:12:00
BGT04169,USR003,INC03401,1500000.0,900000.0,350000.0,2750000.0,2400000.0,allowance,2023-08-14 02:12:00
BGT05591,USR004,INC08782,1000000.0,500000.0,350000.0,1850000.0,1500000.0,part_time,2024-11-06 08:25:00
BGT03733,USR064,INC03380,3750000.0,2100000.0,1850000.0,7700000.0,5850000.0,business,2023-08-19 22:22:00
BGT09650,USR036,INC07542,2200000.0,1600000.0,900000.0,4700000.0,3800000.0,internship,2024-10-22 05:57:00
BGT08122,USR075,INC00142,3500000.0,1950000.0,800000.0,6250000.0,5450000.0,business,2023-07-21 00:02:00
BGT08048,USR069,INC08238,4350000.0,2600000.0,2300000.0,9250000.0,6950000.0,investment_return,2023-03-29 02:05:00
BGT09095,USR002,INC08496,500000.0,300000.0,300000.0,1100000.0,800000.0,allowance,2024-06-27 17:59:00
BGT02789,USR053,INC05083,2450000.0,1400000.0,550000.0,4400000.0,3850000.0,bonus,2023-11-10 11:19:00
BGT00995,USR051,INC08110,2000000.0,1050000.0,900000.0,3950000.0,3050000.0,freelance,2023-07-11 15:03:00
BGT09013,USR041,INC08484,3150000.0,1900000.0,900000.0,5950000.0,5050000.0,freelance,2024-05-05 17:50:00
BGT01130,USR075,INC04768,3800000.0,2700000.0,1750000.0,8250000.0,6500000.0,investment_return,2024-05-26 08:13:00
BGT00724,USR040,INC04759,1550000.0,850000.0,450000.0,2850000.0,2400000.0,internship,2023-02-20 20:22:00
BGT02165,USR027,INC03481,1550000.0,950000.0,750000.0,3250000.0,2500000.0,allowance,2023-03-06 07:57:00
BGT02704,USR049,INC01617,3250000.0,1750000.0,1250000.0,6250000.0,5000000.0,bonus,2024-09-04 09:54:00
BGT07894,USR014,INC07198,650000.0,350000.0,150000.0,1150000.0,1000000.0,scholarship,2024-11-27 15:48:00
BGT01720,USR037,INC09893,2350000.0,1150000.0,700000.0,4200000.0,3500000.0,internship,2024-02-12 19:47:00
BGT02151,USR008,INC07280,450000.0,300000.0,250000.0,1050000.0,750000.0,part_time,2024-01-01 05:13:00
BGT07955,USR002,INC01116,1150000.0,600000.0,450000.0,2200000.0,1750000.0,scholarship,2024-01-04 14:16:00
BGT04182,USR017,INC09828,1250000.0,750000.0,800000.0,2800000.0,2000000.0,allowance,2023-08-14 23:53:00
BGT06501,USR020,INC07176,1050000.0,550000.0,300000.0,1900000.0,1600000.0,allowance,2024-01-30 18:37:00
BGT03237,USR014,INC06469,1250000.0,750000.0,300000.0,2300000.0,2000000.0,scholarship,2024-06-13 01:43:00
BGT02591,USR058,INC05240,1400000.0,900000.0,700000.0,3000000.0,2300000.0,freelance,2023-06-17 04:35:00
BGT00632,USR015,INC06392,1100000.0,750000.0,550000.0,2400000.0,1850000.0,part_time,2023-02-08 22:24:00
BGT08809,USR029,INC08745,1400000.0,1050000.0,600000.0,3050000.0,2450000.0,freelance,2024-06-26 14:47:00
BGT06543,USR020,INC05980,700000.0,350000.0,250000.0,1300000.0,1050000.0,scholarship,2023-10-15 02:57:00
BGT04843,USR011,INC09001,950000.0,550000.0,350000.0,1850000.0,1500000.0,part_time,2024-09-28 09:33:00
BGT09336,USR040,INC03404,1000000.0,550000.0,550000.0,2100000.0,1550000.0,freelance,2024-04-13 12:24:00
BGT00711,USR013,INC03918,600000.0,400000.0,350000.0,1350000.0,1000000.0,scholarship,2023-10-08 09:55:00
BGT02975,USR055,INC07390,2350000.0,1650000.0,850000.0,4850000.0,4000000.0,bonus,2023-11-06 01:47:00
BGT09153,USR011,INC06075,1200000.0,750000.0,600000.0,2550000.0,1950000.0,part_time,2023-10-18 11:33:00
BGT06718,USR053,INC06651,3700000.0,1800000.0,1450000.0,7000000.0,5500000.0,salary,2023-09-09 19:18:00
BGT03480,USR051,INC02330,2650000.0,1500000.0,650000.0,4800000.0,4150000.0,business,2023-08-17 06:01:00
BGT06591,USR030,INC03605,1400000.0,850000.0,350000.0,2600000.0,2250000.0,allowance,2024-08-28 20:38:00
BGT04946,USR054,INC00652,2850000.0,1750000.0,550000.0,5200000.0,4600000.0,business,2023-03-01 22:06:00
BGT04026,USR060,INC01584,1650000.0,950000.0,600000.0,3200000.0,2600000.0,freelance,2024-09-28 16:38:00
BGT07350,USR023,INC00663,1650000.0,1050000.0,650000.0,3350000.0,2700000.0,part_time,2024-10-27 17:14:00
BGT02546,USR032,INC08694,2250000.0,1450000.0,1100000.0,4800000.0,3700000.0,allowance,2024-03-29 13:47:00
BGT03908,USR056,INC07995,3950000.0,1950000.0,1400000.0,7300000.0,5900000.0,salary,2023-10-10 16:18:00
BGT03219,USR056,INC02781,2150000.0,1100000.0,550000.0,3800000.0,3250000.0,freelance,2023-09-13 08:24:00
BGT07136,USR006,INC08481,650000.0,350000.0,300000.0,1300000.0,1000000.0,scholarship,2024-07-17 18:27:00
BGT01771,USR017,INC08483,500000.0,300000.0,250000.0,1050000.0,800000.0,freelance,2024-11-15 13:18:00
BGT09259,USR007,INC07597,1150000.0,650000.0,350000.0,2150000.0,1800000.0,part_time,2023-10-29 02:43:00
BGT05572,USR033,INC05755,1100000.0,700000.0,450000.0,2250000.0,1800000.0,freelance,2023-03-07 14:22:00
BGT03196,USR027,INC04399,2150000.0,1050000.0,750000.0,3950000.0,3200000.0,part_time,2023-01-03 07:53:00
BGT03270,USR003,INC06149,1250000.0,850000.0,450000.0,2550000.0,2100000.0,scholarship,2023-08-16 07:35:00
BGT09903,USR044,INC08769,3100000.0,1600000.0,1500000.0,6200000.0,4700000.0,freelance,2024-05-07 17:44:00
BGT04498,USR058,INC02720,3800000.0,2450000.0,1350000.0,7600000.0,6250000.0,freelance,2024-06-07 13:54:00
BGT08754,USR002,INC02606,1350000.0,900000.0,450000.0,2700000.0,2250000.0,scholarship,2024-07-30 16:15:00
BGT08712,USR058,INC08971,3350000.0,2150000.0,800000.0,6300000.0,5500000.0,bonus,2024-01-29 09:24:00
BGT02967,USR025,INC09091,1200000.0,750000.0,700000.0,2650000.0,1950000.0,internship,2024-04-16 15:28:00
BGT05551,USR065,INC08372,2350000.0,1550000.0,650000.0,4550000.0,3900000.0,freelance,2023-11-28 13:36:00
BGT03630,USR043,INC06939,2800000.0,1700000.0,1200000.0,5700000.0,4500000.0,business,2023-04-05 05:04:00
BGT04357,USR056,INC07533,2550000.0,1500000.0,1050000.0,5100000.0,4050000.0,bonus,2023-06-25 04:06:00
BGT00087,USR027,INC09160,1400000.0,750000.0,750000.0,2950000.0,2150000.0,internship,2024-05-13 19:14:00
BGT02251,USR034,INC08236,2050000.0,1150000.0,500000.0,3700000.0,3200000.0,allowance,2024-09-07 07:09:00
BGT07162,USR045,INC08832,1800000.0,1200000.0,650000.0,3650000.0,3000000.0,business,2023-10-15 11:00:00
BGT04313,USR020,INC00743,1350000.0,800000.0,500000.0,2650000.0,2150000.0,allowance,2023-02-03 06:38:00
BGT06106,USR030,INC08015,700000.0,400000.0,400000.0,1500000.0,1100000.0,internship,2023-05-20 21:21:00
BGT02849,USR047,INC05637,2150000.0,1300000.0,800000.0,4250000.0,3450000.0,freelance,2023-09-11 12:11:00
BGT05069,USR042,INC00534,1600000.0,1000000.0,1000000.0,3650000.0,2600000.0,salary,2023-06-13 12:25:00
BGT09501,USR045,INC02925,2150000.0,1550000.0,1100000.0,4800000.0,3700000.0,bonus,2023-01-12 08:11:00
BGT05190,USR054,INC02202,3450000.0,2050000.0,1100000.0,6600000.0,5500000.0,business,2023-10-14 00:30:00
BGT09876,USR065,INC05989,3250000.0,2050000.0,1600000.0,6900000.0,5300000.0,investment_return,2023-08-18 02:40:00
BGT01000,USR015,INC01888,1300000.0,700000.0,450000.0,2500000.0,2000000.0,allowance,2024-10-22 23:42:00
BGT08522,USR026,INC07057,700000.0,500000.0,400000.0,1600000.0,1200000.0,part_time,2024-05-14 08:05:00
BGT02143,USR045,INC02774,2100000.0,1150000.0,950000.0,4200000.0,3250000.0,freelance,2024-12-23 23:28:00
BGT07321,USR042,INC00567,2350000.0,1750000.0,1050000.0,5150000.0,4100000.0,business,2024-05-28 13:38:00
BGT00123,USR071,INC08917,2700000.0,1650000.0,1150000.0,5550000.0,4350000.0,freelance,2024-11-21 23:27:00
BGT08677,USR053,INC03637,3200000.0,1700000.0,1150000.0,6050000.0,4900000.0,salary,2023-02-20 11:23:00
BGT00843,USR045,INC09302,3550000.0,2050000.0,2000000.0,7600000.0,5600000.0,freelance,2024-03-29 23:38:00
BGT07804,USR022,INC05844,2150000.0,1300000.0,950000.0,4400000.0,3450000.0,freelance,2024-07-24 15:41:00
BGT07847,USR007,INC09705,1300000.0,750000.0,650000.0,2750000.0,2050000.0,allowance,2024-05-22 00:12:00
BGT02754,USR033,INC06377,1550000.0,850000.0,450000.0,2850000.0,2400000.0,freelance,2024-02-29 06:37:00
BGT01254,USR035,INC06320,850000.0,550000.0,400000.0,1800000.0,1400000.0,allowance,2024-07-28 09:03:00
BGT06196,USR008,INC01085,950000.0,650000.0,500000.0,2100000.0,1600000.0,allowance,2024-12-23 11:50:00
BGT09881,USR013,INC08314,1050000.0,650000.0,650000.0,2350000.0,1700000.0,part_time,2023-11-24 15:13:00
BGT01638,USR018,INC08912,650000.0,400000.0,200000.0,1250000.0,1050000.0,allowance,2024-09-29 22:30:00
BGT09568,USR011,INC05022,700000.0,350000.0,200000.0,1300000.0,1050000.0,allowance,2024-12-28 12:34:00
BGT07520,USR013,INC05531,600000.0,300000.0,200000.0,1100000.0,900000.0,allowance,2023-03-09 23:20:00
BGT01668,USR024,INC05238,1900000.0,900000.0,650000.0,3450000.0,2800000.0,part_time,2023-09-30 12:14:00
BGT03104,USR072,INC05110,4150000.0,2350000.0,2500000.0,9000000.0,6500000.0,business,2023-04-08 10:51:00
BGT02194,USR027,INC01354,1800000.0,950000.0,900000.0,3700000.0,2750000.0,part_time,2023-12-23 21:26:00
BGT01691,USR045,INC03561,3200000.0,1700000.0,1450000.0,6350000.0,4900000.0,bonus,2024-02-22 20:43:00
BGT08069,USR028,INC07780,1850000.0,950000.0,750000.0,3600000.0,2800000.0,part_time,2024-01-03 23:50:00
BGT09612,USR024,INC03071,1250000.0,750000.0,550000.0,2550000.0,2000000.0,internship,2023-06-23 03:49:00
BGT04926,USR075,INC08520,4500000.0,2450000.0,1550000.0,8500000.0,6950000.0,investment_return,2024-06-06 00:28:00
BGT09604,USR004,INC09958,650000.0,400000.0,350000.0,1400000.0,1050000.0,allowance,2023-01-02 16:19:00
BGT07604,USR039,INC03935,1100000.0,750000.0,700000.0,2550000.0,1850000.0,allowance,2024-10-19 20:47:00
BGT05612,USR071,INC09209,2650000.0,1450000.0,950000.0,5050000.0,4100000.0,freelance,2023-09-07 01:51:00
BGT05701,USR041,INC05802,3450000.0,2100000.0,1500000.0,7050000.0,5550000.0,freelance,2023-01-21 19:19:00
BGT07707,USR031,INC03205,1800000.0,1200000.0,600000.0,3600000.0,3000000.0,freelance,2024-12-04 06:04:00
BGT06776,USR061,INC05211,4100000.0,2100000.0,1550000.0,7750000.0,6200000.0,business,2023-07-17 13:30:00
BGT04230,USR021,INC03389,1550000.0,850000.0,450000.0,2900000.0,2400000.0,internship,2023-08-07 03:43:00
BGT09082,USR008,INC00905,1250000.0,750000.0,400000.0,2400000.0,2000000.0,part_time,2024-11-17 18:55:00
BGT04438,USR019,INC00486,1450000.0,900000.0,400000.0,2750000.0,2350000.0,scholarship,2024-11-25 23:04:00
BGT06925,USR043,INC06393,2400000.0,1600000.0,850000.0,485000000.0,4000000.0,salary,2023-02-07 20:31:00
BGT01667,USR013,INC08888,1200000.0,800000.0,450000.0,2500000.0,2000000.0,scholarship,2023-12-22 04:53:00
BGT06690,USR070,INC09826,3400000.0,1600000.0,1200000.0,6200000.0,5000000.0,investment_return,2024-04-03 12:52:00
BGT09104,USR022,INC07608,1200000.0,600000.0,500000.0,2300000.0,1800000.0,allowance,2023-08-21 05:56:00
BGT07714,USR017,INC09878,1500000.0,750000.0,500000.0,2750000.0,2250000.0,scholarship,2024-11-24 08:04:00
BGT00388,USR043,INC04667,2150000.0,1350000.0,1150000.0,4650000.0,3500000.0,business,2024-02-12 12:15:00
BGT01988,USR042,INC06133,3250000.0,2150000.0,1350000.0,6750000.0,5400000.0,salary,2024-10-12 01:04:00
BGT01567,USR035,INC08538,2250000.0,1550000.0,900000.0,4700000.0,3800000.0,allowance,2024-11-01 23:02:00
BGT09072,USR060,INC09565,2400000.0,1650000.0,1250000.0,5300000.0,4050000.0,bonus,2023-02-09 13:56:00
BGT09061,USR047,INC09525,3700000.0,2050000.0,1800000.0,7600000.0,5750000.0,bonus,2024-05-13 05:43:00
BGT01524,USR004,INC01943,1150000.0,650000.0,650000.0,2450000.0,1800000.0,allowance,2023-11-30 06:06:00
BGT09435,USR037,INC03787,850000.0,500000.0,500000.0,1850000.0,1350000.0,freelance,2024-05-22 00:21:00
BGT01527,USR054,INC03418,3300000.0,2150000.0,1900000.0,7350000.0,5450000.0,business,2024-02-22 13:00:00
BGT07937,USR075,INC08279,3500000.0,1800000.0,1400000.0,6750000.0,5300000.0,investment_return,2023-08-01 10:09:00
BGT03466,USR060,INC00552,2050000.0,1250000.0,1150000.0,4500000.0,3300000.0,bonus,2024-11-02 22:47:00
BGT04818,USR059,INC05616,2400000.0,1300000.0,700000.0,4400000.0,3700000.0,salary,2023-01-29 00:52:00
BGT09799,USR028,INC00531,1050000.0,650000.0,650000.0,2350000.0,1700000.0,allowance,2024-05-14 07:18:00
BGT01099,USR064,INC04018,2700000.0,1600000.0,700000.0,5000000.0,4300000.0,freelance,2024-12-18 05:08:00
BGT00023,USR051,INC06544,1850000.0,1150000.0,850000.0,3900000.0,3000000.0,freelance,2024-08-14 07:51:00
BGT07880,USR010,INC01577,1450000.0,750000.0,450000.0,2650000.0,2200000.0,allowance,2023-12-18 00:40:00
BGT09106,USR047,INC04817,2700000.0,1600000.0,1700000.0,6000000.0,4300000.0,bonus,2023-10-18 19:05:00
BGT08533,USR019,INC03216,900000.0,550000.0,200000.0,1650000.0,1450000.0,part_time,2023-02-16 18:38:00
BGT05487,USR067,INC00541,3350000.0,2150000.0,1900000.0,7400000.0,5500000.0,bonus,2024-06-24 17:38:00
BGT06726,USR042,INC02454,1500000.0,900000.0,700000.0,3150000.0,2400000.0,freelance,2023-03-01 10:09:00
BGT08118,USR054,INC00048,2200000.0,1050000.0,800000.0,4050000.0,3250000.0,freelance,2023-08-08 21:36:00
BGT09715,USR020,INC04173,450000.0,300000.0,200000.0,1000000.0,750000.0,part_time,2023-09-08 03:22:00
BGT09952,USR059,INC05628,3800000.0,2300000.0,850000.0,6950000.0,6100000.0,freelance,2024-04-23 13:13:00
BGT02850,USR021,INC00086,1300000.0,-750000.0,800000.0,2850000.0,550000.0,allowance,2023-06-10 10:17:00
BGT05249,USR020,INC08152,1200000.0,700000.0,300000.0,2250000.0,1900000.0,allowance,2023-04-11 11:01:00
BGT07561,USR073,INC08264,3800000.0,2000000.0,1550000.0,7350000.0,5800000.0,salary,2024-02-11 14:31:00
BGT08125,USR014,INC05177,1100000.0,800000.0,450000.0,2350000.0,1900000.0,scholarship,2023-05-15 05:35:00
BGT03948,USR032,INC04158,1900000.0,1400000.0,750000.0,4050000.0,3300000.0,internship,2024-02-19 05:56:00
BGT03203,USR068,INC00344,2200000.0,1350000.0,550000.0,4100000.0,3550000.0,business,2023-02-18 02:54:00
BGT07963,USR024,INC09560,1600000.0,950000.0,350000.0,2950000.0,2550000.0,internship,2024-05-05 00:39:00
BGT05568,USR002,INC08232,1050000.0,650000.0,350000.0,2050000.0,1700000.0,scholarship,2023-10-28 21:43:00
BGT08332,USR004,INC03002,800000.0,500000.0,250000.0,1550000.0,1300000.0,allowance,2023-02-22 05:21:00
BGT09716,USR030,INC06622,1050000.0,500000.0,300000.0,1850000.0,1550000.0,freelance,2024-09-15 21:40:00
BGT01335,USR019,INC05954,950000.0,-550000.0,450000.0,1950000.0,400000.0,part_time,2024-08-23 17:37:00
BGT02930,USR051,INC04202,1600000.0,900000.0,550000.0,3050000.0,2500000.0,salary,2023-09-06 15:10:00
BGT00069,USR007,INC06319,1050000.0,500000.0,350000.0,1900000.0,1550000.0,allowance,2023-05-26 06:09:00
BGT01273,USR008,INC02397,750000.0,450000.0,350000.0,1550000.0,1200000.0,scholarship,2024-04-06 20:26:00
BGT02940,USR019,INC03142,1050000.0,650000.0,350000.0,2050000.0,1700000.0,allowance,2023-03-01 13:20:00
BGT02415,USR020,INC03098,1450000.0,900000.0,500000.0,2850000.0,2350000.0,scholarship,2023-09-08 07:58:00
BGT04656,USR056,INC07026,1700000.0,1150000.0,750000.0,3600000.0,2850000.0,salary,2024-07-27 22:42:00
BGT02693,USR038,INC03884,1450000.0,850000.0,450000.0,2750000.0,2300000.0,freelance,2023-06-02 12:49:00
BGT06653,USR047,INC04083,2100000.0,1050000.0,800000.0,3950000.0,3150000.0,salary,2023-06-03 03:38:00
BGT02029,USR072,INC04441,2400000.0,1300000.0,650000.0,4400000.0,3700000.0,salary,2023-08-27 19:57:00
BGT07337,USR022,INC08463,1000000.0,700000.0,450000.0,2150000.0,1700000.0,internship,2023-02-21 13:50:00
BGT00211,USR032,INC01443,1350000.0,900000.0,850000.0,3100000.0,2250000.0,internship,2023-07-07 12:15:00
BGT03266,USR004,INC08509,600000.0,350000.0,200000.0,1150000.0,950000.0,part_time,2023-11-25 16:28:00
BGT03005,USR018,INC03784,1200000.0,700000.0,400000.0,2300000.0,1900000.0,part_time,2024-05-28 06:51:00
BGT01371,USR074,INC08280,4300000.0,2100000.0,1400000.0,7800000.0,6400000.0,bonus,2023-09-28 11:02:00
BGT05959,USR043,INC01624,2100000.0,1500000.0,950000.0,4600000.0,3600000.0,salary,2024-03-28 08:33:00
BGT03706,USR066,INC06584,3050000.0,1950000.0,950000.0,5950000.0,5000000.0,investment_return,2024-10-19 13:59:00
BGT03276,USR041,INC04287,3900000.0,2250000.0,1850000.0,8000000.0,6150000.0,freelance,2024-07-18 03:08:00
BGT02156,USR053,INC04758,3200000.0,1650000.0,850000.0,5700000.0,4850000.0,business,2024-06-17 19:41:00
BGT02626,USR018,INC04856,1200000.0,750000.0,400000.0,2400000.0,1950000.0,scholarship,2023-03-09 12:49:00
BGT09446,USR008,INC07226,1350000.0,900000.0,500000.0,2800000.0,2250000.0,scholarship,2024-01-17 22:30:00
BGT07917,USR064,INC08283,2150000.0,1450000.0,1150000.0,4750000.0,3600000.0,investment_return,2023-08-02 17:37:00
BGT05883,USR007,INC06449,600000.0,300000.0,150000.0,1050000.0,900000.0,allowance,2024-02-12 16:46:00
BGT05771,USR050,INC06571,1800000.0,1150000.0,700000.0,3650000.0,2950000.0,business,2023-10-01 11:15:00
BGT07525,USR040,INC03944,1900000.0,1150000.0,900000.0,4000000.0,3050000.0,allowance,2024-04-14 09:57:00
BGT00807,USR065,INC07851,4850000.0,2900000.0,1050000.0,8850000.0,7750000.0,freelance,2024-05-25 13:34:00
BGT01444,USR058,INC09135,3850000.0,2600000.0,1400000.0,7900000.0,6450000.0,freelance,2024-02-26 08:40:00
BGT05808,USR054,INC02502,1800000.0,1000000.0,950000.0,3750000.0,2800000.0,freelance,2024-03-06 17:01:00
BGT06398,USR024,INC08065,1150000.0,750000.0,350000.0,2300000.0,1900000.0,allowance,2024-07-04 01:06:00
BGT00521,USR067,INC00416,2800000.0,1800000.0,1200000.0,5800000.0,4600000.0,bonus,2023-10-01 07:35:00
BGT06030,USR046,INC07708,2900000.0,1700000.0,1050000.0,5650000.0,4600000.0,salary,2023-02-10 18:18:00
BGT02515,USR038,INC00262,2050000.0,1100000.0,850000.0,4000000.0,3150000.0,allowance,2024-10-25 23:01:00
BGT08215,USR046,INC04629,2700000.0,1950000.0,1300000.0,5950000.0,4650000.0,bonus,2023-09-10 01:57:00
BGT05211,USR020,INC09796,1250000.0,900000.0,500000.0,2650000.0,2150000.0,scholarship,2024-12-11 19:15:00
BGT04222,USR058,INC04131,3750000.0,2100000.0,1650000.0,7500000.0,5850000.0,freelance,2023-12-10 03:03:00
BGT03734,USR027,INC07586,2500000.0,1500000.0,950000.0,4950000.0,4000000.0,internship,2023-10-13 04:06:00
BGT04240,USR049,INC08097,3950000.0,2350000.0,850000.0,7150000.0,6300000.0,business,2023-10-09 03:51:00
BGT03776,USR073,INC00207,4350000.0,2250000.0,1450000.0,8100000.0,6600000.0,business,2023-04-27 07:10:00
BGT07895,USR053,INC04521,3700000.0,2050000.0,1350000.0,7100000.0,5750000.0,freelance,2023-02-21 02:46:00
BGT06156,USR014,INC02599,850000.0,550000.0,450000.0,1850000.0,1400000.0,part_time,2024-07-28 17:54:00
BGT09381,USR069,INC08319,3450000.0,2300000.0,1600000.0,7350000.0,5750000.0,salary,2024-10-24 19:57:00
BGT03324,USR003,INC01483,800000.0,500000.0,400000.0,1700000.0,1300000.0,part_time,2024-10-29 12:10:00
BGT06783,USR056,INC02644,3000000.0,1900000.0,850000.0,5750000.0,4900000.0,business,2023-09-26 12:01:00
BGT06587,USR067,INC06951,4400000.0,2550000.0,1050000.0,8000000.0,6950000.0,salary,2024-09-30 04:07:00
BGT02987,USR032,INC01948,1550000.0,850000.0,700000.0,3100000.0,2400000.0,freelance,2024-11-30 20:57:00
BGT05046,USR016,INC01644,1200000.0,600000.0,350000.0,2200000.0,1800000.0,allowance,2023-06-20 06:23:00
BGT01944,USR028,INC02174,850000.0,500000.0,350000.0,1700000.0,1350000.0,internship,2023-07-06 23:11:00
BGT02168,USR063,INC03786,3400000.0,2450000.0,1750000.0,7600000.0,5850000.0,bonus,2023-12-31 07:11:00
BGT04490,USR032,INC05849,2150000.0,1100000.0,550000.0,3800000.0,3250000.0,allowance,2024-06-08 07:09:00
BGT02893,USR010,INC03541,550000.0,350000.0,100000.0,1000000.0,900000.0,allowance,2024-09-20 08:18:00
BGT05501,USR066,INC02910,3100000.0,1900000.0,950000.0,6000000.0,5000000.0,salary,2024-06-15 23:31:00
BGT08603,USR003,INC08855,1150000.0,650000.0,450000.0,2250000.0,1800000.0,allowance,2023-01-20 07:03:00
BGT03390,USR035,INC08303,2550000.0,1350000.0,900000.0,4800000.0,3900000.0,allowance,2024-04-06 05:05:00
BGT00112,USR048,INC06548,3350000.0,2050000.0,2200000.0,7650000.0,5400000.0,business,2024-12-15 15:46:00
BGT04039,USR056,INC08529,2400000.0,1350000.0,750000.0,4500000.0,3750000.0,bonus,2024-02-07 12:51:00
BGT05992,USR042,INC03993,2300000.0,1300000.0,1000000.0,4600000.0,3600000.0,freelance,2024-02-14 17:42:00
BGT03353,USR065,INC06599,3000000.0,1650000.0,1000000.0,5650000.0,4650000.0,investment_return,2024-12-20 19:01:00
BGT08136,USR046,INC02815,-2000000.0,1450000.0,750000.0,4200000.0,-550000.0,business,2023-10-04 01:47:00
BGT02928,USR028,INC01318,2200000.0,1400000.0,1250000.0,4850000.0,3600000.0,allowance,2023-09-17 07:41:00
BGT09019,USR040,INC02569,850000.0,550000.0,300000.0,1700000.0,1400000.0,freelance,2024-06-30 22:31:00
BGT07820,USR021,INC07539,1250000.0,750000.0,650000.0,2650000.0,2000000.0,allowance,2023-07-03 06:11:00
BGT01403,USR025,INC04016,1150000.0,700000.0,500000.0,2350000.0,1850000.0,part_time,2024-08-07 12:44:00
BGT09465,USR055,INC06238,2850000.0,1950000.0,1250000.0,6050000.0,4800000.0,freelance,2023-04-21 05:35:00
BGT04932,USR065,INC06453,4900000.0,2700000.0,2000000.0,9600000.0,7600000.0,bonus,2024-04-27 09:45:00
BGT02213,USR008,INC09845,700000.0,450000.0,450000.0,1600000.0,1150000.0,allowance,2024-09-05 17:28:00
BGT02501,USR069,INC09331,4000000.0,2500000.0,1050000.0,7550000.0,6500000.0,salary,2023-06-30 03:10:00
BGT00802,USR034,INC06697,1650000.0,850000.0,650000.0,3150000.0,2500000.0,allowance,2023-11-07 02:27:00
BGT02205,USR056,INC03813,1600000.0,850000.0,600000.0,3050000.0,2450000.0,freelance,2024-10-08 19:03:00
BGT09500,USR041,INC01680,3350000.0,1950000.0,1700000.0,7000000.0,5300000.0,salary,2023-10-28 03:17:00
BGT04658,USR036,INC01900,850000.0,450000.0,300000.0,1600000.0,1300000.0,allowance,2024-11-05 23:40:00
BGT05068,USR046,INC09038,2900000.0,1700000.0,700000.0,5300000.0,4600000.0,bonus,2023-02-05 06:47:00
BGT02757,USR068,INC07127,3250000.0,1900000.0,1900000.0,7050000.0,5150000.0,bonus,2024-09-10 14:23:00
BGT04254,USR027,INC04193,1800000.0,1000000.0,900000.0,3700000.0,2800000.0,allowance,2023-07-15 01:59:00
BGT00642,USR017,INC08501,1250000.0,750000.0,600000.0,2650000.0,2000000.0,allowance,2023-10-18 12:10:00
BGT03029,USR013,INC06496,800000.0,400000.0,200000.0,1400000.0,1200000.0,scholarship,2024-10-01 01:16:00
BGT05555,USR066,INC04429,4350000.0,2200000.0,1950000.0,8550000.0,6550000.0,investment_return,2023-10-28 00:18:00
BGT05690,USR049,INC03946,3850000.0,2550000.0,1600000.0,8000000.0,6400000.0,bonus,2024-04-30 15:01:00
BGT03153,USR072,INC00756,3500000.0,2350000.0,1450000.0,7300000.0,5850000.0,bonus,2024-09-28 08:24:00
BGT00852,USR018,INC09612,500000.0,350000.0,150000.0,1000000.0,850000.0,part_time,2024-06-29 14:35:00
BGT04480,USR012,INC03200,-1150000.0,700000.0,750000.0,2600000.0,-450000.0,allowance,2023-07-31 04:00:00
BGT05885,USR001,INC02625,1300000.0,800000.0,650000.0,2750000.0,2100000.0,allowance,2024-02-18 03:32:00
BGT06998,USR017,INC08934,600000.0,400000.0,250000.0,1250000.0,1000000.0,allowance,2023-05-07 07:53:00
BGT04806,USR008,INC03460,900000.0,650000.0,450000.0,2000000.0,1550000.0,scholarship,2024-11-01 20:40:00
BGT00113,USR054,INC09897,1700000.0,1100000.0,700000.0,3500000.0,2800000.0,salary,2023-04-21 21:31:00
BGT02350,USR065,INC07792,2300000.0,1300000.0,1100000.0,4700000.0,3600000.0,salary,2023-12-04 04:21:00
BGT09851,USR021,INC02961,850000.0,550000.0,400000.0,1800000.0,1400000.0,freelance,2024-12-05 09:46:00
BGT09512,USR014,INC05728,1050000.0,550000.0,300000.0,190000000.0,1600000.0,allowance,2023-10-27 09:25:00
BGT09314,USR051,INC06957,3550000.0,-2000000.0,1400000.0,6950000.0,1550000.0,business,2023-08-15 21:15:00
BGT07394,USR046,INC02035,3050000.0,1650000.0,850000.0,5550000.0,4700000.0,bonus,2024-08-31 00:53:00
BGT00790,USR070,INC08543,4800000.0,2550000.0,1750000.0,9100000.0,7350000.0,salary,2024-11-12 12:30:00
BGT07938,USR037,INC02554,1900000.0,1200000.0,550000.0,3650000.0,3100000.0,allowance,2024-09-28 14:43:00
BGT05762,USR027,INC01842,900000.0,650000.0,400000.0,1950000.0,1550000.0,internship,2024-12-09 20:03:00
BGT06507,USR056,INC05245,-2300000.0,1700000.0,1000000.0,5000000.0,-600000.0,business,2024-02-01 21:16:00
BGT09475,USR057,INC01698,3450000.0,1900000.0,950000.0,6300000.0,5350000.0,bonus,2024-07-21 09:23:00
BGT06205,USR073,INC02561,2300000.0,1200000.0,750000.0,4300000.0,3500000.0,salary,2024-05-14 14:32:00
BGT04781,USR024,INC01883,2000000.0,1150000.0,900000.0,4050000.0,3150000.0,freelance,2024-08-11 13:34:00
BGT03277,USR050,INC00769,2000000.0,1150000.0,650000.0,3800000.0,3150000.0,business,2024-05-04 00:06:00
BGT05327,USR002,INC00366,1200000.0,750000.0,500000.0,2450000.0,1950000.0,part_time,2024-07-20 10:57:00
BGT01870,USR039,INC05347,1800000.0,900000.0,700000.0,3400000.0,2700000.0,freelance,2024-09-29 15:31:00
BGT00164,USR062,INC01298,2000000.0,1400000.0,1050000.0,4450000.0,3400000.0,business,2023-11-02 14:45:00
BGT06920,USR048,INC05627,3850000.0,2050000.0,1650000.0,7550000.0,5900000.0,bonus,2024-02-14 20:51:00
BGT08819,USR065,INC07838,4900000.0,2900000.0,1850000.0,9650000.0,7800000.0,bonus,2024-11-28 15:00:00
BGT08163,USR021,INC04532,1250000.0,800000.0,500000.0,2600000.0,2050000.0,internship,2024-12-14 23:42:00
BGT05103,USR005,INC04326,800000.0,400000.0,250000.0,1500000.0,1200000.0,scholarship,2024-05-28 23:15:00
BGT05325,USR019,INC07560,1300000.0,800000.0,550000.0,2650000.0,2100000.0,scholarship,2024-09-20 05:00:00
BGT07186,USR075,INC07849,2150000.0,1250000.0,900000.0,4300000.0,3400000.0,investment_return,2023-08-02 03:08:00
BGT00245,USR005,INC07072,600000.0,300000.0,250000.0,1150000.0,900000.0,part_time,2024-12-28 18:51:00
BGT08429,USR052,INC05580,3200000.0,1750000.0,1300000.0,6250000.0,4950000.0,salary,2024-11-19 21:40:00
BGT03535,USR024,INC01748,2050000.0,1450000.0,1200000.0,4700000.0,3500000.0,allowance,2024-01-22 09:57:00
BGT04252,USR023,INC05875,2400000.0,1300000.0,1100000.0,4850000.0,3700000.0,part_time,2023-09-04 17:00:00
BGT03274,USR042,INC04434,3600000.0,2250000.0,1400000.0,7250000.0,5850000.0,freelance,2023-05-17 23:01:00
BGT03791,USR067,INC00209,4300000.0,-2600000.0,1750000.0,8650000.0,1700000.0,investment_return,2023-08-01 01:17:00
BGT07687,USR039,INC03592,1000000.0,650000.0,300000.0,2000000.0,1650000.0,internship,2023-05-19 10:10:00
BGT04500,USR039,INC02000,1900000.0,1150000.0,700000.0,3750000.0,3050000.0,freelance,2024-02-17 17:59:00
BGT08198,USR059,INC08940,1350000.0,950000.0,700000.0,3000000.0,2300000.0,salary,2024-06-10 11:00:00
BGT08505,USR007,INC03114,1150000.0,700000.0,450000.0,2300000.0,1850000.0,allowance,2023-02-21 08:03:00
BGT09735,USR016,INC02260,1200000.0,750000.0,300000.0,2250000.0,1950000.0,allowance,2023-12-25 15:01:00
BGT04188,USR003,INC06630,950000.0,550000.0,500000.0,2000000.0,1500000.0,scholarship,2024-11-27 14:45:00
BGT08606,USR023,INC02120,1550000.0,1000000.0,500000.0,3050000.0,2550000.0,freelance,2023-07-18 02:30:00
BGT02475,USR065,INC06113,5450000.0,2700000.0,1800000.0,9950000.0,8150000.0,bonus,2024-02-03 16:40:00
BGT07669,USR062,INC02182,4000000.0,2300000.0,1100000.0,7400000.0,6300000.0,investment_return,2023-11-18 13:54:00
BGT00074,USR018,INC00463,1500000.0,850000.0,500000.0,2850000.0,2350000.0,part_time,2023-07-08 03:17:00
BGT01835,USR015,INC04100,1550000.0,900000.0,350000.0,2800000.0,2450000.0,allowance,2023-04-13 14:08:00
BGT08641,USR064,INC06916,4050000.0,2400000.0,2500000.0,8950000.0,6450000.0,investment_return,2024-05-05 04:47:00
BGT00169,USR068,INC03835,2600000.0,1400000.0,700000.0,4700000.0,4000000.0,investment_return,2024-08-27 12:35:00
BGT00992,USR070,INC06226,4350000.0,2850000.0,2250000.0,9450000.0,7200000.0,business,2024-01-27 13:55:00
BGT07995,USR036,INC01821,2450000.0,1300000.0,850000.0,4600000.0,3750000.0,freelance,2024-02-07 00:57:00
BGT08952,USR006,INC01574,950000.0,700000.0,450000.0,2150000.0,1650000.0,allowance,2023-04-26 21:20:00
BGT07151,USR066,INC08460,3200000.0,1700000.0,1000000.0,5900000.0,4900000.0,bonus,2023-12-26 19:41:00
BGT03337,USR006,INC09395,900000.0,500000.0,400000.0,1800000.0,1400000.0,allowance,2023-07-16 01:42:00
BGT09375,USR065,INC04599,4700000.0,2850000.0,1150000.0,8700000.0,7550000.0,freelance,2024-06-29 16:38:00
BGT01832,USR008,INC08221,900000.0,550000.0,250000.0,1700000.0,1450000.0,part_time,2024-10-06 01:54:00
BGT07094,USR036,INC03633,2300000.0,1400000.0,800000.0,4500000.0,3700000.0,allowance,2023-05-08 16:19:00
BGT07381,USR016,INC09092,1000000.0,550000.0,300000.0,1850000.0,1550000.0,scholarship,2024-11-29 19:33:00
BGT07367,USR039,INC06813,2500000.0,1450000.0,950000.0,4900000.0,3950000.0,part_time,2023-12-21 20:06:00
BGT08999,USR027,INC04543,1100000.0,600000.0,400000.0,2100000.0,1700000.0,allowance,2024-10-03 19:35:00
BGT01241,USR054,INC01674,4300000.0,2450000.0,1100000.0,7850000.0,6750000.0,freelance,2023-03-13 01:34:00
BGT00351,USR022,INC02068,2100000.0,1150000.0,650000.0,3900000.0,3250000.0,allowance,2024-12-08 12:19:00
BGT04854,USR011,INC03955,700000.0,450000.0,150000.0,1300000.0,1150000.0,allowance,2024-11-09 23:53:00
BGT06822,USR028,INC06208,1450000.0,850000.0,650000.0,2950000.0,2300000.0,freelance,2023-05-10 14:33:00
BGT09652,USR064,INC06429,2750000.0,1550000.0,1450000.0,5750000.0,4300000.0,salary,2024-04-02 22:24:00
BGT01023,USR023,INC01404,1200000.0,750000.0,400000.0,2350000.0,1950000.0,freelance,2023-11-27 12:18:00
BGT09997,USR019,INC06866,700000.0,450000.0,350000.0,1500000.0,1150000.0,part_time,2024-08-17 19:30:00
BGT09588,USR007,INC00853,1000000.0,-650000.0,500000.0,2150000.0,350000.0,scholarship,2023-01-03 03:13:00
BGT04463,USR075,INC06892,2700000.0,1550000.0,950000.0,5200000.0,4250000.0,freelance,2024-01-07 04:04:00
BGT01329,USR020,INC09384,950000.0,550000.0,300000.0,1800000.0,1500000.0,scholarship,2024-04-07 08:47:00
BGT08958,USR029,INC03733,1250000.0,800000.0,500000.0,2550000.0,2050000.0,freelance,2023-12-29 08:16:00
BGT07489,USR015,INC04184,1300000.0,650000.0,400000.0,2400000.0,1950000.0,allowance,2024-08-12 00:32:00
BGT03386,USR058,INC09133,3200000.0,1700000.0,1600000.0,6500000.0,4900000.0,salary,2024-05-22 16:34:00
BGT00758,USR007,INC04804,1550000.0,850000.0,400000.0,2800000.0,2400000.0,part_time,2023-10-22 17:19:00
BGT05010,USR055,INC02846,1900000.0,1350000.0,900000.0,4150000.0,3250000.0,freelance,2023-02-22 22:41:00
BGT07038,USR066,INC02631,1900000.0,1100000.0,1100000.0,4150000.0,3000000.0,bonus,2024-06-19 18:14:00
BGT06262,USR061,INC05275,4350000.0,2750000.0,1750000.0,8850000.0,7100000.0,business,2023-12-17 00:28:00
BGT06809,USR073,INC02603,4450000.0,2150000.0,1650000.0,8250000.0,6600000.0,business,2023-08-25 05:55:00
BGT05509,USR064,INC09649,4250000.0,2700000.0,950000.0,7900000.0,6950000.0,business,2024-02-02 01:55:00
BGT00187,USR033,INC04517,1750000.0,1000000.0,500000.0,3250000.0,2750000.0,internship,2023-01-15 00:50:00
BGT07412,USR035,INC06770,1300000.0,650000.0,450000.0,2400000.0,1950000.0,allowance,2024-11-12 17:04:00
BGT09401,USR050,INC06566,2400000.0,1250000.0,1150000.0,4850000.0,3650000.0,business,2023-04-03 16:58:00
BGT02247,USR066,INC05737,2300000.0,1600000.0,1100000.0,5050000.0,3900000.0,salary,2024-11-18 01:06:00
BGT02474,USR070,INC01123,3900000.0,2450000.0,2350000.0,8700000.0,6350000.0,investment_return,2023-03-22 17:41:00
BGT07921,USR072,INC02733,2950000.0,1650000.0,1100000.0,5700000.0,4600000.0,business,2024-01-23 07:24:00
BGT09906,USR035,INC04987,1400000.0,800000.0,700000.0,2900000.0,2200000.0,freelance,2023-10-28 03:53:00
BGT00262,USR035,INC01502,1400000.0,850000.0,600000.0,2850000.0,2250000.0,part_time,2023-04-25 22:38:00
BGT03564,USR042,INC07710,2850000.0,1500000.0,1150000.0,5500000.0,4350000.0,bonus,2023-05-03 17:19:00
BGT03410,USR064,INC00359,3750000.0,2300000.0,1350000.0,7400000.0,6050000.0,salary,2024-07-06 04:33:00
BGT01617,USR025,INC06099,1300000.0,800000.0,750000.0,2850000.0,2100000.0,freelance,2023-06-14 05:59:00
BGT06277,USR045,INC04812,2950000.0,2100000.0,1500000.0,6600000.0,5050000.0,freelance,2024-04-14 19:17:00
BGT00147,USR014,INC03798,550000.0,350000.0,150000.0,1050000.0,900000.0,scholarship,2024-08-11 05:52:00
BGT05260,USR028,INC00925,1700000.0,1050000.0,600000.0,3350000.0,2750000.0,internship,2023-06-09 07:17:00
BGT09374,USR059,INC07461,3400000.0,2050000.0,1900000.0,7400000.0,5450000.0,salary,2024-06-26 17:38:00
BGT03312,USR005,INC08819,1150000.0,750000.0,350000.0,2250000.0,1900000.0,part_time,2024-03-16 20:37:00
BGT08774,USR051,INC03538,3800000.0,1900000.0,1250000.0,6950000.0,5700000.0,business,2023-06-06 18:18:00
BGT07210,USR044,INC01716,2400000.0,1300000.0,1100000.0,4850000.0,3700000.0,salary,2024-09-28 15:35:00
BGT05642,USR005,INC05488,750000.0,400000.0,300000.0,1450000.0,1150000.0,scholarship,2023-07-07 16:57:00
BGT07998,USR024,INC06443,950000.0,550000.0,600000.0,2150000.0,1500000.0,allowance,2024-06-15 16:15:00
BGT07003,USR050,INC03961,3300000.0,1700000.0,1350000.0,6350000.0,5000000.0,bonus,2023-07-18 01:55:00
BGT02040,USR004,INC07509,1300000.0,850000.0,300000.0,2500000.0,2150000.0,part_time,2023-07-12 03:54:00
BGT03248,USR026,INC07568,1800000.0,950000.0,750000.0,3500000.0,2750000.0,internship,2024-11-05 23:51:00
BGT06204,USR054,INC09855,1400000.0,900000.0,850000.0,3150000.0,2300000.0,freelance,2023-01-05 09:43:00
BGT06624,USR022,INC06006,1150000.0,750000.0,550000.0,2450000.0,1900000.0,freelance,2023-05-13 07:02:00
BGT04567,USR006,INC02106,1400000.0,800000.0,650000.0,2900000.0,2200000.0,part_time,2023-02-13 05:46:00
BGT01656,USR071,INC08980,2550000.0,1600000.0,550000.0,4750000.0,4150000.0,salary,2023-04-07 14:06:00
BGT09030,USR031,INC07997,1900000.0,1050000.0,900000.0,3850000.0,2950000.0,allowance,2024-06-08 17:45:00
BGT04249,USR050,INC03193,2450000.0,1250000.0,900000.0,4600000.0,3700000.0,business,2024-02-02 07:14:00
BGT05840,USR040,INC08408,2300000.0,1050000.0,750000.0,4100000.0,3350000.0,freelance,2024-02-05 06:06:00
BGT08289,USR018,INC02855,800000.0,450000.0,450000.0,1750000.0,1250000.0,allowance,2024-07-26 04:16:00
BGT08051,USR004,INC06604,750000.0,450000.0,200000.0,1400000.0,1200000.0,part_time,2023-05-20 03:02:00
BGT01342,USR050,INC05127,3150000.0,1900000.0,700000.0,5750000.0,5050000.0,bonus,2023-01-22 18:32:00
BGT00768,USR061,INC07763,3600000.0,2050000.0,1700000.0,7350000.0,5650000.0,bonus,2024-11-07 06:28:00
BGT03020,USR067,INC05447,2850000.0,1450000.0,950000.0,5250000.0,4300000.0,investment_return,2023-10-22 09:11:00
BGT05382,USR037,INC00099,1150000.0,600000.0,550000.0,2300000.0,1750000.0,part_time,2024-12-09 18:08:00
BGT03650,USR068,INC04658,2900000.0,1950000.0,1450000.0,6300000.0,4850000.0,freelance,2024-10-09 02:26:00
BGT06617,USR067,INC08188,3350000.0,2300000.0,1300000.0,6950000.0,5650000.0,bonus,2024-01-12 06:23:00
BGT03422,USR063,INC04914,2100000.0,1250000.0,650000.0,4000000.0,3350000.0,salary,2023-10-09 20:21:00
BGT06271,USR012,INC06136,1150000.0,600000.0,400000.0,2150000.0,1750000.0,part_time,2024-09-27 12:38:00
BGT06193,USR059,INC06173,2250000.0,1250000.0,650000.0,4150000.0,3500000.0,freelance,2024-02-20 11:17:00
BGT03769,USR061,INC08257,4200000.0,3000000.0,1900000.0,9100000.0,7200000.0,investment_return,2024-10-01 11:02:00
BGT08203,USR001,INC08249,1200000.0,700000.0,600000.0,2500000.0,1900000.0,allowance,2024-11-22 16:01:00
BGT05627,USR030,INC07513,850000.0,500000.0,300000.0,1650000.0,1350000.0,freelance,2024-12-06 00:01:00
BGT00675,USR002,INC05190,1100000.0,600000.0,300000.0,2000000.0,1700000.0,allowance,2024-05-27 01:05:00
BGT08614,USR038,INC09927,1950000.0,1250000.0,900000.0,4100000.0,3200000.0,part_time,2023-09-26 22:17:00
BGT02142,USR048,INC08924,3100000.0,2000000.0,1100000.0,6250000.0,5100000.0,business,2023-09-16 03:59:00
BGT09805,USR069,INC05571,3100000.0,1900000.0,1550000.0,6550000.0,5000000.0,business,2024-03-13 09:52:00
BGT01482,USR014,INC08468,1500000.0,950000.0,400000.0,2850000.0,2450000.0,allowance,2023-02-03 14:17:00
BGT03133,USR062,INC03327,2650000.0,1550000.0,1550000.0,5750000.0,4200000.0,freelance,2023-12-12 12:28:00
BGT01213,USR064,INC09496,2550000.0,1500000.0,950000.0,5000000.0,4050000.0,bonus,2024-02-21 23:15:00
BGT03148,USR072,INC09166,3950000.0,2700000.0,1750000.0,8450000.0,6650000.0,business,2023-11-12 14:13:00
BGT02461,USR008,INC01030,850000.0,550000.0,200000.0,1600000.0,1400000.0,scholarship,2024-03-03 17:20:00
BGT02345,USR015,INC01338,1050000.0,750000.0,400000.0,2200000.0,1800000.0,allowance,2023-01-12 12:19:00
BGT08537,USR042,INC04134,1750000.0,1000000.0,600000.0,3350000.0,2750000.0,salary,2023-09-20 22:32:00
BGT07469,USR069,INC06524,-2400000.0,1450000.0,900000.0,4750000.0,-950000.0,bonus,2023-08-13 14:16:00
BGT06529,USR062,INC02332,5300000.0,2750000.0,1750000.0,9800000.0,8050000.0,freelance,2023-10-23 01:35:00
BGT06319,USR033,INC09522,850000.0,450000.0,300000.0,160000000.0,1300000.0,part_time,2023-08-31 10:46:00
BGT05671,USR034,INC01235,1400000.0,850000.0,650000.0,2900000.0,2250000.0,internship,2024-05-25 12:44:00
BGT07009,USR020,INC07830,600000.0,350000.0,300000.0,1250000.0,950000.0,allowance,2023-03-09 20:10:00
BGT06992,USR058,INC03265,3550000.0,2300000.0,1850000.0,7700000.0,5850000.0,salary,2024-04-14 00:48:00
BGT09551,USR027,INC09511,800000.0,550000.0,400000.0,1750000.0,1350000.0,freelance,2024-04-26 11:45:00
BGT07485,USR025,INC00352,1000000.0,500000.0,500000.0,2000000.0,1500000.0,allowance,2023-03-01 12:01:00
BGT08309,USR005,INC02010,1100000.0,600000.0,550000.0,2250000.0,1700000.0,allowance,2023-08-25 09:37:00
BGT06827,USR010,INC02428,1150000.0,700000.0,700000.0,2550000.0,1850000.0,scholarship,2023-07-15 16:55:00
BGT00407,USR028,INC01057,2500000.0,1450000.0,850000.0,4850000.0,3950000.0,allowance,2024-02-29 05:36:00
BGT00889,USR074,INC09571,2350000.0,1200000.0,750000.0,4300000.0,3550000.0,investment_return,2023-07-15 03:02:00
BGT02551,USR032,INC09363,2300000.0,1550000.0,1150000.0,5000000.0,3850000.0,freelance,2023-05-06 16:36:00
BGT08419,USR046,INC09226,1800000.0,950000.0,800000.0,3550000.0,2750000.0,business,2023-07-06 05:12:00
BGT08030,USR037,INC05187,1300000.0,850000.0,300000.0,2450000.0,2150000.0,internship,2024-09-09 12:12:00
BGT09299,USR027,INC04920,1250000.0,850000.0,550000.0,2650000.0,2100000.0,internship,2023-06-27 19:10:00
BGT06439,USR046,INC05209,1550000.0,950000.0,850000.0,3350000.0,2500000.0,salary,2023-04-20 12:14:00
BGT02180,USR059,INC07338,2400000.0,1700000.0,1350000.0,5450000.0,4100000.0,bonus,2023-08-31 22:52:00
BGT03567,USR067,INC03629,2150000.0,1450000.0,1000000.0,4600000.0,3600000.0,investment_return,2023-10-03 17:24:00
BGT01522,USR038,INC04955,1800000.0,1150000.0,450000.0,3400000.0,2950000.0,part_time,2024-03-31 12:16:00
BGT09774,USR065,INC05047,4750000.0,2800000.0,2150000.0,9700000.0,7550000.0,bonus,2024-11-27 16:20:00
BGT01390,USR056,INC09615,3800000.0,2300000.0,700000.0,6800000.0,6100000.0,business,2024-04-03 07:47:00
BGT01604,USR069,INC04263,4650000.0,2600000.0,1500000.0,8750000.0,7250000.0,investment_return,2024-12-04 04:42:00
BGT07150,USR066,INC07530,3450000.0,1750000.0,1200000.0,6400000.0,5200000.0,freelance,2023-09-30 20:30:00
BGT05390,USR019,INC07324,600000.0,400000.0,300000.0,1300000.0,1000000.0,allowance,2024-07-17 01:12:00
BGT07753,USR008,INC04012,950000.0,550000.0,300000.0,1800000.0,1500000.0,scholarship,2024-01-14 12:35:00
BGT02483,USR043,INC06167,3200000.0,2250000.0,1350000.0,6850000.0,5450000.0,bonus,2024-02-27 17:32:00
BGT07047,USR020,INC02339,1600000.0,950000.0,350000.0,2950000.0,2550000.0,allowance,2023-09-24 20:30:00
BGT07627,USR072,INC09636,3050000.0,1600000.0,1450000.0,610000000.0,4650000.0,business,2024-07-06 09:11:00
BGT08593,USR075,INC07410,4250000.0,2150000.0,1600000.0,8050000.0,6400000.0,freelance,2024-11-11 08:06:00
BGT05323,USR048,INC07967,1650000.0,1000000.0,450000.0,3100000.0,2650000.0,business,2023-02-17 18:10:00
BGT05072,USR049,INC03880,2800000.0,1600000.0,600000.0,5000000.0,4400000.0,bonus,2023-06-11 21:59:00
BGT03968,USR019,INC04608,700000.0,350000.0,250000.0,1300000.0,1050000.0,allowance,2024-04-09 23:43:00
BGT09152,USR065,INC00050,2450000.0,1600000.0,1150000.0,5200000.0,4050000.0,investment_return,2024-09-07 02:42:00
BGT05432,USR072,INC00330,3400000.0,2500000.0,1850000.0,7750000.0,5900000.0,freelance,2023-09-15 10:32:00
BGT01237,USR039,INC04559,2250000.0,1150000.0,700000.0,4100000.0,3400000.0,freelance,2023-02-11 21:29:00
BGT04868,USR004,INC06847,1450000.0,950000.0,400000.0,2800000.0,2400000.0,allowance,2023-01-04 23:41:00
BGT00538,USR013,INC08486,1550000.0,850000.0,450000.0,2850000.0,2400000.0,part_time,2023-09-15 12:12:00
BGT05659,USR034,INC08301,1650000.0,1000000.0,900000.0,3550000.0,2650000.0,freelance,2024-11-01 05:18:00
BGT06577,USR011,INC06114,1100000.0,750000.0,400000.0,2250000.0,1850000.0,part_time,2023-01-07 00:57:00
BGT01530,USR068,INC06596,4800000.0,3100000.0,2100000.0,10000000.0,7900000.0,investment_return,2023-11-09 13:39:00
BGT00819,USR069,INC06828,4000000.0,2650000.0,1200000.0,7850000.0,6650000.0,bonus,2024-09-02 04:59:00
BGT08385,USR068,INC03848,4500000.0,3050000.0,2000000.0,9550000.0,7550000.0,bonus,2023-06-28 20:26:00
BGT04070,USR020,INC02881,550000.0,300000.0,250000.0,1100000.0,850000.0,allowance,2023-04-06 14:47:00
BGT00570,USR022,INC06614,1250000.0,650000.0,350000.0,2300000.0,1900000.0,allowance,2023-05-19 12:48:00
BGT05049,USR032,INC03105,1700000.0,900000.0,850000.0,3450000.0,2600000.0,freelance,2024-10-08 16:15:00
BGT02095,USR014,INC09988,1300000.0,800000.0,300000.0,2450000.0,2100000.0,scholarship,2023-07-29 01:33:00
BGT02164,USR027,INC05726,1950000.0,1300000.0,900000.0,4150000.0,3250000.0,freelance,2024-10-24 02:45:00
BGT06490,USR069,INC08625,2400000.0,1600000.0,1450000.0,5450000.0,4000000.0,business,2024-10-31 02:29:00
BGT08750,USR006,INC09846,1300000.0,700000.0,500000.0,2500000.0,2000000.0,allowance,2024-06-27 03:12:00
BGT01821,USR043,INC06002,3250000.0,2350000.0,1800000.0,7400000.0,5600000.0,business,2024-03-14 18:37:00
BGT06225,USR051,INC08693,2450000.0,1350000.0,1000000.0,4850000.0,3800000.0,salary,2024-06-08 19:51:00
BGT09853,USR062,INC09454,4000000.0,2350000.0,1700000.0,8050000.0,6350000.0,investment_return,2024-01-28 16:53:00
BGT00909,USR061,INC03454,3850000.0,2600000.0,2150000.0,8600000.0,6450000.0,investment_return,2024-07-07 13:00:00
BGT08988,USR065,INC07332,4300000.0,2300000.0,1850000.0,8450000.0,6600000.0,salary,2023-09-18 12:44:00
BGT06138,USR004,INC01139,1500000.0,800000.0,600000.0,2900000.0,2300000.0,allowance,2023-10-18 08:22:00
BGT09480,USR038,INC07992,1700000.0,1000000.0,1000000.0,3700000.0,2700000.0,freelance,2024-03-20 06:45:00
BGT01565,USR032,INC03149,2150000.0,1500000.0,1050000.0,4700000.0,3650000.0,part_time,2024-12-30 08:09:00
BGT06793,USR046,INC06061,2400000.0,1250000.0,1100000.0,4750000.0,3650000.0,bonus,2024-12-12 08:41:00
BGT08458,USR012,INC05580,1450000.0,800000.0,400000.0,2650000.0,2250000.0,part_time,2023-08-19 04:38:00
BGT04657,USR070,INC07117,5150000.0,2600000.0,1950000.0,9700000.0,7750000.0,business,2023-12-05 11:09:00
BGT04212,USR017,INC03458,600000.0,400000.0,250000.0,1250000.0,1000000.0,scholarship,2023-03-20 08:00:00
BGT09143,USR057,INC00174,2050000.0,1150000.0,600000.0,3800000.0,3200000.0,business,2024-09-10 06:31:00
BGT01600,USR004,INC06402,1100000.0,750000.0,450000.0,2300000.0,1850000.0,part_time,2023-03-14 08:03:00
BGT05619,USR006,INC05845,1150000.0,650000.0,600000.0,2400000.0,1800000.0,scholarship,2024-10-29 04:46:00
BGT04376,USR054,INC03739,4150000.0,2400000.0,1000000.0,7550000.0,6550000.0,salary,2023-09-06 18:24:00
BGT00956,USR041,INC08507,2850000.0,1700000.0,1000000.0,5550000.0,4550000.0,freelance,2024-06-21 14:43:00
BGT09761,USR036,INC03704,-1950000.0,1350000.0,950000.0,4250000.0,-600000.0,internship,2023-04-17 23:14:00
BGT03330,USR059,INC06076,2800000.0,1550000.0,1250000.0,5600000.0,4350000.0,business,2024-05-18 00:36:00
BGT00281,USR032,INC01261,1750000.0,1000000.0,950000.0,3700000.0,2750000.0,allowance,2024-09-22 20:05:00
BGT04337,USR055,INC01800,3150000.0,1900000.0,1800000.0,6850000.0,5050000.0,freelance,2024-09-08 18:16:00
BGT05198,USR041,INC07886,3400000.0,1800000.0,1050000.0,6250000.0,5200000.0,salary,2023-05-17 06:39:00
BGT01137,USR050,INC06346,1850000.0,1300000.0,900000.0,4050000.0,3150000.0,business,2024-11-30 23:31:00
BGT06237,USR045,INC08469,2550000.0,2000000.0,1300000.0,5850000.0,4550000.0,freelance,2024-01-26 02:33:00
BGT00607,USR029,INC09144,-1900000.0,1050000.0,800000.0,3700000.0,-850000.0,internship,2023-10-01 11:28:00
BGT06424,USR061,INC02162,3050000.0,1550000.0,1050000.0,5650000.0,4600000.0,salary,2024-04-25 13:03:00
BGT06867,USR015,INC04345,1250000.0,750000.0,350000.0,2350000.0,2000000.0,scholarship,2024-06-04 03:12:00
BGT05856,USR057,INC08988,2850000.0,1750000.0,800000.0,5400000.0,4600000.0,bonus,2024-06-17 03:04:00
BGT03977,USR034,INC06948,1000000.0,550000.0,400000.0,1950000.0,1550000.0,part_time,2023-12-26 20:00:00
BGT08240,USR047,INC08658,2400000.0,1300000.0,950000.0,4650000.0,3700000.0,freelance,2023-12-23 21:19:00
BGT05154,USR059,INC03320,2250000.0,1250000.0,550000.0,4050000.0,3500000.0,freelance,2024-10-09 03:08:00
BGT06961,USR007,INC05511,800000.0,600000.0,300000.0,1700000.0,1400000.0,freelance,2024-07-14 01:41:00
BGT00804,USR034,INC08860,1450000.0,850000.0,600000.0,2900000.0,2300000.0,internship,2024-05-16 17:53:00
BGT06764,USR040,INC09985,2150000.0,1250000.0,850000.0,4250000.0,3400000.0,part_time,2023-07-23 17:22:00
BGT08417,USR049,INC00299,2550000.0,1300000.0,700000.0,4550000.0,3850000.0,bonus,2024-11-06 22:39:00
BGT04033,USR019,INC07316,600000.0,300000.0,250000.0,1150000.0,900000.0,part_time,2024-04-23 21:34:00
BGT01751,USR047,INC03947,2450000.0,1450000.0,1300000.0,5200000.0,3900000.0,business,2023-04-03 03:41:00
BGT06844,USR069,INC06286,3800000.0,2150000.0,2000000.0,7950000.0,5950000.0,freelance,2024-06-12 13:09:00
BGT01280,USR026,INC06815,1250000.0,700000.0,400000.0,2400000.0,1950000.0,internship,2023-02-20 06:08:00
BGT09775,USR058,INC02253,3300000.0,1600000.0,1300000.0,6200000.0,4900000.0,freelance,2024-01-29 14:40:00
BGT03944,USR063,INC03365,3800000.0,2150000.0,1800000.0,7750000.0,5950000.0,bonus,2023-08-29 17:15:00
BGT07142,USR009,INC08978,1450000.0,900000.0,250000.0,2600000.0,2350000.0,part_time,2024-10-13 12:47:00
BGT01585,USR049,INC07162,3650000.0,2050000.0,1350000.0,7050000.0,5700000.0,bonus,2023-04-23 23:43:00
BGT06663,USR047,INC05601,2250000.0,1350000.0,550000.0,4150000.0,3600000.0,bonus,2023-09-18 10:27:00
BGT01903,USR071,INC08080,4000000.0,2850000.0,1850000.0,8700000.0,6850000.0,freelance,2023-03-14 21:31:00
BGT03252,USR064,INC09694,2400000.0,1550000.0,800000.0,4750000.0,3950000.0,salary,2023-03-22 07:31:00
BGT03339,USR026,INC00355,1000000.0,750000.0,450000.0,2200000.0,1750000.0,allowance,2024-07-26 14:13:00
BGT07123,USR044,INC03581,3550000.0,2300000.0,1350000.0,7200000.0,5850000.0,freelance,2024-04-29 23:37:00
BGT02246,USR017,INC08928,750000.0,400000.0,350000.0,1550000.0,1150000.0,scholarship,2024-04-10 21:11:00
BGT09859,USR002,INC04995,1550000.0,750000.0,600000.0,2900000.0,2300000.0,part_time,2024-02-21 09:58:00
BGT06904,USR041,INC02931,2650000.0,-2000000.0,1400000.0,6000000.0,650000.0,business,2024-12-08 08:39:00
BGT07351,USR009,INC07789,650000.0,350000.0,150000.0,1200000.0,1000000.0,part_time,2023-12-01 22:36:00
BGT01024,USR027,INC00660,1900000.0,950000.0,600000.0,3450000.0,2850000.0,part_time,2023-07-26 04:42:00
BGT03587,USR025,INC03301,2350000.0,1450000.0,950000.0,4750000.0,3800000.0,freelance,2024-09-10 23:18:00
BGT03406,USR065,INC09613,3350000.0,2000000.0,950000.0,6300000.0,5350000.0,investment_return,2024-10-06 13:12:00
BGT06588,USR014,INC02471,1350000.0,800000.0,850000.0,3000000.0,2150000.0,allowance,2024-01-27 02:42:00
BGT02519,USR047,INC06714,3150000.0,2300000.0,1450000.0,6900000.0,5450000.0,salary,2023-07-01 20:49:00
BGT01102,USR039,INC00546,1800000.0,1000000.0,800000.0,3650000.0,2800000.0,internship,2024-09-10 14:00:00
BGT00094,USR008,INC00072,1000000.0,700000.0,550000.0,2250000.0,1700000.0,allowance,2023-02-28 15:06:00
BGT04968,USR055,INC03037,2350000.0,1500000.0,1350000.0,5200000.0,3850000.0,business,2024-01-23 22:34:00
BGT05220,USR003,INC05004,1100000.0,550000.0,350000.0,2000000.0,1650000.0,scholarship,2024-06-17 08:06:00
BGT00774,USR050,INC07700,1500000.0,900000.0,850000.0,3300000.0,2400000.0,business,2023-05-04 16:23:00
BGT02530,USR006,INC07227,900000.0,500000.0,400000.0,1800000.0,1400000.0,part_time,2023-07-28 14:40:00
BGT01458,USR019,INC08843,800000.0,400000.0,350000.0,1550000.0,1200000.0,part_time,2023-02-13 04:44:00
BGT05521,USR007,INC08911,1200000.0,650000.0,500000.0,2350000.0,1850000.0,scholarship,2023-02-11 09:45:00
BGT03532,USR003,INC00224,1150000.0,600000.0,550000.0,2300000.0,1750000.0,part_time,2024-04-10 19:43:00
BGT04949,USR035,INC04503,2000000.0,1400000.0,1100000.0,4500000.0,3400000.0,freelance,2023-04-14 11:22:00
BGT03374,USR016,INC00211,600000.0,300000.0,150000.0,1050000.0,900000.0,part_time,2024-01-08 18:52:00
BGT07389,USR045,INC04767,2550000.0,1650000.0,1100000.0,5350000.0,4200000.0,business,2023-08-15 08:55:00
BGT05936,USR070,INC09164,2100000.0,1550000.0,1000000.0,4650000.0,3650000.0,business,2023-04-28 04:10:00
BGT04031,USR010,INC05859,1100000.0,750000.0,550000.0,2400000.0,1850000.0,allowance,2023-09-25 12:41:00
BGT03799,USR015,INC05433,550000.0,300000.0,200000.0,1050000.0,850000.0,scholarship,2023-04-22 19:02:00
BGT08665,USR046,INC00619,2400000.0,1450000.0,550000.0,4400000.0,3850000.0,salary,2024-03-07 08:39:00
BGT02256,USR005,INC04560,950000.0,600000.0,300000.0,1850000.0,1550000.0,scholarship,2024-02-27 08:20:00
BGT08627,USR015,INC09582,750000.0,450000.0,400000.0,1600000.0,1200000.0,scholarship,2023-01-04 16:11:00
BGT02444,USR019,INC05386,900000.0,700000.0,450000.0,2100000.0,1600000.0,allowance,2024-03-05 16:09:00
BGT02741,USR022,INC08603,1200000.0,650000.0,450000.0,2300000.0,1850000.0,part_time,2024-09-13 09:11:00
BGT01363,USR038,INC08795,2000000.0,1250000.0,650000.0,3900000.0,3250000.0,internship,2024-02-27 13:13:00
BGT03096,USR027,INC01551,2500000.0,1500000.0,650000.0,4650000.0,4000000.0,internship,2023-10-06 19:37:00
BGT01042,USR025,INC04823,1300000.0,850000.0,550000.0,2700000.0,2150000.0,internship,2023-12-07 11:49:00
BGT06075,USR027,INC05199,1500000.0,1000000.0,500000.0,3000000.0,2500000.0,internship,2023-08-05 18:05:00
BGT07850,USR025,INC04524,1950000.0,1400000.0,1050000.0,4450000.0,3350000.0,allowance,2024-10-05 13:15:00
BGT07031,USR047,INC07244,2750000.0,1450000.0,1200000.0,5400000.0,4200000.0,salary,2023-05-11 10:50:00
BGT08731,USR040,INC07342,1500000.0,850000.0,900000.0,3300000.0,2350000.0,allowance,2024-12-18 10:03:00
BGT04251,USR072,INC03964,4800000.0,2700000.0,1750000.0,9250000.0,7500000.0,bonus,2024-12-03 03:40:00
BGT06477,USR015,INC05609,750000.0,450000.0,300000.0,1500000.0,1200000.0,scholarship,2023-08-08 15:02:00
BGT03027,USR032,INC00823,2350000.0,1400000.0,750000.0,4500000.0,3750000.0,part_time,2023-11-05 22:05:00
BGT07104,USR033,INC07427,1750000.0,1100000.0,750000.0,3600000.0,2850000.0,freelance,2024-04-17 07:53:00
BGT01385,USR023,INC09339,1850000.0,900000.0,800000.0,3550000.0,2750000.0,internship,2023-12-19 19:13:00
BGT01284,USR057,INC02383,3500000.0,1900000.0,1700000.0,7100000.0,5400000.0,freelance,2024-05-20 12:45:00
BGT08464,USR074,INC05431,5000000.0,2900000.0,1400000.0,9300000.0,7900000.0,salary,2023-03-02 09:11:00
BGT04408,USR030,INC03504,1500000.0,700000.0,500000.0,2750000.0,2200000.0,part_time,2024-11-29 17:35:00
BGT02960,USR029,INC05461,1150000.0,650000.0,500000.0,2300000.0,1800000.0,freelance,2024-10-09 10:40:00
BGT00201,USR015,INC00285,1200000.0,750000.0,300000.0,2300000.0,1950000.0,scholarship,2024-03-12 09:45:00
BGT04499,USR014,INC06844,600000.0,350000.0,200000.0,1150000.0,950000.0,part_time,2023-01-31 11:46:00
BGT07731,USR033,INC00919,2500000.0,1650000.0,750000.0,4900000.0,4150000.0,freelance,2023-01-04 19:44:00
BGT00375,USR032,INC01356,1350000.0,900000.0,600000.0,2850000.0,2250000.0,freelance,2023-07-10 18:27:00
BGT05319,USR058,INC00837,3900000.0,-2400000.0,950000.0,7250000.0,1500000.0,business,2024-01-14 01:34:00
BGT00958,USR071,INC01864,3100000.0,1850000.0,650000.0,5600000.0,4950000.0,salary,2023-12-06 13:08:00
BGT08895,USR067,INC04201,4200000.0,2850000.0,1900000.0,8950000.0,7050000.0,freelance,2023-10-27 03:21:00
BGT00556,USR058,INC01326,2900000.0,1800000.0,700000.0,5400000.0,4700000.0,salary,2023-01-09 07:06:00
BGT09571,USR017,INC07819,1300000.0,650000.0,350000.0,2300000.0,1950000.0,allowance,2024-04-27 04:29:00
BGT03730,USR025,INC09616,1050000.0,700000.0,450000.0,2200000.0,1750000.0,freelance,2023-12-11 21:58:00
BGT06098,USR020,INC04106,800000.0,450000.0,300000.0,1550000.0,1250000.0,allowance,2023-11-21 05:07:00
BGT04666,USR056,INC07044,2100000.0,1200000.0,750000.0,4050000.0,3300000.0,business,2023-01-23 09:30:00
BGT05105,USR017,INC08112,600000.0,350000.0,250000.0,1250000.0,950000.0,allowance,2024-10-07 14:45:00
BGT02996,USR052,INC06098,3150000.0,2200000.0,1600000.0,6950000.0,5350000.0,bonus,2024-05-05 00:24:00
BGT08053,USR062,INC09422,3000000.0,1650000.0,1700000.0,6350000.0,4650000.0,salary,2024-03-02 18:09:00
BGT05405,USR037,INC07871,1000000.0,550000.0,400000.0,1950000.0,1550000.0,internship,2023-12-08 00:56:00
BGT03309,USR049,INC02019,3200000.0,2200000.0,1050000.0,6450000.0,5400000.0,salary,2024-08-04 14:22:00
BGT06627,USR042,INC03557,3000000.0,1900000.0,1250000.0,6150000.0,4900000.0,bonus,2024-11-17 02:00:00
BGT03516,USR026,INC04369,2150000.0,1300000.0,500000.0,4000000.0,3450000.0,allowance,2024-01-01 05:53:00
BGT09929,USR039,INC00492,2300000.0,1450000.0,1100000.0,4850000.0,3750000.0,allowance,2023-10-21 09:22:00
BGT02732,USR026,INC02027,1850000.0,1100000.0,400000.0,3400000.0,2950000.0,internship,2023-09-09 10:45:00
BGT03468,USR046,INC08829,3700000.0,1950000.0,1100000.0,6750000.0,5650000.0,salary,2024-03-31 16:45:00
BGT00918,USR024,INC03011,1750000.0,1250000.0,850000.0,3850000.0,3000000.0,part_time,2024-03-14 05:53:00
BGT05313,USR044,INC09724,2950000.0,1900000.0,1700000.0,6550000.0,4850000.0,salary,2023-09-01 21:01:00
BGT03082,USR013,INC06336,1000000.0,650000.0,450000.0,2100000.0,1650000.0,scholarship,2023-07-25 00:25:00
BGT03122,USR065,INC03268,3500000.0,1800000.0,1150000.0,6450000.0,5300000.0,freelance,2023-09-19 23:44:00
BGT00835,USR055,INC08168,2700000.0,1400000.0,700000.0,4800000.0,4100000.0,bonus,2024-08-14 07:59:00
BGT07257,USR027,INC05237,1650000.0,1100000.0,850000.0,3600000.0,2750000.0,internship,2024-03-03 12:24:00
BGT07262,USR002,INC08804,1300000.0,800000.0,250000.0,2400000.0,2100000.0,scholarship,2023-08-29 20:11:00
BGT09855,USR031,INC05465,2450000.0,1300000.0,850000.0,4600000.0,3750000.0,freelance,2024-11-03 13:11:00
BGT08992,USR020,INC01520,1000000.0,550000.0,400000.0,1950000.0,1550000.0,allowance,2024-01-07 16:45:00
BGT06340,USR069,INC07315,4100000.0,2850000.0,1950000.0,8950000.0,6950000.0,business,2023-07-04 10:12:00
BGT01355,USR075,INC04719,4950000.0,2750000.0,2050000.0,9750000.0,7700000.0,freelance,2024-03-02 07:47:00
BGT01188,USR007,INC01477,1250000.0,900000.0,450000.0,2600000.0,2150000.0,part_time,2023-08-02 20:44:00
BGT06338,USR052,INC04962,3550000.0,2500000.0,1800000.0,7850000.0,6050000.0,salary,2023-05-02 07:51:00
BGT01773,USR061,INC05278,2050000.0,1300000.0,1000000.0,4350000.0,3350000.0,business,2024-04-14 03:41:00
BGT07448,USR068,INC05408,5400000.0,3200000.0,1400000.0,10000000.0,8600000.0,salary,2023-03-10 23:25:00
BGT07755,USR025,INC00855,1100000.0,700000.0,400000.0,2200000.0,1800000.0,allowance,2024-06-10 05:52:00
BGT06510,USR056,INC06929,3150000.0,2350000.0,1350000.0,6850000.0,5500000.0,salary,2023-10-07 14:35:00
BGT05067,USR015,INC01792,900000.0,550000.0,300000.0,1750000.0,1450000.0,scholarship,2023-11-12 18:41:00
BGT05794,USR051,INC06740,3650000.0,2350000.0,1600000.0,7650000.0,6000000.0,business,2023-07-08 06:51:00
BGT02747,USR051,INC06237,1450000.0,850000.0,850000.0,3150000.0,2300000.0,business,2024-10-15 10:27:00
BGT01217,USR061,INC07327,3350000.0,2000000.0,1500000.0,6850000.0,5350000.0,freelance,2023-07-16 06:19:00
BGT07492,USR074,INC08387,2350000.0,1300000.0,1350000.0,5050000.0,3650000.0,salary,2024-04-11 16:16:00
BGT08416,USR058,INC01370,3250000.0,1900000.0,1350000.0,6500000.0,5150000.0,salary,2024-08-23 04:02:00
BGT00236,USR002,INC03075,900000.0,500000.0,250000.0,1650000.0,1400000.0,scholarship,2023-05-10 15:57:00
BGT06916,USR030,INC02255,2500000.0,1300000.0,850000.0,4650000.0,3800000.0,part_time,2023-07-14 15:27:00
BGT05195,USR040,INC05773,1200000.0,750000.0,750000.0,2750000.0,1950000.0,internship,2023-12-24 05:25:00
BGT04828,USR047,INC07476,2150000.0,1350000.0,550000.0,4050000.0,3500000.0,freelance,2023-06-05 14:55:00
BGT00109,USR019,INC06007,1650000.0,800000.0,550000.0,3000000.0,2450000.0,allowance,2024-12-19 16:15:00
BGT06353,USR007,INC00654,1450000.0,950000.0,500000.0,2900000.0,2400000.0,scholarship,2024-12-27 12:18:00
BGT05126,USR057,INC02003,3600000.0,2200000.0,850000.0,6700000.0,5800000.0,salary,2024-06-02 03:40:00
BGT01324,USR026,INC00178,900000.0,550000.0,550000.0,2050000.0,1450000.0,freelance,2023-10-31 21:03:00
BGT07551,USR052,INC04020,1600000.0,1050000.0,450000.0,3100000.0,2650000.0,business,2023-11-01 05:24:00
BGT08600,USR011,INC06504,1300000.0,750000.0,600000.0,2650000.0,2050000.0,scholarship,2024-04-11 14:58:00
BGT03352,USR004,INC01268,600000.0,350000.0,250000.0,1200000.0,950000.0,scholarship,2024-10-17 20:51:00
BGT07495,USR049,INC09548,3300000.0,2200000.0,1000000.0,6500000.0,5500000.0,business,2023-01-02 02:08:00
BGT03652,USR020,INC03801,550000.0,350000.0,250000.0,1150000.0,900000.0,allowance,2024-11-26 15:52:00
BGT00391,USR010,INC08574,750000.0,400000.0,300000.0,1450000.0,1150000.0,part_time,2024-06-06 15:49:00
BGT05484,USR017,INC02376,900000.0,550000.0,550000.0,2000000.0,1450000.0,part_time,2023-12-09 21:46:00
BGT01160,USR018,INC00757,850000.0,500000.0,250000.0,1600000.0,1350000.0,allowance,2024-02-08 10:26:00
BGT03317,USR040,INC02601,1950000.0,1400000.0,800000.0,4150000.0,3350000.0,allowance,2023-10-02 19:43:00
BGT08687,USR025,INC09220,1450000.0,800000.0,550000.0,2800000.0,2250000.0,allowance,2023-07-26 20:26:00
BGT01225,USR066,INC08240,4650000.0,2650000.0,2550000.0,9850000.0,7300000.0,freelance,2024-04-20 07:39:00
BGT05192,USR071,INC05316,5200000.0,2700000.0,1750000.0,9650000.0,7900000.0,business,2024-03-29 16:18:00
BGT05489,USR055,INC08663,2000000.0,1400000.0,950000.0,4400000.0,3400000.0,salary,2023-11-20 04:30:00
BGT08891,USR016,INC00930,1300000.0,850000.0,300000.0,2450000.0,2150000.0,part_time,2024-12-24 23:48:00
BGT04473,USR043,INC06719,3400000.0,2100000.0,1750000.0,720000000.0,5500000.0,freelance,2023-09-12 02:01:00
BGT03253,USR056,INC08555,1900000.0,1050000.0,950000.0,3900000.0,2950000.0,bonus,2024-03-01 15:20:00
BGT09359,USR022,INC08565,2500000.0,-1500000.0,950000.0,4950000.0,1000000.0,allowance,2024-08-19 01:47:00
BGT09369,USR022,INC01308,2050000.0,1150000.0,1000000.0,4200000.0,3200000.0,internship,2023-09-05 02:00:00
BGT04065,USR037,INC03548,1650000.0,900000.0,650000.0,3200000.0,2550000.0,allowance,2023-06-27 04:30:00
BGT06651,USR021,INC02875,2100000.0,1550000.0,1000000.0,4650000.0,3650000.0,internship,2024-04-28 12:51:00
BGT06475,USR033,INC06533,1750000.0,950000.0,550000.0,3250000.0,2700000.0,part_time,2023-05-02 01:32:00
BGT02824,USR068,INC03109,3050000.0,1950000.0,750000.0,5800000.0,5000000.0,salary,2023-10-20 11:38:00
BGT07956,USR003,INC03352,1500000.0,850000.0,500000.0,2850000.0,2350000.0,part_time,2024-02-16 08:52:00
BGT03408,USR024,INC07566,1000000.0,550000.0,300000.0,1850000.0,1550000.0,freelance,2024-02-20 12:20:00
BGT00275,USR019,INC09428,1400000.0,850000.0,700000.0,3000000.0,2250000.0,part_time,2023-11-18 13:39:00
BGT07037,USR012,INC09467,1400000.0,750000.0,650000.0,2850000.0,2150000.0,scholarship,2023-07-24 01:33:00
BGT09092,USR010,INC04424,750000.0,450000.0,450000.0,1650000.0,1200000.0,allowance,2023-10-03 00:38:00
BGT08961,USR065,INC04039,2400000.0,1800000.0,1250000.0,5450000.0,4200000.0,freelance,2024-02-14 01:43:00
BGT06136,USR014,INC03675,1200000.0,800000.0,550000.0,2600000.0,2000000.0,allowance,2023-10-31 01:38:00
BGT04036,USR042,INC00627,2450000.0,1500000.0,750000.0,4700000.0,3950000.0,bonus,2023-07-18 10:09:00
BGT03888,USR036,INC03726,1600000.0,1100000.0,850000.0,3550000.0,2700000.0,allowance,2023-09-29 12:35:00
BGT04422,USR046,INC04013,2700000.0,1350000.0,800000.0,4850000.0,4050000.0,bonus,2023-04-05 21:57:00
BGT08002,USR075,INC07835,4700000.0,2550000.0,1800000.0,9050000.0,7250000.0,bonus,2023-03-13 00:55:00
BGT08840,USR062,INC00591,2700000.0,1650000.0,1400000.0,5750000.0,4350000.0,business,2023-05-16 07:10:00
BGT06655,USR075,INC02596,2800000.0,2050000.0,1400000.0,6250000.0,4850000.0,bonus,2023-11-06 20:11:00
BGT06596,USR006,INC01639,950000.0,600000.0,600000.0,215000000.0,1550000.0,scholarship,2023-11-14 09:26:00
BGT04784,USR041,INC05926,2300000.0,1400000.0,500000.0,4200000.0,3700000.0,freelance,2024-08-20 01:01:00
BGT08584,USR062,INC00029,3900000.0,2100000.0,1000000.0,7000000.0,6000000.0,investment_return,2023-08-06 11:46:00
BGT09653,USR040,INC04087,700000.0,500000.0,300000.0,1500000.0,1200000.0,part_time,2023-07-07 07:53:00
BGT09297,USR067,INC09590,4100000.0,2350000.0,1400000.0,7900000.0,6450000.0,investment_return,2023-09-06 01:25:00
BGT04128,USR008,INC08961,1100000.0,700000.0,450000.0,2250000.0,1800000.0,part_time,2024-09-20 04:58:00
BGT07194,USR028,INC09263,2100000.0,1250000.0,800000.0,4150000.0,3350000.0,internship,2024-10-10 10:47:00
BGT08711,USR068,INC02589,2600000.0,1350000.0,1000000.0,4950000.0,3950000.0,freelance,2023-06-29 13:09:00
BGT05512,USR073,INC08857,4250000.0,2550000.0,1500000.0,8300000.0,6800000.0,bonus,2024-04-18 15:56:00
BGT04334,USR030,INC01431,850000.0,550000.0,200000.0,1600000.0,1400000.0,allowance,2024-08-18 09:32:00
BGT05019,USR025,INC03317,1950000.0,1250000.0,600000.0,3850000.0,3200000.0,allowance,2023-09-30 17:55:00
BGT06459,USR036,INC03879,2300000.0,1300000.0,1200000.0,4800000.0,3600000.0,part_time,2024-11-23 18:51:00
BGT02422,USR012,INC09418,1350000.0,850000.0,350000.0,2550000.0,2200000.0,part_time,2023-03-18 16:32:00
BGT05494,USR028,INC02891,1300000.0,700000.0,600000.0,2650000.0,2000000.0,freelance,2024-04-15 03:44:00
BGT04424,USR067,INC01939,1900000.0,1200000.0,1150000.0,4250000.0,3100000.0,business,2023-10-15 02:02:00
BGT01143,USR039,INC05088,1300000.0,850000.0,300000.0,2450000.0,2150000.0,internship,2023-03-03 15:02:00
BGT00459,USR002,INC06107,650000.0,400000.0,250000.0,1300000.0,1050000.0,allowance,2024-03-13 23:22:00
BGT05125,USR058,INC02790,2750000.0,1350000.0,950000.0,5050000.0,4100000.0,freelance,2023-12-25 16:15:00
BGT03100,USR038,INC06316,1250000.0,650000.0,400000.0,2300000.0,1900000.0,internship,2024-06-13 04:36:00
BGT06684,USR070,INC06547,3400000.0,1850000.0,1650000.0,6900000.0,5250000.0,investment_return,2023-07-04 14:08:00
BGT03950,USR019,INC06652,750000.0,450000.0,350000.0,1550000.0,1200000.0,scholarship,2023-01-27 21:48:00
BGT02108,USR055,INC06071,2350000.0,1550000.0,1300000.0,5200000.0,3900000.0,salary,2023-12-24 11:55:00
BGT09116,USR016,INC08496,1350000.0,900000.0,750000.0,3000000.0,2250000.0,part_time,2024-12-25 00:12:00
BGT02927,USR066,INC03635,2950000.0,2050000.0,1650000.0,6650000.0,5000000.0,freelance,2023-01-07 19:02:00
BGT06102,USR036,INC02329,2500000.0,1400000.0,750000.0,4650000.0,3900000.0,freelance,2023-01-31 23:43:00
BGT05834,USR038,INC06511,1550000.0,950000.0,850000.0,3350000.0,2500000.0,freelance,2023-10-17 07:05:00
BGT02694,USR045,INC08007,3950000.0,2250000.0,1100000.0,7300000.0,6200000.0,freelance,2024-11-04 01:01:00
BGT00895,USR048,INC05271,2650000.0,1600000.0,1500000.0,5800000.0,4250000.0,salary,2023-07-29 04:58:00
BGT06985,USR031,INC09325,1200000.0,650000.0,350000.0,2200000.0,1850000.0,allowance,2023-05-09 08:03:00
BGT09071,USR019,INC08839,1500000.0,800000.0,350000.0,2650000.0,2300000.0,part_time,2024-02-27 18:50:00
BGT01152,USR033,INC07606,1700000.0,1000000.0,350000.0,3050000.0,2700000.0,internship,2024-09-30 01:02:00
BGT08146,USR033,INC07935,1200000.0,750000.0,500000.0,2450000.0,1950000.0,allowance,2023-05-30 15:42:00
BGT06127,USR032,INC08631,900000.0,550000.0,400000.0,1850000.0,1450000.0,internship,2024-08-26 19:30:00
BGT07553,USR020,INC08260,1300000.0,850000.0,700000.0,2850000.0,2150000.0,scholarship,2024-04-14 12:41:00
BGT04123,USR053,INC00979,-3400000.0,2000000.0,1800000.0,7200000.0,-1400000.0,business,2023-11-05 09:35:00
BGT04260,USR003,INC05624,750000.0,450000.0,300000.0,1500000.0,1200000.0,scholarship,2023-08-20 18:00:00
BGT00363,USR050,INC01838,2100000.0,1350000.0,500000.0,3950000.0,3450000.0,freelance,2023-07-22 01:01:00
BGT09552,USR065,INC05216,4350000.0,2800000.0,1050000.0,8250000.0,7150000.0,business,2024-03-17 02:26:00
BGT07563,USR020,INC05893,1500000.0,850000.0,350000.0,2700000.0,2350000.0,part_time,2024-12-12 05:12:00
BGT01064,USR020,INC01467,1250000.0,650000.0,600000.0,2500000.0,1900000.0,scholarship,2024-06-21 22:41:00
BGT03384,USR030,INC03562,1650000.0,1000000.0,450000.0,3150000.0,2650000.0,internship,2023-02-23 19:33:00
BGT03238,USR052,INC03611,3950000.0,2300000.0,1450000.0,7700000.0,6250000.0,freelance,2023-02-25 12:12:00
BGT02147,USR039,INC08180,2200000.0,1300000.0,700000.0,4200000.0,3500000.0,part_time,2023-08-18 05:25:00
BGT03425,USR023,INC01243,1050000.0,700000.0,400000.0,2150000.0,1750000.0,internship,2024-10-15 06:10:00
BGT03671,USR013,INC05708,700000.0,350000.0,250000.0,1300000.0,1050000.0,part_time,2024-10-27 07:01:00
BGT09234,USR043,INC09782,2000000.0,1300000.0,750000.0,4050000.0,3300000.0,freelance,2023-04-28 12:33:00
BGT08728,USR069,INC07238,3250000.0,1650000.0,1000000.0,5950000.0,4900000.0,freelance,2023-09-27 03:48:00
BGT01219,USR048,INC00496,1850000.0,1100000.0,400000.0,3400000.0,2950000.0,freelance,2024-09-14 10:58:00
BGT09406,USR074,INC09888,1950000.0,1150000.0,1000000.0,4100000.0,3100000.0,business,2024-08-13 17:10:00
BGT09110,USR007,INC01071,900000.0,500000.0,200000.0,1650000.0,1400000.0,scholarship,2023-09-15 19:57:00
BGT06517,USR074,INC04299,3200000.0,2500000.0,1600000.0,7300000.0,5700000.0,business,2023-06-16 13:18:00
BGT04190,USR069,INC00604,1900000.0,1400000.0,950000.0,4250000.0,3300000.0,business,2023-07-25 00:51:00
BGT02776,USR021,INC01174,900000.0,550000.0,400000.0,1850000.0,1450000.0,freelance,2024-06-09 10:11:00
BGT09858,USR020,INC05422,650000.0,400000.0,250000.0,1300000.0,1050000.0,part_time,2024-02-27 00:24:00
BGT09383,USR044,INC03414,3050000.0,1950000.0,750000.0,5800000.0,5000000.0,bonus,2024-07-18 01:09:00
BGT01146,USR068,INC09520,4000000.0,3100000.0,2000000.0,9100000.0,7100000.0,salary,2024-05-11 01:13:00
BGT01816,USR021,INC03356,2000000.0,1200000.0,600000.0,3800000.0,3200000.0,internship,2024-09-07 21:59:00
BGT07070,USR040,INC07795,1400000.0,800000.0,750000.0,2950000.0,2200000.0,allowance,2023-03-15 23:22:00
BGT02638,USR032,INC01658,2400000.0,1350000.0,950000.0,4700000.0,3750000.0,freelance,2024-04-08 02:54:00
BGT04826,USR018,INC09617,1400000.0,850000.0,650000.0,2900000.0,2250000.0,part_time,2024-10-01 06:10:00
BGT02867,USR069,INC06627,4900000.0,2800000.0,1350000.0,9050000.0,7700000.0,business,2024-02-15 05:10:00
BGT02281,USR005,INC07134,1250000.0,700000.0,650000.0,2600000.0,1950000.0,part_time,2024-07-28 03:50:00
BGT07751,USR070,INC07097,4650000.0,2950000.0,2300000.0,9900000.0,7600000.0,business,2024-09-11 04:01:00
BGT06034,USR025,INC09541,2000000.0,1200000.0,950000.0,4200000.0,3200000.0,allowance,2023-11-04 23:01:00
BGT09597,USR011,INC09689,1200000.0,850000.0,550000.0,2600000.0,2050000.0,allowance,2023-01-12 14:51:00
BGT07208,USR008,INC08419,1000000.0,500000.0,300000.0,1800000.0,1500000.0,scholarship,2024-07-08 14:09:00
BGT07516,USR072,INC03500,2700000.0,1700000.0,1300000.0,5700000.0,4400000.0,bonus,2023-09-26 11:21:00
BGT02963,USR023,INC04879,1800000.0,1100000.0,1000000.0,3900000.0,2900000.0,freelance,2023-09-07 14:55:00
BGT04145,USR008,INC03033,850000.0,450000.0,400000.0,1700000.0,1300000.0,allowance,2023-10-02 00:10:00
BGT05185,USR019,INC06274,1400000.0,700000.0,550000.0,2650000.0,2100000.0,scholarship,2024-12-07 02:09:00
BGT05180,USR029,INC08497,2600000.0,1350000.0,850000.0,4850000.0,3950000.0,internship,2023-03-09 11:18:00
BGT00427,USR009,INC00935,1250000.0,800000.0,400000.0,2450000.0,2050000.0,allowance,2024-12-06 03:49:00
BGT07336,USR042,INC06415,2300000.0,1200000.0,850000.0,4350000.0,3500000.0,freelance,2023-05-05 12:04:00
BGT03112,USR031,INC06639,1800000.0,1150000.0,500000.0,3500000.0,2950000.0,part_time,2024-05-16 15:50:00
BGT02724,USR063,INC08395,2800000.0,1650000.0,1750000.0,6200000.0,4450000.0,salary,2024-06-08 09:18:00
BGT03134,USR067,INC00646,5100000.0,2750000.0,1950000.0,9850000.0,7850000.0,freelance,2024-12-22 18:43:00
BGT02465,USR021,INC08662,1900000.0,950000.0,700000.0,360000000.0,2850000.0,freelance,2023-04-11 11:19:00
BGT09915,USR029,INC09573,2100000.0,1200000.0,650000.0,3950000.0,3300000.0,freelance,2024-09-23 13:22:00
BGT02230,USR008,INC01444,700000.0,450000.0,200000.0,1350000.0,1150000.0,allowance,2023-05-12 02:13:00
BGT06012,USR011,INC02633,1350000.0,950000.0,700000.0,3000000.0,2300000.0,scholarship,2023-04-24 05:44:00
BGT05096,USR044,INC09882,2250000.0,1300000.0,550000.0,4100000.0,3550000.0,salary,2024-10-28 16:38:00
BGT08428,USR054,INC06195,2200000.0,1400000.0,1000000.0,4600000.0,3600000.0,business,2023-01-27 04:22:00
BGT07891,USR038,INC02516,1500000.0,950000.0,550000.0,3000000.0,2450000.0,internship,2024-06-17 13:17:00
BGT06815,USR055,INC09336,2700000.0,1700000.0,1450000.0,5850000.0,4400000.0,bonus,2024-09-22 02:48:00
BGT06013,USR043,INC03374,3650000.0,-2450000.0,1500000.0,7600000.0,1200000.0,business,2024-03-09 20:55:00
BGT07793,USR023,INC09966,1750000.0,1050000.0,400000.0,3200000.0,2800000.0,freelance,2023-11-01 01:14:00
BGT09923,USR072,INC06649,2900000.0,1650000.0,1600000.0,6150000.0,4550000.0,salary,2023-10-20 19:58:00
BGT06026,USR020,INC04097,1300000.0,850000.0,450000.0,2650000.0,2150000.0,scholarship,2023-01-23 04:54:00
BGT07346,USR036,INC08738,1300000.0,900000.0,750000.0,2950000.0,2200000.0,internship,2024-04-02 19:31:00
BGT06174,USR067,INC01345,3700000.0,2150000.0,800000.0,6650000.0,5850000.0,investment_return,2024-05-26 03:12:00
BGT05169,USR034,INC00512,2700000.0,1400000.0,700000.0,4800000.0,4100000.0,freelance,2023-11-29 04:48:00
BGT09457,USR022,INC09873,1650000.0,1150000.0,950000.0,3750000.0,2800000.0,part_time,2024-06-24 00:06:00
BGT03732,USR003,INC01555,1450000.0,950000.0,500000.0,2900000.0,2400000.0,allowance,2023-11-14 07:00:00
BGT08744,USR067,INC04796,2800000.0,-1450000.0,1000000.0,5250000.0,1350000.0,bonus,2023-03-18 15:36:00
BGT01337,USR010,INC07038,750000.0,450000.0,250000.0,1450000.0,1200000.0,scholarship,2023-04-11 01:01:00
BGT02664,USR072,INC02895,2450000.0,1350000.0,700000.0,4500000.0,3800000.0,freelance,2023-01-29 20:12:00
BGT00595,USR024,INC02988,1400000.0,850000.0,600000.0,2850000.0,2250000.0,freelance,2023-09-28 22:58:00
BGT01768,USR069,INC05381,3000000.0,2100000.0,1700000.0,6850000.0,5100000.0,freelance,2023-05-29 12:17:00
BGT04416,USR030,INC08123,1300000.0,750000.0,500000.0,2550000.0,2050000.0,internship,2024-01-31 15:35:00
BGT04978,USR037,INC04080,1450000.0,800000.0,350000.0,2600000.0,2250000.0,internship,2024-07-09 16:08:00
BGT02964,USR072,INC09031,4200000.0,2800000.0,2350000.0,9350000.0,7000000.0,freelance,2023-01-05 12:06:00
BGT00054,USR071,INC05795,5200000.0,2450000.0,1800000.0,9450000.0,7650000.0,business,2023-02-26 17:05:00
BGT02192,USR028,INC03481,2100000.0,1100000.0,600000.0,3850000.0,3200000.0,part_time,2024-08-24 17:01:00
BGT04377,USR053,INC07152,1550000.0,800000.0,650000.0,3000000.0,2350000.0,business,2023-01-11 23:46:00
BGT09497,USR034,INC00564,1250000.0,600000.0,400000.0,2300000.0,1850000.0,allowance,2024-05-28 04:11:00
BGT02778,USR018,INC00642,900000.0,450000.0,250000.0,1600000.0,1350000.0,scholarship,2023-03-08 17:28:00
BGT06980,USR055,INC05478,3650000.0,1950000.0,1400000.0,7050000.0,5600000.0,salary,2024-01-18 15:39:00
BGT03475,USR058,INC02369,2400000.0,1350000.0,650000.0,4400000.0,3750000.0,freelance,2023-08-01 11:10:00
BGT00737,USR074,INC02112,2250000.0,1600000.0,950000.0,4800000.0,3850000.0,investment_return,2024-03-19 14:56:00
BGT03047,USR005,INC09530,1250000.0,750000.0,600000.0,2600000.0,2000000.0,allowance,2024-04-26 02:02:00
BGT09081,USR024,INC02547,1600000.0,950000.0,450000.0,3000000.0,2550000.0,part_time,2024-08-22 14:47:00
BGT01547,USR031,INC01827,1050000.0,650000.0,200000.0,1900000.0,1700000.0,allowance,2024-02-06 17:01:00
BGT08151,USR052,INC05173,3450000.0,2500000.0,1400000.0,7350000.0,5950000.0,salary,2023-07-25 18:29:00
BGT05914,USR007,INC02493,1100000.0,600000.0,300000.0,2000000.0,1700000.0,allowance,2024-04-28 09:14:00
BGT05033,USR051,INC00502,3400000.0,1950000.0,950000.0,6300000.0,5350000.0,bonus,2024-01-23 05:10:00
BGT03164,USR049,INC00532,2300000.0,1650000.0,850000.0,4800000.0,3950000.0,salary,2024-08-31 01:22:00
BGT05519,USR012,INC07341,1350000.0,850000.0,650000.0,290000000.0,2200000.0,part_time,2024-07-27 10:38:00
BGT03962,USR065,INC06217,3050000.0,1750000.0,1000000.0,5800000.0,4800000.0,investment_return,2024-08-22 00:39:00
BGT09686,USR036,INC03323,1250000.0,600000.0,400000.0,2250000.0,1850000.0,allowance,2024-12-01 06:11:00
BGT00798,USR071,INC06724,3600000.0,2050000.0,1150000.0,6800000.0,5650000.0,investment_return,2023-01-14 03:59:00
BGT00524,USR019,INC05641,1250000.0,900000.0,700000.0,2850000.0,2150000.0,allowance,2023-02-04 18:49:00
BGT03231,USR050,INC02570,2150000.0,1500000.0,800000.0,4450000.0,3650000.0,salary,2024-01-11 17:20:00
BGT09509,USR014,INC05367,1000000.0,600000.0,600000.0,2200000.0,1600000.0,allowance,2023-04-28 04:45:00
BGT06316,USR060,INC02972,3750000.0,2450000.0,1650000.0,7850000.0,6200000.0,freelance,2023-10-21 01:27:00
BGT03659,USR072,INC02928,2800000.0,1900000.0,900000.0,5600000.0,4700000.0,business,2024-05-22 16:43:00
BGT05893,USR005,INC06843,900000.0,500000.0,400000.0,1800000.0,1400000.0,part_time,2023-04-15 15:50:00
BGT04869,USR022,INC05589,1750000.0,950000.0,900000.0,3600000.0,2700000.0,freelance,2023-05-17 07:08:00
BGT02588,USR038,INC01027,2350000.0,1300000.0,700000.0,4350000.0,3650000.0,allowance,2023-09-13 22:10:00
BGT09163,USR020,INC05218,900000.0,650000.0,350000.0,1900000.0,1550000.0,part_time,2024-12-29 10:29:00
BGT06886,USR043,INC06189,2400000.0,1500000.0,800000.0,4700000.0,3900000.0,salary,2023-06-24 02:42:00
BGT00552,USR047,INC02690,2000000.0,1200000.0,1250000.0,4450000.0,3200000.0,salary,2023-10-09 00:44:00
BGT02092,USR060,INC07446,1550000.0,900000.0,900000.0,3400000.0,2450000.0,salary,2023-07-29 10:37:00
BGT06720,USR025,INC01283,2150000.0,1000000.0,700000.0,3850000.0,3150000.0,part_time,2023-02-07 17:47:00
BGT03367,USR009,INC05946,1400000.0,750000.0,700000.0,2850000.0,2150000.0,allowance,2023-12-25 14:51:00
BGT05281,USR057,INC03714,2600000.0,1450000.0,1300000.0,5350000.0,4050000.0,business,2024-07-28 01:50:00
BGT01488,USR047,INC06642,1850000.0,1350000.0,850000.0,4050000.0,3200000.0,bonus,2024-07-27 03:10:00
BGT04967,USR055,INC06889,1650000.0,900000.0,600000.0,3150000.0,2550000.0,freelance,2023-01-12 04:38:00
BGT09319,USR050,INC04613,1750000.0,1100000.0,750000.0,3600000.0,2850000.0,salary,2023-06-19 02:41:00
BGT00355,USR012,INC08429,1150000.0,900000.0,550000.0,2600000.0,2050000.0,allowance,2023-07-27 02:25:00
BGT02245,USR058,INC03997,3400000.0,2550000.0,1750000.0,7700000.0,5950000.0,salary,2024-03-24 16:53:00
BGT02338,USR062,INC02963,4200000.0,2700000.0,1300000.0,8250000.0,6900000.0,freelance,2023-03-08 22:24:00
BGT02891,USR044,INC05541,3400000.0,1750000.0,1050000.0,6200000.0,5150000.0,salary,2023-01-04 21:12:00
BGT08301,USR031,INC07671,2300000.0,1400000.0,1300000.0,5000000.0,3700000.0,allowance,2024-03-05 11:10:00
BGT02751,USR048,INC02318,3300000.0,1750000.0,1500000.0,6550000.0,5050000.0,bonus,2023-10-11 23:45:00
BGT08184,USR060,INC05407,1750000.0,1000000.0,1100000.0,3850000.0,2750000.0,bonus,2023-04-09 11:44:00
BGT07739,USR031,INC07471,1050000.0,800000.0,500000.0,2350000.0,1850000.0,part_time,2024-02-03 13:19:00
BGT09232,USR011,INC02225,750000.0,550000.0,400000.0,1750000.0,1300000.0,part_time,2023-08-09 12:08:00
BGT06535,USR052,INC01908,3400000.0,2050000.0,1350000.0,6800000.0,5450000.0,salary,2023-06-16 12:40:00
BGT04444,USR052,INC04003,3400000.0,1850000.0,1400000.0,6650000.0,5250000.0,bonus,2024-12-04 14:23:00
BGT00875,USR008,INC06516,900000.0,500000.0,500000.0,1900000.0,1400000.0,freelance,2024-09-27 05:17:00
BGT06999,USR025,INC07483,1200000.0,850000.0,500000.0,2550000.0,2050000.0,allowance,2024-06-13 06:25:00
BGT06608,USR012,INC00555,600000.0,300000.0,200000.0,1150000.0,900000.0,scholarship,2023-07-22 06:01:00
BGT00374,USR014,INC07259,600000.0,350000.0,300000.0,1250000.0,950000.0,scholarship,2024-09-19 18:35:00
BGT06668,USR009,INC05382,1400000.0,800000.0,350000.0,2550000.0,2200000.0,allowance,2024-10-03 22:54:00
BGT02155,USR012,INC02959,800000.0,450000.0,400000.0,1650000.0,1250000.0,part_time,2023-05-31 13:20:00
BGT07012,USR044,INC06390,3200000.0,2000000.0,1950000.0,7150000.0,5200000.0,freelance,2024-05-18 06:31:00
BGT06581,USR075,INC05619,3750000.0,2300000.0,1900000.0,7950000.0,6050000.0,bonus,2023-08-25 16:31:00
BGT02054,USR017,INC04169,700000.0,400000.0,150000.0,1300000.0,1100000.0,allowance,2024-12-31 19:14:00
BGT02819,USR049,INC06517,3400000.0,1800000.0,1700000.0,6900000.0,5200000.0,salary,2023-01-13 21:21:00
BGT06564,USR070,INC08461,4750000.0,2700000.0,2250000.0,9700000.0,7450000.0,freelance,2023-08-20 02:21:00
BGT07856,USR069,INC02648,4650000.0,2850000.0,1650000.0,9150000.0,7500000.0,investment_return,2023-05-11 16:07:00
BGT03519,USR075,INC04598,3500000.0,2350000.0,1050000.0,6900000.0,5850000.0,business,2023-09-02 04:38:00
BGT03004,USR025,INC06456,2350000.0,1250000.0,900000.0,4500000.0,3600000.0,allowance,2024-06-06 02:31:00
BGT06385,USR017,INC02372,1050000.0,600000.0,550000.0,2200000.0,1650000.0,part_time,2024-01-02 18:52:00
BGT01475,USR054,INC00477,3600000.0,2500000.0,1450000.0,7550000.0,6100000.0,business,2023-08-22 09:28:00
BGT07539,USR039,INC01994,1850000.0,1150000.0,450000.0,3450000.0,3000000.0,part_time,2023-08-07 08:19:00
BGT05900,USR037,INC07732,1150000.0,800000.0,400000.0,2350000.0,1950000.0,internship,2024-03-31 14:43:00
BGT06093,USR063,INC01121,3200000.0,1750000.0,1450000.0,6400000.0,4950000.0,salary,2024-04-08 10:17:00
BGT00545,USR044,INC06148,2250000.0,1200000.0,1200000.0,4700000.0,3450000.0,bonus,2023-04-09 20:38:00
BGT00002,USR009,INC08841,1450000.0,800000.0,400000.0,2650000.0,2250000.0,allowance,2024-01-01 09:28:00
BGT08155,USR057,INC01465,3200000.0,1750000.0,1550000.0,6500000.0,4950000.0,salary,2023-10-19 06:29:00
BGT04555,USR074,INC09579,2600000.0,1450000.0,1300000.0,5350000.0,4050000.0,freelance,2023-01-07 09:45:00
BGT08561,USR053,INC02086,2200000.0,1300000.0,500000.0,4000000.0,3500000.0,business,2023-08-21 08:12:00
BGT09355,USR064,INC09158,4850000.0,2850000.0,2200000.0,9900000.0,7700000.0,business,2023-08-10 14:05:00
BGT09229,USR067,INC00746,2300000.0,1700000.0,1000000.0,5050000.0,4000000.0,investment_return,2023-04-17 17:09:00
BGT00038,USR017,INC02807,1450000.0,900000.0,300000.0,2650000.0,2350000.0,part_time,2024-05-14 22:26:00
BGT04720,USR015,INC03362,1550000.0,800000.0,650000.0,3000000.0,2350000.0,part_time,2024-09-19 03:16:00
BGT05977,USR071,INC00969,4200000.0,2350000.0,2400000.0,8950000.0,6550000.0,business,2024-03-15 12:03:00
BGT00541,USR068,INC08831,3250000.0,1800000.0,1600000.0,6650000.0,5050000.0,freelance,2023-02-09 02:30:00
BGT09933,USR003,INC01756,900000.0,650000.0,400000.0,1950000.0,1550000.0,scholarship,2024-02-14 09:39:00
BGT00972,USR021,INC07889,1250000.0,650000.0,400000.0,2350000.0,1900000.0,allowance,2023-10-13 14:34:00
BGT02916,USR024,INC06380,2050000.0,1200000.0,600000.0,3850000.0,3250000.0,freelance,2024-02-10 05:05:00
BGT04748,USR039,INC03275,2000000.0,1300000.0,950000.0,4250000.0,3300000.0,internship,2023-05-29 01:15:00
BGT01312,USR048,INC04671,2750000.0,1700000.0,650000.0,5100000.0,4450000.0,bonus,2024-03-08 00:34:00
BGT07007,USR036,INC03447,1100000.0,650000.0,550000.0,2300000.0,1750000.0,part_time,2023-06-28 13:57:00
BGT08626,USR039,INC05435,900000.0,600000.0,500000.0,2000000.0,1500000.0,freelance,2023-05-26 17:17:00
BGT04902,USR022,INC09138,2650000.0,1550000.0,500000.0,4700000.0,4200000.0,freelance,2024-08-08 05:04:00
BGT02661,USR002,INC08600,800000.0,450000.0,400000.0,1700000.0,1250000.0,part_time,2023-02-27 22:28:00
BGT04529,USR036,INC09211,2050000.0,1450000.0,1000000.0,4500000.0,3500000.0,internship,2023-06-30 16:24:00
BGT04071,USR069,INC04248,2850000.0,1650000.0,700000.0,5200000.0,4500000.0,salary,2024-11-22 07:49:00
BGT07735,USR035,INC05351,2300000.0,1550000.0,700000.0,4550000.0,3850000.0,freelance,2024-05-19 11:42:00
BGT09295,USR048,INC07486,3000000.0,1950000.0,1300000.0,6250000.0,4950000.0,business,2023-03-11 09:45:00
BGT04435,USR008,INC03370,750000.0,500000.0,400000.0,1700000.0,1250000.0,part_time,2023-08-15 16:47:00
BGT00761,USR015,INC00612,1100000.0,650000.0,600000.0,2350000.0,1750000.0,scholarship,2024-11-09 15:54:00
BGT04859,USR003,INC09528,1100000.0,650000.0,400000.0,2150000.0,1750000.0,allowance,2023-10-21 11:34:00
BGT08867,USR049,INC09563,1900000.0,1200000.0,600000.0,3700000.0,3100000.0,freelance,2023-02-08 07:00:00
BGT00445,USR039,INC05084,-1450000.0,750000.0,400000.0,2600000.0,-700000.0,internship,2024-12-07 11:23:00
BGT04395,USR024,INC07758,1250000.0,700000.0,650000.0,2600000.0,1950000.0,allowance,2023-09-02 00:34:00
BGT08320,USR023,INC00249,1100000.0,650000.0,350000.0,2100000.0,1750000.0,part_time,2024-01-16 20:04:00
BGT05293,USR034,INC02429,1900000.0,1200000.0,700000.0,3800000.0,3100000.0,allowance,2023-11-25 23:05:00
BGT06074,USR071,INC03817,4250000.0,2250000.0,1850000.0,8350000.0,6500000.0,business,2023-02-09 22:30:00
BGT01577,USR055,INC02975,2000000.0,1150000.0,500000.0,3650000.0,3150000.0,freelance,2023-10-18 07:29:00
BGT00682,USR038,INC01176,2400000.0,1550000.0,750000.0,4700000.0,3950000.0,internship,2023-11-12 18:47:00
BGT04694,USR027,INC04145,1400000.0,1000000.0,650000.0,3050000.0,2400000.0,freelance,2024-09-23 06:39:00
BGT00473,USR048,INC01673,2700000.0,1350000.0,800000.0,4850000.0,4050000.0,bonus,2023-09-10 01:47:00
BGT07946,USR045,INC03810,2700000.0,1350000.0,850000.0,4900000.0,4050000.0,salary,2024-08-21 20:25:00
BGT01257,USR073,INC05883,4750000.0,2450000.0,1900000.0,9100000.0,7200000.0,bonus,2023-03-01 08:09:00
BGT06360,USR016,INC07927,450000.0,300000.0,250000.0,1000000.0,750000.0,allowance,2023-10-02 13:47:00
BGT05646,USR051,INC02527,2450000.0,1400000.0,800000.0,4650000.0,3850000.0,bonus,2024-03-17 03:55:00
BGT03373,USR068,INC00132,2800000.0,1650000.0,750000.0,5200000.0,4450000.0,business,2024-04-12 05:45:00
BGT07429,USR044,INC09661,3000000.0,2100000.0,1450000.0,6550000.0,5100000.0,freelance,2023-03-05 00:17:00
BGT09572,USR050,INC02841,2050000.0,1450000.0,950000.0,4450000.0,3500000.0,business,2024-04-12 18:53:00
BGT02564,USR045,INC04905,4050000.0,2700000.0,1200000.0,7950000.0,6750000.0,business,2024-08-25 19:48:00
BGT04512,USR074,INC04271,3350000.0,1950000.0,1150000.0,6450000.0,5300000.0,investment_return,2024-03-20 19:42:00
BGT03606,USR026,INC08157,1650000.0,950000.0,450000.0,3100000.0,2600000.0,part_time,2024-07-19 06:17:00
BGT03183,USR007,INC01218,550000.0,300000.0,150000.0,1000000.0,850000.0,allowance,2024-08-18 13:25:00
BGT07759,USR057,INC08879,3100000.0,2150000.0,1650000.0,6900000.0,5250000.0,salary,2024-10-16 19:55:00
BGT00066,USR066,INC06116,3200000.0,1950000.0,1200000.0,6350000.0,5150000.0,freelance,2024-11-19 07:28:00
BGT05987,USR038,INC00141,1100000.0,700000.0,600000.0,2400000.0,1800000.0,part_time,2023-03-11 18:56:00
BGT03155,USR046,INC05615,2600000.0,1300000.0,750000.0,4650000.0,3900000.0,salary,2023-07-02 18:53:00
BGT06523,USR053,INC06647,2300000.0,1400000.0,650000.0,4350000.0,3700000.0,business,2023-03-12 08:42:00
BGT09533,USR024,INC03890,1250000.0,750000.0,750000.0,2750000.0,2000000.0,internship,2023-08-02 00:18:00
BGT01227,USR057,INC09366,3500000.0,2100000.0,750000.0,6400000.0,5600000.0,freelance,2023-04-18 19:17:00
BGT05259,USR037,INC00324,1800000.0,1050000.0,650000.0,3500000.0,2850000.0,freelance,2023-12-04 07:44:00
BGT06330,USR064,INC09750,3700000.0,2350000.0,1050000.0,7100000.0,6050000.0,bonus,2023-07-31 09:34:00
BGT07923,USR035,INC04521,900000.0,550000.0,250000.0,1700000.0,1450000.0,allowance,2024-10-21 19:26:00
BGT06088,USR004,INC02844,650000.0,350000.0,350000.0,1350000.0,1000000.0,scholarship,2023-04-14 01:54:00
BGT08472,USR032,INC09876,1800000.0,1150000.0,600000.0,3550000.0,2950000.0,allowance,2023-01-12 16:49:00
BGT09528,USR038,INC07095,1650000.0,1000000.0,450000.0,3100000.0,2650000.0,allowance,2023-11-28 09:15:00
BGT06995,USR040,INC07881,1600000.0,1000000.0,500000.0,305000000.0,2600000.0,part_time,2023-07-24 17:52:00
BGT01244,USR049,INC09722,2900000.0,2150000.0,1500000.0,6550000.0,5050000.0,business,2023-11-19 22:02:00
BGT06631,USR055,INC02144,3150000.0,1700000.0,1050000.0,5900000.0,4850000.0,bonus,2023-10-22 17:05:00
BGT07931,USR041,INC03643,3100000.0,1600000.0,1500000.0,6200000.0,4700000.0,business,2023-03-02 02:14:00
BGT06242,USR004,INC09429,1200000.0,800000.0,450000.0,2500000.0,2000000.0,part_time,2024-07-23 22:45:00
BGT06482,USR075,INC00575,3500000.0,2300000.0,1200000.0,7000000.0,5800000.0,bonus,2023-03-26 20:59:00
BGT03612,USR070,INC09439,4300000.0,2600000.0,1050000.0,7950000.0,6900000.0,freelance,2023-03-11 18:45:00
BGT08182,USR042,INC04187,3500000.0,2550000.0,1700000.0,7800000.0,6050000.0,bonus,2023-08-19 09:54:00
BGT06709,USR075,INC02434,3250000.0,1850000.0,1700000.0,6800000.0,5100000.0,business,2023-08-08 09:50:00
BGT02651,USR072,INC05661,3550000.0,2050000.0,1400000.0,7000000.0,5600000.0,investment_return,2023-06-03 20:47:00
BGT08087,USR016,INC07580,750000.0,450000.0,350000.0,1550000.0,1200000.0,part_time,2024-05-11 16:20:00
BGT00703,USR004,INC08251,950000.0,500000.0,450000.0,1900000.0,1450000.0,allowance,2023-11-27 16:26:00
BGT03719,USR048,INC07923,1800000.0,1150000.0,600000.0,3550000.0,2950000.0,freelance,2024-11-21 19:27:00
BGT07523,USR009,INC00411,1450000.0,850000.0,600000.0,2900000.0,2300000.0,scholarship,2023-08-17 17:08:00
BGT01495,USR031,INC08074,1800000.0,1200000.0,600000.0,3600000.0,3000000.0,allowance,2023-06-08 21:55:00
BGT03034,USR070,INC04714,3350000.0,1650000.0,1100000.0,6100000.0,5000000.0,salary,2024-11-25 19:50:00
BGT07545,USR019,INC03911,550000.0,300000.0,150000.0,1000000.0,850000.0,allowance,2024-09-25 09:47:00
BGT05261,USR068,INC04660,4200000.0,2900000.0,2500000.0,9600000.0,7100000.0,salary,2023-02-08 10:59:00
BGT02803,USR020,INC09765,850000.0,600000.0,400000.0,1850000.0,1450000.0,allowance,2024-02-02 12:07:00
BGT03572,USR002,INC07669,550000.0,400000.0,200000.0,1150000.0,950000.0,allowance,2023-03-03 22:25:00
BGT09840,USR048,INC05988,2800000.0,1500000.0,750000.0,5050000.0,4300000.0,bonus,2023-06-04 12:57:00
BGT02627,USR052,INC09693,4100000.0,2300000.0,1050000.0,7450000.0,6400000.0,salary,2024-08-11 16:55:00
BGT04953,USR030,INC01271,2300000.0,1400000.0,800000.0,4500000.0,3700000.0,part_time,2023-07-31 12:50:00
BGT01579,USR038,INC05703,2100000.0,1250000.0,1200000.0,4550000.0,3350000.0,freelance,2024-07-13 15:04:00
BGT02843,USR002,INC09830,500000.0,350000.0,300000.0,1150000.0,850000.0,allowance,2023-04-01 17:34:00
BGT02672,USR069,INC04024,3700000.0,2550000.0,1950000.0,8200000.0,6250000.0,salary,2023-08-03 07:10:00
BGT04267,USR034,INC07631,2000000.0,1400000.0,850000.0,4300000.0,3400000.0,part_time,2023-06-08 19:26:00
BGT00850,USR051,INC03483,3050000.0,1650000.0,850000.0,5550000.0,4700000.0,freelance,2023-04-05 23:48:00
BGT08044,USR010,INC06405,1050000.0,650000.0,250000.0,1950000.0,1700000.0,part_time,2023-06-08 03:14:00
BGT03149,USR019,INC08300,700000.0,500000.0,200000.0,1400000.0,1200000.0,scholarship,2023-07-25 08:30:00
BGT00984,USR075,INC07602,4500000.0,2450000.0,1250000.0,8200000.0,6950000.0,salary,2023-10-03 03:57:00
BGT04107,USR006,INC05561,1500000.0,800000.0,550000.0,2850000.0,2300000.0,part_time,2023-12-12 01:37:00
BGT00287,USR030,INC04683,2250000.0,1300000.0,500000.0,4050000.0,3550000.0,part_time,2023-04-12 17:15:00
BGT09865,USR048,INC03375,3400000.0,2100000.0,1300000.0,6850000.0,5500000.0,freelance,2024-03-12 23:20:00
BGT07659,USR023,INC09500,2350000.0,1250000.0,1000000.0,4650000.0,3600000.0,internship,2024-10-26 05:52:00
BGT03010,USR073,INC06354,-3050000.0,1550000.0,1400000.0,6000000.0,-1500000.0,business,2023-01-21 17:50:00
BGT02528,USR023,INC04461,1000000.0,550000.0,550000.0,2100000.0,1550000.0,freelance,2024-09-22 04:21:00
BGT02680,USR064,INC09201,5200000.0,2600000.0,1500000.0,9300000.0,7800000.0,freelance,2024-12-26 16:14:00
BGT03424,USR008,INC01746,500000.0,250000.0,250000.0,1050000.0,750000.0,scholarship,2024-01-12 10:41:00
BGT09606,USR005,INC06924,550000.0,350000.0,200000.0,1100000.0,900000.0,allowance,2023-03-29 13:08:00
BGT03601,USR028,INC02156,2250000.0,1300000.0,550000.0,4100000.0,3550000.0,freelance,2024-03-12 11:57:00
BGT02956,USR032,INC07583,1950000.0,1100000.0,850000.0,3900000.0,3050000.0,part_time,2023-11-02 16:50:00
BGT06392,USR017,INC09401,500000.0,300000.0,200000.0,1000000.0,800000.0,scholarship,2023-10-31 03:20:00
BGT03290,USR015,INC04568,800000.0,500000.0,250000.0,1550000.0,1300000.0,scholarship,2023-10-09 09:48:00
BGT01205,USR025,INC05672,1900000.0,1050000.0,800000.0,3750000.0,2950000.0,allowance,2023-08-23 10:19:00
BGT08425,USR019,INC08377,600000.0,400000.0,350000.0,1350000.0,1000000.0,scholarship,2024-02-05 13:24:00
BGT00182,USR070,INC09956,2550000.0,1300000.0,950000.0,4850000.0,3850000.0,freelance,2024-11-03 07:17:00
BGT01529,USR007,INC07403,500000.0,350000.0,200000.0,1050000.0,850000.0,scholarship,2023-09-02 03:45:00
BGT09999,USR051,INC04848,3300000.0,2100000.0,750000.0,6150000.0,5400000.0,bonus,2024-07-04 10:33:00
BGT07537,USR016,INC05544,1450000.0,800000.0,550000.0,2800000.0,2250000.0,scholarship,2023-11-10 03:50:00
BGT04266,USR070,INC09347,3900000.0,2300000.0,2050000.0,8250000.0,6200000.0,business,2023-09-06 13:05:00
BGT00581,USR074,INC04358,2800000.0,1850000.0,1300000.0,6000000.0,4650000.0,salary,2024-06-02 10:08:00
BGT08857,USR033,INC02777,1600000.0,800000.0,450000.0,2900000.0,2400000.0,internship,2023-09-22 07:48:00
BGT06022,USR046,INC03658,3100000.0,1600000.0,1150000.0,5850000.0,4700000.0,freelance,2023-09-29 21:38:00
BGT04714,USR051,INC02865,3250000.0,1900000.0,750000.0,5950000.0,5150000.0,bonus,2024-09-30 01:07:00
BGT05294,USR028,INC04231,2600000.0,1400000.0,800000.0,4850000.0,4000000.0,internship,2023-12-15 08:47:00
BGT00052,USR005,INC08045,650000.0,350000.0,400000.0,1400000.0,1000000.0,scholarship,2024-07-08 08:57:00
BGT05755,USR029,INC06941,1650000.0,850000.0,500000.0,3000000.0,2500000.0,part_time,2024-09-03 20:51:00
BGT06076,USR068,INC02491,4850000.0,2850000.0,2150000.0,985000000.0,7700000.0,bonus,2024-10-25 20:41:00
BGT00096,USR034,INC06116,2050000.0,1150000.0,950000.0,4150000.0,3200000.0,allowance,2023-03-25 14:14:00
BGT02511,USR064,INC02387,2750000.0,1650000.0,1300000.0,5700000.0,4400000.0,salary,2024-06-07 18:59:00
BGT07738,USR041,INC01828,2250000.0,1450000.0,700000.0,4400000.0,3700000.0,salary,2023-10-22 12:12:00
BGT01426,USR015,INC08902,550000.0,300000.0,200000.0,1050000.0,850000.0,allowance,2023-01-23 00:52:00
BGT04737,USR023,INC00760,2050000.0,1050000.0,650000.0,3750000.0,3100000.0,allowance,2024-10-17 15:11:00
BGT06144,USR022,INC08890,1700000.0,900000.0,600000.0,3200000.0,2600000.0,freelance,2023-06-17 13:24:00
BGT01985,USR027,INC01206,1100000.0,650000.0,250000.0,2000000.0,1750000.0,part_time,2023-09-25 08:30:00
BGT06502,USR005,INC09970,650000.0,400000.0,250000.0,1300000.0,1050000.0,allowance,2024-04-08 10:41:00
BGT00462,USR008,INC01460,1250000.0,650000.0,550000.0,2450000.0,1900000.0,part_time,2023-10-11 01:26:00
BGT04221,USR007,INC08682,1100000.0,650000.0,350000.0,2150000.0,1750000.0,allowance,2023-11-23 18:21:00
BGT08557,USR022,INC01618,1250000.0,650000.0,400000.0,2300000.0,1900000.0,part_time,2023-07-06 15:38:00
BGT01184,USR036,INC01029,1450000.0,1000000.0,650000.0,3100000.0,2450000.0,freelance,2024-11-21 16:01:00
BGT01957,USR038,INC06355,1550000.0,850000.0,650000.0,3050000.0,2400000.0,part_time,2023-03-08 23:58:00
BGT03580,USR005,INC03564,650000.0,400000.0,200000.0,1300000.0,1050000.0,allowance,2023-08-15 07:43:00
BGT02034,USR063,INC03177,4250000.0,2750000.0,1850000.0,8900000.0,7000000.0,freelance,2024-05-26 02:46:00
BGT03940,USR060,INC02362,3400000.0,2550000.0,1800000.0,7750000.0,5950000.0,freelance,2023-04-27 14:56:00
BGT02414,USR071,INC01166,2500000.0,1500000.0,1550000.0,5550000.0,4000000.0,freelance,2024-12-14 07:32:00
BGT07443,USR031,INC03516,850000.0,500000.0,350000.0,1750000.0,1350000.0,allowance,2023-06-13 23:18:00
BGT02907,USR001,INC06190,1300000.0,800000.0,600000.0,2700000.0,2100000.0,scholarship,2024-11-16 00:53:00
BGT09744,USR057,INC08584,2150000.0,1250000.0,750000.0,4150000.0,3400000.0,freelance,2024-01-29 19:13:00
BGT03928,USR050,INC02578,1650000.0,900000.0,850000.0,3400000.0,2550000.0,business,2024-11-12 21:05:00
BGT08746,USR072,INC00939,3700000.0,1950000.0,1500000.0,7150000.0,5650000.0,investment_return,2024-01-15 10:08:00
BGT06419,USR024,INC09245,1550000.0,950000.0,800000.0,3300000.0,2500000.0,internship,2023-12-18 06:43:00
BGT07353,USR057,INC01715,3550000.0,2150000.0,850000.0,6550000.0,5700000.0,salary,2023-01-23 06:21:00
BGT03404,USR020,INC01379,550000.0,350000.0,200000.0,1100000.0,900000.0,part_time,2023-03-08 10:50:00
BGT00951,USR053,INC08742,1450000.0,900000.0,650000.0,3000000.0,2350000.0,business,2023-04-07 04:02:00
BGT03875,USR024,INC08838,1350000.0,800000.0,300000.0,2450000.0,2150000.0,allowance,2023-08-10 05:26:00
BGT09207,USR039,INC08308,1250000.0,750000.0,250000.0,2250000.0,2000000.0,allowance,2024-11-16 12:11:00
BGT09557,USR023,INC01865,950000.0,650000.0,400000.0,2000000.0,1600000.0,internship,2023-06-21 20:10:00
BGT08107,USR012,INC08747,1300000.0,750000.0,550000.0,2600000.0,2050000.0,allowance,2023-04-04 20:17:00
BGT02347,USR048,INC00787,1650000.0,850000.0,650000.0,3150000.0,2500000.0,salary,2023-10-04 12:52:00
BGT04980,USR005,INC03727,1350000.0,800000.0,600000.0,2800000.0,2150000.0,allowance,2023-08-29 07:25:00
BGT03702,USR060,INC02755,2150000.0,1150000.0,850000.0,4150000.0,3300000.0,salary,2023-04-29 19:43:00
BGT01433,USR070,INC02926,2400000.0,1350000.0,550000.0,4300000.0,3750000.0,bonus,2024-10-12 01:28:00
BGT08639,USR039,INC07299,1250000.0,850000.0,600000.0,2700000.0,2100000.0,allowance,2024-05-27 17:57:00
BGT08407,USR023,INC09036,1550000.0,1100000.0,750000.0,3400000.0,2650000.0,freelance,2024-09-13 21:31:00
BGT08139,USR061,INC07724,4150000.0,2350000.0,2150000.0,8650000.0,6500000.0,business,2024-06-27 04:44:00
BGT07976,USR002,INC03644,1200000.0,900000.0,500000.0,2600000.0,2100000.0,part_time,2023-05-19 08:24:00
BGT08876,USR028,INC09301,1800000.0,1050000.0,950000.0,3800000.0,2850000.0,freelance,2024-08-03 00:03:00
BGT00276,USR016,INC01179,1150000.0,700000.0,600000.0,2450000.0,1850000.0,scholarship,2024-12-11 21:11:00
BGT06312,USR063,INC08035,3300000.0,2300000.0,1750000.0,7350000.0,5600000.0,investment_return,2023-01-19 07:03:00
BGT09438,USR005,INC02064,700000.0,450000.0,150000.0,1300000.0,1150000.0,part_time,2023-01-26 14:43:00
BGT08040,USR056,INC04115,2700000.0,1850000.0,1450000.0,6000000.0,4550000.0,salary,2023-05-11 20:52:00
BGT05045,USR073,INC03873,3500000.0,1900000.0,950000.0,6400000.0,5400000.0,salary,2024-08-10 03:29:00
BGT07657,USR067,INC04074,5250000.0,2750000.0,1900000.0,9900000.0,8000000.0,business,2024-03-09 11:58:00
BGT00717,USR046,INC00808,3250000.0,2250000.0,1300000.0,6800000.0,5500000.0,bonus,2023-01-14 06:50:00
BGT05397,USR035,INC09774,2350000.0,1400000.0,650000.0,4400000.0,3750000.0,part_time,2024-05-04 12:35:00
BGT06415,USR020,INC08891,800000.0,550000.0,350000.0,1700000.0,1350000.0,scholarship,2024-11-18 22:33:00
BGT02720,USR073,INC07632,3800000.0,2050000.0,950000.0,6800000.0,5850000.0,salary,2023-02-11 11:59:00
BGT08982,USR019,INC00749,450000.0,300000.0,250000.0,1000000.0,750000.0,scholarship,2024-08-15 01:57:00
BGT00663,USR060,INC07103,3950000.0,2050000.0,1300000.0,7300000.0,6000000.0,business,2023-04-21 00:32:00
BGT04264,USR015,INC00684,1000000.0,700000.0,550000.0,2250000.0,1700000.0,allowance,2024-10-07 17:22:00
BGT05976,USR022,INC09759,2400000.0,1450000.0,700000.0,4550000.0,3850000.0,freelance,2023-02-22 11:42:00
BGT06052,USR018,INC09008,700000.0,450000.0,400000.0,1550000.0,1150000.0,scholarship,2023-11-16 02:32:00
BGT01153,USR006,INC07655,1100000.0,650000.0,450000.0,2200000.0,1750000.0,part_time,2023-08-25 13:29:00
BGT09213,USR008,INC02365,950000.0,600000.0,250000.0,1800000.0,1550000.0,allowance,2024-07-13 01:19:00
BGT04269,USR040,INC00343,1600000.0,1000000.0,750000.0,3350000.0,2600000.0,internship,2023-03-19 15:27:00
BGT04423,USR028,INC00741,900000.0,600000.0,450000.0,1950000.0,1500000.0,internship,2024-01-18 07:47:00
BGT08452,USR011,INC01837,1300000.0,750000.0,350000.0,2400000.0,2050000.0,allowance,2024-05-26 20:17:00
BGT05116,USR001,INC04467,950000.0,500000.0,300000.0,1750000.0,1450000.0,part_time,2024-05-08 02:36:00
BGT08193,USR035,INC07163,1850000.0,900000.0,650000.0,3400000.0,2750000.0,freelance,2024-06-18 03:08:00
BGT08967,USR014,INC02577,1250000.0,800000.0,700000.0,2750000.0,2050000.0,allowance,2024-08-12 11:12:00
BGT09627,USR029,INC08976,2400000.0,1500000.0,850000.0,4750000.0,3900000.0,allowance,2023-07-01 14:39:00
BGT07400,USR011,INC05654,1100000.0,750000.0,500000.0,2350000.0,1850000.0,allowance,2023-07-30 21:41:00
BGT00522,USR049,INC09684,3350000.0,1850000.0,1250000.0,6450000.0,5200000.0,freelance,2023-12-14 20:50:00
BGT01295,USR010,INC00443,750000.0,550000.0,300000.0,1600000.0,1300000.0,allowance,2024-01-22 04:21:00
BGT00126,USR065,INC05529,2350000.0,1400000.0,750000.0,4500000.0,3750000.0,business,2024-09-18 01:14:00
BGT01686,USR038,INC09978,2250000.0,1150000.0,600000.0,4050000.0,3400000.0,allowance,2024-03-28 02:44:00
BGT09123,USR030,INC02452,1350000.0,1000000.0,700000.0,3050000.0,2350000.0,allowance,2024-03-14 17:02:00
BGT05733,USR025,INC08267,1250000.0,800000.0,550000.0,2650000.0,2050000.0,internship,2024-04-12 12:52:00
BGT01663,USR003,INC05212,1450000.0,800000.0,350000.0,2600000.0,2250000.0,scholarship,2024-12-18 00:02:00
BGT04633,USR041,INC00709,3550000.0,2400000.0,1050000.0,7000000.0,5950000.0,bonus,2024-08-05 13:13:00
BGT04343,USR026,INC02286,2500000.0,1250000.0,700000.0,4450000.0,3750000.0,internship,2024-12-24 02:49:00
BGT09928,USR069,INC00952,3050000.0,1800000.0,1900000.0,6750000.0,4850000.0,freelance,2023-07-05 06:09:00
BGT02127,USR041,INC01084,2900000.0,1950000.0,900000.0,5750000.0,4850000.0,salary,2024-11-04 22:26:00
BGT02170,USR075,INC08617,2950000.0,1450000.0,950000.0,5350000.0,4400000.0,business,2024-12-31 16:32:00
BGT03591,USR074,INC07766,2200000.0,1150000.0,950000.0,4300000.0,3350000.0,salary,2024-08-09 03:44:00
BGT01155,USR049,INC02615,2650000.0,-1500000.0,850000.0,5000000.0,1150000.0,freelance,2023-10-05 08:50:00
BGT08177,USR010,INC01557,1250000.0,750000.0,350000.0,2350000.0,2000000.0,allowance,2023-03-10 04:39:00
BGT05118,USR004,INC00983,1250000.0,800000.0,400000.0,2450000.0,2050000.0,part_time,2023-11-24 18:47:00
BGT01875,USR058,INC01217,3550000.0,2200000.0,1800000.0,7600000.0,5750000.0,business,2024-06-01 08:22:00
BGT08165,USR036,INC02200,950000.0,600000.0,250000.0,1800000.0,1550000.0,freelance,2024-05-16 04:05:00
BGT05957,USR052,INC04454,3300000.0,1700000.0,1600000.0,6600000.0,5000000.0,business,2024-10-13 15:09:00
BGT05316,USR012,INC02424,800000.0,500000.0,250000.0,1550000.0,1300000.0,allowance,2023-03-26 11:52:00
BGT07684,USR003,INC03836,500000.0,350000.0,250000.0,1100000.0,850000.0,scholarship,2024-01-24 13:56:00
BGT07418,USR057,INC02793,1800000.0,950000.0,600000.0,3350000.0,2750000.0,freelance,2024-12-25 14:36:00
BGT00056,USR049,INC09863,2000000.0,1100000.0,700000.0,3800000.0,3100000.0,business,2024-05-31 04:50:00
BGT09291,USR012,INC01240,1400000.0,750000.0,600000.0,2750000.0,2150000.0,scholarship,2023-02-07 09:21:00
BGT06623,USR064,INC07565,3100000.0,2000000.0,1600000.0,6700000.0,5100000.0,bonus,2024-01-17 12:20:00
BGT07966,USR024,INC04904,1700000.0,1300000.0,750000.0,3750000.0,3000000.0,freelance,2023-10-20 18:39:00
BGT03772,USR041,INC00566,4150000.0,2300000.0,1500000.0,8000000.0,6450000.0,bonus,2023-02-10 22:54:00
BGT02481,USR045,INC05578,3950000.0,2150000.0,1600000.0,7700000.0,6100000.0,salary,2023-10-03 18:57:00
BGT04235,USR044,INC03336,3650000.0,2350000.0,1400000.0,7400000.0,6000000.0,business,2023-10-04 09:24:00
BGT05204,USR040,INC09487,2000000.0,1200000.0,1100000.0,4300000.0,3200000.0,freelance,2024-04-16 18:50:00
BGT00537,USR015,INC03131,650000.0,400000.0,250000.0,1300000.0,1050000.0,scholarship,2023-11-01 06:00:00
BGT00796,USR075,INC05874,3800000.0,2150000.0,1800000.0,7750000.0,5950000.0,business,2023-10-15 08:15:00
BGT09373,USR048,INC02639,2950000.0,1900000.0,900000.0,5750000.0,4850000.0,business,2023-12-18 19:39:00
BGT04167,USR016,INC03058,750000.0,400000.0,350000.0,1500000.0,1150000.0,part_time,2024-03-31 20:07:00
BGT05778,USR063,INC01606,2050000.0,1450000.0,1000000.0,4500000.0,3500000.0,bonus,2023-10-16 00:48:00
BGT00950,USR049,INC07431,2850000.0,1550000.0,950000.0,5400000.0,4400000.0,bonus,2024-01-23 20:07:00
BGT01189,USR009,INC04500,650000.0,350000.0,250000.0,1250000.0,1000000.0,allowance,2024-11-22 10:31:00
BGT07324,USR048,INC01876,2850000.0,1650000.0,850000.0,5350000.0,4500000.0,salary,2023-04-08 23:06:00
BGT01553,USR020,INC02266,1000000.0,700000.0,550000.0,2250000.0,1700000.0,scholarship,2024-08-16 09:05:00
BGT01004,USR003,INC02886,1000000.0,500000.0,450000.0,1950000.0,1500000.0,scholarship,2023-08-03 09:19:00
BGT08112,USR073,INC06253,3800000.0,2400000.0,850000.0,7050000.0,6200000.0,bonus,2023-10-25 04:18:00
BGT06606,USR026,INC09924,1000000.0,700000.0,500000.0,2200000.0,1700000.0,allowance,2024-02-05 19:05:00
BGT09921,USR039,INC01260,1300000.0,800000.0,700000.0,2800000.0,2100000.0,allowance,2024-06-09 18:50:00
BGT00062,USR043,INC02655,4250000.0,2650000.0,1100000.0,8000000.0,6900000.0,freelance,2023-09-20 19:01:00
BGT00550,USR055,INC00066,3400000.0,1900000.0,1250000.0,6550000.0,5300000.0,bonus,2024-03-30 13:12:00
BGT02791,USR011,INC07122,550000.0,350000.0,200000.0,1100000.0,900000.0,scholarship,2023-08-17 07:27:00
BGT05581,USR074,INC07682,3900000.0,-2850000.0,2150000.0,8900000.0,1050000.0,investment_return,2023-01-27 06:50:00
BGT09039,USR031,INC00103,950000.0,550000.0,450000.0,1950000.0,1500000.0,part_time,2023-07-17 10:33:00
BGT06625,USR063,INC05372,3700000.0,2400000.0,900000.0,7000000.0,6100000.0,investment_return,2023-10-20 16:29:00
BGT09471,USR074,INC04218,3900000.0,2450000.0,850000.0,7200000.0,6350000.0,business,2023-06-24 16:16:00
BGT06504,USR027,INC05002,1400000.0,700000.0,500000.0,2600000.0,2100000.0,allowance,2023-05-14 21:04:00
BGT06010,USR002,INC06163,1250000.0,750000.0,800000.0,2800000.0,2000000.0,allowance,2023-11-01 01:34:00
BGT04520,USR053,INC03708,3150000.0,1700000.0,1200000.0,6050000.0,4850000.0,salary,2023-09-03 02:33:00
BGT08983,USR047,INC00764,4250000.0,2600000.0,750000.0,7600000.0,6850000.0,freelance,2024-11-25 01:25:00
BGT00660,USR066,INC04486,4200000.0,2450000.0,1250000.0,7900000.0,6650000.0,salary,2024-02-03 14:46:00
BGT07365,USR006,INC00269,1550000.0,850000.0,450000.0,2850000.0,2400000.0,scholarship,2024-07-04 00:56:00
BGT07595,USR002,INC08659,650000.0,350000.0,350000.0,1350000.0,1000000.0,scholarship,2024-08-14 17:57:00
BGT07771,USR075,INC04427,5000000.0,3150000.0,1650000.0,9850000.0,8150000.0,business,2023-01-27 12:34:00
BGT05772,USR048,INC02979,3150000.0,2000000.0,1800000.0,6950000.0,5150000.0,business,2023-11-28 23:22:00
BGT04551,USR002,INC03738,1400000.0,750000.0,700000.0,2850000.0,2150000.0,part_time,2023-08-10 04:31:00
BGT01388,USR059,INC04797,4450000.0,2450000.0,1050000.0,7950000.0,6900000.0,freelance,2023-03-20 22:27:00
BGT02592,USR045,INC00622,2400000.0,1550000.0,1050000.0,5000000.0,3950000.0,salary,2024-08-06 11:26:00
BGT00186,USR027,INC02083,2200000.0,1300000.0,950000.0,4450000.0,3500000.0,part_time,2023-12-08 03:12:00
BGT00042,USR055,INC07703,3650000.0,1900000.0,1200000.0,6750000.0,5550000.0,salary,2024-12-25 08:21:00
BGT08877,USR022,INC00570,1800000.0,1050000.0,700000.0,3550000.0,2850000.0,allowance,2024-11-03 01:30:00
BGT03074,USR058,INC00831,3150000.0,2050000.0,1000000.0,6200000.0,5200000.0,business,2023-06-18 08:41:00
BGT08357,USR035,INC07265,950000.0,550000.0,250000.0,1750000.0,1500000.0,part_time,2024-07-02 07:32:00
BGT09824,USR031,INC03004,1800000.0,1150000.0,1100000.0,4050000.0,2950000.0,allowance,2024-11-04 22:56:00
BGT04860,USR030,INC09419,850000.0,600000.0,450000.0,1900000.0,1450000.0,internship,2023-01-26 14:50:00
BGT04708,USR037,INC04208,2200000.0,1400000.0,900000.0,4500000.0,3600000.0,allowance,2024-12-11 10:08:00
BGT02473,USR042,INC03465,2050000.0,1450000.0,1050000.0,4600000.0,3500000.0,salary,2024-10-03 12:36:00
BGT08323,USR043,INC06870,3250000.0,1850000.0,1550000.0,6650000.0,5100000.0,business,2024-08-30 01:17:00
BGT07805,USR049,INC09205,2450000.0,1500000.0,950000.0,4900000.0,3950000.0,business,2024-10-08 02:51:00
BGT00940,USR042,INC06307,1750000.0,1050000.0,600000.0,3450000.0,2800000.0,freelance,2024-07-11 20:20:00
BGT07487,USR029,INC06505,1550000.0,950000.0,350000.0,2850000.0,2500000.0,part_time,2023-06-05 04:42:00
BGT04401,USR028,INC00741,1100000.0,600000.0,600000.0,2300000.0,1700000.0,internship,2024-08-18 22:57:00
BGT04081,USR037,INC05912,2350000.0,1600000.0,800000.0,4750000.0,3950000.0,allowance,2024-02-17 00:14:00
BGT04684,USR056,INC08962,3000000.0,1550000.0,1150000.0,5700000.0,4550000.0,freelance,2023-02-17 22:31:00
BGT00947,USR043,INC01375,4150000.0,2050000.0,1450000.0,7650000.0,6200000.0,freelance,2024-04-22 04:36:00
BGT02216,USR075,INC04349,5000000.0,2750000.0,1150000.0,8950000.0,7750000.0,bonus,2024-09-26 08:36:00
BGT08596,USR002,INC00051,1300000.0,750000.0,650000.0,2750000.0,2050000.0,scholarship,2024-12-03 22:36:00
BGT09357,USR065,INC05253,2400000.0,1350000.0,1050000.0,4850000.0,3750000.0,investment_return,2023-04-15 15:15:00
BGT07409,USR003,INC02935,1200000.0,650000.0,550000.0,2400000.0,1850000.0,part_time,2023-05-30 04:11:00
BGT04583,USR021,INC06952,1800000.0,1050000.0,450000.0,3350000.0,2850000.0,freelance,2023-10-04 12:50:00
BGT06493,USR070,INC09318,2900000.0,1750000.0,500000.0,5150000.0,4650000.0,salary,2023-12-31 09:15:00
BGT06863,USR031,INC09554,2750000.0,1600000.0,650000.0,5000000.0,4350000.0,freelance,2023-10-06 21:08:00
BGT02069,USR040,INC09455,1950000.0,1100000.0,450000.0,3500000.0,3050000.0,freelance,2023-05-10 08:59:00
BGT02495,USR070,INC03018,3450000.0,2350000.0,1550000.0,7350000.0,5800000.0,salary,2024-10-02 09:35:00
BGT05820,USR024,INC04644,2050000.0,1050000.0,800000.0,3900000.0,3100000.0,allowance,2023-01-08 14:43:00
BGT09502,USR056,INC06032,2400000.0,1300000.0,1100000.0,4800000.0,3700000.0,business,2024-11-17 03:17:00
BGT03825,USR050,INC03647,2600000.0,1300000.0,850000.0,4750000.0,3900000.0,freelance,2023-05-24 14:51:00
BGT03023,USR059,INC06984,2450000.0,1450000.0,650000.0,4550000.0,3900000.0,salary,2024-11-17 16:30:00
BGT02351,USR073,INC03229,3400000.0,2100000.0,1200000.0,6700000.0,5500000.0,business,2024-03-19 10:04:00
BGT03707,USR062,INC05470,3600000.0,2550000.0,2050000.0,8200000.0,6150000.0,freelance,2023-06-07 21:51:00
BGT05271,USR021,INC01979,1300000.0,750000.0,850000.0,2900000.0,2050000.0,freelance,2024-06-18 01:54:00
BGT00183,USR064,INC07543,2350000.0,1300000.0,650000.0,4300000.0,3650000.0,freelance,2024-08-07 10:26:00
BGT06802,USR073,INC02727,2200000.0,1350000.0,700000.0,4250000.0,3550000.0,freelance,2023-01-23 15:41:00
BGT08635,USR006,INC04591,1350000.0,800000.0,300000.0,2500000.0,2150000.0,scholarship,2023-04-28 15:54:00
BGT00172,USR058,INC04324,4200000.0,2300000.0,1450000.0,7950000.0,6500000.0,bonus,2024-09-30 14:39:00
BGT02536,USR024,INC07772,850000.0,550000.0,350000.0,1750000.0,1400000.0,internship,2023-12-08 20:33:00
BGT00358,USR018,INC06788,600000.0,350000.0,150000.0,1100000.0,950000.0,part_time,2023-02-25 13:33:00
BGT02890,USR048,INC00295,1700000.0,-1000000.0,1100000.0,3800000.0,700000.0,freelance,2024-07-15 16:40:00
BGT00654,USR047,INC09335,1650000.0,1100000.0,1000000.0,3750000.0,2750000.0,bonus,2024-09-10 23:24:00
BGT08442,USR061,INC08020,3350000.0,2250000.0,1500000.0,7100000.0,5600000.0,investment_return,2023-11-29 08:53:00
BGT05130,USR071,INC03710,4350000.0,2700000.0,2250000.0,9300000.0,7050000.0,investment_return,2024-05-10 12:15:00
BGT03275,USR001,INC06442,450000.0,300000.0,250000.0,1000000.0,750000.0,allowance,2024-10-24 16:12:00
BGT09231,USR054,INC07735,1800000.0,1050000.0,500000.0,3350000.0,2850000.0,freelance,2024-08-11 01:04:00
BGT08348,USR066,INC02221,4800000.0,2550000.0,1750000.0,9100000.0,7350000.0,freelance,2024-04-09 08:27:00
BGT04363,USR019,INC06480,800000.0,600000.0,450000.0,1850000.0,1400000.0,allowance,2024-03-28 06:20:00
BGT02398,USR045,INC07902,2350000.0,1700000.0,1300000.0,5350000.0,4050000.0,business,2024-06-12 07:14:00
BGT09309,USR054,INC03678,2950000.0,2000000.0,1300000.0,6250000.0,4950000.0,bonus,2023-10-01 23:35:00
BGT08858,USR033,INC06797,1750000.0,1050000.0,400000.0,3200000.0,2800000.0,freelance,2023-03-11 01:49:00
BGT03399,USR062,INC06465,3600000.0,2150000.0,1450000.0,7200000.0,5750000.0,salary,2023-05-21 11:01:00
BGT05723,USR056,INC01262,1950000.0,900000.0,650000.0,3550000.0,2850000.0,business,2023-11-13 17:06:00
BGT00736,USR055,INC03351,2100000.0,1200000.0,800000.0,4100000.0,3300000.0,bonus,2024-03-06 09:46:00
BGT09066,USR007,INC01788,1300000.0,700000.0,450000.0,2450000.0,2000000.0,scholarship,2023-08-22 08:04:00
BGT04176,USR055,INC08648,3800000.0,2500000.0,1300000.0,7650000.0,6300000.0,freelance,2023-05-21 23:21:00
BGT07913,USR022,INC00172,1700000.0,1050000.0,400000.0,3150000.0,2750000.0,part_time,2024-01-01 21:46:00
BGT09979,USR062,INC04279,3550000.0,2050000.0,1200000.0,6800000.0,5600000.0,freelance,2023-09-24 10:03:00
BGT06508,USR042,INC00406,2400000.0,1300000.0,650000.0,4400000.0,3700000.0,freelance,2023-05-06 16:52:00
BGT06979,USR019,INC05338,950000.0,600000.0,200000.0,1800000.0,1550000.0,allowance,2024-04-18 04:31:00
BGT00452,USR058,INC04874,2500000.0,1650000.0,1150000.0,5300000.0,4150000.0,business,2024-03-06 19:57:00
BGT05090,USR054,INC06690,3300000.0,2300000.0,1850000.0,7450000.0,5600000.0,business,2024-07-09 07:45:00
BGT01742,USR041,INC00788,4250000.0,2300000.0,1350000.0,7900000.0,6550000.0,bonus,2024-01-10 10:06:00
BGT01232,USR016,INC02353,600000.0,350000.0,300000.0,1250000.0,950000.0,scholarship,2024-01-21 09:00:00
BGT05389,USR065,INC01161,4100000.0,2200000.0,1550000.0,7850000.0,6300000.0,business,2024-11-12 20:42:00
BGT09353,USR040,INC08042,1000000.0,600000.0,550000.0,2150000.0,1600000.0,part_time,2023-09-28 14:43:00
BGT03224,USR069,INC06291,2650000.0,1700000.0,850000.0,5200000.0,4350000.0,investment_return,2024-10-19 05:31:00
BGT09630,USR010,INC04475,1100000.0,700000.0,250000.0,2100000.0,1800000.0,scholarship,2024-01-01 13:16:00
BGT08528,USR067,INC07721,2850000.0,1950000.0,1250000.0,6050000.0,4800000.0,bonus,2024-03-16 20:26:00
BGT03321,USR055,INC06787,3150000.0,1800000.0,1750000.0,6700000.0,4950000.0,bonus,2023-07-04 18:33:00
BGT00558,USR066,INC05489,4900000.0,2700000.0,2000000.0,9600000.0,7600000.0,bonus,2024-10-26 07:41:00
BGT07616,USR019,INC02897,1150000.0,600000.0,400000.0,2150000.0,1750000.0,part_time,2023-10-16 23:39:00
BGT01209,USR025,INC08454,1700000.0,850000.0,600000.0,3150000.0,2550000.0,part_time,2023-06-25 23:09:00
BGT05983,USR034,INC00523,1900000.0,950000.0,650000.0,3550000.0,2850000.0,part_time,2023-10-20 21:44:00
BGT05360,USR043,INC01360,2100000.0,1450000.0,1250000.0,4800000.0,3550000.0,bonus,2023-02-15 22:31:00
BGT04144,USR044,INC05359,2200000.0,1450000.0,1200000.0,4900000.0,3650000.0,freelance,2024-04-27 18:56:00
BGT04798,USR074,INC08417,4500000.0,3050000.0,1450000.0,9000000.0,7550000.0,investment_return,2024-10-31 04:07:00
BGT01716,USR009,INC05834,1150000.0,550000.0,400000.0,2100000.0,1700000.0,part_time,2023-03-17 05:08:00
BGT03656,USR028,INC05311,1600000.0,1100000.0,600000.0,3300000.0,2700000.0,internship,2023-06-26 05:04:00
BGT08484,USR043,INC01259,3000000.0,1850000.0,600000.0,5450000.0,4850000.0,bonus,2024-03-16 22:25:00
BGT00531,USR006,INC06760,1500000.0,900000.0,550000.0,2950000.0,2400000.0,part_time,2024-12-15 11:28:00
BGT02126,USR016,INC07790,800000.0,500000.0,450000.0,1750000.0,1300000.0,scholarship,2024-01-22 14:24:00
BGT01118,USR063,INC07929,2400000.0,1500000.0,900000.0,4800000.0,3900000.0,bonus,2023-11-24 15:13:00
BGT02547,USR054,INC03805,3850000.0,1800000.0,1350000.0,7000000.0,5650000.0,freelance,2024-06-15 18:07:00
BGT08686,USR004,INC08465,950000.0,600000.0,400000.0,1950000.0,1550000.0,allowance,2023-10-14 02:34:00
BGT04027,USR028,INC06698,2550000.0,1550000.0,700000.0,4800000.0,4100000.0,part_time,2023-09-05 12:43:00
BGT09485,USR075,INC02889,4600000.0,3050000.0,1900000.0,9600000.0,7650000.0,investment_return,2024-01-16 22:53:00
BGT06644,USR075,INC04401,3450000.0,1950000.0,1500000.0,6900000.0,5400000.0,business,2023-10-31 22:34:00
BGT03402,USR075,INC05576,3600000.0,2600000.0,1850000.0,8050000.0,6200000.0,business,2024-06-28 01:38:00
BGT00494,USR017,INC06145,800000.0,550000.0,350000.0,1700000.0,1350000.0,allowance,2024-05-14 18:49:00
BGT02310,USR041,INC07098,3050000.0,1600000.0,1550000.0,6250000.0,4650000.0,salary,2023-06-21 11:25:00
BGT07048,USR061,INC08896,4300000.0,-2550000.0,2650000.0,9500000.0,1750000.0,investment_return,2024-09-22 15:30:00
BGT05023,USR019,INC09435,500000.0,300000.0,200000.0,1000000.0,800000.0,allowance,2024-04-29 02:07:00
BGT04067,USR068,INC05379,3450000.0,1800000.0,1150000.0,6400000.0,5250000.0,bonus,2023-04-25 23:14:00
BGT03736,USR059,INC00175,1550000.0,1050000.0,900000.0,3550000.0,2600000.0,bonus,2024-02-29 10:13:00
BGT05571,USR070,INC06742,4250000.0,2900000.0,1900000.0,9050000.0,7150000.0,salary,2024-01-09 17:17:00
BGT04871,USR072,INC09257,3650000.0,2450000.0,1350000.0,7450000.0,6100000.0,bonus,2024-04-30 02:01:00
BGT08949,USR073,INC00551,-3250000.0,2200000.0,950000.0,6400000.0,-1050000.0,freelance,2024-02-05 04:41:00
BGT00869,USR048,INC06328,2950000.0,1400000.0,1100000.0,5450000.0,4350000.0,business,2023-08-29 11:14:00
BGT08572,USR025,INC06942,2450000.0,1500000.0,650000.0,4600000.0,3950000.0,part_time,2023-11-29 00:09:00
BGT00032,USR047,INC02807,2700000.0,2000000.0,1350000.0,6050000.0,4700000.0,salary,2024-08-23 10:23:00
BGT04979,USR062,INC06178,4700000.0,2500000.0,2000000.0,9200000.0,7200000.0,salary,2024-11-19 20:51:00
BGT05219,USR053,INC06592,1850000.0,1050000.0,500000.0,3400000.0,2900000.0,bonus,2023-01-29 02:29:00
BGT01974,USR043,INC07182,4000000.0,2450000.0,1400000.0,7850000.0,6450000.0,bonus,2024-06-07 04:07:00
BGT00514,USR009,INC03624,850000.0,600000.0,500000.0,1950000.0,1450000.0,allowance,2023-07-03 03:43:00
BGT05021,USR015,INC07080,500000.0,250000.0,250000.0,1000000.0,750000.0,allowance,2023-06-28 00:41:00
BGT04496,USR008,INC01604,1100000.0,-550000.0,350000.0,2000000.0,550000.0,part_time,2024-05-11 04:32:00
BGT01270,USR033,INC05680,1000000.0,550000.0,400000.0,1950000.0,1550000.0,part_time,2023-07-31 09:35:00
BGT04549,USR051,INC05217,3650000.0,2250000.0,1150000.0,705000000.0,5900000.0,freelance,2024-08-17 17:09:00
BGT09829,USR013,INC07677,800000.0,600000.0,300000.0,1700000.0,1400000.0,allowance,2024-04-29 18:36:00
BGT07437,USR057,INC03260,1650000.0,1150000.0,650000.0,3450000.0,2800000.0,freelance,2023-05-16 22:43:00
BGT03418,USR005,INC00626,700000.0,350000.0,250000.0,1300000.0,1050000.0,allowance,2023-07-10 17:48:00
BGT02193,USR032,INC08369,1400000.0,800000.0,900000.0,3150000.0,2200000.0,freelance,2023-04-12 07:14:00
BGT03453,USR022,INC07733,1750000.0,1100000.0,1000000.0,3850000.0,2850000.0,freelance,2023-08-11 10:04:00
BGT07848,USR041,INC05247,2400000.0,1500000.0,750000.0,4650000.0,3900000.0,freelance,2024-02-19 03:25:00
BGT05978,USR036,INC05086,900000.0,450000.0,350000.0,1750000.0,1350000.0,internship,2024-12-22 10:57:00
BGT08880,USR020,INC07276,1100000.0,600000.0,450000.0,2150000.0,1700000.0,allowance,2023-11-27 12:45:00
BGT08209,USR057,INC08644,3050000.0,2100000.0,1600000.0,6750000.0,5150000.0,bonus,2024-11-15 01:40:00
BGT03726,USR021,INC06551,1900000.0,1250000.0,1000000.0,4150000.0,3150000.0,internship,2024-03-20 12:03:00
BGT03878,USR072,INC05846,3250000.0,1600000.0,950000.0,5800000.0,4850000.0,investment_return,2023-09-12 14:19:00
BGT03492,USR070,INC06590,3450000.0,1800000.0,950000.0,6200000.0,5250000.0,freelance,2024-03-29 16:02:00
BGT09965,USR065,INC04356,1900000.0,1400000.0,850000.0,4150000.0,3300000.0,investment_return,2024-08-16 07:50:00
BGT08294,USR015,INC09486,1150000.0,600000.0,350000.0,2100000.0,1750000.0,allowance,2023-11-12 13:40:00
BGT00528,USR009,INC06513,900000.0,500000.0,250000.0,1650000.0,1400000.0,allowance,2023-03-18 12:53:00
BGT02301,USR036,INC03986,800000.0,-450000.0,400000.0,1650000.0,350000.0,allowance,2024-03-15 15:35:00
BGT09459,USR033,INC07555,1300000.0,600000.0,450000.0,240000000.0,1900000.0,freelance,2023-08-07 12:20:00
BGT02321,USR066,INC05942,2200000.0,1300000.0,850000.0,4350000.0,3500000.0,freelance,2023-04-07 18:12:00
BGT03458,USR010,INC03600,1150000.0,800000.0,400000.0,2350000.0,1950000.0,scholarship,2023-06-02 12:37:00
BGT08361,USR004,INC05573,950000.0,700000.0,450000.0,2100000.0,1650000.0,allowance,2024-04-29 19:24:00
BGT00589,USR009,INC07126,1400000.0,850000.0,500000.0,2750000.0,2250000.0,scholarship,2023-08-28 17:56:00
BGT09809,USR043,INC07242,2000000.0,1150000.0,400000.0,3550000.0,3150000.0,salary,2024-12-28 21:06:00
BGT00134,USR006,INC06432,1050000.0,650000.0,650000.0,2350000.0,1700000.0,part_time,2024-01-12 16:27:00
BGT00140,USR054,INC00727,1700000.0,900000.0,450000.0,3050000.0,2600000.0,freelance,2024-01-12 12:44:00
BGT08839,USR072,INC08343,3600000.0,1750000.0,1350000.0,6700000.0,5350000.0,salary,2023-11-19 23:55:00
BGT08270,USR022,INC03615,1450000.0,1100000.0,650000.0,3200000.0,2550000.0,freelance,2024-07-18 16:08:00
BGT07169,USR061,INC03394,2800000.0,1750000.0,750000.0,5300000.0,4550000.0,business,2023-07-23 11:18:00
BGT09237,USR001,INC00389,1000000.0,600000.0,350000.0,1950000.0,1600000.0,allowance,2024-05-12 07:46:00
BGT07521,USR012,INC09983,1100000.0,750000.0,400000.0,2250000.0,1850000.0,scholarship,2023-07-21 00:28:00
BGT00707,USR049,INC03219,1550000.0,950000.0,700000.0,3200000.0,2500000.0,freelance,2024-12-06 21:49:00
BGT01552,USR051,INC01110,4000000.0,2000000.0,1400000.0,7450000.0,6000000.0,salary,2023-06-22 14:32:00
BGT00799,USR026,INC09580,1150000.0,700000.0,500000.0,2350000.0,1850000.0,part_time,2023-02-10 14:37:00
BGT08134,USR052,INC05823,2450000.0,1450000.0,550000.0,4450000.0,3900000.0,salary,2024-11-05 22:26:00
BGT07841,USR007,INC04330,750000.0,550000.0,350000.0,1650000.0,1300000.0,scholarship,2024-06-12 23:48:00
BGT06441,USR034,INC08224,2000000.0,1450000.0,900000.0,4400000.0,3450000.0,freelance,2023-07-25 08:46:00
BGT03884,USR031,INC01657,2350000.0,1600000.0,1050000.0,5000000.0,3950000.0,internship,2024-09-08 21:46:00
BGT05742,USR072,INC01610,3750000.0,2100000.0,1950000.0,7800000.0,5850000.0,business,2024-10-16 22:26:00
BGT00021,USR067,INC07036,3800000.0,2300000.0,2400000.0,8500000.0,6100000.0,salary,2024-11-20 19:33:00
BGT00423,USR039,INC05274,700000.0,500000.0,300000.0,1500000.0,1200000.0,internship,2024-12-10 02:22:00
BGT02262,USR019,INC07141,900000.0,500000.0,300000.0,1700000.0,1400000.0,allowance,2023-02-22 13:16:00
BGT05595,USR031,INC08533,2100000.0,1150000.0,600000.0,3850000.0,3250000.0,part_time,2024-12-24 15:45:00
BGT06365,USR052,INC06943,2000000.0,1200000.0,1300000.0,4500000.0,3200000.0,bonus,2023-04-30 13:01:00
BGT01878,USR017,INC02764,600000.0,350000.0,300000.0,1250000.0,950000.0,allowance,2024-03-09 10:16:00
BGT01759,USR043,INC09979,3800000.0,2200000.0,1300000.0,7300000.0,6000000.0,freelance,2024-04-20 07:54:00
BGT08959,USR013,INC06598,800000.0,500000.0,350000.0,1650000.0,1300000.0,allowance,2024-09-10 21:17:00
BGT07577,USR019,INC06200,1000000.0,500000.0,300000.0,1800000.0,1500000.0,scholarship,2023-04-12 19:16:00
BGT07655,USR048,INC02981,3000000.0,1700000.0,1050000.0,5750000.0,4700000.0,salary,2023-11-22 06:45:00
BGT04483,USR040,INC06289,1600000.0,800000.0,600000.0,3050000.0,2400000.0,allowance,2023-02-08 22:58:00
BGT03213,USR064,INC09681,3050000.0,2000000.0,1600000.0,6650000.0,5050000.0,freelance,2023-10-23 12:44:00
BGT04217,USR012,INC03184,1300000.0,800000.0,400000.0,2500000.0,2100000.0,part_time,2024-09-01 19:58:00
BGT01043,USR025,INC06672,850000.0,450000.0,250000.0,1550000.0,1300000.0,freelance,2024-08-27 03:08:00
BGT08439,USR059,INC02404,2050000.0,1150000.0,1200000.0,4400000.0,3200000.0,salary,2024-02-24 10:06:00
BGT06198,USR018,INC07683,650000.0,400000.0,300000.0,1350000.0,1050000.0,allowance,2023-11-15 00:29:00
BGT02340,USR042,INC04907,3800000.0,2100000.0,1150000.0,7050000.0,5900000.0,salary,2024-09-21 11:45:00
BGT01235,USR046,INC05749,1850000.0,1250000.0,850000.0,3950000.0,3100000.0,bonus,2024-02-14 06:00:00
BGT08161,USR033,INC08564,1300000.0,750000.0,700000.0,2750000.0,2050000.0,internship,2023-04-11 20:41:00
BGT02293,USR051,INC08037,1750000.0,900000.0,600000.0,3250000.0,2650000.0,freelance,2023-09-24 10:51:00
BGT08695,USR069,INC06495,4350000.0,2200000.0,1650000.0,8200000.0,6550000.0,freelance,2024-03-10 05:25:00
BGT08147,USR035,INC05325,1300000.0,900000.0,650000.0,2850000.0,2200000.0,allowance,2023-08-24 05:33:00
BGT07728,USR067,INC05516,4200000.0,2000000.0,1450000.0,7650000.0,6200000.0,business,2024-11-07 10:49:00
BGT05769,USR059,INC09186,3050000.0,1900000.0,600000.0,5550000.0,4950000.0,salary,2023-12-11 04:11:00
BGT00688,USR028,INC06581,1000000.0,550000.0,450000.0,2000000.0,1550000.0,part_time,2024-03-18 18:09:00
BGT04797,USR022,INC04258,1450000.0,800000.0,850000.0,3100000.0,2250000.0,internship,2024-03-18 08:46:00
BGT07582,USR069,INC02604,4350000.0,2850000.0,2050000.0,9250000.0,7200000.0,investment_return,2023-06-30 20:37:00
BGT05784,USR059,INC02256,-3850000.0,2250000.0,1150000.0,7300000.0,-1600000.0,business,2023-08-05 12:40:00
BGT01348,USR016,INC09818,1000000.0,500000.0,350000.0,1850000.0,1500000.0,allowance,2023-04-20 06:10:00
BGT00237,USR034,INC09393,1500000.0,1000000.0,550000.0,3100000.0,2500000.0,internship,2024-04-07 17:40:00
BGT07126,USR073,INC08144,4850000.0,2650000.0,2000000.0,9550000.0,7500000.0,investment_return,2023-09-13 03:14:00
BGT09626,USR015,INC02915,700000.0,400000.0,250000.0,1350000.0,1100000.0,allowance,2023-06-11 04:07:00
BGT09750,USR042,INC06434,3200000.0,2050000.0,1150000.0,6400000.0,5250000.0,business,2023-01-28 14:46:00
BGT09636,USR028,INC01526,850000.0,450000.0,350000.0,1650000.0,1300000.0,internship,2023-09-04 07:45:00
BGT05499,USR002,INC02728,700000.0,400000.0,200000.0,1300000.0,1100000.0,scholarship,2023-04-16 10:29:00
BGT02060,USR064,INC01643,2200000.0,1250000.0,1350000.0,4800000.0,3450000.0,investment_return,2023-06-23 20:10:00
BGT02983,USR005,INC01575,1050000.0,750000.0,450000.0,2250000.0,1800000.0,part_time,2024-02-27 07:21:00
BGT03585,USR010,INC05058,950000.0,550000.0,450000.0,1950000.0,1500000.0,part_time,2024-02-15 11:07:00
BGT06372,USR075,INC01163,3600000.0,2000000.0,1750000.0,7350000.0,5600000.0,investment_return,2023-02-28 20:49:00
BGT00914,USR002,INC05180,1300000.0,800000.0,650000.0,2750000.0,2100000.0,part_time,2024-10-26 18:49:00
BGT06251,USR063,INC05223,4400000.0,2750000.0,1650000.0,8800000.0,7150000.0,investment_return,2023-06-28 08:04:00
BGT09252,USR021,INC07218,1200000.0,650000.0,600000.0,2450000.0,1850000.0,freelance,2023-08-14 19:40:00
BGT01334,USR048,INC04298,1900000.0,1200000.0,750000.0,3850000.0,3100000.0,business,2023-04-10 02:20:00
BGT07874,USR025,INC05603,1000000.0,600000.0,550000.0,2150000.0,1600000.0,allowance,2024-07-02 22:38:00
BGT02240,USR023,INC03495,1900000.0,1050000.0,950000.0,3900000.0,2950000.0,part_time,2023-02-22 17:02:00
BGT07857,USR001,INC01462,1000000.0,550000.0,400000.0,2000000.0,1550000.0,part_time,2024-10-18 23:27:00
BGT08216,USR025,INC03709,1200000.0,750000.0,250000.0,2200000.0,1950000.0,freelance,2023-09-02 13:21:00
BGT01176,USR019,INC02683,450000.0,300000.0,250000.0,1000000.0,750000.0,scholarship,2024-08-15 08:35:00
BGT04086,USR071,INC00971,4250000.0,2350000.0,1550000.0,8150000.0,6600000.0,bonus,2024-10-05 15:24:00
BGT01872,USR053,INC09517,3350000.0,1850000.0,1200000.0,6400000.0,5200000.0,freelance,2023-11-04 14:02:00
BGT02921,USR030,INC03220,2200000.0,1550000.0,1100000.0,4850000.0,3750000.0,freelance,2024-03-14 10:21:00
BGT03595,USR041,INC06050,1550000.0,950000.0,850000.0,3350000.0,2500000.0,bonus,2024-08-02 18:23:00
BGT03494,USR039,INC01760,2250000.0,1300000.0,550000.0,4100000.0,3550000.0,allowance,2023-06-21 07:45:00
BGT03426,USR031,INC04235,1900000.0,1300000.0,750000.0,4000000.0,3200000.0,allowance,2023-08-19 11:41:00
BGT02190,USR016,INC05044,1100000.0,750000.0,350000.0,2250000.0,1850000.0,allowance,2023-04-30 15:51:00
BGT08782,USR071,INC03392,4150000.0,2600000.0,2500000.0,9250000.0,6750000.0,business,2023-07-04 19:00:00
BGT00689,USR004,INC07437,750000.0,400000.0,350000.0,1500000.0,1150000.0,scholarship,2024-08-22 16:44:00
BGT02707,USR022,INC01734,1200000.0,800000.0,500000.0,2500000.0,2000000.0,allowance,2024-10-18 12:16:00
BGT09436,USR060,INC05296,3000000.0,1700000.0,1200000.0,5900000.0,4700000.0,salary,2024-05-19 15:41:00
BGT01613,USR066,INC01339,2850000.0,1850000.0,1400000.0,6100000.0,4700000.0,investment_return,2023-11-17 03:42:00
BGT04341,USR029,INC03680,1550000.0,1050000.0,750000.0,3350000.0,2600000.0,internship,2023-02-21 11:54:00
BGT04171,USR026,INC05232,1900000.0,1000000.0,700000.0,3600000.0,2900000.0,part_time,2024-04-19 19:15:00
BGT05144,USR063,INC02878,2700000.0,1450000.0,1450000.0,5650000.0,4150000.0,freelance,2023-01-16 12:16:00
BGT00458,USR035,INC08076,1050000.0,650000.0,300000.0,2000000.0,1700000.0,part_time,2023-02-02 18:03:00
BGT02236,USR038,INC05985,1450000.0,900000.0,400000.0,2750000.0,2350000.0,internship,2024-12-26 02:17:00
BGT02313,USR001,INC03060,600000.0,400000.0,200000.0,1200000.0,1000000.0,allowance,2023-12-22 16:10:00
BGT01094,USR012,INC03333,1450000.0,800000.0,500000.0,2750000.0,2250000.0,part_time,2023-10-03 15:46:00
BGT09534,USR032,INC07400,1300000.0,750000.0,350000.0,2400000.0,2050000.0,allowance,2024-11-08 00:25:00
BGT02363,USR021,INC05537,2100000.0,1150000.0,1000000.0,4250000.0,3250000.0,allowance,2023-02-22 06:04:00
BGT06495,USR073,INC09190,3800000.0,2300000.0,2150000.0,8300000.0,6100000.0,salary,2023-07-10 23:31:00
BGT00039,USR030,INC08215,850000.0,550000.0,300000.0,1700000.0,1400000.0,allowance,2024-12-13 05:39:00
BGT03036,USR012,INC01187,800000.0,500000.0,350000.0,1650000.0,1300000.0,part_time,2024-03-26 21:22:00
BGT00118,USR072,INC02050,5300000.0,2850000.0,1650000.0,9800000.0,8150000.0,investment_return,2023-01-06 10:29:00
BGT07338,USR055,INC00143,4100000.0,2400000.0,1050000.0,7550000.0,6500000.0,salary,2024-09-22 15:00:00
BGT02304,USR046,INC07235,2450000.0,1300000.0,1050000.0,4800000.0,3750000.0,salary,2023-03-15 19:36:00
BGT00857,USR045,INC04966,3550000.0,2400000.0,1800000.0,7750000.0,5950000.0,business,2023-12-09 18:21:00
BGT05093,USR014,INC08959,550000.0,400000.0,300000.0,1250000.0,950000.0,allowance,2024-04-24 21:42:00
BGT03223,USR009,INC01311,800000.0,450000.0,500000.0,1750000.0,1250000.0,scholarship,2023-02-13 14:09:00
BGT01712,USR030,INC03790,2550000.0,1500000.0,750000.0,4800000.0,4050000.0,allowance,2023-12-09 09:09:00
BGT09200,USR042,INC07643,2200000.0,1250000.0,650000.0,4100000.0,3450000.0,bonus,2024-05-19 08:27:00
BGT06698,USR022,INC09376,1450000.0,1000000.0,800000.0,3250000.0,2450000.0,allowance,2023-05-01 07:14:00
BGT06838,USR021,INC07308,850000.0,550000.0,500000.0,1900000.0,1400000.0,allowance,2024-02-29 11:55:00
BGT03610,USR053,INC04647,2250000.0,1500000.0,650000.0,4400000.0,3750000.0,freelance,2024-12-06 23:36:00
BGT04083,USR034,INC08414,750000.0,550000.0,400000.0,1700000.0,1300000.0,internship,2024-04-19 03:22:00
BGT07180,USR054,INC04661,3700000.0,1950000.0,1050000.0,6700000.0,5650000.0,freelance,2024-12-24 19:11:00
BGT10000,USR057,INC00152,1650000.0,850000.0,500000.0,3000000.0,2500000.0,bonus,2023-05-04 02:55:00
BGT02012,USR072,INC02228,2600000.0,1550000.0,1400000.0,5550000.0,4150000.0,bonus,2023-12-24 07:15:00
BGT08371,USR017,INC08334,550000.0,400000.0,200000.0,1150000.0,950000.0,part_time,2024-05-03 12:02:00
BGT08929,USR012,INC03078,1200000.0,700000.0,300000.0,2200000.0,1900000.0,freelance,2024-07-10 08:33:00
BGT04430,USR024,INC03973,1500000.0,950000.0,600000.0,3100000.0,2450000.0,allowance,2023-02-02 04:17:00
BGT06326,USR031,INC07957,-2400000.0,1350000.0,1250000.0,5000000.0,-1050000.0,part_time,2023-04-21 10:39:00
BGT04475,USR075,INC02677,3250000.0,2100000.0,1150000.0,6500000.0,5350000.0,bonus,2023-03-27 23:00:00
BGT04048,USR065,INC03636,2350000.0,1450000.0,800000.0,4600000.0,3800000.0,investment_return,2023-06-07 06:16:00
BGT04831,USR065,INC01738,4700000.0,2350000.0,1650000.0,8700000.0,7050000.0,investment_return,2023-01-25 19:57:00
BGT03247,USR041,INC07243,3600000.0,2050000.0,2200000.0,7850000.0,5650000.0,business,2024-12-21 07:16:00
BGT09174,USR041,INC07470,2450000.0,1400000.0,1150000.0,5050000.0,3850000.0,salary,2023-01-30 18:48:00
BGT07741,USR025,INC07879,1350000.0,950000.0,600000.0,2900000.0,2300000.0,allowance,2024-09-24 16:05:00
BGT09354,USR007,INC07151,800000.0,550000.0,500000.0,1850000.0,1350000.0,scholarship,2024-04-18 19:15:00
BGT08957,USR025,INC06010,1450000.0,900000.0,550000.0,2900000.0,2350000.0,allowance,2023-03-22 14:50:00
BGT04996,USR013,INC07305,1050000.0,600000.0,250000.0,1900000.0,1650000.0,allowance,2023-11-08 09:26:00
BGT02756,USR021,INC04332,1700000.0,1250000.0,850000.0,3800000.0,2950000.0,allowance,2023-01-09 00:28:00
BGT02323,USR070,INC04502,2400000.0,1250000.0,1150000.0,4850000.0,3650000.0,bonus,2023-08-18 07:29:00
BGT09334,USR068,INC08059,3700000.0,2100000.0,1050000.0,6850000.0,5800000.0,freelance,2024-10-17 06:59:00
BGT01882,USR020,INC09069,1450000.0,800000.0,400000.0,2650000.0,2250000.0,scholarship,2024-10-13 09:41:00
BGT08534,USR069,INC06945,2850000.0,2050000.0,1450000.0,6350000.0,4900000.0,investment_return,2024-05-09 15:09:00
BGT04443,USR004,INC06298,1300000.0,750000.0,250000.0,2300000.0,2050000.0,allowance,2024-01-06 09:57:00
BGT01500,USR068,INC06240,4950000.0,3000000.0,1750000.0,9700000.0,7950000.0,business,2023-09-01 21:16:00
BGT06028,USR066,INC03222,3150000.0,2050000.0,1200000.0,6400000.0,5200000.0,investment_return,2024-03-18 02:50:00
BGT01359,USR037,INC07553,2050000.0,1150000.0,700000.0,3900000.0,3200000.0,internship,2023-04-19 10:40:00
BGT05358,USR028,INC01332,1200000.0,700000.0,700000.0,2600000.0,1900000.0,freelance,2023-10-14 21:52:00
BGT05678,USR019,INC08443,1550000.0,750000.0,500000.0,2800000.0,2300000.0,scholarship,2023-02-01 17:50:00
BGT09996,USR038,INC07078,1850000.0,1100000.0,400000.0,3350000.0,2950000.0,allowance,2024-11-06 17:01:00
BGT07930,USR024,INC01128,1800000.0,1150000.0,800000.0,3750000.0,2950000.0,internship,2024-09-17 17:19:00
BGT05628,USR050,INC06975,1950000.0,1100000.0,750000.0,3850000.0,3050000.0,freelance,2024-08-07 10:46:00
BGT03482,USR069,INC08477,2600000.0,1650000.0,1050000.0,5300000.0,4250000.0,freelance,2023-08-28 06:45:00
BGT02387,USR034,INC00875,850000.0,450000.0,400000.0,1700000.0,1300000.0,allowance,2024-06-19 16:26:00
BGT07473,USR033,INC02036,1100000.0,700000.0,600000.0,2400000.0,1800000.0,part_time,2023-05-22 12:41:00
BGT03718,USR040,INC01961,950000.0,550000.0,400000.0,1900000.0,1500000.0,part_time,2023-07-04 20:36:00
BGT05801,USR034,INC00399,2750000.0,1450000.0,700000.0,4900000.0,4200000.0,internship,2024-12-24 02:45:00
BGT03169,USR032,INC04917,1650000.0,1000000.0,800000.0,3450000.0,2650000.0,part_time,2023-05-28 23:43:00
BGT03031,USR032,INC02130,2450000.0,1550000.0,700000.0,4700000.0,4000000.0,part_time,2023-12-09 00:27:00
BGT06015,USR060,INC00041,3400000.0,1800000.0,1650000.0,6850000.0,5200000.0,freelance,2024-10-31 18:33:00
BGT02902,USR022,INC05756,950000.0,550000.0,250000.0,1750000.0,1500000.0,freelance,2023-12-08 14:50:00
BGT05152,USR030,INC02922,950000.0,550000.0,250000.0,1750000.0,1500000.0,part_time,2024-08-20 00:37:00
BGT01442,USR038,INC08957,1100000.0,650000.0,300000.0,2050000.0,1750000.0,part_time,2023-05-07 06:38:00
BGT02369,USR045,INC08875,4500000.0,2550000.0,950000.0,8000000.0,7050000.0,business,2024-06-08 23:19:00
BGT05456,USR034,INC06142,650000.0,500000.0,350000.0,1500000.0,1150000.0,freelance,2023-09-28 03:51:00
BGT00542,USR035,INC02171,1500000.0,1050000.0,550000.0,3100000.0,2550000.0,part_time,2024-07-17 21:34:00
BGT00192,USR013,INC06520,650000.0,500000.0,350000.0,1500000.0,1150000.0,part_time,2023-07-15 22:05:00
BGT09887,USR063,INC06059,3350000.0,1850000.0,1650000.0,6850000.0,5200000.0,business,2024-05-07 05:33:00
BGT08566,USR052,INC01744,1900000.0,1250000.0,1100000.0,4250000.0,3150000.0,business,2024-08-29 17:27:00
BGT09648,USR064,INC05608,3350000.0,1950000.0,1000000.0,6300000.0,5300000.0,salary,2023-11-12 18:45:00
BGT00501,USR002,INC01392,450000.0,300000.0,250000.0,1000000.0,750000.0,part_time,2024-09-19 20:50:00
BGT03204,USR039,INC00753,1800000.0,1000000.0,650000.0,3450000.0,2800000.0,freelance,2023-07-09 20:34:00
BGT07382,USR073,INC07209,3750000.0,2250000.0,1200000.0,7200000.0,6000000.0,salary,2024-01-24 02:18:00
BGT05600,USR039,INC08495,1850000.0,950000.0,650000.0,3450000.0,2800000.0,internship,2023-04-02 20:00:00
BGT08360,USR025,INC07873,1700000.0,1000000.0,550000.0,3250000.0,2700000.0,freelance,2023-01-09 03:54:00
BGT07255,USR018,INC02268,1150000.0,550000.0,400000.0,2100000.0,1700000.0,allowance,2023-05-20 02:28:00
BGT00434,USR062,INC03819,2250000.0,1600000.0,900000.0,4750000.0,3850000.0,business,2024-03-13 14:26:00
BGT08494,USR030,INC06594,1250000.0,800000.0,650000.0,2700000.0,2050000.0,part_time,2023-05-31 03:17:00
BGT00979,USR073,INC01242,3700000.0,2150000.0,2150000.0,8000000.0,5850000.0,bonus,2023-03-26 15:46:00
BGT05388,USR039,INC03530,1300000.0,850000.0,450000.0,2650000.0,2150000.0,part_time,2024-08-31 15:01:00
BGT05967,USR023,INC06901,950000.0,550000.0,300000.0,1850000.0,1500000.0,internship,2024-12-25 02:49:00
BGT07166,USR031,INC07328,850000.0,500000.0,250000.0,1650000.0,1350000.0,internship,2023-09-17 22:44:00
BGT05476,USR049,INC01771,3150000.0,2050000.0,1450000.0,6650000.0,5200000.0,business,2023-04-06 17:29:00
BGT04183,USR069,INC07949,4100000.0,2150000.0,1450000.0,7700000.0,6250000.0,business,2024-08-28 10:25:00
BGT09266,USR010,INC09526,600000.0,350000.0,200000.0,1150000.0,950000.0,allowance,2023-12-15 08:41:00
BGT03554,USR061,INC07908,3700000.0,2150000.0,1850000.0,7700000.0,5850000.0,freelance,2023-04-20 06:09:00
BGT09683,USR046,INC09883,2200000.0,1250000.0,1050000.0,4500000.0,3450000.0,freelance,2023-12-04 23:30:00
BGT02674,USR036,INC01697,1200000.0,550000.0,350000.0,2100000.0,1750000.0,allowance,2024-09-29 01:22:00
BGT03511,USR044,INC00176,2900000.0,1450000.0,1300000.0,5650000.0,4350000.0,business,2023-06-25 23:12:00
BGT07587,USR049,INC00614,3850000.0,2500000.0,1200000.0,7550000.0,6350000.0,business,2023-05-10 14:18:00
BGT06717,USR028,INC04322,2100000.0,1200000.0,900000.0,4200000.0,3300000.0,part_time,2023-02-17 05:45:00
BGT01695,USR022,INC06112,1650000.0,950000.0,850000.0,3450000.0,2600000.0,internship,2023-05-15 06:20:00
BGT04866,USR013,INC01142,750000.0,400000.0,350000.0,1500000.0,1150000.0,freelance,2024-09-21 10:24:00
BGT05570,USR064,INC04688,4000000.0,2050000.0,1900000.0,7950000.0,6050000.0,business,2023-08-16 18:20:00
BGT09826,USR043,INC06019,2900000.0,1550000.0,900000.0,5350000.0,4450000.0,bonus,2024-12-19 04:37:00
BGT09670,USR070,INC00215,3750000.0,2550000.0,1400000.0,7700000.0,6300000.0,salary,2023-01-14 06:47:00
BGT08368,USR007,INC00637,1250000.0,800000.0,300000.0,2350000.0,2050000.0,part_time,2023-09-06 01:56:00
BGT06321,USR065,INC03382,3000000.0,1600000.0,1300000.0,5900000.0,4600000.0,bonus,2024-01-26 20:12:00
BGT08208,USR034,INC04337,950000.0,450000.0,300000.0,1700000.0,1400000.0,part_time,2023-12-03 01:37:00
BGT06404,USR070,INC06487,4550000.0,2650000.0,1900000.0,9100000.0,7200000.0,salary,2024-04-30 15:18:00
BGT01411,USR075,INC03639,4150000.0,2400000.0,1150000.0,7700000.0,6550000.0,business,2024-02-15 18:30:00
BGT03812,USR011,INC09272,1200000.0,750000.0,750000.0,2700000.0,1950000.0,part_time,2023-12-04 10:39:00
BGT00352,USR027,INC00417,1600000.0,1050000.0,900000.0,3550000.0,2650000.0,allowance,2023-06-23 07:41:00
BGT07207,USR044,INC04482,2700000.0,1800000.0,1500000.0,6000000.0,4500000.0,bonus,2024-07-07 18:03:00
BGT00862,USR047,INC08824,3150000.0,1800000.0,1500000.0,6450000.0,4950000.0,business,2023-01-19 04:15:00
BGT06526,USR018,INC08403,1200000.0,700000.0,550000.0,2500000.0,1900000.0,part_time,2023-01-18 04:09:00
BGT03320,USR006,INC04757,1000000.0,700000.0,400000.0,2100000.0,1700000.0,part_time,2023-03-19 02:23:00
BGT01959,USR055,INC07899,2300000.0,1600000.0,800000.0,4700000.0,3900000.0,business,2023-01-11 13:46:00
BGT01794,USR036,INC01850,2000000.0,1150000.0,850000.0,4050000.0,3150000.0,freelance,2023-04-27 01:40:00
BGT06824,USR013,INC09336,1400000.0,950000.0,500000.0,2900000.0,2350000.0,part_time,2024-09-26 14:39:00
BGT01262,USR009,INC02455,550000.0,300000.0,150000.0,1000000.0,850000.0,allowance,2023-05-18 09:50:00
BGT06035,USR055,INC05159,1650000.0,1000000.0,550000.0,3200000.0,2650000.0,freelance,2024-10-22 14:33:00
BGT02731,USR072,INC00633,4350000.0,2200000.0,1950000.0,8500000.0,6550000.0,salary,2023-03-06 00:48:00
BGT06801,USR004,INC06858,900000.0,450000.0,350000.0,1750000.0,1350000.0,part_time,2024-08-28 02:14:00
BGT00577,USR042,INC07040,1750000.0,850000.0,550000.0,3150000.0,2600000.0,freelance,2024-12-11 00:39:00
BGT05890,USR010,INC01107,1550000.0,900000.0,550000.0,3000000.0,2450000.0,scholarship,2024-11-19 03:53:00
BGT02749,USR011,INC00962,1050000.0,550000.0,400000.0,2000000.0,1600000.0,scholarship,2023-04-28 17:37:00
BGT02020,USR053,INC05439,1850000.0,1100000.0,800000.0,3750000.0,2950000.0,freelance,2023-04-05 15:24:00
BGT08966,USR012,INC05104,700000.0,500000.0,400000.0,1600000.0,1200000.0,part_time,2023-08-02 22:10:00
BGT02611,USR014,INC07257,1100000.0,800000.0,550000.0,2450000.0,1900000.0,allowance,2023-02-14 00:53:00
BGT00381,USR032,INC08143,750000.0,500000.0,350000.0,160000000.0,1250000.0,freelance,2023-10-30 01:12:00
BGT09418,USR008,INC07821,1500000.0,850000.0,650000.0,3000000.0,2350000.0,scholarship,2024-01-12 16:46:00
BGT02355,USR066,INC02983,4100000.0,2650000.0,1000000.0,7750000.0,6750000.0,salary,2024-04-21 18:22:00
BGT05004,USR049,INC04098,3600000.0,2500000.0,1550000.0,7650000.0,6100000.0,freelance,2023-11-03 10:58:00
BGT07435,USR034,INC01902,1100000.0,750000.0,350000.0,2250000.0,1850000.0,freelance,2023-12-08 01:32:00
BGT04721,USR059,INC00718,4100000.0,2150000.0,1350000.0,7600000.0,6250000.0,business,2024-08-15 14:03:00
BGT07555,USR059,INC09527,2800000.0,1700000.0,1600000.0,6100000.0,4500000.0,freelance,2023-10-15 21:55:00
BGT01470,USR068,INC01892,1950000.0,1350000.0,1050000.0,4350000.0,3300000.0,investment_return,2023-07-08 21:31:00
BGT00280,USR057,INC07731,3750000.0,2300000.0,1400000.0,7500000.0,6050000.0,business,2024-06-11 20:45:00
BGT00714,USR044,INC08755,3350000.0,2150000.0,1650000.0,7150000.0,5500000.0,freelance,2024-08-08 23:49:00
BGT08625,USR016,INC05928,1100000.0,600000.0,300000.0,2000000.0,1700000.0,allowance,2024-08-23 15:38:00
BGT08918,USR041,INC01949,3250000.0,1800000.0,1200000.0,6250000.0,5050000.0,bonus,2023-01-24 23:01:00
BGT05858,USR016,INC06919,1250000.0,600000.0,550000.0,2400000.0,1850000.0,scholarship,2023-06-21 02:04:00
BGT01497,USR053,INC05667,1600000.0,1050000.0,500000.0,3150000.0,2650000.0,salary,2024-05-11 04:13:00
BGT04319,USR031,INC08623,1700000.0,1100000.0,750000.0,3550000.0,2800000.0,allowance,2023-04-15 22:19:00
BGT05693,USR043,INC03628,2950000.0,1800000.0,1700000.0,6450000.0,4750000.0,freelance,2023-11-30 15:22:00
BGT09223,USR033,INC00980,1600000.0,950000.0,1000000.0,3600000.0,2550000.0,freelance,2023-11-19 08:11:00
BGT01807,USR012,INC02867,650000.0,350000.0,250000.0,1250000.0,1000000.0,allowance,2024-02-10 18:51:00
BGT05625,USR042,INC00010,2850000.0,1700000.0,950000.0,5500000.0,4550000.0,bonus,2023-04-28 11:03:00
BGT02445,USR031,INC00045,850000.0,500000.0,250000.0,1600000.0,1350000.0,freelance,2023-08-10 03:57:00
BGT06275,USR022,INC05496,1950000.0,950000.0,700000.0,3600000.0,2900000.0,freelance,2023-08-04 02:04:00
BGT01452,USR019,INC00702,500000.0,300000.0,200000.0,1000000.0,800000.0,part_time,2024-02-25 03:10:00
BGT08247,USR056,INC07018,3450000.0,1900000.0,950000.0,6300000.0,5350000.0,bonus,2024-09-21 12:42:00
BGT06327,USR004,INC01480,1550000.0,850000.0,550000.0,3000000.0,2400000.0,part_time,2023-03-01 03:54:00
BGT01583,USR006,INC00468,1450000.0,850000.0,500000.0,2800000.0,2300000.0,scholarship,2024-09-09 02:43:00
BGT09987,USR072,INC07746,3200000.0,1900000.0,2000000.0,7100000.0,5100000.0,freelance,2023-12-18 19:01:00
BGT01258,USR036,INC04230,1100000.0,650000.0,650000.0,2400000.0,1750000.0,allowance,2024-09-29 10:32:00
BGT09729,USR023,INC06809,1750000.0,1200000.0,850000.0,3800000.0,2950000.0,internship,2023-02-20 16:33:00
BGT00055,USR019,INC01717,1000000.0,550000.0,300000.0,185000000.0,1550000.0,scholarship,2024-04-18 17:47:00
BGT05855,USR043,INC08335,3300000.0,1800000.0,900000.0,6000000.0,5100000.0,freelance,2023-10-05 23:13:00
BGT01365,USR035,INC05458,2250000.0,1300000.0,1300000.0,4900000.0,3550000.0,freelance,2024-11-15 10:10:00
BGT04683,USR073,INC05835,2050000.0,1500000.0,1100000.0,4650000.0,3550000.0,business,2024-08-14 06:40:00
BGT09193,USR028,INC01599,2450000.0,1450000.0,900000.0,4800000.0,3900000.0,allowance,2023-05-21 00:20:00
BGT02873,USR043,INC03013,3350000.0,2150000.0,2150000.0,7650000.0,5500000.0,business,2024-11-11 14:44:00
BGT00593,USR036,INC00792,2350000.0,1150000.0,750000.0,4300000.0,3500000.0,freelance,2023-09-24 15:27:00
BGT05711,USR033,INC06012,1000000.0,550000.0,300000.0,1850000.0,1550000.0,freelance,2023-04-26 07:51:00
BGT06862,USR029,INC01761,1200000.0,900000.0,550000.0,2700000.0,2100000.0,internship,2024-11-03 14:45:00
BGT04598,USR054,INC03249,2850000.0,1400000.0,850000.0,5100000.0,4250000.0,bonus,2024-05-22 11:45:00
BGT04210,USR011,INC05782,-900000.0,450000.0,450000.0,1800000.0,-450000.0,scholarship,2023-06-28 08:52:00
BGT08392,USR042,INC01996,2000000.0,-1150000.0,950000.0,4100000.0,850000.0,salary,2023-03-22 02:40:00
BGT04378,USR010,INC04710,1000000.0,550000.0,300000.0,1850000.0,1550000.0,scholarship,2023-11-09 03:10:00
BGT09264,USR014,INC06508,750000.0,500000.0,250000.0,1500000.0,1250000.0,part_time,2024-06-26 17:58:00
BGT01806,USR018,INC04400,900000.0,500000.0,450000.0,1850000.0,1400000.0,scholarship,2023-07-06 03:47:00
BGT02211,USR015,INC07859,950000.0,550000.0,450000.0,1950000.0,1500000.0,scholarship,2023-10-28 20:57:00
BGT05907,USR056,INC02197,1450000.0,1000000.0,700000.0,3150000.0,2450000.0,salary,2023-10-08 03:55:00
BGT09707,USR064,INC01592,3600000.0,2000000.0,2100000.0,7700000.0,5600000.0,freelance,2024-08-28 02:22:00
BGT00253,USR065,INC08974,2400000.0,1500000.0,900000.0,4850000.0,3900000.0,salary,2023-02-15 05:36:00
BGT01938,USR061,INC04900,3450000.0,1800000.0,1400000.0,6650000.0,5250000.0,business,2024-12-04 12:59:00
BGT07410,USR067,INC05921,2350000.0,1250000.0,900000.0,4550000.0,3600000.0,bonus,2024-05-24 15:28:00
BGT05150,USR042,INC09626,3450000.0,1850000.0,1500000.0,6800000.0,5300000.0,salary,2024-08-25 04:02:00
BGT08421,USR069,INC01082,2950000.0,1800000.0,1700000.0,6450000.0,4750000.0,business,2023-12-30 11:30:00
BGT06046,USR074,INC01087,3150000.0,2100000.0,1750000.0,7000000.0,5250000.0,salary,2024-05-26 20:54:00
BGT05514,USR023,INC08447,1900000.0,950000.0,600000.0,3450000.0,2850000.0,internship,2024-12-15 13:07:00
BGT00651,USR062,INC05920,4150000.0,2650000.0,2400000.0,9200000.0,6800000.0,business,2023-09-28 15:23:00
BGT00817,USR071,INC09229,4250000.0,2650000.0,1150000.0,8050000.0,6900000.0,freelance,2023-01-11 17:16:00
BGT09894,USR007,INC08930,1550000.0,800000.0,600000.0,2950000.0,2350000.0,scholarship,2023-03-19 19:40:00
BGT02173,USR041,INC00497,2700000.0,1650000.0,500000.0,480000000.0,4350000.0,salary,2023-01-14 12:17:00
BGT03558,USR017,INC09604,600000.0,450000.0,350000.0,1400000.0,1050000.0,part_time,2023-06-12 11:06:00
BGT02252,USR052,INC08365,2750000.0,1850000.0,1350000.0,5950000.0,4600000.0,bonus,2024-01-08 04:32:00
BGT09467,USR044,INC00623,1700000.0,900000.0,400000.0,3000000.0,2600000.0,freelance,2024-06-20 17:17:00
BGT02793,USR047,INC04561,1950000.0,1250000.0,450000.0,3650000.0,3200000.0,bonus,2024-10-13 13:28:00
BGT01451,USR026,INC08089,2250000.0,1450000.0,800000.0,4500000.0,3700000.0,part_time,2023-03-18 06:38:00
BGT00858,USR067,INC02927,2650000.0,1450000.0,700000.0,4800000.0,4100000.0,freelance,2024-10-12 03:51:00
BGT06458,USR050,INC04666,1950000.0,1250000.0,1150000.0,4350000.0,3200000.0,freelance,2024-09-07 14:32:00
BGT05451,USR064,INC03729,4750000.0,2750000.0,1300000.0,8800000.0,7500000.0,bonus,2024-09-13 13:08:00
BGT00760,USR010,INC07288,1350000.0,800000.0,500000.0,2650000.0,2150000.0,part_time,2024-10-09 17:03:00
BGT02954,USR042,INC08550,3900000.0,2100000.0,1800000.0,7850000.0,6000000.0,salary,2024-05-28 10:03:00
BGT05702,USR003,INC00944,1050000.0,700000.0,450000.0,2250000.0,1750000.0,freelance,2023-04-11 10:32:00
BGT01685,USR012,INC02759,900000.0,550000.0,200000.0,1650000.0,1450000.0,part_time,2023-03-03 17:24:00
BGT00100,USR026,INC09904,2250000.0,1200000.0,550000.0,4000000.0,3450000.0,part_time,2024-11-28 16:15:00
BGT09177,USR019,INC06612,1050000.0,650000.0,400000.0,2100000.0,1700000.0,allowance,2024-10-25 08:51:00
BGT01077,USR034,INC08560,900000.0,450000.0,250000.0,1600000.0,1350000.0,allowance,2023-03-09 08:33:00
BGT04728,USR064,INC09761,3300000.0,2200000.0,1550000.0,7050000.0,5500000.0,investment_return,2023-12-11 15:29:00
BGT05008,USR008,INC07361,900000.0,600000.0,250000.0,1800000.0,1500000.0,scholarship,2024-08-29 04:14:00
BGT06417,USR041,INC01976,2850000.0,1750000.0,1300000.0,590000000.0,4600000.0,bonus,2023-12-04 09:48:00
BGT05381,USR063,INC00611,2300000.0,1450000.0,1100000.0,4850000.0,3750000.0,salary,2024-09-27 11:33:00
BGT08970,USR002,INC04340,800000.0,550000.0,450000.0,1800000.0,1350000.0,scholarship,2024-10-03 08:14:00
BGT05070,USR053,INC08972,3850000.0,2550000.0,1150000.0,7550000.0,6400000.0,bonus,2023-05-14 11:05:00
BGT02275,USR012,INC03111,600000.0,350000.0,300000.0,1250000.0,950000.0,scholarship,2024-12-15 09:34:00
BGT03798,USR014,INC03654,950000.0,650000.0,500000.0,2100000.0,1600000.0,part_time,2023-04-17 02:36:00
BGT04773,USR036,INC09118,1000000.0,600000.0,400000.0,2000000.0,1600000.0,internship,2024-11-16 06:22:00
BGT00213,USR061,INC06257,3750000.0,2300000.0,1400000.0,7500000.0,6050000.0,business,2024-11-09 16:07:00
BGT04553,USR075,INC07028,2500000.0,1450000.0,850000.0,4850000.0,3950000.0,bonus,2024-04-17 20:22:00
BGT08892,USR067,INC05336,3000000.0,1900000.0,750000.0,5650000.0,4900000.0,business,2024-07-22 03:04:00
BGT04803,USR013,INC02136,1250000.0,800000.0,400000.0,2450000.0,2050000.0,allowance,2024-09-30 21:06:00
BGT09696,USR024,INC04651,950000.0,750000.0,450000.0,2150000.0,1700000.0,allowance,2023-11-12 04:24:00
BGT02094,USR072,INC04490,1900000.0,1350000.0,750000.0,4000000.0,3250000.0,business,2023-08-03 18:55:00
BGT00195,USR026,INC00304,2600000.0,1300000.0,800000.0,4700000.0,3900000.0,allowance,2023-05-03 22:30:00
BGT07507,USR007,INC09914,1500000.0,950000.0,450000.0,2900000.0,2450000.0,scholarship,2024-07-16 20:04:00
BGT02997,USR068,INC00529,4350000.0,2600000.0,1250000.0,8200000.0,6950000.0,investment_return,2023-12-02 17:53:00
BGT05884,USR013,INC00214,1400000.0,950000.0,650000.0,3000000.0,2350000.0,allowance,2024-10-07 03:03:00
BGT07273,USR045,INC04696,2200000.0,1100000.0,750000.0,4050000.0,3300000.0,salary,2024-06-04 23:12:00
BGT06907,USR019,INC09752,1250000.0,650000.0,450000.0,2350000.0,1900000.0,allowance,2024-04-13 02:52:00
BGT04898,USR056,INC09971,2250000.0,1650000.0,1100000.0,5050000.0,3900000.0,freelance,2023-03-14 17:46:00
BGT00492,USR016,INC00789,1250000.0,750000.0,700000.0,2700000.0,2000000.0,allowance,2023-05-20 06:07:00
BGT09122,USR050,INC06588,2850000.0,1750000.0,1200000.0,5800000.0,4600000.0,freelance,2024-02-18 04:36:00
BGT00738,USR052,INC01685,2100000.0,1150000.0,1000000.0,4250000.0,3250000.0,business,2024-03-12 04:14:00
BGT02424,USR029,INC03038,850000.0,550000.0,500000.0,1900000.0,1400000.0,internship,2023-09-09 19:22:00
BGT01979,USR073,INC02155,4000000.0,2700000.0,2000000.0,875000000.0,6700000.0,bonus,2023-02-08 12:20:00
BGT08854,USR014,INC05425,950000.0,600000.0,300000.0,1850000.0,1550000.0,scholarship,2024-06-30 07:27:00
BGT01509,USR017,INC09326,1400000.0,800000.0,550000.0,2750000.0,2200000.0,part_time,2024-04-20 05:26:00
BGT01616,USR012,INC07466,1300000.0,900000.0,400000.0,2650000.0,2200000.0,scholarship,2023-09-24 03:04:00
BGT05486,USR067,INC07359,3850000.0,2600000.0,1600000.0,8050000.0,6450000.0,salary,2023-07-16 23:27:00
BGT07198,USR070,INC06556,3600000.0,1700000.0,1250000.0,6550000.0,5300000.0,salary,2024-08-03 23:08:00
BGT01919,USR007,INC04972,900000.0,600000.0,250000.0,1750000.0,1500000.0,part_time,2024-06-13 18:38:00
BGT09963,USR070,INC05738,2600000.0,1950000.0,1200000.0,5800000.0,4550000.0,salary,2023-12-12 03:48:00
BGT00573,USR065,INC02593,2900000.0,1950000.0,1050000.0,5900000.0,4850000.0,investment_return,2024-04-30 20:31:00
BGT02896,USR039,INC08013,1400000.0,800000.0,450000.0,2650000.0,2200000.0,freelance,2023-10-14 22:13:00
BGT07960,USR066,INC09954,3450000.0,1750000.0,1300000.0,6550000.0,5200000.0,freelance,2024-08-29 04:17:00
BGT06820,USR034,INC05689,1150000.0,550000.0,350000.0,2050000.0,1700000.0,part_time,2024-10-05 16:38:00
BGT01762,USR059,INC03602,1700000.0,1100000.0,850000.0,3650000.0,2800000.0,bonus,2024-02-27 18:37:00
BGT01703,USR012,INC01124,900000.0,600000.0,450000.0,1950000.0,1500000.0,scholarship,2023-03-05 04:55:00
BGT06673,USR013,INC06607,950000.0,600000.0,350000.0,1900000.0,1550000.0,part_time,2023-08-10 07:47:00
BGT03906,USR058,INC00338,1950000.0,1300000.0,800000.0,4100000.0,3250000.0,business,2023-04-01 08:26:00
BGT06536,USR057,INC01836,3100000.0,2100000.0,1400000.0,6600000.0,5200000.0,business,2023-06-26 23:10:00
BGT07808,USR023,INC03421,1600000.0,1100000.0,750000.0,3500000.0,2700000.0,freelance,2023-04-26 06:59:00
BGT06799,USR037,INC06156,1300000.0,650000.0,500000.0,2450000.0,1950000.0,internship,2023-11-28 14:38:00
BGT04830,USR067,INC07501,2700000.0,1650000.0,1550000.0,5900000.0,4350000.0,salary,2023-09-28 23:50:00
BGT02557,USR002,INC07940,850000.0,600000.0,350000.0,1850000.0,1450000.0,scholarship,2023-07-13 05:11:00
BGT03055,USR017,INC04068,1450000.0,900000.0,300000.0,2700000.0,2350000.0,scholarship,2023-09-08 04:59:00
BGT09078,USR058,INC09181,2850000.0,1550000.0,900000.0,5300000.0,4400000.0,freelance,2024-12-07 05:12:00
BGT06147,USR057,INC08762,2150000.0,1300000.0,850000.0,4300000.0,3450000.0,business,2023-02-02 07:17:00
BGT07676,USR024,INC07353,1150000.0,600000.0,600000.0,2350000.0,1750000.0,internship,2023-01-29 03:11:00
BGT06586,USR003,INC03192,1000000.0,600000.0,400000.0,2000000.0,1600000.0,allowance,2023-09-03 02:13:00
BGT02717,USR023,INC09071,1150000.0,650000.0,450000.0,2300000.0,1800000.0,internship,2024-02-08 18:08:00
BGT09871,USR074,INC00439,3600000.0,2300000.0,1050000.0,6950000.0,5900000.0,investment_return,2024-04-23 15:13:00
BGT07796,USR066,INC07372,2250000.0,1100000.0,650000.0,4000000.0,3350000.0,bonus,2024-01-22 10:37:00
BGT03721,USR072,INC03686,3450000.0,2300000.0,1700000.0,7500000.0,5750000.0,bonus,2024-02-02 21:16:00
BGT06273,USR073,INC03646,3900000.0,2200000.0,1150000.0,7250000.0,6100000.0,freelance,2024-01-07 10:10:00
BGT07890,USR069,INC07919,4450000.0,2600000.0,850000.0,7950000.0,7050000.0,salary,2023-11-01 21:53:00
BGT07299,USR030,INC02555,2300000.0,1500000.0,750000.0,4550000.0,3800000.0,allowance,2024-12-19 07:23:00
BGT02882,USR016,INC06433,1100000.0,600000.0,400000.0,2100000.0,1700000.0,part_time,2024-08-16 14:11:00
BGT02590,USR061,INC04196,3850000.0,1900000.0,1500000.0,7250000.0,5750000.0,business,2023-05-24 10:20:00
BGT01822,USR012,INC01656,1100000.0,600000.0,300000.0,2000000.0,1700000.0,scholarship,2024-08-08 15:05:00
BGT01740,USR015,INC08432,1250000.0,750000.0,750000.0,2750000.0,2000000.0,part_time,2024-07-12 04:47:00
BGT07964,USR001,INC09010,1150000.0,650000.0,500000.0,2300000.0,1800000.0,scholarship,2023-07-16 11:10:00
BGT01136,USR066,INC05521,3600000.0,1950000.0,1400000.0,6950000.0,5550000.0,business,2024-02-11 03:04:00
BGT04215,USR055,INC09497,3150000.0,1850000.0,1400000.0,6400000.0,5000000.0,freelance,2024-09-28 15:56:00
BGT08935,USR005,INC01100,650000.0,450000.0,250000.0,1350000.0,1100000.0,allowance,2024-01-28 20:18:00
BGT04461,USR007,INC09180,1100000.0,650000.0,200000.0,1950000.0,1750000.0,scholarship,2023-02-10 23:07:00
BGT03463,USR070,INC04305,3900000.0,1900000.0,1300000.0,7100000.0,5800000.0,investment_return,2023-07-06 11:04:00
BGT02177,USR045,INC06911,4100000.0,2500000.0,1000000.0,7600000.0,6600000.0,business,2024-08-18 19:17:00
BGT06278,USR071,INC09948,4200000.0,2650000.0,2050000.0,8900000.0,6850000.0,investment_return,2023-06-12 11:14:00
BGT06779,USR058,INC00891,3200000.0,2300000.0,1200000.0,6700000.0,5500000.0,business,2023-01-07 23:28:00
BGT05845,USR043,INC09650,3450000.0,2200000.0,1700000.0,7350000.0,5650000.0,freelance,2023-11-11 16:47:00
BGT07200,USR028,INC04825,1950000.0,900000.0,600000.0,3450000.0,2850000.0,freelance,2023-07-18 15:36:00
BGT04441,USR003,INC05677,800000.0,550000.0,450000.0,1800000.0,1350000.0,scholarship,2024-01-28 17:16:00
BGT09227,USR047,INC09114,2500000.0,1550000.0,950000.0,5050000.0,4050000.0,freelance,2023-07-13 13:48:00
BGT06219,USR019,INC01682,1250000.0,600000.0,500000.0,2400000.0,1850000.0,allowance,2023-07-09 10:08:00
BGT06728,USR021,INC03770,850000.0,400000.0,300000.0,1550000.0,1250000.0,freelance,2024-12-08 12:06:00
BGT01338,USR074,INC07357,5100000.0,2850000.0,1500000.0,9450000.0,7950000.0,freelance,2023-11-03 05:34:00
BGT02560,USR054,INC06290,1450000.0,1050000.0,700000.0,3250000.0,2500000.0,freelance,2024-01-03 03:08:00
BGT00906,USR020,INC00693,800000.0,450000.0,400000.0,1650000.0,1250000.0,scholarship,2024-08-21 13:13:00
BGT01640,USR057,INC02218,3900000.0,2300000.0,1750000.0,8000000.0,6200000.0,bonus,2024-02-08 02:42:00
BGT05379,USR014,INC06791,1250000.0,600000.0,400000.0,2250000.0,1850000.0,allowance,2024-07-18 16:18:00
BGT04631,USR050,INC00589,4250000.0,2300000.0,1150000.0,7750000.0,6550000.0,freelance,2024-01-03 02:20:00
BGT08050,USR037,INC04391,1800000.0,1050000.0,900000.0,3800000.0,2850000.0,part_time,2023-09-23 17:02:00
BGT01777,USR018,INC03154,950000.0,550000.0,400000.0,1900000.0,1500000.0,allowance,2023-06-30 20:03:00
BGT09103,USR007,INC03685,850000.0,500000.0,400000.0,1750000.0,1350000.0,allowance,2024-01-06 19:21:00
BGT02292,USR011,INC03386,1650000.0,950000.0,300000.0,2950000.0,2600000.0,scholarship,2023-09-13 07:26:00
BGT04391,USR044,INC00806,2500000.0,1650000.0,1050000.0,5200000.0,4150000.0,freelance,2023-04-18 16:30:00
BGT09282,USR010,INC03689,1100000.0,650000.0,500000.0,2250000.0,1750000.0,part_time,2023-10-12 10:16:00
BGT03130,USR019,INC03067,1100000.0,600000.0,550000.0,2250000.0,1700000.0,allowance,2024-02-15 14:52:00
BGT09786,USR068,INC07622,2600000.0,1650000.0,1150000.0,5400000.0,4250000.0,investment_return,2024-10-18 21:18:00
BGT06913,USR036,INC05975,1800000.0,1250000.0,850000.0,3900000.0,3050000.0,internship,2024-04-26 17:59:00
BGT03617,USR032,INC03283,950000.0,450000.0,300000.0,1700000.0,1400000.0,allowance,2023-08-21 00:24:00
BGT06928,USR050,INC00480,1600000.0,1000000.0,1050000.0,3650000.0,2600000.0,business,2023-10-26 00:22:00
BGT02606,USR057,INC08241,4200000.0,2300000.0,1450000.0,7950000.0,6500000.0,business,2024-09-17 21:37:00
BGT07871,USR010,INC02500,950000.0,700000.0,550000.0,2200000.0,1650000.0,allowance,2024-08-12 23:00:00
BGT00599,USR047,INC09062,3050000.0,1850000.0,850000.0,5800000.0,4900000.0,bonus,2023-02-24 15:39:00
BGT02033,USR043,INC06711,1550000.0,850000.0,600000.0,3000000.0,2400000.0,bonus,2023-12-31 03:58:00
BGT08277,USR013,INC02661,1100000.0,650000.0,550000.0,2300000.0,1750000.0,scholarship,2024-03-28 20:00:00
BGT09235,USR011,INC00504,1250000.0,950000.0,650000.0,2850000.0,2200000.0,part_time,2023-03-16 20:55:00
BGT05658,USR043,INC02687,2550000.0,1650000.0,600000.0,4800000.0,4200000.0,freelance,2024-02-14 00:00:00
BGT00823,USR058,INC01281,2150000.0,1550000.0,850000.0,4600000.0,3700000.0,bonus,2023-02-16 10:11:00
BGT00600,USR075,INC09390,2700000.0,1450000.0,1250000.0,5400000.0,4150000.0,bonus,2023-03-29 09:33:00
BGT01248,USR037,INC01112,1750000.0,1150000.0,500000.0,3400000.0,2900000.0,freelance,2024-07-23 07:17:00
BGT02631,USR060,INC08630,2700000.0,1650000.0,1050000.0,5400000.0,4350000.0,business,2023-05-25 10:14:00
BGT06534,USR056,INC09861,3200000.0,1600000.0,1100000.0,5900000.0,4800000.0,freelance,2024-11-11 18:21:00
BGT04113,USR070,INC05364,2000000.0,1100000.0,1150000.0,4250000.0,3100000.0,business,2024-04-06 02:07:00
BGT02037,USR033,INC00087,1350000.0,750000.0,550000.0,2650000.0,2100000.0,freelance,2023-01-10 10:15:00
BGT05652,USR015,INC06435,550000.0,300000.0,250000.0,1150000.0,850000.0,allowance,2023-08-11 15:11:00
BGT03232,USR041,INC05888,2150000.0,1200000.0,550000.0,3950000.0,3350000.0,freelance,2024-03-04 09:15:00
BGT06158,USR027,INC09194,2300000.0,1400000.0,1200000.0,4900000.0,3700000.0,part_time,2024-07-13 14:47:00
BGT01478,USR007,INC00436,850000.0,450000.0,250000.0,1550000.0,1300000.0,scholarship,2024-05-03 23:05:00
BGT00155,USR051,INC08070,1950000.0,1100000.0,1050000.0,4100000.0,3050000.0,salary,2024-09-14 02:54:00
BGT04018,USR029,INC06489,950000.0,700000.0,550000.0,2200000.0,1650000.0,allowance,2024-11-02 17:22:00
BGT09034,USR020,INC04555,550000.0,350000.0,150000.0,1050000.0,900000.0,part_time,2024-05-25 08:38:00
BGT05704,USR060,INC04549,3150000.0,1600000.0,1100000.0,5850000.0,4750000.0,freelance,2023-06-29 13:34:00
BGT05429,USR059,INC01442,3800000.0,2050000.0,2050000.0,7900000.0,5850000.0,business,2023-10-27 17:29:00
BGT08480,USR029,INC02005,850000.0,500000.0,300000.0,1650000.0,1350000.0,freelance,2024-02-21 11:31:00
BGT07975,USR073,INC04694,3200000.0,2150000.0,1150000.0,6500000.0,5350000.0,salary,2023-06-21 06:34:00
BGT00294,USR002,INC03126,1150000.0,650000.0,500000.0,2300000.0,1800000.0,scholarship,2023-02-06 08:25:00
BGT03856,USR060,INC09269,1950000.0,1200000.0,1100000.0,4250000.0,3150000.0,salary,2024-09-13 08:15:00
BGT07828,USR036,INC01672,2000000.0,1150000.0,700000.0,3850000.0,3150000.0,freelance,2024-10-31 17:29:00
BGT02924,USR066,INC08524,3350000.0,2050000.0,1000000.0,6400000.0,5400000.0,freelance,2024-02-04 12:31:00
BGT03063,USR071,INC03415,2200000.0,1500000.0,750000.0,4450000.0,3700000.0,freelance,2024-06-02 14:58:00
BGT08835,USR026,INC07532,1150000.0,700000.0,400000.0,2250000.0,1850000.0,allowance,2023-03-04 20:34:00
BGT03064,USR049,INC03014,3650000.0,1850000.0,1650000.0,7200000.0,5500000.0,salary,2023-08-20 01:49:00
BGT07897,USR021,INC07007,1950000.0,1350000.0,1100000.0,4400000.0,3300000.0,allowance,2023-04-21 09:33:00
