budget_id,user_id,income_id,needs_amount,wants_amount,investment_amount,income_amount,budget_limit,source,income_date
BGT01352,USR053,INC06728,3400000,2250000,1600000,7250000,5650000,salary,2023-01-10 00:38
BGT06784,USR016,INC00797,650000,400000,300000,1400000,1050000,scholarship,2024-05-25 12:49
BGT05527,USR050,INC01634,2150000,1150000,550000,3800000,3300000,freelance,2023-04-25 15:24
BGT02948,USR013,INC08009,600000,350000,250000,1200000,950000,scholarship,2023-07-21 06:16
BGT03140,USR038,INC06623,2550000,1450000,950000,4950000,4000000,freelance,2024-04-07 04:12
BGT03778,USR026,INC08808,1000000,500000,350000,,1500000,FREELANCE,2024-12-26 09:41
BGT01706,USR026,INC01374,1900000,1150000,650000,3700000,3050000,freelance,2024-11-20 09:55
BGT01104,USR068,INC06927,4350000,2700000,1650000,8700000,7050000,freelance,2024-04-30 16:24
BGT07466,USR040,INC00896,1500000,1100000,650000,3300000,2600000,freelance,2024-11-29 03:02
BGT06381,USR056,INC00068,3450000,2350000,1550000,7350000,5800000,business,2023/11/15 17:55
BGT02716,USR064,INC07291,4700000,2550000,1300000,8550000,7250000,bonus,2023-03-31 09:31
BGT09094,USR013,INC09837,650000,500000,300000,1450000,1150000,scholarship,2023-06-23 12:06
BGT07765,USR059,INC03771,1950000,1350000,1150000,4450000,3300000,business,2024-09-13 00:58
BGT05174,USR050,INC03311,3600000,2000000,1300000,6900000,5600000,business,
BGT05419,USR050,INC09112,2450000,1300000,1000000,4750000,4750000,business,2024-03-12 05:21
BGT04426,USR042,INC04036,3700000,2450000,1450000,7600000,6150000,freelance,2024-02-25 04:30
BGT07838,USR069,INC04524,3650000,1850000,1350000,6850000,5500000,freelance,2024-02-15 04:25
BGT06692,USR022,INC03399,1700000,1050000,650000,3400000,2750000,allowance,18/10/2023 08:02
BGT03932,USR002,INC02227,600000,450000,300000,1350000.00,1050000,part_time,2023-04-04 07:05
BGT06756,USR064,INC01568,2500000,1500000,1000000,5050000,4000000,salary,2023-03-02 15:04
BGT08555,USR019,INC08024,1350000,850000,700000,2900000,2200000,part_time,2024-04-07 04:06
BGT01089,USR020,INC01207,1350000,750000,500000,2550000rb,2100000,part_time,2024-02-24 05:16
BGT09208,USR073,INC01304,4800000,2800000,2400000,,7600000,freelance,2023-04-11 21:57
BGT07385,USR051,INC09047,1750000,1050000,700000,3500000,2800000,salary,2023-12-29 11:31
BGT03180,USR010,INC05291,1150000,700000,350000,2250000,1850000,allowance,2023-04-21 04:28
BGT03709,USR043,INC00388,2150000,1250000,600000,4000000,3400000,salary,2024-06-01 07:11
BGT04545,USR065,INC08947,2600000,1600000,600000,4800000,4200000,investment_return,
BGT08608,USR069,INC03524,4350000,2800000,2150000,9300000,7150000,business,2024-11-19 21:44
BGT01888,USR040,INC03741,2300000,1250000,1000000,4550000,3550000,part_time,2023-08-17 06:17
BGT06991,USR027,INC09270,2200000,1400000,,4300000,3600000,internship,2023-05-09 00:06
BGT04373,USR062,INC02051,2900000,1950000,1000000,5850000,4850000,salary,2024-08-13 13:45
BGT07357,USR038,INC01275,1650000,1000000rb,550000,3150000,2650000,freelance,2023-04-07 22:22
BGT09262,USR051,INC04123,3200000,2300000,1750000,7250000,5500000,business,2024-08-26 01:21
BGT00175,USR006,INC09691,1000000,500000,500000,2000000,1500000,allowance,2024-01-02 13:09
BGT06759,USR012,INC01522,1500000,800000,,2850000,2300000,scholarship,2024-01-04 13:03
BGT06235,USR053,INC09665,2200000,1350000,1100000,4650000,3550000,salary,2023-07-26 23:08
BGT04162,USR037,INC09109,1400000,700000,400000,2500000,2100000,allowance,2023-02-01 22:54
BGT04353,USR020,INC05695,950000,500000,300000,1750000,1450000,allowance,2023-03-30 23:47
BGT07576,USR050,INC01365,3350000,2050000,,6350000,5400000,salary,2023-01-23 09:55
BGT08491,USR066,INC07111,5350000,2900000rb,1450000,9750000,8250000,business,2024-06-06 10:50
BGT02633,USR062,INC01144,4150000,2500000,1150000,7800000,6650000,business,2023-08-30 20:48
BGT00400,USR073,INC05312,4200000,,2300000,9550000,7250000,bonus,2023/07/21 22:54
BGT03992,USR024,INC03760,1450000,700000,550000,2700000,2150000,part_time,2023-01-30 23:28
BGT04115,USR002,INC09745,600000,400000,250000,1300000,1000000,scholarship,2023-04-28 01:09
BGT01349,USR029,INC05204,1700000,1150000,1000000,3850000,2850000,allowance,2023-06-21 21:26
BGT06486,USR039,INC04027,1900000,1100000,550000,3550000,3000000,freelance,28/12/2023 02:17
BGT05351,USR030,INC02272,1550000,1050000,800000,3400000,2600000,internship,2023-08-25 15:26
BGT01142,USR047,INC05584,1900000,1250000,650000,3850000,3150000,freelance,2023-07-28 02:09
BGT02798,USR006,INC07516,1050000,650000,550000,2250000,1700000,scholarship,2023-12-07 11:48
BGT07905,USR007,INC00561,1300000,900000,550000,2750000,2200000,part_time,2023-05-13 23:28
BGT07293,USR014,INC08302,1500000,850000,300000,2650000,2350000,allowance,2024-06-16 01:02
BGT00699,USR014,INC01549,550000,350000,,1300000,900000,scholarship,2024-09-02 02:26
BGT01963,USR053,INC03324,2050000,1000000,700000,3750000,3050000,bonus,2023-07-02 17:26
BGT09893,USR058,INC07857,2750000,1650000,750000,5150000,4400000,salary,2024-07-18 11:21
BGT07882,USR004,INC05157,1150000,700000,500000,2350000,1850000,allowance,2024-01-20 07:16
BGT03655,USR008,INC04915,1100000,800000,600000,2500000,1900000,part_time,2023-08-02 21:35
BGT06391,USR075,INC05053,4650000,3000000,,9650000,7650000,investment_return,2023-09-03 19:47
BGT01639,USR051,INC09683,1400000,850000,850000,3100000,2250000,salary,2024-10-24 15:55
BGT07427,USR012,INC00772,750000,400000,250000,,1150000,part_time,2023-10-26 14:35
BGT01591,USR011,INC01302,500000,350000,250000,1100000,850000,part_time,2023-07-24 10:58
BGT02007,USR037,INC00607,900000,,300000,1650000,1350000,allowance,2023-04-10 05:06
BGT05262,USR012,INC08768,1150000,600000,350000,2100000,1750000,allowance,2023-05-21 02:07
BGT09507,USR010,INC00889,1250000,750000,350000,2400000,2000000,scholarship,2023-07-20 23:32
BGT05707,USR049,INC03730,3900000,2250000,1650000,7750000,6150000,salary,2024-08-31 03:02
BGT09165,USR014,INC05215,700000,500000,350000,1550000,1200000,part_time,2023-06-19 06:08
BGT08101,USR022,INC05222,1700000,1100000,900000,3650000,2800000,,2024-09-06 15:36
BGT06714,USR051,INC09925,2350000,1200000,650000,4200000,3550000,bonus,2024-09-05 09:38
BGT03018,USR029,INC02343,1900000,1300000,850000,4000000,3200000,part_time,2023-05-26 06:53
BGT07358,USR022,INC08656,1300000,800000,350000,2450000,2100000,freelance,2024-05-20 17:17
BGT05546,USR035,INC09949,,550000,350000,1900000,1550000,allowance,2024-07-02 07:04
BGT09600,USR044,INC06575,1700000,900000,850000,3450000,2600000,salary,2024-02-18 06:36
BGT08548,USR009,INC06476,1300000,850000,500000,2700000,2150000,allowance,2023-05-20 15:27
BGT08123,USR024,INC08223,1400000,750000,550000,,2150000,allowance,2024-08-03 00:16
BGT09495,USR009,INC07153,900000,550000,400000,1850000,1450000,part_time,2023-06-06 06:24
BGT04003,USR074,INC07076,4600000,2800000,1850000,,7400000,business,2024-01-10 05:15
BGT08100,USR012,INC02519,550000,400000,250000,1200000rb,950000,allowance,2024-03-09 09:08
BGT00987,USR020,INC02207,1300000,800000,600000,2700000,2100000,scholarship,2023-10-26 06:59
BGT05054,USR029,INC03453,1000000,600000,350000,1950000,1600000,part_time,2023-11-05 00:06
BGT08776,USR010,INC05030,850000,500000,200000,1600000,1350000,allowance,2024-03-08 11:39
BGT08435,USR015,INC00156,1400000,950000,700000,3000000,2350000,allowance,2024-02-15 01:37
BGT01082,USR047,INC01676,3750000,2150000,1450000,7350000,5900000,salary,2023-10-17 13:33
BGT06580,USR034,INC03984,1500000,900000,800000,3150000,2400000,part_time,2024-07-12 06:57
BGT06045,USR067,INC09937,2200000,1400000,800000,4350000,3600000,business,2023-12-28 19:26
BGT00130,USR011,INC06546,600000,350000rb,300000,1250000,950000,allowance,2023-07-03 08:15
BGT08057,USR023,INC06776,1850000,1000000,650000,3500000,2850000,freelance,2023-12-23 15:03
BGT09304,USR003,INC04850,900000,500000,350000,1750000,1400000,allowance,2023-08-16 16:42
BGT02466,USR010,INC06024,950000,500000,300000,1750000,1450000,part_time,2023-11-06 15:07
BGT08380,USR026,INC00408,950000,600000,250000,1800000,1550000,internship,2023-03-27 08:25
BGT05492,USR050,INC00347,3900000,2450000,1600000,,6350000,bonus,2024-03-21 02:43
BGT02003,USR007,INC07421,1550000,850000,450000,2850000,2400000,scholarship,2024-09-17 17:54
BGT01560,USR006,INC03360,1350000,800000,450000,2600000,2150000,allowance,2024-11-19 11:11
BGT05726,USR004,INC04237,1400000,800000,750000,2950000,2200000,allowance,2023-02-02 04:08
BGT06786,USR053,INC02987,1700000,1000000,,3350000,2700000,bonus,2024-08-28 13:22
BGT03069,USR063,INC01447,4800000,3350000,1650000,9800000,8150000,business,2024-10-05 06:59
BGT04676,USR007,INC06085,900000,600000,400000,1900000rb,1500000,allowance,2024-09-06 14:33
BGT05838,USR043,INC00314,1700000,1000000,450000,3150000,2700000,freelance,2023-04-30 10:11
BGT02780,USR019,INC09232,1100000,750000,600000,2450000,1850000,scholarship,2024-12-02 17:47
BGT09118,USR011,INC05886,1100000,,500000,2300000,1850000,allowance,2023-04-13 01:33
BGT06831,USR007,INC03158,800000,450000,350000,1600000,1250000,allowance,2024-08-18 20:16
BGT09329,USR037,INC07329,2400000,1600000,900000,4900000,4000000,allowance,2024-12-22 20:00
BGT09137,USR006,INC04325,-850000,500000,300000,1650000,1350000,allowance,2024-12-05 15:48
BGT01343,USR036,INC06701,1850000,,1050000,4000000,2950000,part_time,2023-10-25 18:11
BGT06941,USR063,INC01323,3550000,2100000,900000,6600000,5650000,business,2024-05-06 19:06
BGT02593,USR024,INC00223,1900000,1150000,450000,3550000.00,3050000,freelance,2023-08-29 13:23
BGT05378,USR002,INC08968,1150000,800000,500000,2500000,1950000,part_time,2024-06-21 05:56
BGT07008,USR059,INC02382,3600000,2400000,1700000,7700000,6000000,salary,2024-02-08 20:14
BGT08759,USR072,INC00987,5200000,2500000,1900000,9600000,7700000,bonus,2023-11-01 09:32
BGT02931,USR067,INC06315,3650000,2000000,1000000,6600000,5650000,freelance,2024-06-30 13:16
BGT09366,USR036,INC02999,900000,500000,300000rb,1750000,1400000,internship,2024-12-13 04:48
BGT02328,USR023,INC03195,950000,600000,500000,2050000,1550000,part_time,2024-01-27 22:28
BGT08664,USR071,INC03511,2600000,1550000,,5200000,4150000,bonus,2024-06-29 22:49
BGT00241,USR012,INC01502,950000,500000,450000,1900000,1450000,scholarship,2024-01-04 15:13
BGT09159,USR026,INC07333,1550000,850000,700000,3100000rb,2400000,allowance,2024-08-12 14:42
BGT09522,USR032,INC02481,2450000,1300000,750000,4500000,3750000,allowance,2024-03-27 06:42
BGT03750,USR028,INC04785,2100000,1500000,900000,4500000,3600000,part_time,2023-01-18 02:06
BGT05684,USR056,INC01269,2850000,1550000,1400000,5800000,4400000,bonus,2024-02-07 04:27
BGT08374,USR002,INC04211,1150000,700000,250000,2050000rb,1850000,allowance,2024-12-06 18:19
BGT05409,USR052,INC02659,3950000,2550000,1250000,7750000,6500000,bonus,2024-09-13 02:27
BGT03745,USR054,INC05130,3200000,1900000,1900000,6950000,5100000,business,2023-11-05 03:26
BGT08321,USR046,INC05032,3100000,1700000,850000,5650000,4800000,business,
BGT03230,USR073,INC06886,1950000,1300000,1200000,4450000,3250000,salary,2023-10-29 14:57
BGT02041,USR049,INC01940,3850000,2100000,1050000,7000000,5950000,freelance,23/05/2024 07:37
BGT09620,USR039,INC01023,1550000,1100000,750000,3400000,2650000,allowance,2024-08-29 18:19
BGT02712,USR010,INC08014,500000rb,250000,250000,1050000rb,750000,allowance,2023-12-11 05:58
BGT04457,USR047,INC07183,2550000,1700000,850000,5100000,4250000,salary,2023-08-29 02:20
BGT05746,USR069,INC07529,2800000,1750000,1700000,6250000,4550000,salary,2024-04-24 15:46
BGT01198,USR039,INC07047,2300000,1450000,1000000,,3750000,part_time,2023-08-14 05:46
BGT01652,USR003,INC04692,1250000,700000,300000,2250000,1950000,allowance,2023-02-19 11:08
BGT03417,USR067,INC08689,,2800000,950000,8550000,7600000,business,2023-10-13 10:56
BGT07459,USR049,INC00213,3700000,2050000,1350000,7100000,5750000,bonus,2023-11-08 23:30
BGT00371,USR035,INC08500,1400000,850000,900000,3150000,2250000,freelance,2023-08-03 20:06
BGT03110,USR073,INC06222,1950000,1250000,900000,4100000,2800000,freelance,2023-04-01 08:25
BGT03487,USR004,INC05658,1600000,850000,500000,2950000,2450000,part_time,2023-02-16 19:17
BGT03860,USR067,INC03299,2000000,1300000,1000000,4250000,3300000,freelance,2023-04-14 11:47
BGT03507,USR012,INC03325,900000,500000,250000,1650000,1400000,allowance,2024-03-30 07:57
BGT05720,USR018,INC01497,900000,650000,500000,2050000,1550000,allowance,2024-07-01 19:47
BGT06256,USR054,INC04945,2400000rb,1450000,1350000,5200000,3850000,freelance,2023-03-19 18:29
BGT00200,USR002,INC09355,850000,600000,450000,1850000,1450000,scholarship,2024-11-05 16:52
BGT01358,USR021,INC00994,2250000,1300000,650000,4200000,3550000,allowance,2024-03-29 06:45
BGT01239,USR033,INC01917,,1400000,650000,4300000,3650000,allowance,2024-10-27 10:06
BGT02821,USR042,INC03757,1500000,900000,800000,3150000,2400000,salary,2023-05-17 12:41
BGT01170,USR064,INC01463,2100000,1500000,800000,4400000,3600000,bonus,2024-10-08 23:00
BGT06922,USR041,INC01869,2350000,1600000,700000,4650000,3950000,bonus,2023-06-16 16:17
BGT09760,USR069,INC02260,4800000,2750000,1550000,9100000,7550000,business,2024-07-23 17:51
BGT04787,USR019,INC02743,650000,300000,200000,1150000,950000,allowance,2023-10-14 08:37
BGT09452,USR047,INC07226,2750000,1750000,600000,5100000,4500000,bonus,2023-08-23 17:28
BGT09439,USR041,INC05029,1800000,1100000,850000,3800000,2900000,bonus,2023-07-02 21:26
BGT00851,USR001,INC05248,750000,450000,350000,1550000,1200000,scholarship,2023-02-28 01:18
BGT01351,USR050,INC06009,3000000,2050000,1600000,6650000,5050000,business,2023-07-11 05:13
BGT06426,USR008,INC04377,950000,600000rb,500000,2000000,1550000,allowance,2023-04-10 23:53
BGT00805,USR004,INC00246,750000,350000,250000,1350000.00,1100000,allowance,2024-05-16 17:40
BGT08290,USR029,INC01901,2650000,1450000,850000,4950000,4100000,part_time,2023-04-16 19:46
BGT03802,USR051,INC06227,3050000,1700000,750000,5500000,4750000,business,2024-02-22 19:49
BGT08577,USR019,INC02189,700000,400000,250000,1350000,1100000,scholarship,2023-01-27 18:07
BGT08169,USR035,INC05138,1350000,1000000,700000,3050000,2350000,internship,2024-10-25 04:06
BGT07100,USR065,INC00665,2300000,1300000,950000,4550000,3600000,salary,2023-05-03 15:46
BGT08373,USR008,INC06790,950000,550000,550000,2100000,1500000,part_time,2024-04-04 23:08
BGT09120,USR026,INC02167,2450000,1450000,650000,4550000,3900000,internship,2024-06-19 00:39
BGT00546,USR015,INC08688,950000,600000,250000,1800000,1550000,allowance,2023-03-31 10:58
BGT02469,USR021,INC05899,1850000,1300000,900000,4050000,3150000,part_time,2023-01-14 20:54
BGT05071,USR055,INC00219,4250000,2300000,1150000,7700000,6550000,freelance,2024-03-02 19:53
BGT06939,USR014,INC07904,1400000,700000,550000,2600000,2100000,allowance,2024-03-01 03:07
BGT07235,USR065,INC01787,2550000,1650000,750000,4950000,4200000,freelance,2023-01-22 21:33
BGT04792,USR017,INC08019,450000,300000,250000,1000000,750000,part_time,2023-08-28 20:28
BGT00190,USR004,INC05944,850000,500000,250000,1600000,1350000,part_time,2024-03-21 17:44
BGT02813,USR014,INC07184,700000,400000,300000,1400000,1100000,allowance,2024/08/07 11:49
BGT06664,USR047,INC05015,1600000,1050000,550000,3200000,2650000,bonus,2024-05-08 18:51
BGT09403,USR050,INC07416,4050000,2550000,1150000,7750000,6600000,bonus,2024-04-30 05:54
BGT05867,USR002,INC02609,950000,600000,300000,1900000,1550000,scholarship,2023-07-17 20:50
BGT04037,USR048,INC00899,3450000,2050000,1100000,6600000,5500000,bonus,2023-03-05 23:05
BGT00199,USR028,INC03665,-2050000,1100000,500000,3650000,3150000,part_time,
BGT08651,USR051,INC01611,3100000,1900000,1550000,6550000,5000000,salary,2023-08-16 18:41
BGT09298,USR003,INC09919,1300000,900000,700000,2850000,2200000,part_time,2023-04-09 07:48
BGT04575,USR068,INC08975,3200000,1600000,900000,5750000,4800000,business,2024-12-27 10:28
BGT03015,USR009,INC05978,1200000,600000,500000,2300000,1800000,allowance,
BGT08036,USR011,INC09040,800000,600000,350000,1700000,1400000,scholarship,2024-02-07 05:43
BGT00604,USR010,INC06264,750000,450000,350000,1550000,1200000,allowance,2023-04-25 03:22
BGT04166,USR031,INC07373,1900000,1300000,1050000,4250000,3200000,internship,2024-11-18 09:29
BGT04637,USR063,INC06736,4500000,2450000,1200000,8150000,6950000,business,2024-06-17 02:43
BGT08411,USR009,INC07268,850000,550000,300000,1700000,1400000,part_time,2024-08-12 05:55
BGT05554,USR053,INC01793,3050000,2100000,1200000,6350000,5150000,salary,2024-02-04 23:05
BGT05439,USR067,INC00959,2250000,1400000,600000,4200000,3650000,business,2024-09-24 13:03
BGT04290,USR028,INC04010,1250000,800000,600000,2650000,2050000,internship,2024-11-05 16:44
BGT07872,USR061,INC04653,4100000,2550000,1550000,8250000,6650000,business,2023-03-24 21:51
BGT00952,USR072,INC07017,1850000,1300000,900000,4000000,3150000,freelance,2023-09-01 05:28
BGT03066,USR012,INC06046,1250000,850000,650000,2800000,2100000,part_time,2024-12-22 10:38
BGT02660,USR021,INC04373,1750000,1200000,600000,3600000,2950000,internship,2023-01-22 15:17
BGT02625,USR054,INC08927,2900000,1600000,800000,5300000,4500000,freelance,2024/04/17 02:21
BGT01991,USR028,INC07723,1100000,850000,500000,2450000,1950000,allowance,2023-02-02 08:18
BGT03510,USR051,INC06493,1900000,950000,600000,3450000,2850000,salary,2024-12-05 17:23
BGT07592,USR060,INC06141,3450000,1900000,1700000,7050000,5350000,freelance,2024-12-08 10:21
BGT07419,USR060,INC04578,2150000,1400000,750000,4300000,3550000,freelance,2023-02-04 03:47
BGT06182,USR041,INC02262,2250000,1550000,,4900000,3800000,business,2024-02-26 04:38
BGT00339,USR004,INC09788,1100000,650000,500000,2250000,1750000,scholarship,2023-10-15 18:29
BGT02242,USR038,INC08709,1250000,800000,350000,2400000,2050000,part_time,2023-07-26 12:49
BGT06356,USR064,INC05174,4400000,2400000,2050000,8850000,6800000,investment_return,2023-10-24 01:25
BGT08856,USR038,INC03361,1700000,950000,700000,3350000,2650000,freelance,2023-05-29 04:03
BGT09901,USR011,INC08552,550000,350000,,1100000,900000,scholarship,2024-02-13 11:24
BGT06971,USR005,INC05735,1000000,700000,350000,2050000,1700000,allowance,2024-10-05 16:32
BGT01252,USR032,INC08592,2600000,1500000,550000,4650000,4100000,allowance,2024-08-17 07:59
BGT09895,USR044,INC01873,2150000,,800000,4450000,3650000,business,2023-07-10 19:16
BGT04864,USR046,INC03513,1700000,950000,1000000,3650000,2650000,bonus,2024-09-16 12:17
BGT04087,USR033,INC00955,1800000,1200000,,3550000,3000000,allowance,2024-04-20 12:24
BGT04958,USR075,INC03155,4600000,2850000,1200000,8700000,7450000,bonus,2023-11-07 21:47
BGT08551,USR003,INC09310,1700000rb,950000,350000,3000000,2650000,part_time,2023-12-17 16:52
BGT00527,USR052,INC07959,1500000,950000,650000,3100000,2450000,freelance,2024-06-28 11:47
BGT02723,USR004,INC03547,1350000,750000,300000,2400000,2100000,part_time,2023-06-07 03:10
BGT02612,USR029,INC05700,1800000,1150000,850000,3800000,2950000,internship,2024-05-19 15:46
BGT07910,USR062,INC02496,2800000,1750000,1150000,5700000,4550000,investment_return,2024-08-12 00:10
BGT01748,USR069,INC09732,2200000,1250000,1200000,4650000,3100000,freelance,2023-08-29 03:12
BGT04509,USR007,INC09389,550000,350000,100000,1000000,900000,scholarship,2023-11-15 05:42
BGT07329,USR042,INC00926,3750000,2500000,1400000,7650000,6250000,freelance,2024-03-07 16:42
BGT03338,USR020,INC03202,700000,450000rb,200000,1350000,1150000,scholarship,2024-07-16 23:48
BGT03210,USR029,INC07595,950000,650000,400000rb,2000000,1600000,part_time,2023-12-29 19:41
BGT05807,USR014,INC01266,900000,600000,350000,1850000,1500000,part_time,2023-09-11 03:09
BGT02314,USR021,INC02453,2050000,1600000,,4700000,3650000,part_time,2023-02-18 03:47
BGT03250,USR042,INC07688,1450000,1050000,750000,3250000,2500000,salary,2024-12-01 12:11
BGT08878,USR065,INC08040,4500000,2150000,1650000,8300000,6650000,bonus,2024-04-20 09:17
BGT03044,USR035,INC06778,1400000,800000,700000,2900000,2200000,part_time,2024-07-02 13:53
BGT03500,USR002,INC03008,550000,350000,300000,1200000,900000,part_time,2024-07-06 05:13
BGT07605,USR042,INC08733,3150000,1900000,1750000,6800000,5050000,salary,2024-02-23 16:28
BGT02854,USR042,INC01316,2600000,1700000,900000,5200000,4300000,business,2023-02-09 08:21
BGT02905,USR010,INC03853,1250000,650000,500000,2450000,1900000,part_time,2024-01-27 05:45
BGT08932,USR041,INC00524,2550000,1500000rb,1350000,5400000,4050000,business,2023-07-06 09:51
BGT07248,USR055,INC08359,3150000,1750000,1400000,6300000,4900000,business,2023-09-09 03:07
BGT06018,USR025,INC09570,1000000,700000,550000,2250000,1700000,internship,2023-06-07 02:58
BGT02265,USR023,INC02551,2400000,1450000,700000,4550000,3850000,part_time,2024-05-20 13:28
BGT07925,USR062,INC06693,3100000,1750000,850000,5700000,4850000,investment_return,2023-10-18 12:21
BGT09690,USR053,INC04994,3500000,,1550000,7100000,5550000,freelance,2023-03-30 12:14
BGT09720,USR072,INC00265,2400000,-1450000,900000,4750000,3850000,freelance,2024-12-28 06:09
BGT09535,USR065,INC08903,3400000,2250000,1150000,6850000,5650000,investment_return,2023-01-11 10:57
BGT02453,USR061,INC09354,2550000,1650000,750000,4950000,4200000,investment_return,2024-06-02 22:33
BGT09834,USR005,INC09584,1150000,850000,600000,2600000,2000000,scholarship,2024-11-30 05:33
BGT09225,USR073,INC09564,2950000,2150000,1350000,6450000,5100000,freelance,2023-05-31 09:24
BGT03891,USR048,INC00371,2050000,1100000,700000,3850000rb,3150000,freelance,2023-07-09 15:58
BGT00007,USR022,INC01816,2050000rb,1150000,800000,4050000,3200000,internship,2023-10-31 06:37
BGT09248,USR019,INC06127,750000,400000rb,400000,1550000,1150000,part_time,2024-07-30 04:48
BGT00959,USR041,INC06368,,2100000,1000000,6700000,5700000,freelance,2024-01-20 11:49
BGT02666,USR032,INC08305,1450000,950000,450000,2850000,2400000,internship,2024-01-24 03:20
BGT02823,USR017,INC07424,1150000,700000,600000,2500000,1850000,scholarship,2023-11-04 18:26
BGT03305,USR019,INC05579,650000,350000,300000,1350000,1000000,part_time,2023-04-26 12:49
BGT09957,USR075,INC02712,4350000,2800000,1050000rb,8200000,7150000,freelance,15/01/2023 09:23
BGT09607,USR057,INC08235,3350000,1950000,1000000,6350000,5300000,salary,2024-12-31 14:05
BGT04632,USR044,INC02201,3400000,2500000,1650000,7500000,5900000,freelance,2024-09-15 04:27
BGT08381,USR056,INC06559,3500000,2200000,1600000,7250000,5700000,salary,2023-04-02 22:03
BGT08267,USR036,INC05968,1950000,1300000,1000000,4250000,3250000,allowance,2024-05-12 23:33
BGT07809,USR075,INC08309,3650000,1800000,1300000,6750000,5450000,freelance,2023-10-01 06:48
BGT00284,USR039,INC08407,1100000,650000,450000,2200000,1750000,freelance,2023-08-09 23:06
BGT02290,USR073,INC02654,2300000,1550000,1300000,5100000,3850000,bonus,13/02/2024 04:08
BGT00810,USR030,INC08163,1450000,800000,450000,2700000,2250000,allowance,2023-01-16 04:55
BGT09308,USR068,INC08798,2050000rb,1300000rb,1250000,4600000,3350000,salary,2023-01-27 08:01
BGT02203,USR048,INC08685,3150000,1750000,1150000,6050000,4900000,salary,2024-10-18 01:48
BGT06346,USR019,INC02217,700000,400000rb,150000,1250000,1100000,allowance,2024-01-15 03:58
BGT00881,USR050,INC06246,4150000,2600000,1200000,7950000,6750000,salary,2023-03-15 17:06
BGT07030,USR046,INC04342,2250000,1600000,1050000,4900000,3850000,freelance,2023-04-11 22:28
BGT02396,USR029,INC05322,2100000,1300000,400000,3750000,3400000,freelance,2024-04-22 18:07
BGT00687,USR038,INC06708,800000,600000,300000,1700000,1400000,freelance,2023-12-11 18:08
BGT01714,USR007,INC02271,1150000,700000,550000,2400000,1850000,PART_TIME,2023-06-24 20:29
BGT07810,USR061,INC05202,3800000,2500000,1300000,7650000,6300000,business,2023-04-04 12:32
BGT05505,USR036,INC06110,2300000,1550000,850000,4700000,3850000,part_time,2023-06-25 17:03
BGT01937,USR006,INC09494,750000,400000,,1500000,1150000,part_time,2024-09-15 17:11
BGT01059,USR056,INC01489,2000000,1150000,950000,4050000,3150000,bonus,2024-01-15 11:33
BGT00536,USR075,INC04603,4150000,2200000,1500000,7850000,6350000,SALARY,08/06/2023 17:19
BGT05788,USR005,INC09023,750000,400000,350000,1500000,1150000,part_time,2024-03-10 22:59
BGT03797,USR017,INC09100,600000,400000,300000,1250000,1000000,scholarship,2024-12-22 06:05
BGT09932,USR074,INC06954,3450000,1750000,1300000,6500000,5200000,bonus,2023-08-09 08:26
BGT06873,USR059,INC00992,1750000,1150000,1050000,3950000,2900000,bonus,2024-03-04 11:27
BGT01705,USR001,INC00999,900000,500000,,,1400000,scholarship,2024-10-20 23:13
BGT03552,USR011,INC07710,,800000,400000,2650000,2250000,allowance,2023-01-25 15:28
BGT06465,USR026,INC07676,900000,600000,450000,1950000,1500000,allowance,2024-06-16 03:56
BGT09432,USR035,INC02861,1250000,600000,450000,2300000,1850000,freelance,2023-09-06 08:31
BGT05044,USR021,INC08952,1750000,1050000,550000,3350000,2800000,internship,2023-10-25 07:37
BGT04988,USR003,INC04197,800000,450000,350000,1550000,1250000,scholarship,2023-11-04 04:03
BGT07071,USR047,INC08162,1800000,1050000,1150000,4050000,2850000,bonus,2024-02-20 16:55
BGT00293,USR068,INC04618,2650000,1700000,1150000,5500000,4350000,freelance,2023-06-28 14:24
BGT03621,USR034,INC03968,1750000,1250000,700000,3700000,3000000,allowance,2023-07-26 04:59
BGT04214,USR061,INC08091,4850000,2600000,2100000,9550000,7450000,business,2024-08-21 21:52
BGT01778,USR002,INC03405,1100000,650000,400000,2200000,1750000,part_time,2024-04-12 00:40
BGT01932,USR057,INC04992,,1850000,1400000,5900000,4500000,bonus,15/01/2023 22:13
BGT04609,USR074,INC07449,3800000,2150000,1200000,7200000,5950000,salary,2024-12-08 22:13
BGT08933,USR058,INC02940,2000000,1300000,700000,4000000,3300000,bonus,2023-04-07 22:45
BGT00472,USR021,INC09740,1500000,1000000,800000,3300000,2500000,allowance,2024-05-30 04:43
BGT00865,USR059,INC08515,3450000,1900000,1000000,6400000,5350000,business,2023-11-13 23:18
BGT01556,USR065,INC07149,3950000,2300000,2300000,8550000,6250000,investment_return,2023-05-31 13:08
BGT07111,USR055,INC03214,3700000,2100000,1200000,7000000,5800000,business,2024-05-03 09:45
BGT06228,USR024,INC04867,1250000,750000,700000,2700000,2000000,freelance,2023-10-20 17:37
BGT09067,USR073,INC02943,4450000,2600000,1850000,8900000,7050000,freelance,2023-06-15 09:07
BGT05416,USR036,INC09485,1700000,1150000,650000,3550000,2850000,allowance,2023-12-31 05:10
BGT06437,USR059,INC05797,2050000,1200000,400000,3650000,3250000,freelance,2024-08-05 16:18
BGT03335,USR033,INC04871,1800000,900000,750000,3450000,2700000,internship,
BGT07550,USR043,INC01538,2000000,1050000,800000,3850000,3050000,freelance,2023-07-02 15:51
BGT09396,USR029,INC08997,1050000,600000,500000,2150000,1650000,allowance,2023-11-29 09:05
BGT09549,USR027,INC07444,1100000,600000,450000,2150000,1700000,freelance,2024-07-30 02:23
BGT02771,USR033,INC02169,850000,450000,400000,1700000,1300000,allowance,2024-12-30 23:16
BGT07170,USR030,INC02673,750000,400000,350000,,950000,part_time,2023-09-26 06:58
BGT05846,USR008,INC03110,,,300000,2250000,1900000,scholarship,2023-04-04 03:25
BGT06101,USR052,INC03514,2350000,1400000,1450000,5250000,3750000,business,2023-03-04 02:21
BGT04032,USR061,INC05852,2600000,1400000,750000,4750000,4000000,business,2023-08-06 18:48
BGT01008,USR020,INC07086,900000,500000,400000,1800000,1400000,scholarship,2024-09-03 19:21
BGT01942,USR056,INC04481,2550000,1250000,750000,4550000,3800000,freelance,2024-09-11 17:08
BGT08984,USR069,INC08626,3600000,1900000,1300000rb,6750000,5500000,investment_return,2023-01-24 00:24
BGT03921,USR041,INC07995,2550000,1350000,650000,4550000,3900000,business,2023-03-02 22:48
BGT00502,USR017,INC05963,1100000,650000,600000,2350000,1750000,scholarship,2023-06-17 17:45
BGT02454,USR064,INC04109,,1700000,600000,5150000,4550000,salary,2023-09-01 07:59
BGT01420,USR029,INC00073,2500000,1350000,900000,4750000,4800000,ALLOWANCE,2024-09-12 18:15
BGT02058,USR028,INC00454,2250000,1450000,850000,4550000,3700000,allowance,2024-09-04 16:32
BGT06796,USR064,INC04615,3500000,2050000,1750000,7300000,5550000,INVESTMENT_RETURN,2024-04-11 21:57
BGT02673,USR067,INC08104,2100000,-1300000,1200000,4600000,3400000,bonus,2023-09-16 04:10
BGT04013,USR056,INC04386,3100000,1850000,,6900000,4950000,salary,2024-10-29 04:38
BGT06209,USR053,INC09054,2450000,1500000,450000,4400000,3950000,salary,2023-10-05 01:27
BGT09542,USR003,INC01732,900000,550000,400000,1800000,1450000,allowance,2023-06-29 07:48
BGT04941,USR030,INC04344,,700000,500000,2350000,1900000,freelance,2023-05-02 06:48
BGT08433,USR059,INC09989,2350000,1500000,800000,4650000,3850000,freelance,2024-03-07 22:03
BGT07803,USR043,INC08457,1950000,1300000,900000,4150000,3250000,salary,2024-12-22 00:36
BGT03783,USR042,INC01337,2750000,,900000,5100000,4200000,freelance,2024-01-05 23:17
BGT04621,USR003,INC03863,1350000,850000,400000,2650000,2200000,part_time,2024-01-18 05:46
BGT06151,USR040,INC04309,1800000,900000,650000,3300000,2700000,FREELANCE,2024-07-01 02:41
BGT01378,USR050,INC04881,3500000,2300000,1450000,7250000,5800000,freelance,2023-07-02 00:51
BGT04116,USR049,INC01191,1550000,950000,950000,3450000,2500000,freelance,2024-11-27 10:43
BGT08067,USR011,INC07867,700000,400000,250000,1350000,1100000,allowance,2024-11-20 21:31
BGT05127,USR002,INC00108,1450000,750000,500000,2700000,2200000,part_time,2023-05-23 00:12
BGT05839,USR067,INC09859,3400000,1700000,1200000,6300000,5100000,business,2023-09-08 15:51
BGT08389,USR057,INC01741,4350000,2050000,1500000,7900000,6400000,salary,2024-07-16 17:53
BGT04322,USR058,INC00882,1800000,1100000,900000,3850000,2900000,business,2023-08-18 05:57
BGT07965,USR017,INC01665,1250000,850000,650000,2750000,2100000,part_time,05/09/2024 17:41
BGT09608,USR063,INC09689,3700000,2150000,2150000,8000000,5850000,business,2024-06-16 02:47
BGT06331,USR030,INC05103,1250000,750000,250000rb,2250000,2000000,internship,
BGT03089,USR029,INC03822,1050000,750000,450000,2200000,1800000,internship,2024-03-29 17:34
BGT00576,USR068,INC01454,4500000,2700000,2150000,9350000,7200000,bonus,2024-03-10 13:16
BGT06982,USR038,INC07589,1900000,1300000,1150000,4350000,3200000,allowance,2024-10-14 17:38
BGT00597,USR051,INC01395,3150000,1750000,1300000,6200000,4900000,bonus,2023-07-21 18:57
BGT07474,USR041,INC03747,3550000,1800000,1600000,6950000,5350000,business,
BGT08150,USR049,INC04952,2700000,1600000,1300000,5600000,4300000,salary,2024-03-22 10:25
BGT05188,USR059,INC06625,4150000,-2300000,1250000,7700000,6450000,salary,2023-03-25 10:23
BGT03058,USR048,INC04471,1300000,1000000,700000,3000000,2300000,freelance,2024-12-23 00:32
BGT07127,USR027,INC09035,1550000,1000000,700000,3250000,2550000,allowance,2024-06-11 05:24
BGT05267,USR002,INC06212,1450000,900000,450000,2800000,2350000,scholarship,2024-02-04 22:58
BGT06804,USR033,INC03334,2450000,1500000,500000,4450000,3950000,allowance,2024-10-15 01:35
BGT02403,USR072,INC01567,3000000,1550000,800000,5350000,4550000,business,2023-08-29 13:19
BGT05452,USR049,INC09881,2250000,1200000,950000,4400000,3450000,freelance,2023-11-03 19:54
BGT07840,USR053,INC05929,3000000rb,1600000,1350000,5950000,4600000,business,2023-04-09 06:43
BGT03611,USR062,INC02216,2900000,1850000,1700000,6450000,4750000,salary,2024-10-28 13:53
BGT07408,USR072,INC03917,2500000,1450000,850000rb,4800000,3950000,bonus,2023-03-23 21:59
BGT00309,USR038,INC03355,2300000,1550000,1050000,4900000,3850000,freelance,
BGT08500,USR064,INC00442,4050000,2750000,2050000,8850000,6800000,business,2023-06-11 20:41
BGT05736,USR070,INC04670,2700000,1700000,1250000,5650000,4400000,investment_return,2024-06-04 12:45
BGT02324,USR054,INC05121,,2350000,1200000,7850000,6650000,freelance,2024-01-09 10:54
BGT01784,USR050,INC01189,3800000,1800000,1300000,6900000,5600000,business,2024-05-06 11:54
BGT09011,USR060,INC02930,2700000,,1300000,5750000,4400000,freelance,2024-05-26 01:42
BGT03079,USR041,INC06755,,2550000,1700000,7800000,6050000,bonus,2024-08-27 07:11
BGT04674,USR041,INC07796,1900000,1250000,600000rb,3750000,3150000,freelance,2024-02-03 03:47
BGT08936,USR030,INC06679,900000,500000,450000,1850000,1400000,freelance,2023-10-19 04:09
BGT06195,USR020,INC00075,1050000,650000,450000,2150000,1700000,part_time,2024-01-25 11:40
BGT00826,USR004,INC03198,950000,700000,400000,2000000,1650000,part_time,2024-03-08 22:29
BGT03477,USR008,INC08881,750000,400000,250000,1400000,1150000,allowance,
BGT03394,USR024,INC07058,1500000,950000,950000,3450000,2450000,part_time,2023-11-24 19:56
BGT09816,USR047,INC06036,2050000,1100000,900000,4000000,3150000,bonus,2024-01-07 18:47
BGT04840,USR037,INC05598,950000,600000,450000,2050000,1550000,allowance,2023-10-10 17:05
BGT05951,USR031,INC08228,2050000,1450000,700000,4200000,3500000,freelance,2023-05-13 01:51
BGT00483,USR038,INC02779,950000,650000,400000,2000000,1600000,allowance,2024-01-13 03:06
BGT04288,USR009,INC00949,450000,300000,200000,1000000,750000,allowance,2023-12-17 10:52
BGT02462,USR061,INC00782,4000000,1900000,1200000,7100000,5900000,business,2024-12-26 10:14
BGT06350,USR073,INC01957,3150000,2050000,1650000,6850000,5200000,salary,2023-02-02 02:42
BGT08248,USR074,INC06658,4100000,2750000,1500000,8400000,6850000,business,2024-02-03 01:59
BGT02022,USR027,INC01195,2200000,1450000,750000,4350000,3650000,internship,2023-12-07 12:11
BGT09416,USR010,INC00245,900000,500000,250000,1650000,1400000,allowance,2024-04-19 03:26
BGT01679,USR026,INC09744,1500000,1000000,900000,3400000,2500000,allowance,2024-11-15 00:44
BGT03084,USR038,INC09898,2150000,1200000,750000,4100000,3350000,part_time,2023-08-30 10:19
BGT07615,USR032,INC09902,1150000,750000,550000,2450000,1900000,freelance,2024-09-20 13:22
BGT04300,USR073,INC07054,3650000,2050000,1350000,7050000,5700000,freelance,2024-03-12 11:04
BGT08347,USR060,INC05287,3600000,2050000,1500000rb,7150000rb,5650000,bonus,2023-10-11 22:44
BGT07661,USR072,INC02259,3300000,1600000,1250000,6150000,4900000,salary,2024-08-27 13:46
BGT05710,USR025,INC05836,,650000,250000,2000000,1750000,part_time,2024-07-17 12:55
BGT02710,USR039,INC05568,750000,500000,250000,1500000,1250000,internship,2024-12-06 18:13
BGT03062,USR036,INC05659,2050000,1250000,800000,4100000,3300000,part_time,
BGT03333,USR034,INC05384,1850000,1100000,950000,3900000,2950000,internship,2023-10-29 07:14
BGT08716,USR020,INC03981,1450000,900000,650000,3000000,2350000,part_time,2023-12-15 23:27
BGT07377,USR010,INC05871,1350000,950000,700000,3000000,2300000,allowance,2023-12-14 22:16
BGT06184,USR062,INC03750,4500000,2800000,2700000,9950000,7300000,investment_return,2023-01-24 05:28
BGT05119,USR039,INC09143,1700000,1250000,750000,3700000,2950000,FREELANCE,
BGT05727,USR070,INC02139,3100000,1600000,1250000,5950000,4700000,salary,23/05/2023 09:29
BGT05181,USR066,INC02557,2400000,1300000,700000,,3700000,bonus,2024-01-28 01:00
BGT06568,USR070,INC05353,4600000,3150000,1800000rb,9550000,7750000,bonus,2024-04-02 02:38
BGT02472,USR072,INC09261,2650000,1250000,850000,4750000,3900000,investment_return,2024-05-27 09:15
BGT06679,USR060,INC03619,3450000,2500000,1700000,7650000,5950000,salary,2023-06-24 23:12
BGT03515,USR010,INC06183,1300000,800000,800000,2900000,2100000,part_time,2023-10-22 13:43
BGT03297,USR044,INC02315,1550000,900000,1000000,3450000,2450000,business,2024-06-14 18:58
BGT09429,USR003,INC05198,1350000,800000,650000,2800000,2150000,scholarship,2024-03-11 15:18
BGT04727,USR075,INC08939,3400000,2000000,2000000,7400000,5400000,salary,2023-09-15 10:14
BGT07898,USR043,INC05940,1950000,1000000,850000,3800000,2950000,freelance,2023-09-10 05:24
BGT03633,USR035,INC01252,2450000,1650000,900000,5000000,4100000,part_time,2024-05-21 07:22
BGT09738,USR008,INC02713,1050000,700000,300000,2100000,1750000,scholarship,2024-03-07 20:30
BGT00643,USR069,INC02806,2100000,1400000,1000000,4450000,3500000,freelance,2023-11-04 04:35
BGT00304,USR038,INC08534,850000,550000,300000,1700000,1400000,freelance,2023-01-31 00:41
BGT08863,USR016,INC02574,850000,550000,500000,1900000,1400000,scholarship,2023-02-06 22:02
BGT09318,USR012,INC03659,1050000,650000,550000,2200000,1700000,allowance,2023-12-20 05:14
BGT06095,USR025,INC05820,1700000,1200000,750000,3650000,2900000,,2023-04-03 15:19
BGT03999,USR050,INC01499,2500000,1250000,950000,4700000,3750000,freelance,2023-06-23 06:06
BGT04001,USR047,INC03212,2400000,1650000,1150000,5200000,4050000,business,2024-05-05 15:59
BGT03171,USR015,INC00034,800000,450000,300000,1550000,1250000,allowance,2023/12/18 02:53
BGT01752,USR037,INC01216,1750000,1000000,700000,3400000,2750000,allowance,2023-10-10 02:30
BGT02276,USR041,INC08043,3350000,1800000,900000,6050000,5150000,bonus,2024-09-28 17:58
BGT00340,USR016,INC02374,1100000,650000,250000,2000000,1750000,allowance,2023-11-02 00:08
BGT08905,USR057,INC04794,1550000,850000,800000,3200000,2400000,freelance,2024-01-01 17:02
BGT07536,USR024,INC03960,800000,500000,,1500000,1300000,freelance,2023-01-06 04:35
BGT04667,USR061,INC03086,3200000,1800000,1250000,6250000,5000000,freelance,2023-04-03 01:20
BGT09162,USR069,INC06915,4350000,3250000,2300000,9900000,7600000,bonus,2024-03-23 16:08
BGT07674,USR036,INC01127,1650000,1100000,750000,3500000,2750000,freelance,2023-12-27 03:34
BGT00999,USR012,INC01843,1150000,800000,650000,2600000,1950000,allowance,2024-06-18 15:47
BGT09992,USR066,INC06555,2550000,1750000,1350000,5700000,4300000,bonus,2023-06-13 06:58
BGT02497,USR049,INC09415,2450000,1350000,850000,4600000,3800000,freelance,2024-02-08 21:32
BGT00063,USR047,INC02567,2650000,1600000,600000,4800000,4250000,salary,2023-07-12 19:06
BGT01182,USR060,INC03040,2300000,1450000,1450000,5200000,3750000,business,2024-10-08 12:31
BGT08896,USR053,INC01982,2950000,1450000,1200000,5600000,4400000,bonus,2023-03-14 13:16
BGT01606,USR001,INC04365,1000000,700000,,2200000,1700000,allowance,26/04/2023 21:26
BGT08884,USR048,INC01683,-3650000,2150000,1850000,7650000,5800000,freelance,2024-11-13 03:46
BGT08365,USR009,INC04225,1500000,800000,400000,2750000,2300000,scholarship,2024-03-20 00:37
BGT05668,USR033,INC09792,1400000,850000,600000,2900000,2250000,internship,
BGT01485,USR009,INC07285,750000,450000,150000,1350000,1200000,part_time,2023-07-13 14:24
BGT08239,USR019,INC02540,800000,500000,400000,1650000,1300000,allowance,2024-08-25 18:30
BGT00158,USR041,INC00558,2450000,1400000,900000,4750000,3850000,freelance,2024-10-27 22:00
BGT08571,USR057,INC04529,2500000,1600000,700000,4800000,4100000,business,2024-05-27 14:53
BGT05687,USR033,INC06738,900000,650000,450000,2000000,1550000,allowance,2023-07-24 18:57
BGT06367,USR026,INC00538,1300000,800000,450000,2550000,2100000,freelance,2024-04-27 23:19
BGT07522,USR045,INC03893,3400000,1850000rb,1950000,7200000,5250000,bonus,
BGT00963,USR047,INC07411,3050000,1850000,1050000,5950000,4900000,salary,2023-05-29 12:53
BGT09050,USR053,INC03314,2100000,1100000,1100000,4300000,3200000,salary,2023-04-11 20:46
BGT00178,USR070,INC06124,2700000,1500000,1300000,5500000,4200000,business,2023-10-29 07:52
BGT06462,USR068,INC06412,2950000,2050000,1000000,6000000,5000000,business,2023-10-28 22:56
BGT00602,USR031,INC00047,1700000,1000000,700000,3450000,3050000,allowance,2023-11-29 17:09
BGT02942,USR037,INC05183,,1400000,850000,4600000,3800000,freelance,2024-04-21 05:25
BGT07757,USR015,INC01758,550000,350000,150000,1000000,900000,part_time,2024-05-03 02:00
BGT00165,USR002,INC06905,1100000,700000,650000,2450000,1800000,part_time,2024-05-10 01:23
BGT00379,USR072,INC06198,2050000,1100000,900000,4000000,3150000,freelance,2023-08-09 11:55
BGT09637,USR026,INC01765,1850000,1050000,450000,,2900000,allowance,
BGT00449,USR067,INC07206,2450000,1600000,1150000,5200000,4050000,freelance,2024-02-22 08:40
BGT01589,USR028,INC00187,2400000,1500000,750000,4650000,3900000,part_time,2023-03-21 09:21
BGT01127,USR060,INC02242,3800000,2150000,1500000,7450000,5950000,FREELANCE,2023/08/26 19:35
BGT05526,USR011,INC09096,-1000000,650000,550000,2200000,1650000,scholarship,2024-08-06 20:54
BGT03243,USR064,INC00064,3700000,2100000,1750000,7550000,5800000,investment_return,2024-12-23 16:35
BGT00073,USR007,INC09283,1300000,750000,300000,2350000,2050000,allowance,2024-01-16 19:59
BGT00315,USR014,INC02955,,650000,500000,2400000,1900000,part_time,2023-01-26 16:30
BGT04799,USR050,INC06419,2600000,1600000,800000,5000000,4200000,bonus,2023-06-10 14:33
BGT05958,USR051,INC05079,2000000,1100000,1150000,4300000,3100000,freelance,2023-04-12 13:50
BGT06659,USR063,INC03983,5500000,3100000,1400000,10000000,8600000,salary,2023-03-05 04:03
BGT02773,USR019,INC08178,650000,450000,200000,1250000,1100000,part_time,2023-06-11 08:24
BGT03202,USR045,INC06629,1600000,1050000,1000000,3650000,2650000,freelance,2024-09-15 23:57
BGT02786,USR061,INC02565,3350000,1700000,1250000,6300000,3700000,bonus,2024-06-14 02:14
BGT03712,USR064,INC00859,3700000,2100000,1200000,6950000,5800000,investment_return,2023-08-10 20:24
BGT02984,USR019,INC00182,900000,600000,200000,1700000,1500000,scholarship,2023-06-14 15:54
BGT01630,USR023,INC08285,1100000,650000,400000,2150000rb,1750000,part_time,2023-05-16 13:38
BGT00684,USR029,INC06653,2150000rb,1450000,950000,4550000,3600000,allowance,2023-12-07 07:24
BGT05799,USR007,INC02052,1050000,650000,400000,2100000,1700000,scholarship,2023-09-10 08:21
BGT04619,USR009,INC05588,1500000,850000,500000,2850000,2350000,scholarship,2024-12-15 12:16
BGT08485,USR014,INC04306,1250000,750000,400000,2400000,2000000,scholarship,2023/12/12 07:48
BGT01605,USR073,INC07143,3450000,2100000,1950000,7450000,5550000,salary,2023-11-04 15:52
BGT04349,USR067,INC03459,3700000,1900000,1400000,6950000,5600000,investment_return,2023-12-18 21:01
BGT01174,USR026,INC00886,800000,550000,350000,1750000,1350000,internship,2023-09-14 22:09
BGT01460,USR011,INC01514,900000,500000,300000,1750000,1600000,scholarship,2024-02-21 08:23
BGT02102,USR071,INC08506,3750000,2650000,2100000,8500000,6400000,salary,2024-11-28 05:17
BGT03705,USR052,INC08094,2850000,1350000,1000000,5200000,4200000,salary,2024-03-20 03:30
BGT09918,USR074,INC05943,4400000,2550000,1200000,8150000,6950000,investment_return,2023-11-16 09:03
BGT06142,USR026,INC07701,2000000,1250000,500000,3750000,3250000,freelance,2023-02-22 23:53
BGT00136,USR008,INC03891,1450000,850000,450000,2750000,2300000,allowance,2023-07-06 07:05
BGT01056,USR034,INC08149,,550000,300000,1850000,1550000,freelance,2023-08-13 17:43
BGT07154,USR006,INC02799,550000,350000,250000,1150000,900000,allowance,2024-01-27 20:43
BGT05971,USR075,INC08670,3100000,1850000,1900000,6850000,4950000,freelance,2024-09-16 22:01
BGT07086,USR071,INC01227,5450000,3200000,1300000,9950000,8650000,investment_return,2023-06-23 16:21
BGT02286,USR021,INC01518,1000000,600000,550000,2150000,1600000,part_time,2023-02-24 06:46
BGT06230,USR025,INC02127,1900000,1100000,950000,4000000,3000000,internship,2024-10-27 15:46
BGT08232,USR022,INC00630,2200000,1350000,950000,4450000,3550000,internship,2024-03-18 20:40
BGT05770,USR053,INC05847,3400000,1750000,1300000,6450000,5150000,business,2024-10-23 14:57
BGT03371,USR047,INC03715,2650000,1800000,1550000,6050000,4450000,business,2023-08-15 17:58
BGT02900,USR058,INC06643,2750000,1650000,550000,4950000.00,4400000,salary,2024-12-11 04:12
BGT06948,USR010,INC09813,1400000,950000,650000,3000000,2350000,allowance,2024-02-17 17:11
BGT00367,USR012,INC01678,500000,300000,150000,1000000,800000,scholarship,2023-02-11 12:02
BGT06006,USR012,INC01628,500000,350000,150000,1000000,850000,allowance,2024-08-29 14:52
BGT09181,USR020,INC07455,1200000,800000,400000,2350000,2000000,allowance,2023-05-21 04:29
BGT08199,USR072,INC04592,4750000,2850000,2300000,9900000,7600000,investment_return,
BGT06790,USR030,INC02526,1900000,1050000,800000,3700000,2950000,ALLOWANCE,2023-06-12 17:34
BGT05013,USR041,INC00056,3400000,2600000,1700000,7700000,6000000,business,2023-12-21 03:46
BGT09727,USR021,INC06438,850000,500000,250000,,1350000,freelance,2023-07-21 15:01
BGT08454,USR060,INC06421,1550000,850000,700000,3100000rb,2400000,business,2023-05-01 12:21
BGT08602,USR009,INC02269,1350000,800000,750000,2900000,2150000,allowance,2024-01-29 13:30
BGT02624,USR073,INC00322,3050000,1850000,850000,5750000,4900000,bonus,2024-10-31 16:02
BGT04296,USR010,INC06300,1250000,750000,250000,2250000,2000000,ALLOWANCE,2024-12-31 11:36
BGT01581,USR073,INC04617,2150000,1150000,800000,4100000,3300000,SALARY,2023-07-09 06:27
BGT06872,USR062,INC07412,2500000,1600000,1200000,5300000,4100000,freelance,2024-02-16 16:49
BGT06553,USR043,INC05201,1900000,900000,750000,3550000,2800000,business,2024-12-31 17:32
BGT08089,USR034,INC04301,1800000,1200000,650000,3700000,3400000,allowance,2024-07-17 22:57
BGT03437,USR046,INC01493,1450000,950000,600000,3000000,2400000,bonus,2024-05-03 22:08
BGT06201,USR044,INC05309,3200000,2150000,1200000,6550000,5350000,bonus,2024-01-15 01:59
BGT09749,USR059,INC06992,3050000,1800000,1000000,5850000,4850000,business,2024-01-18 02:33
BGT00888,USR006,INC03480,1350000,750000,650000,2800000,2100000,part_time,2024-02-14 05:03
BGT01950,USR073,INC07818,2700000,1450000,850000,5000000,4150000,salary,2024-03-10 08:56
BGT07238,USR016,INC08675,1100000,700000,550000,2300000,1800000,part_time,2023-05-31 04:04
BGT06878,USR013,INC06486,800000,500000,350000,1650000,1300000,scholarship,2024-03-12 17:40
BGT02549,USR005,INC08937,650000,450000,250000,1350000,1100000,part_time,2024-05-21 14:25
BGT09685,USR016,INC00317,600000,400000,250000,1250000,1000000,allowance,2023-08-26 09:14
BGT08300,USR012,INC01559,1000000,500000,300000,1800000rb,1500000,allowance,18/03/2023 15:49
BGT03695,USR019,INC03556,-1350000,900000,650000,2850000,2250000,part_time,2024-05-12 05:42
BGT03674,USR032,INC04489,1950000,1200000,900000,4050000,3150000,freelance,2023-01-29 07:43
BGT00210,USR020,INC07216,900000,600000,400000,1950000,1500000,scholarship,2023-02-28 07:40
BGT07644,USR068,INC03839,1900000,1250000,1000000,4100000,3150000,salary,2024-11-07 20:49
BGT04304,USR012,INC03151,900000,500000,500000,1900000,1400000,part_time,2024-07-26 21:28
BGT09188,USR070,INC08247,4250000,2350000,1550000,8150000,6600000,business,2024-12-20 14:57
BGT03551,USR051,INC02622,3450000,1950000,1600000,7050000,5400000,bonus,2024-04-21 17:10
BGT03970,USR045,INC00005,1750000,1100000,650000,3500000,2850000,bonus,2024-11-26 10:47
BGT09562,USR054,INC02265,2200000,1150000,900000,4200000,3350000,salary,2024-10-01 02:20
BGT01318,USR032,INC07485,1800000,1050000,650000,3550000,2850000,allowance,2023-09-04 16:29
BGT02730,USR019,INC09066,800000,450000,300000,1550000,1250000,part_time,2023-05-15 13:19
BGT01699,USR008,INC00729,550000,400000,250000,1200000,950000,allowance,2024-03-01 22:32
BGT09332,USR035,INC09014,2350000,1200000,900000,4400000,3550000,part_time,2024-03-04 12:15
BGT07484,USR065,INC03756,4900000,2850000,2050000,9800000,7750000,investment_return,2024-10-30 07:00
BGT05886,USR055,INC05976,3300000,1700000,1300000,6300000,5000000,business,2023-10-22 01:29
BGT09838,USR018,INC04174,650000,400000,400000,1400000,1050000,scholarship,2023-06-22 01:52
BGT03677,USR072,INC04383,4050000,2000000,1700000,7750000,6050000,bonus,2024-12-28 18:55
BGT04702,USR034,INC01172,1200000,850000,650000,2700000,2050000,allowance,
BGT00145,USR048,INC04226,3550000,2000000,1550000,7100000,5550000,,2024-08-22 08:27
BGT02958,USR029,INC03364,1600000,800000,550000,3000000,2400000,internship,2024-09-13 10:28
BGT03241,USR015,INC05453,650000,450000,250000,1350000,1100000,allowance,2024-11-02 19:42
BGT02305,USR068,INC08752,3050000,,1050000,,5050000,salary,2024-04-20 16:31
BGT01161,USR052,INC07484,3750000,2150000,2050000,7950000,5900000,business,2024-03-05 02:34
BGT08885,USR024,INC04829,950000,500000,,1800000,1450000,internship,2023-09-10 09:07
BGT01747,USR044,INC05260,1650000,950000,850000,3450000,2600000,bonus,2023-02-27 22:23
BGT03657,USR022,INC08671,1100000,650000,350000,2100000,1750000,internship,2023-05-01 07:11
BGT08364,USR041,INC04963,3950000,2600000,1350000,7900000,6550000,bonus,2023/05/22 10:52
BGT09643,USR055,INC06936,2300000,1400000,550000,4250000,3700000,business,2023-01-16 15:40
BGT04845,USR012,INC09905,600000,400000,300000,,1000000,scholarship,2023-02-20 15:23
BGT08437,USR064,INC09370,3800000rb,2800000,1650000,8250000,6600000,bonus,2023-06-14 11:43
BGT09250,USR033,INC04260,1350000,700000,450000,2500000,2050000,internship,2023-07-30 13:36
BGT01121,USR066,INC02529,4100000,2450000,1050000,7600000,6550000,business,2023-11-08 19:21
BGT09114,USR050,INC07841,3750000,2400000,900000,7100000,6150000,freelance,2024-09-11 05:30
BGT03163,USR057,INC07932,3850000,,1100000,7450000,6300000,salary,2023-07-04 16:32
BGT03326,USR066,INC04199,5200000,2750000,1850000,9850000,7950000,salary,2024-11-04 08:11
BGT02176,USR062,INC04550,3150000,2100000,1300000,6600000,5250000,freelance,2024-10-13 20:04
BGT07116,USR062,INC00196,2400000,1400000,1400000,5200000,3800000,salary,2023-01-21 04:57
BGT06897,USR073,INC06964,2700000,1550000,750000,5000000,3900000,investment_return,2023-10-04 23:43
BGT02401,USR074,INC02367,2950000,1800000,1250000,6000000,4750000,bonus,2023-09-11 03:18
BGT06097,USR055,INC09850,1750000,900000,600000,3250000,2650000,freelance,2024-05-09 10:36
BGT09075,USR007,INC06761,700000,500000,300000,1450000rb,1200000,part_time,2024-11-24 21:49
BGT04276,USR038,INC07610,1800000,1250000,850000,3900000,3050000,freelance,2023-08-14 14:39
BGT00506,USR043,INC05153,2750000,1300000,950000,5000000,4050000,business,2023-11-03 16:42
BGT00793,USR032,INC06018,2200000,1600000,900000,4700000,3800000,internship,2024-03-09 22:29
BGT07534,USR012,INC04102,600000,300000,250000,1200000.00,900000,scholarship,2024-05-28 02:42
BGT03886,USR040,INC02860,2500000,1650000,750000,4900000,4150000,part_time,2024-11-16 03:45
BGT07677,USR024,INC07164,1800000,1000000,800000,3600000,2800000,internship,2023-03-02 17:06
BGT04442,USR009,INC03998,1550000,750000,550000,2800000,2300000,allowance,2024-10-27 19:38
BGT01046,USR025,INC02984,1700000,1100000,600000,3400000,2800000,allowance,2024-08-02 14:01
BGT02538,USR041,INC02902,3750000,2050000,1250000,7050000,5800000,business,2024-06-09 11:12
BGT02838,USR071,INC07464,4850000,2850000,950000,8700000,9850000,investment_return,2024-06-15 03:34
BGT08223,USR008,INC02307,1150000,750000,450000,2350000,1900000,scholarship,2024-09-07 03:39
BGT07174,USR045,INC02029,2400000,1400000,650000,4450000,3800000,freelance,2024-05-30 13:19
BGT03965,USR056,INC06042,2400000,1150000,900000,4450000,3550000,freelance,2023-02-13 05:22
BGT04201,USR055,INC01098,1700000,1000000,950000,3650000,2700000,bonus,2024-02-09 05:33
BGT03603,USR003,INC03280,600000,350000,200000,1150000,950000,part_time,2024-02-28 15:22
BGT04491,USR024,INC00225,1350000,950000,550000,2850000,2300000,internship,2024-07-25 13:09
BGT06978,USR037,INC00624,2200000,1250000,1400000,4850000,3450000,freelance,2024-06-23 09:12
BGT07623,USR037,INC08135,1400000,900000,600000,2900000,2300000,allowance,2023-08-03 14:41
BGT00330,USR036,INC03698,2400000,1350000,600000,,3750000,allowance,2024-06-29 09:12
BGT09506,USR065,INC06949,3750000,2100000,1850000,,5850000,salary,2023-04-16 23:51
BGT06211,USR016,INC09703,1250000,900000,550000,2700000,2150000,allowance,2023-03-03 00:49
BGT04896,USR070,INC03122,3800000,2000000,1850000,7650000,5800000,bonus,2024-12-25 11:47
BGT09654,USR007,INC00160,1050000,600000,650000,,1650000,allowance,2024-05-15 22:10
BGT07583,USR056,INC05281,3200000,2050000,1150000,6450000,5250000,salary,2024-07-04 03:57
BGT06965,USR041,INC00849,4300000,2550000,1100000,8000000,6850000,business,2024-11-28 18:59
BGT00535,USR070,INC09465,3850000,2000000,1050000,6850000,5850000,salary,2023-03-27 20:05
BGT08882,USR013,INC09651,900000,600000,300000,1750000,1500000,scholarship,2023-12-03 15:47
BGT02650,USR027,INC08245,1800000,1350000,850000,4000000,3150000,internship,2023-08-22 01:54
BGT07695,USR031,INC06734,1300000,650000,400000,2350000,1950000,allowance,2023-09-27 09:34
BGT04819,USR009,INC00405,1550000,800000,,3000000,2350000,scholarship,2023-07-20 18:57
BGT05703,USR051,INC01224,2850000,1900000,1200000,,4750000,salary,2023-01-20 04:25
BGT01033,USR024,INC05225,2100000,1000000,800000,3900000,3100000,part_time,2024-07-05 02:42
BGT05859,USR032,INC05676,1600000,1200000,700000,3500000,2800000,allowance,2023-03-28 11:40
BGT00973,USR002,INC02898,500000,300000,200000,1000000rb,800000,part_time,2023-07-29 22:53
BGT05531,USR004,INC01890,-1200000,650000,650000,2450000,1850000,allowance,2023-12-10 09:01
BGT08486,USR048,INC09843,2000000,1450000,1050000,4500000,3450000,salary,2023-12-05 02:06
BGT09147,USR070,INC08313,4800000,2450000,1800000,9100000,7250000,salary,2023-02-17 18:22
BGT04323,USR062,INC02141,3400000,2000000,1250000,6700000,5400000,investment_return,2023-09-13 07:51
BGT03439,USR052,INC02158,1650000,1100000,600000,3400000,2750000,bonus,2024-07-29 00:24
BGT06605,USR069,INC03494,4950000,2750000,2200000,9900000,7700000,bonus,2024-07-20 07:45
BGT05288,USR050,INC05499,3900000,2350000,1400000,7650000rb,6250000,salary,2023-07-12 10:38
BGT04303,USR056,INC06523,3250000,1950000,1450000,6650000,6450000,business,2024/05/15 21:02
BGT07651,USR051,INC01215,2250000,1300000,900000,4450000,3550000,salary,2023-02-07 06:44
BGT03759,USR049,INC04242,2900000,1700000,900000,5500000,4600000,bonus,2024-04-02 13:14
BGT05902,USR047,INC07761,3650000,2050000,2100000,7800000,5700000,business,2024-03-30 01:38
BGT02715,USR025,INC07428,900000,500000,350000,1750000,1400000,freelance,2023-06-14 05:34
BGT05698,USR011,INC06278,550000,,350000,1250000,850000,part_time,2023-11-23 00:02
BGT03433,USR017,INC03999,650000,450000,300000,1400000,1100000,part_time,2023-12-16 18:05
BGT01869,USR041,INC03398,2900000,2150000,1400000,6450000,5050000,business,2024-03-09 20:33
BGT06700,USR014,INC04935,1100000,700000,450000,2250000,1800000,allowance,
BGT02622,USR023,INC08516,950000,600000,600000,2150000,1550000,freelance,2024-08-19 08:31
BGT07187,USR017,INC00703,500000,300000,200000,1000000,1050000,allowance,2024-12-06 05:34
BGT01551,USR059,INC00848,3800000,2550000,1400000,7800000,6350000,bonus,2024-12-26 00:44
BGT05376,USR006,INC06802,950000,500000,300000,,1450000,scholarship,
BGT09983,USR040,INC06324,2550000,1550000,800000,4900000,4850000,allowance,2024-12-29 20:40
BGT08532,USR038,INC02292,1100000,750000,350000,2200000,1850000,allowance,2023-09-13 03:40
BGT03823,USR059,INC09265,1750000,1150000rb,800000,3750000,2900000,business,2024-04-14 06:40
BGT05734,USR017,INC04726,1150000,700000,550000,2400000,1850000,part_time,2024-03-22 16:18
BGT08354,USR046,INC00234,1750000,1200000,600000,3550000,2950000,freelance,2023-04-29 06:24
BGT02654,USR028,INC03036,1900000,1150000,,3900000,3050000,freelance,2024-06-27 14:35
BGT07670,USR062,INC01340,4350000,3100000,2000000,9450000,7450000,business,2023-06-02 00:14
BGT09694,USR024,INC05192,2100000,1100000,950000,4150000,3200000,internship,2024-11-08 22:40
BGT00603,USR063,INC06636,3900000,2800000,1600000,8300000,6700000,salary,2024-05-17 11:40
BGT09658,USR039,INC09592,2150000,1150000,600000,3900000,3300000,PART_TIME,2024-08-01 03:44
BGT04757,USR042,INC03251,1850000,1150000,750000,3750000,3000000,salary,2024-05-19 16:38
BGT06274,USR015,INC07757,1100000,800000,550000,2400000,1900000,part_time,2024-07-17 22:08
BGT04382,USR049,INC09625,3550000,2450000,1900000,7850000,6000000,salary,2023-10-02 23:44
BGT00564,USR039,INC03223,1900000,1150000,650000,3700000,3050000,freelance,2024-06-17 11:37
BGT06194,USR015,INC02583,800000,500000,400000,1650000,1300000,allowance,2023-08-04 14:54
BGT00389,USR061,INC01586,2250000,1500000,1250000,5050000,3750000,freelance,2024-03-27 18:00
BGT00613,USR045,INC09173,2000000,1200000,650000,3800000,3200000,business,24/04/2024 06:16
BGT08448,USR074,INC06428,4100000,2350000,1900000,,6450000,bonus,2024-04-14 07:45
BGT08797,USR057,INC02907,2000000,1200000,700000,3950000rb,3200000,freelance,2024-01-03 19:10
BGT04125,USR001,INC02236,1050000,600000,600000,2250000,1650000,allowance,2024-01-11 22:20
BGT01995,USR050,INC06985,2250000,1350000,750000,4300000,3600000,business,2023-03-30 04:52
BGT02231,USR074,INC00137,4350000,2950000,2550000,9850000,7300000,investment_return,2023-11-17 18:12
BGT01769,USR019,INC01309,1600000,750000,550000,2900000,2350000,part_time,2024-07-27 06:49
BGT04005,USR060,INC07398,3200000,2100000,1100000,6350000,5300000,salary,2024-03-23 03:50
BGT02531,USR072,INC03818,4150000,2500000,1200000,7850000,6650000,bonus,2023-03-26 12:04
BGT07776,USR065,INC00915,2050000,1300000,,4700000,3350000,bonus,2023-01-12 11:33
BGT05925,USR060,INC05947,3000000rb,1650000,1300000rb,5950000,4650000,business,2024-02-08 08:04
BGT02048,USR007,INC06229,1350000,950000,550000,2850000,2300000,part_time,2023-04-23 07:41
BGT02099,USR054,INC00967,1950000,1100000,1250000,4300000,2600000,salary,2023-05-18 01:29
BGT06880,USR059,INC03093,1650000,1150000,800000,3550000,2800000,business,2024-08-17 22:54
BGT04447,USR014,INC05034,1250000,750000,350000,2350000,2000000,allowance,2023-12-08 04:52
BGT01912,USR073,INC08750,4250000,3100000,2300000,9650000,6800000,salary,2023-02-24 11:34
BGT09639,USR005,INC03071,1150000,650000,,2350000,1800000,part_time,2023-01-26 21:45
BGT05348,USR008,INC07559,1150000,750000,450000,2300000,1900000,part_time,2023-07-25 15:46
BGT08688,USR010,INC06846,600000,350000,300000,1250000,950000,scholarship,
BGT09765,USR029,INC08118,1600000,900000,600000,3100000,2500000,internship,2024-02-03 19:38
BGT07404,USR049,INC01726,2500000rb,1550000,450000rb,4500000,4050000,salary,2023-08-08 10:58
BGT01360,USR027,INC07049,1100000rb,750000,550000,2400000,1850000,part_time,2024-12-08 07:13
BGT09293,USR010,INC03854,900000,500000,300000,1700000,1400000,part_time,2023-09-09 05:12
BGT08943,USR027,INC01768,1250000,900000,600000,2750000,2150000,freelance,2024/07/13 09:42
BGT02753,USR018,INC01103,1600000,1000000,400000,3000000,2600000,scholarship,2023-01-13 12:55
BGT02288,USR056,INC08290,1500000,800000,700000,3000000,2300000,bonus,2024-05-07 00:29
BGT09882,USR035,INC04652,2200000,1300000,1050000,4550000,3500000,allowance,2024-09-25 08:45
BGT00257,USR014,INC05503,1000000,650000,550000,2200000,1650000,part_time,2024-08-03 06:11
BGT09185,USR060,INC04433,3650000,2200000,1750000,7650000,5850000,salary,2024-07-05 02:22
BGT06830,USR004,INC07170,600000,350000,200000,1150000rb,950000,allowance,2024-05-16 16:11
BGT05157,USR067,INC00940,3400000,1850000,1400000,6650000,5250000,investment_return,2023-05-17 10:34
BGT02116,USR034,INC02576,2250000,1200000,700000,4150000,3450000,freelance,2023-09-28 03:50
BGT07586,USR024,INC09417,900000,450000,350000,1700000,1350000,allowance,2024-07-21 13:26
BGT04043,USR048,INC04029,3000000,1550000,1000000,5600000,4550000,bonus,2023-03-02 17:00
BGT06960,USR048,INC00011,1600000,1150000,750000,3500000,2750000,freelance,2024-05-11 06:50
BGT05442,USR009,INC02823,750000,450000,,1550000,1200000,part_time,2024-01-03 05:48
BGT01410,USR043,INC08845,3150000,2050000,1850000,7050000,5200000,salary,2023-07-27 08:40
BGT03215,USR020,INC03235,500000,300000,300000,1100000,800000,part_time,2023-02-26 10:21
BGT08644,USR066,INC01764,2200000,1300000,700000,4250000,3500000,freelance,
BGT01900,USR073,INC08874,1850000,1150000,1100000,4150000,3000000,freelance,2023-09-28 01:44
BGT03362,USR059,INC07081,2650000,1500000,1150000,5300000,4150000,business,2024-10-21 19:37
BGT09942,USR045,INC09642,3650000,2300000,2000000rb,7900000,5950000,salary,2024-04-07 23:21
BGT07692,USR064,INC02278,2400000,1450000,750000,4600000,3850000,business,2024-01-08 02:14
BGT08234,USR062,INC02422,3850000,2500000,1700000,8000000,6350000,freelance,2023-01-13 17:40
BGT00357,USR015,INC00104,1500000,750000,500000,2700000,2250000,scholarship,2023-06-11 09:02
BGT06503,USR046,INC03914,2500000,1350000,1150000,5050000,3850000,business,2023-05-01 06:50
BGT08131,USR007,INC09475,1150000,650000,700000,2550000,1800000,scholarship,2023-06-10 18:58
BGT08662,USR004,INC02196,1150000,600000,550000,2300000,1750000,scholarship,2024-01-03 22:05
BGT09470,USR027,INC07846,1200000,650000,450000,2300000,1850000,freelance,2024-04-30 01:12
BGT01036,USR041,INC01860,3200000,1850000,1100000,6200000,5050000,freelance,2023-06-05 22:22
BGT08764,USR032,INC05426,1400000,750000,600000,2750000,2150000,allowance,2023-11-11 16:20
BGT07035,USR065,INC01935,5000000,2950000,1500000,9450000,7950000,investment_return,2023-10-31 16:50
BGT07097,USR028,INC04185,900000,550000,350000,1800000,1450000,allowance,29/11/2024 00:06
BGT06660,USR040,INC00340,1350000,850000,800000,3050000,2200000,internship,2023-03-21 17:32
BGT04571,USR028,INC07998,1500000,850000,500000,2800000,2350000,allowance,2023-02-10 17:42
BGT03629,USR075,INC08030,3250000,1650000,1450000,6400000,4900000,salary,2023-10-20 23:31
BGT05317,USR014,INC05885,1200000,600000,550000,2400000,1800000,part_time,2023-04-24 14:17
BGT09730,USR029,INC00017,2000000,1150000,850000,4050000,3150000,part_time,2023-07-14 12:50
BGT04202,USR024,INC07194,2000000,1450000,800000,4250000,3450000,part_time,2024-05-30 07:05
BGT06139,USR031,INC07389,2550000,1450000,800000,4800000,4000000,allowance,2023-12-03 05:48
BGT06892,USR049,INC01759,2500000,1450000,1400000,5350000,3950000,business,2024-09-25 08:23
BGT02639,USR067,INC04806,2100000,1100000rb,800000,4000000,3200000,business,01/11/2023 20:11
BGT09218,USR036,INC07425,1750000,1050000,1050000,3800000,2800000,part_time,2023-12-12 01:49
BGT04415,USR042,INC09934,1900000,1200000,550000,3700000,3100000,freelance,2023-06-03 19:34
BGT04294,USR048,INC00487,3600000,2200000,1000000,6800000,5800000,freelance,2023-08-09 15:42
BGT08113,USR064,INC05990,2900000,1800000,900000,5550000,4700000,bonus,2023-06-21 17:32
BGT04762,USR057,INC04574,2400000,1500000,1250000,5150000,3900000,freelance,2024-08-25 20:00
BGT02467,USR032,INC07694,1950000,1350000,850000,4150000,3300000,part_time,2023-08-20 05:04
BGT01645,USR068,INC09074,4250000,2800000,1650000,8700000,7050000,business,2024-02-07 01:56
BGT01218,USR023,INC06001,800000,550000,300000,1650000,1350000,part_time,2023-10-15 14:26
BGT07117,USR064,INC02440,3250000,2200000,1450000,6950000,5450000,freelance,2024-04-09 07:41
BGT08526,USR023,INC08467,2500000,1450000,850000,4850000,3950000,allowance,2023-01-30 20:35
BGT01757,USR073,INC07502,4050000,2500000,1550000,8100000,6550000,bonus,2023-09-05 12:27
BGT03720,USR030,INC05125,1500000,1000000,650000,3200000,2500000,freelance,2023-11-18 06:40
BGT05634,USR058,INC02857,3450000,2100000,600000,6200000,5550000,freelance,2024-01-08 19:22
BGT07021,USR018,INC08883,1400000,750000,500000,2600000,2150000,allowance,2023-11-18 10:16
BGT03988,USR038,INC07996,1700000,950000,700000,3350000,2650000,part_time,2024-10-02 03:42
BGT03467,USR018,INC01171,900000,450000,350000,1750000,1350000,scholarship,2023-07-27 04:14
BGT05109,USR067,INC01432,3950000,2300000,2000000,8250000,6250000,salary,2024-05-21 04:44
BGT08188,USR025,INC03130,2250000,1350000,1100000,4700000,3600000,freelance,2023-04-12 13:03
BGT03033,USR057,INC05762,1750000,1200000,850000,3800000,2950000,bonus,2023-01-10 17:44
BGT04191,USR034,INC06779,1850000,1400000,850000,4100000,3250000,internship,2023-12-11 02:28
BGT01787,USR046,INC01909,3650000,1900000,1000000,6550000,5550000,business,2024-09-07 12:36
BGT03267,USR022,INC07627,1350000,-750000,650000,2750000,2100000,part_time,2024-04-27 23:16
BGT09378,USR002,INC03878,700000,450000,250000,1400000,1150000,scholarship,2023-03-09 08:06
BGT05342,USR045,INC03147,3200000,1850000,1600000,6650000,5050000,bonus,2023-10-07 05:11
BGT00944,USR005,INC01530,1100000,700000,650000,2450000rb,1800000,scholarship,2023-12-27 00:15
BGT03605,USR050,INC01159,3950000,2500000,1150000,7550000,6450000,business,2023-08-10 04:58
BGT01850,USR059,INC00090,2000000,1300000,550000,3850000,3300000,salary,2024-04-15 18:54
BGT01599,USR041,INC05548,3000000,2050000,1100000,6150000,5050000,salary,2023-04-29 01:55
BGT06288,USR045,INC05824,1800000,1150000,1000000,3900000,2950000,business,2024-03-21 13:13
BGT09968,USR019,INC09700,1550000,-900000,550000,3000000,2450000,part_time,2023-09-15 05:17
BGT08295,USR035,INC05014,1700000rb,900000,700000,,2600000,part_time,2023-01-05 22:05
BGT03307,USR040,INC02826,1000000,500000,350000,1850000,1500000,freelance,2023-09-23 17:01
BGT06089,USR071,INC06247,2300000,1350000,750000,4400000,3650000,business,2023-10-18 22:03
BGT06637,USR013,INC02261,1250000,900000,650000,2800000,2150000,part_time,2023-02-21 19:50
BGT05749,USR008,INC04911,,550000,250000,1800000,1550000,part_time,2024-11-06 13:25
BGT03287,USR011,INC09821,1200000,800000,,2500000,2000000,allowance,2024-11-27 20:23
BGT07608,USR020,INC03942,1450000,950000,600000,3000000,2400000,allowance,2023-03-03 23:40
BGT07368,USR067,INC07159,2100000,1150000,850000,4150000,3250000,freelance,2024-01-29 15:45
BGT09734,USR004,INC01095,800000,500000,400000,1750000,1300000,scholarship,
BGT08495,USR050,INC03345,3400000,2500000rb,1450000,,5900000,salary,2024-05-25 17:33
BGT08913,USR055,INC05464,3200000,,1100000,5850000,4700000,bonus,2023-06-18 23:54
BGT07258,USR041,INC01882,3800000,2200000,1300000,7300000,6000000,bonus,2023-12-01 22:05
BGT09014,USR047,INC01391,3850000,1950000,1200000,7000000,5800000,freelance,17/10/2023 09:22
BGT01739,USR030,INC06039,2250000,1250000,1100000,4600000rb,3500000,freelance,2024-07-05 23:38
BGT03048,USR045,INC03773,3350000,1650000rb,950000,5950000,5000000,freelance,2023-09-09 23:45
BGT01820,USR049,INC01350,1950000,1100000,550000,3600000,3050000,freelance,2024-05-30 13:47
BGT04624,USR033,INC04181,2500000,1500000,450000,4450000,4000000,internship,2024-12-11 13:23
BGT07632,USR062,INC02498,1850000,1300000,850000,4000000,3150000,salary,2023-05-25 19:42
BGT02018,USR033,INC06998,1800000,900000rb,500000,3200000,2700000,allowance,2023/02/21 20:09
BGT00435,USR010,INC04525,1100000,700000,500000,2250000,1800000,part_time,2023-08-08 09:29
BGT09995,USR020,INC08541,850000,550000,550000,1900000,1400000,part_time,2023-11-05 19:12
BGT03145,USR020,INC01757,1550000,850000,,2850000,2400000,allowance,2023-12-14 16:58
BGT01393,USR018,INC04443,1350000,750000,750000,2850000,2100000,allowance,2024-07-25 00:48
BGT00772,USR011,INC03046,1250000,800000,400000,2450000,2050000,scholarship,2024-07-29 17:47
BGT05151,USR063,INC03211,3000000,1900000,850000,5750000,4900000,bonus,2024-11-23 10:03
BGT02752,USR042,INC07554,3150000,1900000,1500000,6600000,5050000,salary,2024-09-19 00:40
BGT07215,USR037,INC07989,1500000,800000,550000,2850000,2300000,internship,2024-08-03 01:06
BGT05380,USR004,INC04776,850000,450000,,1650000,1300000,part_time,12/08/2023 15:51
BGT01505,USR031,INC09243,1600000,1050000,600000,3250000,2650000,allowance,2024-09-12 15:36
BGT03165,USR035,INC05009,2350000,1400000,950000,4700000,3750000,allowance,17/04/2023 12:56
BGT05781,USR033,INC07307,950000,650000,450000,2050000,1600000,internship,2024-11-05 05:35
BGT05894,USR046,INC04311,2850000,2100000,1400000,6300000,4950000,business,2024-11-17 14:45
BGT09349,USR022,INC01369,2250000,1300000,1100000,4650000,3550000,freelance,2024-12-20 03:12
BGT07906,USR006,INC09620,1150000,750000,400000,2300000,1900000,allowance,2023-09-02 17:40
BGT06640,USR027,INC06074,2450000,1500000,850000,4800000,3950000,freelance,2023-04-15 00:04
BGT06499,USR061,INC08170,4800000,2700000,1200000,8700000,7500000,business,2024-08-14 00:06
BGT01437,USR052,INC03620,3550000,,1750000,7250000,5500000,bonus,2024-12-18 16:22
BGT03016,USR029,INC06108,1500000,1050000,750000,3300000,2550000,internship,2023-03-11 03:58
BGT05986,USR001,INC00133,1400000,,500000,2650000,2150000,scholarship,2024-12-28 07:27
BGT05012,USR048,INC04308,2600000,1400000,800000,4850000,3450000,freelance,2024-02-03 16:15
BGT02872,USR009,INC08459,900000,500000,550000,1950000rb,1400000,allowance,2023-11-05 22:58
BGT09198,USR066,INC04351,1800000rb,1150000,1100000,4050000,2950000,freelance,2023-04-13 14:50
BGT06551,USR013,INC02380,550000,350000,200000,1100000,900000,part_time,2023-05-31 17:35
BGT09667,USR027,INC00557,2250000,1550000,950000,4750000,3800000,freelance,2023-01-26 13:01
BGT05396,USR053,INC03640,1800000,1050000,900000,3700000,2850000,salary,2024-05-05 15:45
BGT03538,USR044,INC05350,2050000,1200000,400000,3650000,3250000,business,2024-04-27 20:11
BGT07494,USR003,INC05906,1500000,850000,650000,2950000,2350000,scholarship,2023-07-23 06:08
BGT08451,USR011,INC04476,1300000,700000,450000,2500000,2000000,part_time,2023-02-25 00:45
BGT00128,USR035,INC09588,,1350000,950000,4500000,3550000,freelance,2024-10-08 07:54
BGT07932,USR037,INC02099,2150000,1150000,550000,3800000,3300000,freelance,2024-10-31 11:49
BGT02456,USR003,INC08213,1550000,900000,550000,3000000,2450000,part_time,2024-01-12 15:03
BGT01512,USR024,INC01694,1500000,900000,700000,3100000,2400000,allowance,2024-10-10 22:25
BGT00214,USR042,INC01276,1800000,1200000,800000,3800000,3000000,freelance,2023-12-24 20:40
BGT04511,USR003,INC09562,900000,650000,350000,1900000,1550000,scholarship,2024-03-02 23:53
BGT09777,USR050,INC08400,3250000,2250000,1300000rb,6750000,5500000,freelance,2024-05-19 19:37
BGT06541,USR012,INC05353,750000,500000,350000,1600000,1250000,allowance,2024-05-29 06:09
BGT04758,USR067,INC08944,3050000,2100000,1200000,6350000,5150000,freelance,2023-02-14 05:28
BGT05310,USR049,INC08853,2550000,1650000,1100000,5300000,4200000,salary,2024-06-20 08:47
BGT08692,USR035,INC09997,750000,550000,350000rb,1650000,1300000,freelance,2024-05-13 08:28
BGT00530,USR055,INC08409,1350000,850000,800000,3000000,2200000,business,2023-11-05 17:42
BGT09904,USR042,INC08936,2900000,2000000,1000000,5900000,4900000,freelance,2023-03-01 15:48
BGT05178,USR063,INC02351,4600000,2950000,1450000,9000000,7550000,bonus,2023-03-13 00:46
BGT07270,USR038,INC03344,1100000,700000,550000,2350000,1800000,internship,2024-01-24 20:19
BGT09267,USR059,INC00922,1550000,850000,800000,3200000,2400000,salary,2023-07-03 01:15
BGT00786,USR049,INC01022,3800000,2700000,1450000,7950000,6500000,business,2024-01-26 19:43
BGT00176,USR016,INC09557,1100000,750000,550000,2400000,1850000,part_time,2024-12-30 03:41
BGT07609,USR056,INC03247,3300000,2050000,900000,6250000,5350000,business,2024-10-15 12:48
BGT01019,USR019,INC04136,1600000,850000,450000,2900000,2450000,allowance,2024-11-19 11:34
BGT05110,USR068,INC05101,2300000,1450000,650000,4450000,3750000,business,2024-03-09 02:23
BGT04256,USR040,INC05261,2150000,1250000,500000,3900000,3400000,part_time,2024-10-11 21:38
BGT04488,USR068,INC03057,4000000,2250000,1200000rb,7450000,6250000,business,2024-05-06 02:55
BGT06435,USR071,INC09727,4350000,2550000,1050000,7900000,6900000,bonus,2023-07-28 06:54
BGT01814,USR044,INC09866,3350000,1850000,1000000,6200000,5200000,business,2024-04-21 16:02
BGT03306,USR005,INC06014,1200000,800000,650000,2650000,2250000,allowance,2024-01-18 06:41
BGT04324,USR029,INC03598,2300000,1450000,750000,4500000,3750000,internship,2023-11-20 10:14
BGT06952,USR048,INC06146,2950000,1850000,650000,5500000,4800000,freelance,2023-04-10 20:08
BGT07039,USR010,INC09344,900000,500000,350000,1750000,1400000,part_time,2024-01-15 23:32
BGT04066,USR035,INC03907,1800000,950000,550000,3300000,2750000,freelance,2023-02-08 07:49
BGT05961,USR047,INC04111,3400000,1900000,1400000,6700000,5300000,business,2024-12-15 23:37
BGT04554,USR054,INC05233,1850000,1350000,750000,3900000,3200000,bonus,09/11/2024 08:28
BGT06382,USR052,INC05112,2800000,1750000,1050000,,4550000,freelance,2024-06-12 02:28
BGT09984,USR043,INC02778,3200000,2100000,1950000,7300000,5300000,salary,2024-07-14 01:16
BGT09307,USR032,INC06659,1550000,850000,550000,2950000,2400000,freelance,2024-11-17 16:10
BGT04802,USR001,INC01881,850000,450000,200000,1500000,1300000,scholarship,2024-10-08 13:04
BGT02031,USR053,INC03923,3000000,-1550000,1450000,6050000,4550000,freelance,2024-02-04 10:32
BGT03268,USR042,INC04873,-2400000,1400000,1000000,4850000,3800000,freelance,2024-03-01 03:41
BGT09341,USR067,INC01691,2500000,1450000,650000,4600000,3950000,freelance,2023-01-04 15:28
BGT01489,USR034,INC01220,2550000,1250000,850000,4600000,3800000,part_time,2024-04-28 15:26
BGT04053,USR057,INC00362,3050000,1700000,1000000,5750000.00,4750000,bonus,2024-08-06 18:49
BGT03299,USR017,INC03505,450000,300000,250000,1000000,750000,allowance,2024-08-03 10:30
BGT06461,USR040,INC04715,950000,600000,250000,1800000,1550000,internship,2024-10-27 07:57
BGT02833,USR048,INC03109,2550000,1400000,700000,4600000,3950000,bonus,2023/11/09 01:58
BGT09294,USR054,INC03305,2050000,1150000,,3750000,3200000,business,2023-12-12 01:11
BGT07229,USR030,INC02788,1900000,-1100000,450000,3450000,3000000,allowance,2023-11-09 12:47
BGT02120,USR019,INC04124,650000,450000,300000,1400000,1100000,part_time,2023-04-04 05:16
BGT01292,USR066,INC00357,2250000,1250000,1350000,4900000,3500000,bonus,2024-06-11 22:02
BGT08127,USR017,INC04791,1000000,650000,400000,2050000,1650000,scholarship,2023-11-13 07:50
BGT06656,USR016,INC06282,800000,400000,300000,1550000,1200000,part_time,2024-10-08 07:50
BGT09284,USR055,INC05562,1700000,1100000,900000,3650000,2800000,salary,2023-08-09 11:29
BGT05470,USR018,INC07979,1150000,850000,600000,2650000,2000000,part_time,2023-09-02 06:12
BGT08869,USR051,INC09162,1850000,1050000,1100000,4000000,2900000,business,2023-03-25 12:08
BGT08230,USR049,INC05965,3800000,2100000,1400000,7300000,5900000,bonus,2023-03-28 21:06
BGT05700,USR064,INC05581,4250000,3000000,2400000,9700000,7250000,business,2024-08-09 21:09
BGT04058,USR066,INC09664,3800000,2200000,1300000,7350000,7100000,investment_return,2024-11-02 23:57
BGT08629,USR045,INC04497,2150000,1300000,,4350000,3450000,bonus,2023-04-15 10:42
BGT02765,USR009,INC03259,1150000,750000,600000,2450000,1900000,part_time,2024-09-18 10:48
BGT00784,USR019,INC01294,1150000,600000,400000,2150000,1750000,allowance,2024-01-24 20:40
BGT00399,USR037,INC02682,1850000,1000000,700000,3550000,2850000,freelance,2024-10-28 10:34
BGT06216,USR032,INC06366,1100000,750000,450000,2250000,1850000,internship,2023-02-15 21:42
BGT09934,USR034,INC07913,1650000,1100000,650000,3400000,2750000,allowance,2024-08-22 08:13
BGT05001,USR018,INC03186,950000,550000,250000,1750000,1500000,part_time,2023-03-25 12:20
BGT01356,USR013,INC09136,,350000,,1250000,1000000,allowance,2023-09-13 13:36
BGT03834,USR039,INC01947,800000,550000rb,350000,1650000,1700000,allowance,2024/12/17 13:27
BGT09742,USR059,INC08266,,1100000,550000,3350000,2800000,business,2023-06-11 13:15
BGT08654,USR046,INC07806,2200000,1250000,1150000,4600000,3450000,business,2023-01-29 05:06
BGT03356,USR040,INC05176,950000,600000,300000,1850000,1550000,part_time,2024-04-06 21:10
BGT07698,USR066,INC05748,3800000,2250000,1700000,7750000,6050000,salary,2023-12-30 06:29
BGT07345,USR001,INC04152,750000,450000,350000,1550000,1200000,scholarship,2024/02/11 09:13
BGT08235,USR045,INC00777,1700000,1000000,300000,3000000,2700000,freelance,2024-10-11 04:01
BGT04148,USR023,INC07537,1350000,800000,400000,2550000,2150000,part_time,
BGT09706,USR035,INC04931,1400000,850000,450000,2700000,2250000,part_time,2024-12-28 20:50
BGT06545,USR052,INC02751,2700000,1500000,800000,5000000,4200000,business,2023-12-17 12:55
BGT05524,USR047,INC02346,2750000,,1750000,6300000,4500000,salary,2024-11-11 23:59
BGT09400,USR035,INC00089,900000,650000,450000,2000000,1550000,allowance,2024-06-26 17:36
BGT01780,USR060,INC02173,3700000,,1400000,7400000,6000000,salary,2023-01-03 17:36
BGT04622,USR025,INC05207,1600000,950000,900000,3450000,2550000,allowance,2023-09-20 05:16
BGT06622,USR059,INC06784,1950000,1400000,1050000,4400000,3350000,freelance,2024-11-10 21:31
BGT06730,USR019,INC05828,950000,600000,300000,1850000,1550000,scholarship,2023-02-25 19:44
BGT02507,USR021,INC04343,1800000,900000,550000,3300000,2700000,freelance,2023-12-15 18:22
BGT00678,USR039,INC06665,1750000,900000,700000,3400000,2650000,allowance,2024-07-04 01:53
BGT03599,USR068,INC02883,4300000,,2600000rb,9300000,6700000,bonus,2024-07-10 01:14
BGT02427,USR038,INC00177,1200000,800000,700000,2700000,2000000,internship,2023-06-06 17:41
BGT06324,USR033,INC05908,900000,550000,250000,1700000,1450000,allowance,2023-11-21 04:41
BGT00477,USR025,INC05286,850000,550000,300000,1700000,1400000,internship,2023-03-17 12:50
BGT09176,USR074,INC00151,4800000,3050000,1400000,9200000,7850000,bonus,28/03/2024 10:08
BGT09260,USR031,INC01858,1900000,1000000,800000,3750000,2900000,allowance,2023-11-12 00:10
BGT00467,USR053,INC07494,3150000,1700000,1000000,5800000,4850000,salary,2023-11-02 22:16
BGT02343,USR007,INC05117,1300000,650000,400000,2350000,1950000,allowance,2024-12-12 00:02
BGT06080,USR043,INC00950,3700000,1950000,1500000,7150000,5650000,salary,2023-07-29 00:29
BGT00025,USR058,INC03221,3600000,2200000,1250000,7050000,5800000,freelance,2023-05-10 22:47
BGT07549,USR072,INC00916,3100000,1550000,1400000,6050000,4650000,INVESTMENT_RETURN,2024-10-31 09:03
BGT00177,USR003,INC05241,1300000,950000,650000,2900000,2250000,scholarship,2023-04-04 21:48
BGT08574,USR012,INC04611,750000,500000,400000,1650000,1250000,ALLOWANCE,2023-05-28 07:09
BGT06234,USR001,INC09534,1450000,850000,450000,2700000,2300000,scholarship,2023-01-30 02:17
BGT08303,USR023,INC02804,1100000,650000,,2450000,1750000,allowance,2024-11-13 08:11
BGT05467,USR003,INC00857,700000,400000,350000rb,1450000,1100000,allowance,2024-08-25 20:43
BGT04820,USR004,INC07199,1150000,700000,600000,2450000,1850000,allowance,2023-05-07 08:32
BGT07115,USR006,INC09633,900000,450000,400000,1800000,1350000,allowance,2023-11-11 03:06
BGT02135,USR021,INC05012,1900000,1350000,950000,4200000,3250000,part_time,2023-03-18 19:43
BGT09251,USR053,INC09098,-1800000,1100000,1100000,4000000,2900000,business,2024-08-17 07:34
BGT09205,USR021,INC09809,1250000,850000,450000,2550000,2100000,freelance,2023-02-11 15:27
BGT07719,USR038,INC06616,1150000,700000,700000,2550000,1850000,freelance,2024-07-14 01:32
BGT03749,USR061,INC05171,3700000,2250000,,7500000.00,5950000,bonus,2024-10-21 13:26
BGT07249,USR037,INC05964,1800000,1200000,1000000,3950000,3000000,part_time,2024-04-15 10:08
BGT03982,USR025,INC07810,1250000,800000,650000,2700000,2050000,part_time,2024-08-20 11:40
BGT03479,USR041,INC01319,3600000,2250000,1850000,7700000,5850000,business,2023-03-12 06:01
BGT03779,USR048,INC08341,2950000,1800000,1950000,6700000,4750000,business,2024-12-14 03:18
BGT09867,USR020,INC06933,900000,550000,250000,1700000,1450000,allowance,2023/04/01 16:11
BGT07058,USR053,INC06655,2100000,1550000,1050000,4700000,3650000,salary,2024-01-05 03:51
BGT00264,USR001,INC01893,650000,400000,350000,1400000,1050000,part_time,2024-04-16 12:57
BGT07980,USR017,INC05679,1000000,500000,300000,1750000,1500000,part_time,2024-09-13 00:19
BGT04552,USR001,INC02014,,750000,400000,2550000,2150000,part_time,2024-05-30 12:09
BGT08493,USR030,INC00733,1750000,1100000,500000,3350000,2850000,allowance,2024-05-19 18:17
BGT03642,USR036,INC01364,1050000,700000,550000,2250000,1750000,freelance,2023-01-29 12:31
BGT03235,USR002,INC05969,700000,400000,250000,1350000,1100000,allowance,2023-06-17 11:54
BGT08085,USR032,INC00864,1650000,950000,400000,3000000,2600000,internship,2023-12-21 16:22
BGT07650,USR034,INC05186,1450000,750000,500000,2700000,2200000,allowance,2024-08-18 07:56
BGT08862,USR041,INC07031,1600000,1000000,850000,3450000,2600000,business,2024-02-22 03:36
BGT02024,USR037,INC08698,2600000,1400000,700000,4750000,4000000,allowance,2023-02-26 19:24
BGT01594,USR006,INC04062,550000,300000,150000,1000000,850000,allowance,2024-06-24 10:47
BGT06638,USR044,INC09029,3400000,2200000,1650000,7250000,5600000,business,2024/05/18 19:07
BGT00611,USR004,INC01899,600000,300000,250000,1100000,900000,allowance,2024-01-28 05:12
BGT05828,USR037,INC02183,1100000,550000,350000,2000000,1650000,freelance,2023-09-21 04:28
BGT07256,USR006,INC05169,800000,500000,400000,1750000,1300000,part_time,2023-01-08 00:10
BGT07370,USR074,INC04672,3750000,2150000,1050000,6950000,5900000,investment_return,2023-02-01 17:56
BGT02464,USR049,INC06823,4300000,2350000,1000000,7650000,6650000,bonus,2024-12-26 07:49
BGT07372,USR067,INC05871,4250000,2150000,1500000,7900000,6400000,freelance,2024-03-09 13:44
BGT07233,USR057,INC05178,2500000,1400000,1200000,5100000,3900000,freelance,2024-10-15 20:48
BGT05196,USR050,INC05430,2000000,1100000,450000,3550000,3100000,freelance,2024-06-15 12:27
BGT03790,USR031,INC09406,2400000,1450000,900000,4750000,3850000,freelance,2024-10-31 10:04
BGT08620,USR041,INC01968,1800000,950000,800000,3550000,2750000,freelance,2023-04-04 20:30
BGT04421,USR031,INC07385,2200000,1150000,700000,4050000,3350000,allowance,2023-03-09 06:50
BGT09310,USR012,INC08179,600000,400000,300000,1250000,1000000,part_time,2023-01-23 06:36
BGT04020,USR023,INC01593,2200000,1150000,1050000,4350000,3350000,internship,2024-06-01 03:51
BGT08359,USR064,INC00712,3900000,2500000,1400000,7750000rb,6400000,business,2024-03-26 16:30
BGT05322,USR045,INC04865,2350000,1550000,900000,4800000,3900000,salary,2024/10/25 10:08
BGT08786,USR037,INC06225,1700000,1100000,1000000,3750000,2800000,allowance,2023-10-14 07:11
BGT02733,USR068,INC03391,4150000,2300000,1500000,7950000,6450000,salary,2024-11-15 11:33
BGT03269,USR009,INC03055,1500000,850000,500000,2850000,2350000,part_time,2023-02-27 20:08
BGT07789,USR009,INC06219,900000,450000,350000rb,1750000,1350000,scholarship,2023-02-06 08:50
BGT04432,USR057,INC06295,2250000,1650000,1100000,5050000,3900000,bonus,2023-03-22 03:34
BGT00739,USR063,INC01938,3900000,2400000,2000000,8250000,6300000,business,2024-08-24 13:31
BGT02418,USR062,INC07860,4250000,2700000,1200000,8150000,6950000,investment_return,2023-12-17 17:16
BGT07289,USR027,INC03768,1850000,1400000,850000,4100000,3250000,freelance,2024-02-23 10:21
BGT02488,USR075,INC06854,4750000,2900000,2050000,9700000,7650000,bonus,
BGT06976,USR011,INC05147,1300000,600000,,2350000,1900000,allowance,2024-02-25 21:21
BGT05692,USR020,INC03423,,350000,150000,1000000.00,850000,part_time,2024-03-18 06:40
BGT08447,USR019,INC04741,1100000,600000,400000,2100000,1700000,scholarship,2024-10-11 04:36
BGT07182,USR004,INC09121,600000,450000,250000,1300000,1050000,allowance,2024-12-18 20:47
BGT01319,USR060,INC05868,2750000,1500000,1150000,5400000,4250000,freelance,2024-10-14 04:45
BGT06427,USR036,INC00095,850000,650000,400000,1900000,1500000,freelance,2024-01-26 18:53
BGT05909,USR044,INC05142,-2900000,1550000,1250000,5650000,4450000,freelance,2023-07-24 15:34
BGT03348,USR049,INC02885,3950000,2100000,1700000,7700000,6050000,freelance,2023-04-09 09:46
BGT05679,USR059,INC05318,3850000,,1350000,7400000,6050000,business,2023-07-12 08:08
BGT00766,USR047,INC09282,3050000,1900000,800000,5750000,3900000,bonus,2023-05-18 19:11
BGT05025,USR023,INC03515,1900000,1150000,400000,3450000,3050000,part_time,2024-04-05 08:11
BGT05811,USR003,INC04735,1200000,650000rb,400000,2250000,1850000,allowance,2024-10-14 20:36
BGT09751,USR069,INC03378,2500000,1550000,950000,4950000,4050000,business,2024-07-16 14:49
BGT07278,USR075,INC05882,4900000,2600000,2100000,9650000,7500000,business,2024-01-06 12:24
BGT03481,USR065,INC02978,4050000,2450000,700000,7200000,6500000,freelance,2023-07-07 11:49
BGT03966,USR019,INC09196,1250000,750000,650000,2650000,2000000,part_time,2023-04-13 08:47
BGT03717,USR009,INC06087,,800000,600000,2500000,1750000,scholarship,2023-04-06 18:52
BGT07457,USR046,INC08368,1800000,1050000,650000,3550000,2850000,bonus,2024-09-30 11:20
BGT07517,USR073,INC07302,3650000,2000000,850000,,5650000,salary,2023-07-09 13:54
BGT06693,USR001,INC08478,550000,400000,300000,1200000,950000,scholarship,2024-05-11 10:22
BGT05308,USR009,INC09254,1550000,850000,500000,2900000,2400000,scholarship,2024-09-20 15:33
BGT05383,USR048,INC03694,3450000,2550000,,7450000,6000000,bonus,2023-04-29 22:49
BGT03419,USR013,INC06624,1150000,750000,650000,2550000,1900000,allowance,2024-01-04 18:05
BGT08937,USR007,INC07624,600000,450000,250000,1300000,1050000,allowance,2023-08-24 11:27
BGT01246,USR064,INC07204,3600000,2600000,1750000,7950000,6200000,business,2023-06-15 17:54
BGT09132,USR045,INC09298,1650000,1050000,450000,3150000,2700000,freelance,2024-05-24 21:03
BGT09221,USR039,INC03277,1150000,600000,350000,2150000,1750000,freelance,2023-03-13 09:11
BGT09784,USR041,INC08905,3300000,1700000,1350000,6350000,5000000,freelance,2023-09-01 06:14
BGT05573,USR072,INC02709,4050000,1950000,1500000,7500000,6000000,business,2024-09-27 20:08
BGT00652,USR048,INC08093,2900000,2000000,1000000,5950000,4900000,business,2024-07-09 01:02
BGT09769,USR049,INC02113,1850000,1050000,1000000,3900000,2900000,bonus,2023-09-17 19:47
BGT00047,USR017,INC02450,650000,,150000,1150000,1000000,allowance,2024-11-04 09:42
BGT01480,USR030,INC06503,1700000,1000000,700000,3400000,2700000,allowance,2024-08-05 18:27
BGT06206,USR072,INC05305,3000000,1750000,1500000,6200000,4750000,investment_return,2024-01-29 18:50
BGT09442,USR044,INC02908,2500000,1450000,850000,4850000,3950000,freelance,2024-10-09 14:49
BGT03715,USR025,INC00610,1100000,600000,400000,2100000,1700000,allowance,2023-04-28 06:00
BGT09972,USR062,INC09297,2750000rb,2050000,1350000,6150000,4800000,investment_return,2024-04-24 00:05
BGT03930,USR058,INC00885,3100000,1850000,1250000,6150000,4950000,bonus,2024/08/03 06:53
BGT08859,USR059,INC04465,1900000,1450000,950000,4300000,3350000,business,2024-06-03 08:10
BGT00045,USR030,INC04912,2300000,1550000,850000,,3850000,part_time,2023-11-13 23:07
BGT02687,USR019,INC07367,1350000,800000,550000,2700000,2150000,allowance,2023-10-26 07:40
BGT00193,USR036,INC04439,1500000,900000,550000,2950000,2400000,part_time,2024-05-20 03:15
BGT05040,USR053,INC08676,3900000,2600000,1350000,7850000,6500000,business,2023-04-26 21:15
BGT09286,USR052,INC05239,2750000,1550000,1200000,5500000,4300000,bonus,2024-11-17 21:27
BGT05463,USR062,INC08113,4400000,2300000,1450000rb,8150000,6700000,investment_return,2024-02-03 01:21
BGT00519,USR008,INC00846,1200000,750000,650000,2650000,1950000,allowance,2024-04-14 05:36
BGT00437,USR026,INC02145,1500000,850000,550000,2850000,2350000,internship,2024-11-21 14:32
BGT03949,USR024,INC07185,1350000,950000,700000,2950000,2300000,allowance,2024-09-12 17:33
BGT09899,USR032,INC05999,800000,500000,300000,,1300000,allowance,2024-05-14 10:48
BGT00271,USR039,INC01562,2400000,1500000,1100000,4950000,3900000,allowance,2024-06-20 02:00
BGT00954,USR051,INC08633,3150000,1950000,1600000,6650000,5100000,freelance,2024-05-14 10:24
BGT09574,USR035,INC00964,1450000,950000,400000,2800000,2400000,allowance,2024-09-17 03:27
BGT07607,USR048,INC09902,2250000,1150000,650000,4050000,3400000,business,2024-09-04 23:09
BGT01572,USR041,INC04303,3350000,2350000,1700000,,5700000,business,24/03/2024 02:53
BGT06185,USR041,INC08106,3150000,1650000,,6300000,4800000,business,2023-10-22 23:07
BGT08204,USR024,INC00931,,1250000,850000,3900000,3050000,freelance,2023-10-21 08:51
BGT04691,USR025,INC09072,2550000,1500000,650000,4750000,4050000,internship,
BGT06449,USR005,INC01357,1400000,850000,650000,2900000,2250000,part_time,2023-10-16 09:10
BGT02726,USR054,INC02740,1400000,1000000,750000,3150000,2400000,business,2024-01-06 09:08
BGT05347,USR065,INC07958,3500000,2550000,1700000,7750000,6050000,freelance,2024-07-28 15:13
BGT08765,USR005,INC01660,,400000,400000,1450000,1050000,allowance,2023-11-18 08:01
BGT04245,USR032,INC07713,850000,500000,200000,1550000,1350000,internship,2024-07-31 01:41
BGT09808,USR055,INC03652,3950000,2050000,1600000,7550000,6000000,bonus,2023-02-06 12:26
BGT04411,USR011,INC00345,900000,450000,,1750000,1350000,allowance,2024-12-30 19:33
BGT04371,USR013,INC05701,850000,450000,250000,1550000,1300000,scholarship,2023-07-01 21:30
BGT01119,USR047,INC05793,2450000,1250000,900000,4600000,3700000,freelance,
BGT01261,USR016,INC03723,1000000,650000,250000,1900000,1650000,scholarship,2024-01-01 02:58
BGT07533,USR027,INC00380,2100000,1200000,600000rb,3900000,3300000,allowance,2024-09-09 05:54
BGT05606,USR046,INC09084,1800000,900000,700000,3400000,2700000,salary,2024-06-14 12:05
BGT09908,USR046,INC04545,1800000,1250000,600000,3650000rb,3050000,,2023-05-11 13:45
BGT05806,USR010,INC09446,1050000,-750000,400000,2200000,1800000,part_time,2023-11-21 23:48
BGT01824,USR042,INC09398,2650000,1350000,900000,4900000,4000000,bonus,2023-10-02 20:35
BGT08023,USR057,INC03157,4250000,2500000,1100000,7850000,6750000,salary,2024-11-07 18:28
BGT05805,USR064,INC05193,4100000,2550000,1250000,7900000,6650000,investment_return,2024-11-20 01:35
BGT01114,USR034,INC04984,2100000,1250000,800000,,3350000,internship,2024-05-21 22:49
BGT04504,USR023,INC07868,850000,550000,250000,1650000,1400000,freelance,2024-10-16 11:48
BGT04186,USR027,INC04505,2300000,1600000,950000,4850000,3900000,allowance,2023-08-08 09:07
BGT08827,USR031,INC06081,1150000,600000,350000,2100000,1750000,part_time,2024-11-30 20:15
BGT07901,USR018,INC03408,1100000,650000,200000,2000000,1750000,part_time,2023-06-13 02:38
BGT04307,USR054,INC04885,3200000,2050000,1150000,6350000,5250000,freelance,2023-12-23 15:20
BGT09563,USR046,INC03732,1850000,1250000,750000,3850000,3100000,salary,2024-03-12 12:22
BGT07467,USR061,INC05550,,2750000,1250000,8350000,7100000,investment_return,2024-06-09 10:29
BGT02814,USR054,INC06477,4300000,2600000,950000,7850000,6900000,freelance,2024-02-29 10:51
BGT06361,USR020,INC07315,1100000,650000,700000,2450000,1750000,scholarship,2024-09-29 10:55
BGT07129,USR012,INC03719,1300000,750000,600000,2650000,2050000,part_time,2023-11-01 13:36
BGT08893,USR038,INC00325,1650000,900000,550000,3100000,2550000,internship,2023-07-21 18:50
BGT07544,USR045,INC06022,2450000,1550000,1200000,5200000,4000000,salary,2024-08-09 13:14
BGT03708,USR027,INC04025,700000,400000,400000,1500000,1100000,freelance,2024-04-04 01:18
BGT02100,USR037,INC03340,850000,400000,300000,1550000,1250000,internship,2023-07-10 15:11
BGT02944,USR068,INC05440,3900000,2500000,2500000,8850000,6400000,bonus,2024-04-09 14:25
BGT06430,USR028,INC04484,1850000,1150000,900000,3900000,3000000,part_time,
BGT07600,USR057,INC07551,1850000,1250000,1050000,4150000,3100000,business,02/03/2023 04:20
BGT06970,USR047,INC03117,3200000,2000000,1250000,6450000,5200000,salary,2023-06-14 11:09
BGT05214,USR053,INC00895,1750000,1200000,800000,3700000,2950000,freelance,2023-03-07 07:39
BGT01113,USR025,INC01154,1350000,700000,700000,2750000,2050000,freelance,2024-02-23 21:43
BGT08093,USR037,INC08498,2250000,1200000,750000,4200000,3450000,part_time,2023-03-18 11:55
BGT03777,USR009,INC02837,650000,350000,250000,1250000,1000000,scholarship,2024-10-25 14:28
BGT06772,USR018,INC02727,1350000,850000,650000,2850000.00,2200000,allowance,2024-11-21 06:41
BGT03445,USR060,INC00821,1900000,1200000,450000,3550000,3100000,business,2024-09-09 21:13
BGT06246,USR022,INC06155,1100000,550000,350000,1950000,1650000,allowance,
BGT05183,USR016,INC06023,650000,400000,150000,1200000,1050000,part_time,2024-06-11 13:56
BGT06643,USR072,INC07562,4800000,2800000,1150000,8750000,7600000,business,2024-05-25 04:58
BGT07883,USR040,INC05097,,1050000,1000000,3900000,2900000,allowance,2023-01-26 17:29
BGT05889,USR055,INC03255,2200000,1400000,800000,4400000,3600000,business,2023-02-11 15:24
BGT09940,USR038,INC08352,1600000,900000,950000,3450000,2500000,allowance,2023-04-05 23:39
BGT07513,USR043,INC02558,3750000,2300000,1400000,7500000,6050000,business,2024-08-16 20:55
BGT02161,USR033,INC04380,1700000,950000,900000,3500000,2650000,freelance,2023-09-23 19:39
BGT06231,USR026,INC08450,1900000,1150000,400000,3450000,3050000,internship,2023-09-18 00:47
BGT04482,USR064,INC00578,3950000,2750000,1350000,8050000,6700000,investment_return,2023-09-22 04:33
BGT07185,USR009,INC08591,1200000,750000,300000,2200000,1950000,scholarship,2023-07-14 19:51
BGT03497,USR021,INC01274,1700000,1000000,950000,3650000,2700000,freelance,2024-04-29 11:33
BGT00095,USR029,INC09607,2050000,1150000,,3950000,3200000,freelance,2024-07-13 11:37
BGT08266,USR040,INC09805,850000,450000,350000,1650000,1300000,freelance,2024-07-28 20:28
BGT09487,USR050,INC00019,3950000,2200000,1150000,7300000,6150000,salary,2024-11-22 07:05
BGT07733,USR046,INC01004,2300000,1250000,1250000,4750000,3550000,business,2024-06-28 16:07
BGT03459,USR016,INC02504,550000,350000,300000,1150000,900000,scholarship,2023-06-17 05:21
BGT04452,USR036,INC04023,2250000,1550000,1200000,5000000,3800000,part_time,2024-10-04 16:32
BGT04305,USR002,INC01851,800000,500000,200000,1500000,1300000,,2023-11-05 18:17
BGT02690,USR071,INC07433,3300000,2300000,1150000,6700000,5600000,bonus,2024-05-15 15:36
BGT01068,USR072,INC01540,3700000,2150000,2050000,7900000,5850000,bonus,2024-04-23 16:28
BGT00919,USR021,INC00793,1450000,800000,550000,2800000,2250000,allowance,2023-09-09 12:28
BGT03742,USR010,INC03833,1000000,550000,450000,2000000,1550000,scholarship,2024-12-26 02:43
BGT06909,USR049,INC02046,3000000,1950000,1750000,6650000,4950000,freelance,2024-06-27 02:19
BGT06253,USR057,INC06457,1900000,1200000,400000,3500000,3100000,salary,2023-11-06 02:49
BGT03105,USR018,INC02773,550000,450000,300000,1250000,1000000,part_time,2024-08-09 19:16
BGT01717,USR065,INC03435,3450000,2150000,2050000,7650000,5600000,salary,2024-01-13 02:40
BGT09233,USR058,INC01826,2800000,1750000,850000,5400000,4550000,bonus,2023-02-24 16:05
BGT03830,USR066,INC09089,3750000,2450000,1750000,7950000,6200000,investment_return,2024-06-03 07:30
BGT00081,USR050,INC06684,2150000,1350000,1000000,4500000,3500000,bonus,2023-09-15 16:09
BGT05525,USR010,INC05983,1250000,650000,650000,2550000,1900000,part_time,2023-11-16 15:51
BGT02604,USR042,INC02901,2700000,1350000,1000000,5050000,4050000,freelance,2024/01/28 22:28
BGT09752,USR039,INC00609,1050000,550000,450000,2100000,1600000,internship,2024-09-25 11:43
BGT06422,USR073,INC08786,4500000,2900000,2350000,9750000,7400000,investment_return,2024-07-06 10:41
BGT07679,USR020,INC05675,1200000,750000,450000,2450000,1850000,part_time,2024-06-14 18:47
BGT08543,USR022,INC07679,1550000,950000,900000,3400000,2500000,internship,2023-12-08 09:14
BGT07227,USR063,INC06890,3950000,2450000,1200000,7600000,6400000,freelance,2024-01-27 23:01
BGT02502,USR042,INC07825,1800000,1050000,850000,3700000,2850000,freelance,2024-05-06 02:14
BGT06241,USR012,INC01766,900000,550000,200000,1650000,1450000,part_time,2024-08-21 13:36
BGT05560,USR017,INC08812,800000,500000,300000,1600000,1300000,part_time,2023-05-01 07:19
BGT04259,USR029,INC04125,1600000,1050000,550000,3200000,2650000,freelance,2024-03-11 06:37
BGT09832,USR036,INC06928,800000,500000,250000,1550000,1300000,internship,2023-05-01 18:45
BGT04610,USR068,INC05721,2900000,1950000,1600000,6500000,4850000,business,2023-12-07 13:38
BGT01492,USR033,INC03373,1150000,800000,400000,2300000,1950000,allowance,2023-05-07 19:05
BGT00268,USR048,INC08413,3550000,2300000,1100000,7000000,5850000,salary,2023-10-03 04:35
BGT03557,USR007,INC06077,900000,600000,300000,1800000,1500000,part_time,2023-11-22 10:33
BGT06369,USR047,INC08133,2300000,1600000,1200000,5100000,3900000,business,2023-04-01 16:33
BGT08785,USR021,INC05293,1800000,950000,700000,3450000,2750000,part_time,2024-02-11 14:07
BGT04243,USR072,INC06946,3200000,1950000,2000000,7150000,5150000,bonus,2024-01-16 06:44
BGT09012,USR001,INC04119,,600000,400000,2000000,1600000,scholarship,2023-01-02 05:25
BGT04924,USR047,INC04082,3550000,2150000,2000000,7700000.00,5700000,freelance,2024-12-30 02:19
BGT02895,USR052,INC03888,4050000,2300000,1050000,7400000,6350000,business,2023-07-22 04:00
BGT09292,USR037,INC02211,2200000,1550000,950000,4650000,3750000,part_time,2024-10-07 13:35
BGT09371,USR045,INC06833,2600000,1500000,1100000,5250000,4100000,freelance,2023-02-21 16:33
BGT01927,USR001,INC01487,1300000,700000,600000,2550000,2000000,allowance,2023-07-21 02:05
BGT01274,USR051,INC04009,2300000,1300000,600000,4200000,3600000,business,2023-11-19 02:38
BGT02894,USR022,INC09555,900000,450000,300000,1650000,1350000,allowance,2024-04-01 11:05
BGT09598,USR023,INC02545,950000,600000,550000,2100000,1550000,freelance,2024-04-03 17:44
BGT02804,USR024,INC04570,1800000,950000,600000,3350000,2750000,internship,2023-09-10 16:26
BGT04534,USR018,INC03900,1050000,600000,250000,1950000,1650000,scholarship,2024-06-13 15:37
BGT04890,USR048,INC08189,3350000,1900000,1150000,,5250000,business,18/08/2024 03:09
BGT08875,USR075,INC06425,4600000,2750000,,9150000,7350000,investment_return,2024-10-17 06:38
BGT09922,USR074,INC08810,4300000,2350000,2000000,8650000,6650000,bonus,2024-05-22 10:35
BGT04649,USR010,INC06150,750000,400000,300000,1450000,1150000,scholarship,2023-10-07 11:52
BGT05258,USR048,INC03765,1400000,1000000,750000,3200000,2400000,bonus,2024-01-13 01:34
BGT07758,USR015,INC05098,,750000,750000,2850000,2100000,part_time,2024-11-08 10:52
BGT01708,USR038,INC00795,2400000,1500000,900000,4800000,3900000,allowance,2023-12-28 07:00
BGT09222,USR032,INC04930,1450000,850000,800000,3100000,2300000,allowance,2023-10-06 09:32
BGT06846,USR044,INC01602,1750000,1100000,,3400000,2850000,business,2024-11-20 17:59
BGT08601,USR027,INC07463,1550000,800000,400000,2750000,2350000,allowance,2024-07-06 08:35
BGT07944,USR045,INC01797,2700000,1350000,1000000,5050000,4050000,salary,2023-07-11 21:09
BGT00847,USR073,INC05008,2500000,1350000,1050000rb,4900000,3850000,bonus,2024-01-18 04:05
BGT01810,USR017,INC04899,1200000,650000,300000,2150000,1850000,scholarship,2023-09-15 14:40
BGT08704,USR028,INC04960,1150000,900000,550000,2600000,2050000,internship,2023-12-19 22:25
BGT09057,USR016,INC04863,1400000,800000,600000,2800000,2200000,allowance,2023-11-27 04:34
BGT05588,USR074,INC04610,2850000,1850000,1500000,6150000.00,4700000,bonus,2023-11-07 05:11
BGT04707,USR067,INC06373,2000000,1400000,1000000,4450000,3400000,bonus,2023-09-20 10:11
BGT04716,USR037,INC06678,2600000,1550000,650000,4800000,4150000,internship,2023-05-23 03:01
BGT00474,USR074,INC04730,2150000,1400000,700000,4250000,3550000,freelance,2023-05-02 14:48
BGT03953,USR047,INC00290,1750000,1100000,1000000,3850000,2850000,business,2024-12-20 17:24
BGT06289,USR023,INC06560,1100000,800000,550000,2450000,1900000,internship,09/09/2024 00:27
BGT04219,USR059,INC05321,2350000,1250000,900000,4550000,3600000,salary,2023-09-07 04:27
BGT09182,USR021,INC08900,2300000,1250000,800000,4350000,3750000,freelance,2024-01-23 12:20
BGT00228,USR061,INC00883,2200000,1400000,550000,4150000,3600000,freelance,2023-02-28 09:44
BGT02993,USR006,INC02534,650000,350000,200000,1200000,1000000,scholarship,2023-11-07 16:36
BGT05550,USR042,INC04370,2950000,1950000,1250000,6150000,4900000,freelance,2023-11-17 07:23
BGT06308,USR055,INC07661,4000000,2200000,1450000,7650000,6200000,salary,2023-10-30 19:03
BGT08324,USR035,INC08427,1400000,800000,350000,2550000,2200000,part_time,2023-03-20 16:36
BGT01305,USR029,INC00220,1650000,950000,500000,3100000,2600000,allowance,2023-09-11 15:50
BGT04372,USR026,INC07303,850000,550000,200000,1600000,1400000,allowance,2023-09-27 15:14
BGT08696,USR003,INC09550,1300000,700000,700000,2700000,2000000,part_time,2024-07-06 05:29
BGT07392,USR011,INC03662,850000,450000,250000,1600000,1300000,allowance,2024-07-15 02:48
BGT05137,USR027,INC00229,2400000,1400000,750000,4550000,3800000,internship,2024-12-13 17:54
BGT06703,USR013,INC02870,700000,400000,300000,1450000,1100000,allowance,2024-05-19 09:47
BGT05437,USR022,INC07689,1650000,,1100000,3750000,2650000,freelance,2023-11-26 11:11
BGT03407,USR062,INC00783,2400000,1650000,1200000,5250000,4050000,business,21/03/2023 08:36
BGT08340,USR001,INC09041,1250000,650000,600000,2500000,1900000,part_time,2023-04-15 01:15
BGT02049,USR067,INC03209,5100000,2800000,1500000,9400000,7900000,bonus,2024-05-23 09:24
BGT07818,USR061,INC05752,2800000,1350000,900000,5050000,4150000,bonus,2024-02-06 13:55
BGT08829,USR039,INC00861,1350000,700000rb,550000,2550000,2050000,allowance,2023-10-01 15:31
BGT05873,USR032,INC03116,1700000,850000,,3300000,2550000,part_time,2023-11-05 00:30
BGT07863,USR068,INC08989,3650000,2150000,1200000rb,,5800000,bonus,2024-03-01 08:00
BGT01430,USR017,INC01376,1000000,500000,300000,1800000,1500000,part_time,2023-04-24 11:48
BGT04589,USR021,INC09343,1950000,1400000,950000,4300000,3350000,PART_TIME,2023-03-04 05:07
BGT03427,USR011,INC06430,950000,650000,400000,2000000,1600000,scholarship,2023-11-24 09:06
BGT04369,USR066,INC03680,2300000,1450000,1100000,4850000,3200000,business,2024-02-28 18:37
BGT07986,USR015,INC09416,750000,450000,250000,1500000,1200000,allowance,2023-10-11 15:58
BGT09300,USR063,INC00473,3650000,2300000,1200000,7200000,5950000,investment_return,2023-09-15 13:11
BGT03401,USR011,INC08828,1300000,900000,500000,2750000,2200000,scholarship,2023-10-18 07:04
BGT00384,USR028,INC05072,1650000,1050000,500000,3250000,2700000,allowance,2023-06-12 01:02
BGT01969,USR024,INC00097,1650000,1150000,550000,3350000,2800000,allowance,2023-09-27 03:38
BGT00152,USR025,INC08176,,600000,300000,1900000,1600000,internship,2024-03-19 09:10
BGT07978,USR017,INC08388,1200000,-850000,,2500000,2050000,allowance,2024-05-04 01:21
BGT09613,USR064,INC03188,4200000,2650000,1700000,8550000,6850000,freelance,2024-08-11 07:30
BGT06379,USR030,INC08472,1750000,850000,650000,3200000,2600000,internship,2023-06-13 17:52
BGT06662,USR002,INC09638,1100000,550000,400000,2000000,1650000,allowance,2023-02-03 06:22
BGT08099,USR041,INC06662,2900000,1900000,1000000,5800000,4800000,freelance,2024-03-11 18:21
BGT01052,USR004,INC04296,550000,350000,300000,1150000rb,900000,scholarship,2024-06-06 03:38
BGT07251,USR073,INC08034,4450000,2950000,2100000,9500000,7400000,investment_return,2023-04-10 21:16
BGT06115,USR014,INC02488,850000,500000,350000,1750000,1350000,part_time,2024-07-23 17:48
BGT09872,USR048,INC00723,2250000,1600000,1150000,4950000,3850000,bonus,2024-04-21 03:17
BGT06050,USR035,INC04073,1400000,1000000,700000,3150000,2400000,freelance,2024-03-13 11:44
BGT04760,USR014,INC07350,600000,300000,200000,1050000,900000,allowance,2024-04-27 20:01
BGT03391,USR031,INC02276,1550000,1100000,700000,3350000,2650000,freelance,2023-02-22 09:48
BGT06629,USR048,INC03596,1600000,1000000,550000,3150000,2600000,bonus,2024-12-06 04:57
BGT08306,USR047,INC01878,2050000,1250000,600000,3900000,3300000,bonus,2023-09-14 01:22
BGT05349,USR055,INC06502,2650000,1750000,1100000,5500000,4400000,,2023-06-05 06:04
BGT08062,USR052,INC05688,2800000,1650000,600000,5050000,4450000,business,2024-03-31 21:38
BGT05911,USR031,INC04339,-2750000,1450000,700000,4900000,4200000,freelance,2023-04-20 23:57
BGT05761,USR017,INC03895,600000,350000,150000,1100000,950000,part_time,2024-04-24 10:29
BGT01471,USR014,INC05194,1200000,750000,700000,2650000,1950000,part_time,2024-07-10 13:39
BGT09460,USR048,INC01028,2200000,1200000,650000,4050000,3400000,freelance,
BGT08352,USR006,INC09973,700000,,,1600000,1250000,scholarship,2023-04-01 16:05
BGT02848,USR069,INC04771,4200000,2550000,2750000,9500000,6750000,freelance,2023-07-02 11:51
BGT04149,USR066,INC01089,3500000,2300000,1100000,6900000,5800000,bonus,2024-12-28 04:08
BGT06239,USR027,INC02127,1200000,700000,550000,,1900000,part_time,2023-01-16 04:38
BGT07360,USR067,INC00206,4050000,2600000,2000000,,6650000,investment_return,2024-01-18 10:24
BGT05263,USR072,INC03123,2200000,1500000,1000000,4650000,3700000,business,2024-02-02 20:52
BGT01673,USR032,INC04946,2100000,1200000,600000,3850000,3300000,allowance,2024-12-17 20:36
BGT09183,USR028,INC05459,1400000,,600000,2950000,2350000,internship,2024-02-13 02:20
BGT05461,USR071,INC04268,4750000,2750000,1300000,8800000,7500000,bonus,2023-04-19 15:06
BGT05942,USR028,INC02939,1050000,550000,550000,2200000,1600000,part_time,2023-06-09 16:06
BGT06876,USR009,INC06895,600000,350000,200000,1200000,950000,scholarship,2024-10-28 21:44
BGT06116,USR007,INC07487,750000,400000,350000,1500000,1150000,scholarship,
BGT08920,USR043,INC02811,3600000,2650000,1750000,8000000,6250000,business,2024-11-27 23:35
BGT05589,USR048,INC00533,2550000,1750000,1200000,,4300000,salary,15/03/2023 19:47
BGT03803,USR019,INC03656,950000,700000,,2100000,1650000,scholarship,
BGT07997,USR064,INC01117,4150000,2400000,1750000,8300000,6550000,business,2023-12-20 21:13
BGT01516,USR049,INC07362,3750000,1950000rb,1100000,6800000,5700000,business,2024-08-21 15:41
BGT04715,USR017,INC08378,1100000,700000,500000,2300000,1800000,allowance,2023-05-18 03:45
BGT01457,USR045,INC00305,3750000,2300000,1150000,7200000,6050000,salary,2023-08-23 03:06
BGT09605,USR050,INC02213,2850000,1750000,900000,5500000,4600000,bonus,2024/08/27 02:38
BGT04726,USR056,INC00521,1550000,1050000,700000,3250000,2600000,business,2024-12-16 22:04
BGT03945,USR055,INC06857,1900000,1200000,650000,3750000,3100000,business,2024-06-05 12:57
BGT05815,USR064,INC06100,2300000,1600000,800000,4650000,3900000,investment_return,2023-11-27 11:06
BGT05391,USR052,INC02229,1650000,1050000,800000,3500000,2700000,business,2024-11-26 18:40
BGT09214,USR009,INC01525,-1150000,750000,400000,2300000,1900000,part_time,
BGT03447,USR019,INC05506,850000,500000,200000,1500000,1350000,allowance,2023-03-05 05:48
BGT09129,USR057,INC05876,3150000,1800000,750000,5700000,4950000,business,2023-10-02 04:41
BGT07785,USR054,INC03807,3100000,1750000,1600000,6500000,4850000,freelance,2024-05-20 02:22
BGT06883,USR017,INC02756,750000,550000,350000,1650000,1300000,scholarship,2023-11-29 05:55
BGT02317,USR021,INC06220,1800000,1100000,400000,3300000,2900000,internship,2024-09-30 08:13
BGT08376,USR005,INC03318,1000000,600000,300000,1900000,1600000,part_time,2024-07-15 23:34
BGT07626,USR025,INC02289,2300000,1250000,1050000,4600000,3550000,allowance,2024-03-24 14:08
BGT08916,USR005,INC02480,650000,400000,250000,1250000,1050000,scholarship,2023-07-14 15:39
BGT04994,USR075,INC06721,4600000,3050000,,9800000,7650000,bonus,2024-06-07 07:22
BGT09848,USR059,INC06704,3750000,2300000,900000,6950000,6050000,bonus,2024-08-19 12:11
BGT03328,USR047,INC00387,1800000,,750000,3700000,2950000,freelance,2024-06-03 10:29
BGT06599,USR064,INC02257,3250000,1700000,950000,5900000,4950000,business,2024-06-27 23:14
BGT05732,USR043,INC01561,1700000,1200000,850000,3750000,2900000,freelance,2024-05-23 23:12
BGT05441,USR009,INC04246,1350000,850000,650000,2850000,2200000,allowance,2024-05-10 05:58
BGT06370,USR008,INC07024,1250000,600000,400000,2250000.00,1850000,part_time,2024-08-30 20:20
BGT01788,USR018,INC06518,900000,550000,550000,2050000,1450000,part_time,2023-11-24 17:35
BGT02136,USR057,INC03062,3750000,2000000,1600000,7350000,5750000,salary,2024-05-13 05:34
BGT04929,USR001,INC04316,950000,600000,600000,2150000,1550000,allowance,2024-04-09 08:11
BGT06165,USR005,INC04565,750000,450000,250000,1450000,1200000,part_time,2023-04-21 08:34
BGT08391,USR029,INC09273,2150000,1100000,850000,4100000,3250000,allowance,2023-02-28 17:23
BGT02071,USR054,INC07313,2300000,1400000,600000,4300000,3700000,business,
BGT08271,USR072,INC01681,3400000,2000000,1350000,6750000,5400000,bonus,2023-08-06 09:27
BGT04713,USR012,INC02575,750000,500000,450000,1700000,1250000,part_time,2024-06-25 11:53
BGT09638,USR018,INC00894,1400000,850000,450000rb,2700000,2250000,part_time,2024-05-10 02:36
BGT01394,USR024,INC01386,1100000,850000,600000,,1950000,allowance,2023-08-29 19:03
BGT04508,USR017,INC02335,900000,,350000,1800000,1450000,scholarship,2023-07-25 08:51
BGT04615,USR017,INC00774,850000,550000,500000,1900000,1400000,scholarship,2024-03-13 00:07
BGT05478,USR042,INC08864,3450000,-2150000,900000,6550000,5600000,salary,2023-10-27 10:07
BGT05017,USR002,INC04038,950000,550000,350000,1850000,1500000,ALLOWANCE,2023-02-18 22:12
BGT08218,USR049,INC02193,2600000,1400000,700000,4700000,4000000,business,2024-01-30 14:14
BGT01899,USR021,INC07104,2350000,1500000,600000,4450000,3850000,internship,2024-09-18 13:31
BGT04318,USR007,INC08105,1300000,700000,400000,2450000,2000000,scholarship,2023-05-01 05:16
BGT01965,USR019,INC01031,1550000,850000,400000,2800000,2400000,scholarship,2024-03-18 12:46
BGT08619,USR046,INC05418,4200000,2450000,1000000,7650000,6650000,business,2023-10-01 00:56
BGT07471,USR038,INC03393,1250000,600000,500000,2400000,1850000,freelance,2024-12-27 22:32
BGT06134,USR054,INC01834,1950000,1100000,1250000rb,4300000,3050000,business,2023-09-16 05:18
BGT00942,USR044,INC09536,1350000,900000,800000,3050000,2250000,business,2023-08-03 06:44
BGT08553,USR055,INC06476,2600000,1750000,950000,5350000,4350000,freelance,2024-03-05 10:40
BGT08173,USR015,INC07960,600000,400000,200000,1250000,1000000,allowance,04/02/2023 09:51
BGT07578,USR062,INC07711,2550000,1600000,1400000,5500000,4150000,business,2023-03-05 13:07
BGT01931,USR019,INC01819,1350000,,650000,2850000,2200000,scholarship,2023-10-27 03:59
BGT09678,USR028,INC01008,1050000,650000,600000,2300000,1700000,part_time,2023-09-17 12:21
BGT01776,USR041,INC04909,4250000,2150000,1300000rb,7700000,6400000,freelance,2024-03-03 22:30
BGT04724,USR008,INC08561,600000,400000,200000,1150000,1000000,part_time,2024-01-22 15:07
BGT07490,USR029,INC02765,2050000,1050000,800000,3900000,3100000,part_time,2023-07-21 11:18
BGT01952,USR012,INC09656,1000000,650000,350000,2000000,1650000,scholarship,02/04/2023 20:08
BGT06613,USR074,INC04419,4500000,2750000,,8800000,7250000,investment_return,2023-01-05 18:47
BGT01519,USR023,INC04008,1850000,1100000,900000,3850000,2950000,part_time,2023-04-01 09:13
BGT06724,USR003,INC01449,850000,650000,400000,1900000,1500000,part_time,2023-03-08 09:34
BGT04079,USR055,INC05532,2500000rb,1450000,1200000,5150000,3950000,salary,2023-07-05 12:37
BGT00676,USR031,INC01349,1450000,950000,550000,2950000,2400000,,2024-12-21 15:02
BGT05356,USR005,INC01109,1150000,650000,450000,2250000.00,1800000,part_time,2024-01-01 04:34
BGT00832,USR032,INC00401,1100000,750000,300000,2150000rb,1850000,internship,2023-09-26 00:44
BGT02183,USR052,INC03612,3300000,2000000,950000,6200000,5300000,salary,2023-10-30 09:53
BGT05038,USR008,INC02310,1250000,800000,400000,2450000,2050000,scholarship,2024-11-04 15:46
BGT02479,USR019,INC09442,1300000,800000,450000,2550000,2100000,scholarship,2023-03-05 06:11
BGT01962,USR020,INC06199,900000,500000,250000,1650000,1400000,allowance,2024-12-05 15:21
BGT02742,USR037,INC07630,1150000,750000,500000,2400000,1900000,allowance,2024-06-12 13:41
BGT06871,USR035,INC00913,2600000,1400000,800000,4850000,4000000,internship,2023-05-11 10:01
BGT07105,USR050,INC02273,4000000,2400000,1050000,7450000,6400000,business,2023-07-08 17:38
BGT03685,USR048,INC00476,1400000,800000,850000,3000000,2200000,business,2024-04-16 15:30
BGT01406,USR024,INC09409,1300000,850000rb,400000,2500000,2150000,allowance,2024-12-31 15:30
BGT08314,USR044,INC07820,3500000,2250000,1100000,6850000,5750000,freelance,2024-04-23 08:31
BGT04335,USR028,INC09327,1650000,1000000,1000000,3650000,2650000,part_time,2023/10/12 11:10
BGT05226,USR039,INC07409,1850000,950000,850000,3650000,2800000,allowance,2023-11-06 20:13
BGT03073,USR025,INC08253,2200000,1450000,750000,4400000,3650000,part_time,2024-08-21 01:09
BGT09022,USR050,INC08907,2150000,1250000,500000,3900000,3400000,business,2024-04-28 03:18
BGT00568,USR018,INC09667,850000,650000,400000,1900000,1500000,allowance,2024-04-03 22:58
BGT02158,USR024,INC05298,1250000,600000,400000,2250000,1850000,freelance,2024-03-21 06:20
BGT08950,USR028,INC03309,850000,500000,300000,1650000,1350000,allowance,2023-10-27 22:40
BGT09806,USR075,INC04153,2400000,1750000,,5350000,4150000,bonus,2024-12-01 06:08
BGT09088,USR015,INC00189,550000,300000,150000,1000000,850000,allowance,2023-02-08 15:18
BGT06020,USR033,INC05148,2300000,1250000,1000000,4550000,3550000,freelance,2024-09-16 18:01
BGT00398,USR036,INC07136,900000,500000,350000,1750000,1400000,part_time,2024-04-13 20:34
BGT03926,USR016,INC01663,1250000,-700000,450000,2450000,1950000,allowance,2023-07-01 21:39
BGT00730,USR058,INC06814,2200000,1150000,900000,4250000,3350000,freelance,2024-02-29 13:12
BGT03640,USR064,INC06043,3900000,2550000,1500000,8000000,6450000,bonus,2023-05-29 06:37
BGT05092,USR009,INC08195,1250000,,350000,2350000,2000000,scholarship,2024-01-13 19:57
BGT02132,USR056,INC03178,1800000,1300000,800000,3900000,3100000,business,2024-09-30 07:08
BGT06546,USR039,INC02772,1650000,850000,600000,3100000,2500000,allowance,2023-03-05 00:38
BGT08396,USR052,INC04809,2750000,1850000,1700000,6300000,4600000,freelance,2024-02-03 04:17
BGT00511,USR029,INC04961,1850000,1100000,500000,3500000,2950000,part_time,2024/11/25 03:31
BGT08717,USR048,INC08994,2800000rb,1350000,850000,5000000,4150000,salary,2023-01-28 13:52
BGT05553,USR049,INC07089,3450000,2150000,900000,6500000,5600000,freelance,2024-09-25 08:08
BGT04985,USR014,INC09539,1500000,750000,550000,2800000,2250000,allowance,2024-08-26 08:31
BGT05765,USR058,INC03491,1700000,950000,450000,3100000,2650000,salary,2023-02-14 03:28
BGT00584,USR017,INC02159,1550000,900000,400000,2850000,2450000,allowance,2024-08-24 11:13
BGT06179,USR074,INC05390,4500000,2700000,2800000,10000000,7200000,freelance,2023-09-28 01:30
BGT08473,USR069,INC02752,5000000,2550000,1900000,9400000,7550000,investment_return,2023-07-25 09:48
BGT01610,USR044,INC01613,2150000,1300000,1000000,4450000,3450000,bonus,2024-04-25 13:37
BGT00767,USR024,INC01635,1350000,850000,650000,2850000,2200000,part_time,2023-04-26 10:01
BGT09412,USR037,INC09574,1750000,1000000,350000,3100000,2750000,part_time,03/01/2024 15:12
BGT03177,USR064,INC04462,3200000,1950000,1350000,6500000,5150000,bonus,2023-09-01 18:16
BGT09570,USR065,INC01978,3200000,1650000,850000,5700000,4850000,freelance,2023-02-15 13:41
BGT01848,USR007,INC06389,800000,500000,250000,1550000,1300000,scholarship,2024-11-17 17:50
BGT04594,USR011,INC02537,1300000,750000,450000,,2050000,allowance,2024-09-28 09:13
BGT07881,USR052,INC01911,2650000,1250000,900000,,3900000,salary,2024-03-22 20:47
BGT06959,USR050,INC01844,2650000,1550000,1300000,5500000,4200000,freelance,2023-02-08 01:07
BGT07574,USR048,INC04086,1950000,1450000,850000,4200000,3400000,business,2024-05-16 14:35
BGT03806,USR013,INC06455,1450000,800000,350000,2600000,2250000,allowance,2024/08/07 02:42
BGT01837,USR050,INC00794,2400000,1450000,950000,4800000,3850000,business,2024-07-06 13:29
BGT08995,USR074,INC05213,3250000,1850000,900000,6000000,5100000,salary,2023-02-11 16:57
BGT00803,USR037,INC03457,800000,450000,500000,1800000,1250000,internship,2023-04-28 06:55
BGT02809,USR002,INC00193,550000,300000,250000,1100000,850000,allowance,18/03/2023 07:58
BGT06769,USR001,INC06249,550000,350000,300000,1200000,900000,scholarship,2023-11-25 10:48
BGT03915,USR020,INC02283,750000,450000,350000,1550000,1200000,part_time,2023-08-03 22:57
BGT05398,USR006,INC02873,1450000,1000000,550000,3000000,2450000,PART_TIME,2024-07-20 04:44
BGT05590,USR067,INC09250,4400000,2500000,2450000,9350000,6900000,business,2024-10-11 11:35
BGT04286,USR054,INC08861,3700000,2500000,1200000,7400000,7100000,business,2024-01-17 20:59
BGT02243,USR064,INC03919,4300000,2300000,1100000,7700000,6600000,salary,2023-11-30 13:16
BGT00735,USR033,INC09614,1650000,1000000,400000,3050000,2650000,part_time,2024-08-22 09:53
BGT04136,USR046,INC01296,2650000,1650000,1600000,5900000,4300000,freelance,2024/10/14 14:46
BGT03261,USR059,INC05931,3500000,2100000,750000,6350000,5600000,business,2024-02-12 11:07
BGT05417,USR062,INC03227,4350000,2650000rb,2450000,9450000,7000000,business,
BGT05373,USR074,INC00024,2850000,1950000,1250000,6050000,4800000,bonus,2023-01-10 09:28
BGT06951,USR033,INC08726,1300000,750000,300000,2350000,2050000,internship,2024-01-28 12:24
BGT02084,USR006,INC01475,900000,500000,450000,1850000rb,1400000,part_time,2023-01-27 12:58
BGT03208,USR014,INC04677,600000,350000,300000,1250000,950000,allowance,2023-12-12 16:34
BGT05877,USR019,INC03119,800000,500000,150000,1450000,1300000,allowance,2023-03-16 02:53
BGT03363,USR067,INC01481,2250000,1550000,1350000,5150000,3800000,freelance,2023-04-03 00:40
BGT06329,USR046,INC06109,2600000,1450000,900000,4950000.00,4050000,salary,2024-09-14 10:58
BGT05279,USR050,INC09152,3350000,2350000,1900000,7650000,5700000,bonus,2023-01-06 06:18
BGT04057,USR018,INC04849,1500000,900000,400000,2750000,2400000,allowance,2024-03-21 04:11
BGT02722,USR016,INC01809,900000,550000,500000,1950000,1450000,,2024-01-09 02:47
BGT04239,USR048,INC04423,2900000,2100000,1500000,6500000,5000000,freelance,2023-07-10 22:38
BGT01367,USR059,INC08411,3800000,2250000,1000000,7000000,6050000,freelance,2024-12-08 04:58
BGT02257,USR050,INC04614,1700000,1000000,400000,3050000,2700000,salary,2023-02-02 23:23
BGT03152,USR058,INC07697,1850000,1050000,800000,3700000,2900000,bonus,2023-03-24 13:32
BGT07260,USR009,INC07271,1400000,1000000,550000,3000000,2400000,part_time,2023-02-21 13:27
BGT00233,USR072,INC08338,3350000,1850000,1950000,7150000,5200000,freelance,2023-03-10 09:39
BGT04278,USR061,INC01303,,2500000,1300000,7500000.00,6250000,salary,2023-02-10 09:04
BGT00811,USR065,INC05352,4100000,2850000rb,1750000,8700000,6950000,business,2023-04-28 21:03
BGT03249,USR021,INC02082,1700000,1100000,600000,3400000,2800000,internship,2023-05-11 03:10
BGT03869,USR044,INC01769,3050000,1800000,1800000,6600000,4850000,bonus,2024-02-16 17:05
BGT05904,USR010,INC00020,650000,300000,200000,1150000,950000,part_time,2023-12-10 04:09
BGT06431,USR048,INC03045,3650000,2300000,950000rb,6900000rb,5950000,bonus,
BGT09021,USR049,INC07174,2700000,1900000,1150000,5750000,4600000,freelance,2024-02-17 03:19
BGT03078,USR058,INC01707,3750000,2200000,900000,6800000,5950000,FREELANCE,2024-09-16 12:53
BGT07201,USR064,INC07023,4450000,2550000,950000,7950000,7000000,freelance,2023-05-13 07:04
BGT04900,USR048,INC09644,2400000,1450000,700000,4500000,3850000,salary,2024-04-22 19:25
BGT05689,USR026,INC03776,950000,550000,300000,1850000,1500000,part_time,2023-03-27 17:36
BGT08351,USR066,INC03064,1950000,1350000,1050000,4300000,3300000,freelance,2024-02-07 14:48
BGT05407,USR072,INC04374,2000000,1300000,,4300000,3300000,bonus,2024-12-22 06:58
BGT02925,USR049,INC07318,3850000,2100000,1300000,7250000,5950000,freelance,2023-09-02 04:24
BGT08296,USR022,INC03938,1300000,700000,600000,2650000,2000000,freelance,2023-01-03 01:41
BGT05544,USR070,INC07950,3550000,2250000,800000,6550000,5800000,investment_return,2023-08-24 01:20
BGT00698,USR049,INC05559,3850000,2250000,1000000,7100000,6100000,SALARY,2024-10-07 20:38
BGT08254,USR065,INC01519,3700000,2700000,1800000,8200000,6400000,business,2024-09-09 02:45
BGT03060,USR031,INC01270,800000,450000,400000,1650000,1250000,part_time,
BGT05654,USR067,INC04557,5050000,3150000,1350000,9550000,8200000,bonus,2023-03-14 12:18
BGT02011,USR031,INC01106,2250000,1700000,1050000,4950000,3950000,part_time,2024-11-28 13:38
BGT07232,USR010,INC08095,800000,550000,300000,1650000,1350000,part_time,2024-07-27 23:15
BGT04010,USR060,INC06772,1800000,1200000,750000,3700000rb,3000000,business,2023-03-17 10:18
BGT02744,USR007,INC00274,1300000,750000,850000,2900000,2050000,allowance,2024-06-21 19:27
BGT09121,USR004,INC08876,600000,400000,300000,1250000,1000000,allowance,2024-12-16 02:41
BGT04570,USR004,INC02080,1250000,750000,600000,2600000,2000000,allowance,2024-04-26 08:41
BGT03146,USR069,INC03688,3650000,1850000,1300000,6800000,5500000,freelance,2023-03-17 11:15
BGT07915,USR046,INC05228,2200000,1050000,800000,4050000,3250000,freelance,2023-05-05 14:36
BGT00305,USR012,INC07519,1150000,750000,400000,2300000,1900000,part_time,2024-05-29 05:15
BGT09823,USR055,INC01720,4300000,2500000,1200000,8000000,6800000,freelance,2024-01-19 09:30
BGT00221,USR069,INC06978,,2850000,2550000,9900000,9050000,salary,2024-08-23 03:02
BGT03747,USR061,INC08473,2650000,1700000,850000,5200000,4350000,bonus,2024-02-10 16:22
BGT04538,USR005,INC02916,700000,500000,400000,1600000,1200000,allowance,2024-06-24 08:10
BGT09180,USR015,INC09441,1550000,950000,350000,2850000,2500000,allowance,2024-01-10 13:38
BGT09796,USR057,INC06330,2850000,1600000,1750000,6200000,4450000,FREELANCE,2023-11-05 18:19
BGT09083,USR068,INC06873,3450000,1950000,1500000,6900000,5400000,business,2023-10-01 03:53
BGT00957,USR068,INC08766,3850000,2500000,2250000,8600000,6350000,freelance,2023-06-02 07:58
BGT01012,USR009,INC07475,1400000,850000,600000,,2250000,allowance,2023-01-24 18:19
BGT01722,USR016,INC01070,850000,500000,500000,1800000,1350000,allowance,2023-01-31 03:37
BGT04117,USR052,INC00294,,1000000,850000,3700000,2850000,bonus,2023-02-23 11:29
BGT05191,USR067,INC05265,4000000,2150000,1550000,7700000,6150000,freelance,2024-06-22 00:33
BGT03042,USR005,INC00261,1300000,650000rb,400000,2400000,1950000,scholarship,2024-06-09 09:54
BGT01904,USR016,INC07601,1100000,650000,,1950000,1750000,allowance,2024-05-31 20:11
BGT02985,USR044,INC01213,2350000,1250000,1200000,4750000,3600000,bonus,2023-10-15 08:10
BGT09971,USR035,INC00335,950000,600000,250000,1800000,1550000,part_time,2024-12-20 23:52
BGT02374,USR034,INC08875,1150000,750000,450000,2350000,1900000,allowance,2024-08-10 11:08
BGT04063,USR035,INC09151,750000,500000,400000,1650000,1250000,part_time,2024-08-01 06:48
BGT08837,USR020,INC02746,900000,550000,400000,1850000,1450000,part_time,2024-03-30 13:29
BGT09204,USR022,INC01433,1850000,1000000,600000,3450000,2850000,allowance,2023-10-21 04:53
BGT08120,USR040,INC05851,2300000,1400000,600000,4300000,3700000,internship,2024-01-11 13:15
BGT03396,USR001,INC00945,1350000,900000,,2850000,2250000,allowance,2024-06-03 17:26
BGT09986,USR005,INC08031,900000,450000,250000,1600000,1350000,scholarship,2024-06-06 18:20
BGT08618,USR059,INC05613,1850000,1050000,650000,3550000,2900000,business,2023-09-23 10:09
BGT05753,USR064,INC06875,5500000,2650000,1650000,9850000rb,8150000,salary,2024-08-23 08:11
BGT05202,USR064,INC00943,3250000,,1250000,6650000,5400000,investment_return,2023-08-22 08:02
BGT06474,USR072,INC06898,3700000,2300000,1900000,7900000,6000000,bonus,2023-08-21 10:54
BGT08091,USR046,INC02553,2100000,1050000,750000,3850000,3150000,freelance,2024-08-31 22:56
BGT02404,USR070,INC08953,4050000,2250000,950000,7250000,6300000,business,2024-03-11 09:13
BGT02521,USR041,INC09852,2900000,1900000,1100000,5900000,4800000,freelance,2023-09-08 17:22
BGT00820,USR008,INC09182,1350000,800000,850000,3000000,2150000,part_time,2023-08-25 00:48
BGT07842,USR011,INC08476,1000000,600000,700000,2300000,1600000,allowance,2023-12-05 03:05
BGT05814,USR044,INC02532,2800000,1450000,1200000,5450000,4250000,freelance,
BGT04246,USR017,INC08451,-1200000,,350000,2250000,1900000,allowance,2024-07-29 09:56
BGT06932,USR009,INC04965,650000,400000,350000,1350000,1050000,part_time,2024-09-07 21:26
BGT08450,USR024,INC06514,2350000,1350000,1300000,5000000,3700000,part_time,2024-05-14 22:11
BGT06218,USR063,INC00897,2900000,2150000,1450000,6500000,5050000,business,2024-10-23 00:36
BGT09736,USR024,INC07423,1200000,750000,600000,2500000,1950000,internship,2023-05-12 01:24
BGT01753,USR061,INC01479,5000000,2400000,1850000,9250000rb,7400000,bonus,2024-01-28 06:14
BGT06173,USR020,INC09340,1400000,-900000,700000,2950000,2300000,allowance,2024-10-26 22:49
BGT02775,USR037,INC09709,2400000,1400000,1200000,5000000,3800000,part_time,2024-09-28 12:07
BGT03985,USR062,INC00559,3400000,2050000,750000,6200000,5450000,investment_return,2023-01-28 17:23
BGT04021,USR037,INC07063,2000000,1050000,650000,3700000,3050000,freelance,2024-12-27 04:51
BGT00247,USR065,INC03976,3850000,2450000,1600000,7900000,6300000,bonus,2024-04-23 15:48
BGT09073,USR013,INC01138,500000,350000,200000,1000000,850000,part_time,2024-06-01 03:00
BGT02360,USR050,INC05862,4000000,2550000,900000,7450000rb,6550000,BONUS,2024-11-27 19:39
BGT00812,USR015,INC08999,550000,350000,200000,1100000,900000,scholarship,2023-02-14 12:10
BGT04331,USR050,INC02066,3150000,1600000,1100000,5850000,4750000,bonus,2023-06-30 07:41
BGT02118,USR003,INC03035,800000,550000,400000,1750000,1350000,part_time,2023-10-20 06:43
BGT02670,USR014,INC02595,550000,400000,250000,1200000,950000,allowance,2023-12-07 07:16
BGT07243,USR010,INC01277,800000,450000,200000,1450000,1250000,part_time,2023-02-11 01:13
BGT01191,USR013,INC07358,600000,400000,200000,1200000,1000000,scholarship,2023-02-21 10:16
BGT06966,USR022,INC02989,1500000,800000,650000,2950000,2300000,allowance,2024-07-15 06:39
BGT00669,USR012,INC08038,700000,450000,350000,1450000,1150000,allowance,2023-09-01 01:18
BGT06368,USR053,INC05010,3350000,2250000,1500000,7100000,5600000,bonus,2023-02-23 09:35
BGT02877,USR037,INC02342,,1500000,950000,4750000,3800000,internship,
BGT09801,USR034,INC07922,800000,450000,250000,1500000,1250000,part_time,2023-11-19 06:00
BGT09564,USR072,INC08687,4900000,2900000,2200000,10000000,7800000,salary,2023-01-27 21:03
BGT08656,USR059,INC08770,2350000,1700000,1050000,5100000,4050000,salary,2024-08-20 14:03
BGT02184,USR025,INC00323,1550000,1050000,600000,3200000,2600000,freelance,2023-08-21 09:44
BGT00129,USR001,INC09600,1550000,900000,450000,2900000,2450000,part_time,2023-10-25 16:23
BGT08302,USR011,INC00898,950000,500000,300000,1750000,1450000,allowance,2023-07-25 20:06
BGT02965,USR046,INC06106,3650000,2000000,1250000,6850000,5650000,freelance,2023-03-27 11:05
BGT00022,USR017,INC04057,500000,350000,300000,1150000,850000,part_time,2023-01-31 18:06
BGT03954,USR044,INC05181,4350000,2250000,1150000,7800000,6600000,salary,2024-05-12 12:01
BGT08095,USR041,INC03584,3000000,1500000,1050000,5550000,4500000,business,2024-11-17 05:07
BGT02563,USR058,INC03721,4150000,2550000,1300000,8000000,6700000,bonus,2023-08-25 00:25
BGT07065,USR001,INC05082,1100000,750000,550000,2350000,1850000,scholarship,2023-04-29 12:20
BGT03026,USR007,INC06692,850000,500000,400000,1750000,1350000,allowance,25/12/2024 00:39
BGT05973,USR053,INC02745,1850000,1050000,600000,3450000,2900000,salary,2024-11-23 11:47
BGT02105,USR036,INC04163,1250000,700000,350000,2300000,1950000,internship,
BGT02332,USR049,INC06644,1300000,950000,750000,3000000,2250000,business,2024-08-02 17:10
BGT07118,USR013,INC01417,1000000,,350000,1900000,1550000,part_time,2024-03-04 23:33
BGT08176,USR038,INC04470,1300000,750000,350000,2350000,2050000,internship,2023-04-20 11:28
BGT01746,USR064,INC08542,2700000,-1650000,1750000,6100000,4350000,salary,2024-09-22 11:51
BGT08871,USR049,INC01671,4100000,2100000,1650000,7850000,6200000,bonus,2024-10-07 21:15
BGT09108,USR032,INC05900,1200000,800000,400000,2400000,1950000,PART_TIME,2024-03-12 20:37
BGT09708,USR039,INC08667,2100000,1200000,,3950000,3300000,internship,2024-11-17 01:58
BGT08948,USR043,INC02320,3100000,2200000,1800000,7100000,5300000,freelance,2024-06-16 22:32
BGT06635,USR056,INC05665,1650000,1250000,,3650000,2900000,freelance,2024-10-25 18:24
BGT08900,USR003,INC05200,750000,450000,150000,1300000,1200000,,2024-10-17 14:06
BGT07093,USR059,INC02403,2650000,1550000,900000,5100000,4200000,business,2023-12-31 23:06
BGT08570,USR050,INC08673,2000000,1300000,600000,3900000,3300000,freelance,2023-05-12 17:33
BGT02061,USR001,INC01528,1400000,650000,450000,2500000,2050000,scholarship,2023-03-17 09:03
BGT01233,USR066,INC06186,4400000,2650000,2750000,9750000,7050000,bonus,2024-01-31 06:48
BGT06039,USR008,INC08330,1300000,850000,450000,2600000,2150000,allowance,2024-07-06 21:23
BGT02503,USR048,INC00346,1700000,900000,850000,3450000,2600000,freelance,2024-02-03 22:42
BGT01946,USR060,INC07196,2200000,1350000,950000,4500000,3550000,business,2023-12-29 18:54
BGT08648,USR033,INC08471,1250000,800000,700000,2750000,2050000,allowance,2023-06-19 02:47
BGT06654,USR039,INC07334,1150000,850000,550000,2550000,2000000,internship,11/11/2024 21:56
BGT07411,USR065,INC09933,3650000,2650000,2000000,8350000,6300000,salary,2024-11-15 14:22
BGT03167,USR017,INC05306,1300000,850000,400000,2550000,2150000,part_time,2024-07-27 06:12
BGT00336,USR038,INC05230,1800000,1100000,600000,3500000,2900000,allowance,2024-01-17 18:24
BGT00934,USR006,INC06088,550000,350000,250000,1150000,900000,scholarship,2023-12-29 02:39
BGT04709,USR052,INC03896,2750000,1950000,1400000,6150000,4700000,freelance,2024-03-07 21:12
BGT08080,USR062,INC08220,3000000,1600000,1300000,5850000,4600000,bonus,2024-08-04 19:59
BGT05459,USR016,INC01045,1100000,650000,600000,2350000,1750000,part_time,2024-06-08 02:02
BGT08887,USR036,INC09317,2050000,1200000,900000,4200000,3250000,allowance,2024/04/01 05:23
BGT03756,USR027,INC02107,1000000,650000,250000,1900000,1650000,internship,2023-10-14 21:14
BGT06817,USR050,INC05702,2350000,1350000,1200000,4900000,3700000,business,2024-07-23 05:05
BGT01415,USR063,INC06610,4050000,2100000,1650000,7800000,6150000,investment_return,2024-06-12 12:04
BGT03159,USR009,INC00055,600000,350000,200000,1150000,950000,SCHOLARSHIP,2023-04-01 16:35
BGT01715,USR004,INC02734,1500000,950000,500000,2950000,2450000,scholarship,2023-01-14 21:24
BGT04659,USR045,INC09017,3450000,2250000,1350000,7050000,5700000,business,
BGT02273,USR001,INC09729,700000,450000,250000,1400000,1150000,scholarship,2024-11-21 04:19
BGT09937,USR072,INC03284,2450000,1450000,1250000,5150000,3900000,bonus,2023-10-20 05:26
BGT05534,USR001,INC01786,1500000,1000000,450000,2950000,2500000,allowance,2023-06-08 11:21
BGT06067,USR064,INC08844,2700000,1750000,1250000,5700000,4450000,business,2023-07-15 14:16
BGT08772,USR068,INC02323,4100000,2350000,1150000,7550000,6450000,bonus,2024-03-03 12:47
BGT00131,USR071,INC08661,3050000,1950000,1500000,6500000,5000000,freelance,2023-08-12 21:44
BGT06252,USR071,INC01131,2450000,1550000,650000,4650000,4000000,salary,2023-11-06 19:45
BGT08790,USR043,INC05785,2100000,1200000,,4100000,3300000,freelance,2023-04-25 22:50
BGT07160,USR058,INC03113,1800000,1000000,550000,3300000,2800000,freelance,2023-05-29 12:35
BGT03496,USR035,INC04894,950000,550000,200000,1700000,1500000,freelance,2024-01-15 12:39
BGT02565,USR040,INC00046,2150000,1550000,1150000,4850000,3150000,allowance,2023-09-26 10:05
BGT07712,USR045,INC08932,2250000,1250000,700000,4200000,3500000,freelance,2023-10-27 03:23
BGT01632,USR021,INC03977,1800000,1250000,700000,3800000,3050000,allowance,2023-11-29 19:10
BGT01598,USR057,INC07442,1750000,1200000,800000,3700000,2950000,bonus,2024-02-16 19:32
BGT01266,USR070,INC07709,4700000,2800000,1050000,8550000,7500000,business,2023-03-20 17:57
BGT03446,USR053,INC07236,2750000,1600000,700000,5050000,4350000,salary,2024-04-23 06:00
BGT05533,USR020,INC05606,1050000,550000,300000,1900000,1600000,scholarship,2023-06-09 17:29
BGT05620,USR060,INC02851,3500000,1850000,1800000,7150000,5350000,salary,2024-07-02 04:02
BGT05303,USR011,INC02929,1600000,1000000,350000,2950000,2600000,part_time,2023-10-31 20:24
BGT03871,USR001,INC02816,-650000,400000,300000,1350000,1050000,allowance,2024-01-23 06:24
BGT03991,USR061,INC00840,,2550000,1650000,8750000,7100000,,2023-09-10 01:46
BGT05503,USR050,INC09965,3100000,2100000,1550000,6750000,4750000,business,2024-02-12 10:27
BGT02864,USR037,INC01501,1000000,500000,400000,1900000,1500000,part_time,2024-11-27 09:49
BGT01431,USR039,INC04772,1600000,950000,350000,2900000rb,2550000,freelance,2024-10-10 02:02
BGT00500,USR027,INC09090,1000000,600000,400000,1950000,1600000,allowance,2024-03-09 03:11
BGT05511,USR072,INC03574,2450000rb,1350000,1350000,5100000,3800000,salary,2023-03-13 06:40
BGT04034,USR073,INC02960,2600000,1650000,950000,5200000,4250000,bonus,2024-07-03 02:45
BGT06207,USR025,INC07993,1700000,1150000,750000,3650000,2850000,part_time,2023-01-05 07:00
BGT02811,USR024,INC05889,2500000,1350000,950000,4850000,3850000,freelance,2024-10-14 15:42
BGT08633,USR021,INC07518,2250000,1150000,650000,4050000,3400000,allowance,2023-02-28 10:34
BGT06040,USR001,INC06798,1550000,900000,350000,2800000,2450000,SCHOLARSHIP,2023-10-31 14:41
BGT06657,USR052,INC03578,1800000,1000000,550000,,2800000,bonus,2023-10-11 07:40
BGT05993,USR061,INC03310,5100000,-3100000,900000,9100000,8200000,bonus,2023-04-02 03:42
BGT03227,USR032,INC01402,1450000,750000,500000,2700000,2200000,freelance,2023-04-06 02:33
BGT02431,USR026,INC04685,2100000,1100000,1050000,4250000,3200000,allowance,2023-04-04 05:39
BGT00197,USR061,INC06752,3550000,2400000,1750000,7700000,5950000,investment_return,2023-10-31 19:33
BGT05821,USR038,INC08754,2100000,1450000,1100000,4650000,3550000,part_time,2023-01-11 16:29
BGT01689,USR002,INC08822,650000,400000,150000,1200000,1050000,ALLOWANCE,2024-05-24 06:55
BGT04585,USR037,INC03213,800000,400000,350000,1550000,950000,allowance,2024-12-04 22:54
BGT09596,USR053,INC01608,3700000,2150000,1550000,7350000,5850000,bonus,2023-11-02 10:18
BGT05149,USR004,INC06902,1350000,800000,550000,2700000,2150000,allowance,2024-11-28 01:10
BGT01865,USR040,INC01333,,1350000,1300000,4900000,3550000,ALLOWANCE,2023-05-29 00:06
BGT00323,USR057,INC01622,2850000,1550000,1100000,5450000,4400000,business,2024-06-17 01:40
BGT05086,USR034,INC06037,1050000,650000,250000,1900000,1700000,freelance,2023-02-05 14:42
BGT03577,USR004,INC00368,1300000,750000,650000,,1700000,allowance,2024-07-20 17:31
BGT02643,USR037,INC03272,800000,550000,450000,1800000,1350000,internship,2024-07-29 00:37
BGT09254,USR006,INC02225,700000,450000,300000,1450000,1150000,allowance,2024-08-22 15:30
BGT00234,USR029,INC03518,2200000,1400000,1000000,4600000,3600000,PART_TIME,2023-02-17 11:16
BGT04234,USR029,INC00049,2200000,1250000,850000,4300000,3450000,PART_TIME,2023-03-05 12:12
BGT04816,USR068,INC09037,3550000,1850000,1200000,6600000,5400000,FREELANCE,2023-03-22 23:16
BGT00282,USR031,INC08366,1700000,1150000rb,600000,3450000,2850000,part_time,2023-05-14 09:32
BGT06162,USR044,INC00963,3650000,2400000,,7950000,6050000,bonus,2024-06-16 17:45
BGT00261,USR065,INC08466,3250000,1700000,1300000,6250000,4950000,freelance,2023-05-02 00:03
BGT09026,USR023,INC06821,,550000,250000,1650000rb,1350000,allowance,2023-09-18 12:12
BGT05275,USR067,INC06365,3950000,2700000,2100000,8750000,6650000,salary,2024-10-14 09:59
BGT01138,USR021,INC04129,1550000,1000000,650000,3200000,2550000,freelance,2024-12-26 02:54
BGT01015,USR032,INC07544,2550000,1550000,800000,4900000.00,4100000,internship,2023-12-19 03:19
BGT05229,USR036,INC06686,1800000,1100000,800000,3700000,2900000,freelance,2024-06-04 19:12
BGT06923,USR038,INC07784,1300000,650000,400000,2350000,1950000,internship,2023-02-17 03:41
BGT04601,USR008,INC00092,600000,350000,300000,1200000,950000,scholarship,2023-06-11 20:29
BGT00208,USR010,INC07887,750000,450000,400000,1550000,1200000,scholarship,
BGT03987,USR030,INC04352,1300000,800000,350000,2450000,2100000,freelance,2024-12-29 09:23
BGT07854,USR054,INC08153,2250000,1550000,,5000000,3800000,bonus,2023-04-16 18:53
BGT01436,USR055,INC01815,3800000,2450000,950000,7200000,6250000,business,2023-01-10 18:04
BGT07373,USR057,INC07344,3050000,1800000,1600000,6450000,4850000,freelance,2023-11-25 12:50
BGT06927,USR037,INC00511,1950000,1200000,700000,3800000,3150000,internship,2024-12-20 14:56
BGT07013,USR008,INC05106,,300000,300000,,750000,scholarship,21/07/2024 01:18
BGT01328,USR028,INC02518,1000000,650000,500000,2150000,1650000,allowance,2024-04-18 05:27
BGT05843,USR026,INC08803,1150000,650000,550000,2300000,1800000,allowance,2023-09-20 02:42
BGT04641,USR062,INC04943,2500000,1450000,1050000,5000000,3950000,salary,2023-11-29 21:20
BGT07005,USR044,INC04321,4450000,2300000,1200000,,6750000,bonus,2023-10-05 19:34
BGT06891,USR027,INC00690,2050000,1100000,600000,3750000,2950000,allowance,
BGT09737,USR047,INC04947,2650000,1650000,550000,4850000,4300000,business,2024-06-29 16:10
BGT01664,USR064,INC06417,3250000,2100000,1150000,6500000,5350000,freelance,2023-04-14 06:43
BGT04811,USR051,INC04982,2600000,1300000,900000,4800000,3900000,salary,2024-10-04 17:26
BGT06254,USR010,INC04985,550000,350000,150000,1050000,900000,part_time,2024-11-23 12:11
BGT07630,USR067,INC02669,3950000,2500000,900000,7300000,6450000,business,2024-10-19 02:10
BGT09099,USR043,INC02073,2500000,1700000,750000,4950000,4200000,freelance,2024/07/28 08:43
BGT08141,USR044,INC07787,2500000,1400000,1500000,5400000,3900000,bonus,2024-12-12 16:24
BGT05305,USR023,INC06688,1200000,850000,500000,2600000,2050000,internship,2024-08-27 22:37
BGT06911,USR024,INC02209,2250000,1400000,1350000,4950000,3650000,part_time,2023-06-23 22:14
BGT06723,USR070,INC05696,2050000,1100000,1000000,4150000.00,3150000,salary,2023-02-01 15:38
BGT05076,USR009,INC04381,1350000,850000,350000,2550000,2200000,allowance,2024-08-09 16:41
BGT03763,USR056,INC02007,3100000,1700000,850000,5600000,4800000,salary,2024-06-01 18:20
BGT09740,USR048,INC08492,2250000,1600000,,4900000,3850000,bonus,2024-05-08 16:14
BGT08462,USR063,INC01837,4450000,2550000,2100000,9050000,7000000,bonus,2024-08-26 06:13
BGT09427,USR053,INC01598,3350000,1650000,1200000,6200000,5000000,freelance,2024-11-05 02:50
BGT01607,USR006,INC06876,1550000,850000,350000,2750000,2400000,part_time,2024-06-21 11:04
BGT09640,USR007,INC00139,1300000,800000,500000,2600000,2100000,allowance,2024-07-01 11:38
BGT01311,USR040,INC05137,2300000,1250000,950000,4550000,2600000,freelance,22/11/2024 08:22
BGT08027,USR052,INC04283,2200000,1400000,750000,4300000,4100000,bonus,2023-10-26 02:57
BGT01201,USR064,INC09445,3100000,1550000,900000,5500000,4650000,business,2024-08-09 08:31
BGT09288,USR060,INC00006,1900000,1150000,550000,3550000,3050000,business,2023-10-23 23:27
BGT07603,USR005,INC02594,1450000,850000,350000,2650000,2300000,part_time,2023-11-24 22:52
BGT00117,USR023,INC01962,2400000,1500000rb,650000,4550000,3900000,internship,2023-08-18 07:51
BGT03271,USR070,INC05455,3550000,1900000,900000,6350000,5450000,freelance,2024-12-13 15:18
BGT09982,USR050,INC06362,2200000,1350000,,4300000,3550000,freelance,2024-07-20 08:02
BGT05475,USR028,INC05636,1100000,,250000,2050000,1800000,internship,2024-06-05 07:16
BGT04218,USR003,INC00027,600000,400000,250000,1250000,1000000,scholarship,2023-11-28 02:09
BGT05752,USR009,INC05460,1100000,-550000,450000,2100000,1650000,part_time,2023/12/08 23:28
BGT08372,USR028,INC06582,2050000,,1150000,4600000,3450000,freelance,2023-09-04 21:39
BGT00495,USR051,INC05457,3350000,2000000,950000,6300000,5350000,business,2024-08-15 19:41
BGT02830,USR055,INC00154,1750000,1050000,1100000,3900000,2800000,salary,2023-01-01 11:20
BGT07113,USR074,INC09155,2800000,1950000,1100000,5850000,4750000,salary,2023-11-01 01:31
BGT03236,USR065,INC05518,2250000,1400000,1150000,4800000,3650000,bonus,2023-05-26 20:31
BGT06122,USR061,INC02794,3450000,1750000,1050000rb,6250000,5200000,bonus,2023-12-06 15:46
BGT08941,USR034,INC04663,2250000,1450000,,4600000,3550000,internship,2024-06-29 18:46
BGT02159,USR047,INC02924,2300000,1200000,650000,4150000,3500000,bonus,2023-11-22 02:11
BGT01345,USR058,INC03903,2300000,1300000,900000,4500000,3600000,bonus,2024-11-22 23:49
BGT04569,USR008,INC07374,1150000,600000,450000,2200000,1750000,part_time,2023-01-13 05:32
BGT07018,USR064,INC08883,3250000,,1150000,6400000,5250000,bonus,2024-07-08 17:19
BGT01602,USR070,INC09679,2200000rb,1350000,1150000,4700000rb,3550000,business,2023-03-12 08:53
BGT01228,USR069,INC09426,2700000,1400000,1300000,,4100000,salary,2023-09-10 07:59
BGT01243,USR029,INC01895,2150000,1100000,600000rb,3850000,3250000,part_time,2024-10-23 22:23
BGT08174,USR068,INC00106,4850000,2800000,,9700000,7650000,bonus,2023-09-15 00:43
BGT03119,USR019,INC05909,1350000,800000,500000,2650000,2150000,scholarship,2024-10-10 20:42
BGT05539,USR010,INC00499,1200000,850000,600000,2650000,2050000,part_time,
BGT04870,USR023,INC09503,1400000,700000,450000,,2100000,allowance,2024-02-29 08:22
BGT08708,USR043,INC07144,3300000,2200000,1650000,7150000,5500000,business,2023-09-30 05:28
BGT00425,USR010,INC07660,1250000,950000,600000,2750000,2200000,allowance,2023-09-17 02:48
BGT09220,USR071,INC04232,3200000,2150000rb,1350000,6650000,5350000,investment_return,2023-12-26 19:59
BGT00912,USR001,INC04539,1400000,650000,500000,2550000,2050000,scholarship,2023-09-22 13:43
BGT05714,USR038,INC02297,1700000,1000000,650000,3350000rb,2700000,part_time,2024-03-31 05:46
BGT01628,USR009,INC05170,,650000,550000,2350000,1800000,part_time,2024-08-19 03:06
BGT05747,USR034,INC00204,1350000,850000,400000,2550000,2200000,allowance,24/01/2024 04:40
BGT03547,USR034,INC01686,1500000,1000000,600000,3100000,2500000,internship,2024-12-02 22:59
BGT03311,USR010,INC00221,450000,300000,250000,1000000,750000,part_time,2023-01-22 01:54
BGT09093,USR073,INC01731,3150000,2150000,1400000,6650000,5300000,salary,2023-04-21 20:18
BGT07441,USR064,INC04409,3250000,1800000,1100000,6150000,5050000,investment_return,2023-10-15 20:10
BGT02004,USR047,INC03811,3150000,2150000,1650000,6950000,5300000,business,2024-07-08 05:12
BGT04292,USR052,INC08784,3150000,2000000,900000rb,6050000,5150000,freelance,2024-09-20 08:48
BGT02603,USR065,INC09360,2300000,1350000,600000,4250000,3650000,bonus,2023-12-31 16:11
BGT06199,USR074,INC03248,2000000,1200000,1050000,4250000,3200000,business,2023-01-25 02:51
BGT04603,USR024,INC08823,2100000,1150000,950000,4200000,3250000,freelance,2024-08-18 23:20
BGT02671,USR050,INC06795,1550000,800000,800000,3150000,2350000,freelance,2023-12-20 01:56
BGT05530,USR072,INC01054,4300000,2800000,1450000,8550000,7100000,investment_return,2023-08-30 04:22
BGT09330,USR055,INC04802,2450000,1600000,1050000,5100000,4050000,,2024-12-26 14:58
BGT07764,USR051,INC05948,4050000,2250000,1450000,7750000,6300000,bonus,2024-07-09 00:41
BGT02698,USR009,INC05560,1050000,650000,400000,2100000,1700000,scholarship,2023-06-11 08:15
BGT03767,USR015,INC09795,750000,400000,350000,1500000,1150000,part_time,2023-09-17 05:40
BGT04644,USR071,INC06675,-2100000,1100000,800000,4000000,3200000,salary,2024-09-17 05:57
BGT09888,USR048,INC01576,3950000,2300000,,7600000,6250000,freelance,2023-05-08 06:45
BGT07780,USR073,INC05629,3000000,1850000,950000,5800000,4850000,investment_return,2023-09-02 14:00
BGT04089,USR070,INC00198,3600000,2200000,1550000,7300000,5800000,salary,2023-08-06 20:22
BGT01774,USR065,INC05133,3350000,2350000,1900000,7600000,5700000,investment_return,2023-01-08 18:55
BGT00020,USR074,INC05664,4650000,2550000,1600000,,7200000,salary,2023-02-03 18:45
BGT06917,USR019,INC07388,1350000,700000,550000,2600000,2050000,scholarship,2023-12-14 08:41
BGT06794,USR075,INC07680,4600000,2900000,1550000,9000000,7500000,investment_return,2023-08-23 09:03
BGT04459,USR040,INC09967,1050000,650000,550000,2250000,1700000,internship,2024-06-30 10:46
BGT09666,USR009,INC07070,800000,450000,400000,1650000,1250000,part_time,2024-06-06 09:40
BGT04732,USR005,INC01473,800000,500000,300000,1550000,1300000,part_time,2023-06-23 12:46
BGT04129,USR022,INC03627,2500000,1450000,700000,4650000,3950000,allowance,2023-03-20 13:21
BGT08986,USR025,INC05477,1350000,650000,400000,2400000,2000000,internship,2023-04-14 04:35
BGT04989,USR035,INC01777,1100000,650000,350000,2100000,1750000,part_time,2023-03-07 18:38
BGT08498,USR018,INC07210,700000,400000rb,,1500000,1100000,allowance,2023-04-29 08:12
BGT03976,USR061,INC06339,4900000,3400000,1700000,10000000,8300000,bonus,2024-09-27 17:33
BGT02370,USR008,INC08654,1050000,800000,500000,2350000,1850000,part_time,2024-01-14 23:40
BGT04740,USR059,INC02341,1550000,950000,500000,3000000,2500000,bonus,2024-05-25 09:14
BGT09085,USR023,INC05102,950000,500000,300000,1800000,1450000,part_time,2024-07-06 04:52
BGT06785,USR017,INC08039,900000,650000,450000,2000000,1550000,scholarship,2024-08-12 09:30
BGT04360,USR016,INC02479,600000,350000,300000,1250000,950000,allowance,2024-04-23 16:16
BGT02260,USR038,INC05329,2250000,1200000,700000,4150000,3450000,internship,2024-02-26 15:32
BGT05039,USR009,INC06595,1200000,750000,700000,2600000,1950000,scholarship,2024-10-24 18:16
BGT01761,USR069,INC02718,4200000,2250000,1300000,7750000,6450000,business,2024-09-05 06:26
BGT03099,USR032,INC08970,2150000,1200000,550000,3900000,3350000,allowance,2023-03-09 20:51
BGT04699,USR049,INC03017,3850000,2550000,1600000,8000000,6400000,salary,2024-08-25 15:43
BGT06113,USR059,INC08635,3200000,2250000,1100000,6550000,5450000,freelance,12/10/2023 05:33
BGT00482,USR072,INC07573,3550000,2100000,2200000,7850000,5650000,salary,2024-10-31 00:30
BGT07709,USR024,INC07588,2200000,1400000,1250000,4900000,3600000,freelance,2023-05-09 13:36
BGT05352,USR015,INC04182,800000,500000,500000,1800000,1300000,allowance,2023-07-23 15:55
BGT01987,USR052,INC09264,3050000,1550000,1050000,5650000,4600000,business,2024-06-04 15:40
BGT03883,USR012,INC00976,1350000,950000,550000,2850000,2300000,allowance,2023-07-22 11:13
BGT01840,USR024,INC03306,1000000,650000,350000,2000000,1650000,allowance,2023-02-22 05:59
BGT07355,USR001,INC06383,550000,-350000,400000,1300000,900000,allowance,2024-06-20 01:10
BGT00277,USR030,INC06139,750000,550000,400000,1650000,1300000,allowance,2023-11-08 08:51
BGT04671,USR031,INC01297,2250000,1400000,600000,4200000,3800000,allowance,2023-02-06 23:41
BGT09862,USR067,INC03737,2000000,1400000,950000,4350000,3400000,bonus,2024-05-12 23:40
BGT07175,USR021,INC07002,1300000,700000,500000,2500000,2000000,internship,2024-08-03 06:54
BGT09170,USR065,INC07084,3050000,1900000,1300000,6250000,4950000,INVESTMENT_RETURN,2023-02-27 09:54
BGT03956,USR053,INC05166,2800000,1750000,750000,5300000,3500000,bonus,2023-09-08 22:07
BGT04592,USR008,INC02375,1100000rb,700000,600000rb,2400000,1800000,part_time,2024-05-14 14:44
BGT07591,USR057,INC03427,2900000,1700000,1150000,5750000,4600000,business,2024-05-22 01:32
BGT04132,USR059,INC06303,2200000,1200000,1000000,4450000,3400000,freelance,2023-03-26 03:15
BGT09907,USR002,INC05746,1100000,750000,600000,2500000,1850000,scholarship,2023-07-18 18:26
BGT03174,USR070,INC03477,4250000,2200000,1700000,,6450000,business,2024-07-14 23:57
BGT09788,USR056,INC05064,4200000,2400000,1150000,7750000,6600000,business,2023-09-08 06:55
BGT07063,USR028,INC08797,1550000,750000,450000,2750000,2300000,ALLOWANCE,2023-02-04 18:44
BGT07673,USR012,INC03913,950000,600000,550000,2150000,1550000,scholarship,2024-05-18 04:52
BGT00377,USR052,INC00694,2250000,1300000,,4350000,3550000,salary,2024-09-02 02:48
BGT00746,USR074,INC00816,4050000,2000000,1350000,7400000,6050000,salary,2023-02-22 13:34
BGT07933,USR068,INC04251,2300000,1350000,850000,4500000,3650000,investment_return,2023-11-15 21:34
BGT08108,USR064,INC02725,,1950000,1350000,6500000,5150000,salary,2023-12-18 21:36
BGT03735,USR004,INC01954,,750000,400000,2350000,1950000,allowance,2023-07-16 20:39
BGT08669,USR066,INC09472,3050000,1750000,,6500000,4800000,freelance,2023-11-26 11:35
BGT00138,USR070,INC02909,4850000,2700000,1750000,9300000,7550000,investment_return,2023-08-12 07:25
BGT08736,USR006,INC01307,1600000,850000,550000,2950000,2450000,allowance,2024-12-05 16:50
BGT07876,USR023,INC01313,1600000,900000,700000,3150000,2500000,freelance,2024-02-11 15:51
BGT02200,USR062,INC00052,-4400000,2800000,2400000,9600000,7200000,freelance,2023-09-21 14:01
BGT01984,USR042,INC03663,4150000,2100000,1200000,7450000,6250000,SALARY,2023-04-01 19:53
BGT08228,USR062,INC05887,3400000,2200000,1300000,6950000,5600000,business,2024-07-10 12:02
BGT09861,USR004,INC07977,600000,,200000,,900000,scholarship,2024-09-27 09:46
BGT06413,USR073,INC06196,3050000,1750000,1600000,6400000,4800000,salary,2024-09-04 09:38
BGT08084,USR058,INC05719,1700000,850000rb,500000,3050000,2550000,business,2024-11-12 15:31
BGT00011,USR015,INC01641,1450000,800000,600000,2800000,2250000,scholarship,2023-04-12 14:27
BGT06842,USR071,INC01156,3100000,2000000,1800000,6850000,5100000,bonus,2024-12-23 08:50
BGT05829,USR012,INC06450,1100000,750000,350000,2250000,1850000,allowance,2023-03-05 20:35
BGT06334,USR033,INC04801,2100000,1250000,450000,3800000,3350000,part_time,2023-06-02 18:41
BGT00420,USR049,INC04764,2250000,1300000,1450000,5050000,3550000,business,2024-08-26 12:23
BGT00517,USR009,INC08791,850000,500000,250000,1600000,1350000,part_time,2023-03-12 23:38
BGT08732,USR040,INC07968,1750000,1050000rb,700000,3500000,2800000,freelance,2024-05-07 01:57
BGT04697,USR045,INC02991,,1950000,1300000,6950000,5650000,business,2023-03-22 11:27
BGT07861,USR035,INC09427,2300000,1100000,850000,4300000,3400000,part_time,2023-11-16 03:52
BGT08947,USR061,INC07596,4750000,2800000,1250000,8800000,7550000,salary,2024-07-23 21:57
BGT04823,USR064,INC08207,3800000,2150000,1200000,7150000,5950000,business,2023-10-17 04:52
BGT02441,USR075,INC09440,,2650000,1350000,7800000,6450000,freelance,2024-03-15 21:49
BGT04015,USR074,INC03570,2100000,,950000,4100000,3150000,bonus,2023-06-08 12:32
BGT03694,USR026,INC01058,1950000,1150000,750000,3850000,3100000,internship,2024-03-31 11:47
BGT05435,USR018,INC00608,1150000,800000,650000,2600000,1950000,part_time,2024-06-16 01:22
BGT09350,USR035,INC06862,2650000,1700000,650000,5000000,4350000,allowance,2024-02-06 03:52
BGT06141,USR007,INC03100,650000,350000,300000,1350000,1000000,part_time,2023-04-14 04:24
BGT07074,USR032,INC01246,2250000,1500000,800000,4550000,3750000,freelance,2023-11-29 10:21
BGT00780,USR005,INC04803,900000,500000,350000,1750000,1400000,part_time,2024-01-13 13:46
BGT06024,USR023,INC01036,850000,550000,450000,1850000,1400000,internship,2024-09-08 02:39
BGT00083,USR069,INC03956,4200000,2700000,2700000,,6900000,salary,2024-05-23 18:10
BGT01419,USR062,INC04773,2850000,1650000,1350000,5850000,4500000,salary,2024-05-20 04:48
BGT04952,USR034,INC05378,800000,-500000,350000,1700000,1300000,freelance,2024-08-02 22:51
BGT03582,USR075,INC03066,4600000,3200000,2200000,9950000,7800000,business,2023-11-21 09:26
BGT03728,USR023,INC00904,1350000,850000,600000,2800000,2200000,allowance,2023-11-06 13:50
BGT06091,USR018,INC00807,1250000,900000,700000,2850000,2150000,scholarship,2024-12-04 05:17
BGT08923,USR072,INC08421,3450000,1950000,1800000,7200000,5400000,business,2024-03-31 02:54
BGT03661,USR002,INC04300,900000,500000,350000,1750000,1400000,scholarship,2023-01-07 12:40
BGT08307,USR014,INC00168,1100000,650000,350000,2050000,1750000,part_time,2023-03-26 17:47
BGT09565,USR054,INC00155,2050000,1300000,750000,4100000,3350000,business,2024-04-03 00:19
BGT09463,USR060,INC01621,3250000,2000000,1850000,7100000,5250000,salary,2024-07-06 23:17
BGT07576,USR050,INC01365,3350000,2050000,,6350000,5400000,salary,2023-01-23 09:55
BGT08482,USR056,INC00974,2250000,1450000,550000,4200000,3700000,business,2023-03-13 17:52
BGT08315,USR027,INC01829,1350000,850000,450000,2650000,2200000,allowance,2024-11-01 02:41
BGT03012,USR040,INC06140,2350000,1350000,900000,4600000,3700000,freelance,2023-09-25 04:58
BGT08517,USR058,INC07105,1950000,1450000,850000,4200000,3400000,salary,2024-09-03 12:18
BGT09967,USR060,INC05417,3250000,1950000,1150000,6350000,5200000,salary,2023-06-22 19:51
BGT09582,USR011,INC07722,850000,500000,350000,1700000,1350000,allowance,2024-05-10 15:52
BGT09669,USR059,INC06413,,2400000,1200000,7500000,6300000,bonus,2023-04-07 09:08
BGT05362,USR031,INC02873,1900000,1250000,650000,3800000,3150000,part_time,2024-12-20 12:23
BGT02837,USR065,INC09674,,2450000rb,1650000,9150000,7500000,investment_return,2023-06-07 14:54
BGT04127,USR068,INC09875,2700000,1800000,800000,5250000,4500000,bonus,2023-04-07 07:27
BGT09543,USR031,INC04908,2050000,1100000,800000,3900000,2450000,part_time,2023-04-09 19:35
BGT08565,USR047,INC07547,2150000,1250000,1100000,4500000,3400000,business,2024-11-04 06:03
BGT01498,USR068,INC07317,4550000,2500000,1250000,8300000,7050000,business,2024-05-30 22:26
BGT04329,USR021,INC09102,1800000,1200000,850000,3800000,3000000,freelance,2024-11-12 10:10
BGT03051,USR023,INC04092,2000000,1450000,900000,4350000,3450000,internship,2023-03-14 16:58
BGT07606,USR038,INC03905,1700000,1150000,650000,3500000,2850000,part_time,2024-04-30 13:15
BGT04634,USR019,INC08897,1150000,650000,400000,2200000,1800000,allowance,2023-03-03 06:11
BGT02792,USR031,INC02360,850000,450000,300000,1600000,1300000,part_time,2024-02-29 08:37
BGT02513,USR007,INC08699,1050000,650000,250000,1950000,1700000,scholarship,2024-12-28 16:03
BGT07972,USR001,INC07931,1150000,700000,550000,2400000,1850000,allowance,2023-10-31 08:22
BGT08796,USR071,INC08012,3350000,2350000,1250000,6950000,5700000,freelance,2024-05-30 06:46
BGT05510,USR055,INC03767,2750000,1750000,,6100000,4500000,freelance,2023-03-07 15:56
BGT00058,USR006,INC03107,700000,500000,350000,1550000,1200000,allowance,2024-04-22 07:17
BGT01671,USR058,INC07402,2450000,1600000,,4900000,4050000,freelance,2024-02-17 18:43
BGT09109,USR028,INC04404,750000,500000,400000,1650000,1250000,part_time,10/05/2023 13:45
BGT07130,USR053,INC01421,1700000,1100000,800000,3600000,2800000,business,2024-05-02 08:02
BGT09745,USR026,INC02515,2300000,1250000,750000,4300000,3550000,freelance,2023-05-23 10:16
BGT08021,USR020,INC07835,750000,350000,200000,1300000,1100000,allowance,2024-01-17 10:34
BGT02452,USR027,INC07737,1150000,550000,400000,2100000,1700000,part_time,2024-02-09 23:53
BGT08286,USR021,INC01503,2050000,1200000,950000,4200000,3250000,freelance,2024-08-03 18:55
BGT09498,USR028,INC03800,950000,500000,300000,1750000,1450000,allowance,2023-10-24 09:08
BGT04856,USR070,INC05467,5150000,3150000,1250000,9550000,8300000,business,2024-11-27 12:31
BGT06634,USR044,INC07482,2400000,1300000,1150000,4850000,3700000,salary,2024-10-08 10:54
BGT04393,USR048,INC03687,2050000,1150000,650000,3850000,3200000,bonus,2024-09-21 13:10
BGT01661,USR038,INC05956,2300000,1400000,1300000,4950000,3700000,allowance,2024-09-04 04:08
BGT07079,USR005,INC03203,650000,350000,200000,1250000,1000000,part_time,2023-02-03 05:58
BGT00369,USR067,INC05757,3800000,2500000,,8600000,6300000,freelance,2024-09-06 21:25
BGT05245,USR033,INC05354,2250000,1150000,750000,4150000,3400000,part_time,2023-05-02 08:00
BGT01502,USR003,INC06284,800000,450000,200000,1450000rb,1250000,part_time,2024-01-22 19:30
BGT08660,USR069,INC01508,3850000,2350000,1650000,7850000,6200000,freelance,2023/08/21 23:19
BGT09779,USR021,INC00424,2300000,1150000,800000,4300000,3450000,internship,2024-11-30 09:38
BGT02555,USR044,INC05704,3750000,2200000,1400000,7400000,5950000,,2023-11-22 05:20
BGT04550,USR004,INC09974,1100000,550000,450000,2150000,1650000,part_time,2023-05-31 03:13
BGT09313,USR002,INC01874,1250000,800000,450000,2500000,2050000,scholarship,2023-02-17 01:59
BGT05954,USR030,INC06439,1950000,950000,600000,3500000,2900000,freelance,2024-06-22 05:38
BGT06768,USR073,INC05344,1900000,1150000,950000,4050000,3050000,salary,2024-04-26 18:27
BGT01246,USR064,INC07204,3600000,2600000,1750000,7950000,6200000,business,2023-06-15 17:54
BGT06760,USR017,INC00658,1250000rb,750000,300000,2300000,2000000,scholarship,24/07/2023 21:06
BGT06125,USR054,INC04032,-2500000,1750000,1200000,5450000rb,4250000,salary,2023-07-10 19:49
BGT03530,USR036,INC02592,1150000,600000,550000,2300000,1750000,allowance,2023-08-10 06:02
BGT05320,USR057,INC09491,3150000,2050000,1650000,6900000,5200000,business,2024-03-01 23:05
BGT03529,USR065,INC08674,4400000,3200000,1800000,9400000,7600000,freelance,2024-06-01 18:03
BGT03302,USR017,INC03642,1250000rb,700000,250000,2250000,1950000,scholarship,2023-01-12 16:45
BGT00686,USR049,INC02092,2150000,1250000,1250000,4700000,3400000,freelance,2023-10-17 05:38
BGT05141,USR047,INC00751,-4050000,2250000,950000,7200000,6300000,freelance,2023-10-02 15:02
BGT06191,USR024,INC06079,1900000,900000,700000,3500000,2800000,allowance,2023-03-13 15:26
BGT08773,USR070,INC04228,3500000,2350000,1200000,,5850000,bonus,2023-11-23 05:17
BGT00755,USR002,INC06481,1300000,650000,400000,2400000,1950000,part_time,2024-10-15 09:23
BGT09058,USR037,INC05304,950000,600000,200000,1750000,1550000,part_time,2024-09-10 16:08
BGT04669,USR017,INC08739,,500000,300000,1750000,1450000,allowance,2024-06-07 19:27
BGT02545,USR033,INC07619,950000,550000,300000,1800000,1500000,part_time,2023-05-14 15:54
BGT07134,USR031,INC00977,2100000,1100000,800000,4000000,3200000,internship,2023-10-09 00:46
BGT08279,USR040,INC06796,2050000,1250000,1000000,4300000,3300000,allowance,2023-06-22 15:43
BGT07914,USR040,INC00286,2000000,1100000,450000,3600000,3100000,part_time,2023-05-22 05:56
BGT07546,USR049,INC03609,2900000,1900000,1600000,6400000,4800000,bonus,
BGT02385,USR021,INC02982,1550000,950000,400000,2900000,2500000,part_time,2024-01-07 15:12
BGT09783,USR055,INC04458,2600000,1550000,,4700000,4150000,salary,2024-06-02 15:57
BGT05296,USR068,INC01285,4700000,2700000,1950000,9350000,7400000,freelance,2024-07-15 22:04
BGT01648,USR053,INC09860,2150000,1050000,750000,3950000,3200000,bonus,2024-04-14 18:07
BGT03863,USR067,INC04142,4350000,2450000,1100000,7900000,6800000,business,2024-10-22 20:49
BGT09703,USR011,INC07203,950000,550000,400000,1900000,1500000,scholarship,2024-03-30 18:18
BGT02972,USR073,INC06773,3200000,1700000,1000000,5900000,4900000,business,2023-08-23 21:22
BGT01862,USR001,INC08774,600000,350000,300000,1300000,950000,scholarship,2024-04-29 11:43
BGT06371,USR066,INC04445,2600000,1600000,1550000,5800000,4200000,investment_return,2023-05-19 04:18
BGT04618,USR064,INC01832,4050000,2300000,1050000,7350000,6350000,bonus,2023-02-16 23:03
BGT06722,USR051,INC03091,2050000,1000000,600000,3650000,3050000,freelance,2024-01-07 17:30
BGT02740,USR029,INC01510,1650000,1100000,800000,3550000,2750000,allowance,2024-06-28 14:39
BGT04131,USR046,INC09783,1850000,950000,550000,3350000,2800000,business,2023-05-08 00:26
BGT05825,USR075,INC01799,4450000,2650000,2750000,9850000,7100000,investment_return,2024-06-03 16:28
BGT08825,USR031,INC00096,1550000,900000,950000,3400000,2450000,internship,2023-02-16 22:52
BGT00575,USR037,INC02294,1100000,700000,350000,2150000,1800000,allowance,2023-10-15 00:45
BGT03703,USR014,INC01569,1400000,950000,600000,2900000,2350000,part_time,2023-03-26 10:27
BGT07077,USR031,INC03502,1850000,950000,700000,3500000,2800000,freelance,2023-05-19 04:12
BGT06855,USR071,INC00107,3500000,1950000,1800000,7300000,5450000,bonus,2024-12-21 06:24
BGT05751,USR048,INC08458,2650000,1850000,1300000,5800000,4500000,bonus,2023-04-16 17:23
BGT00864,USR016,INC02270,1100000,650000,400000,2150000,1750000,part_time,2023-03-03 16:56
BGT09490,USR038,INC05251,1650000,800000,650000,3150000,2450000,allowance,2024-07-09 06:24
BGT09433,USR021,INC07380,2000000,1050000,900000,3950000,3050000,freelance,2024-10-28 16:45
BGT01085,USR041,INC00244,3400000,2050000,1600000,7050000,5450000,business,2024-06-29 06:11
BGT08258,USR059,INC09291,3000000,1750000,1950000,6700000,4750000,freelance,
BGT06558,USR025,INC02932,2350000,1350000,1100000,,3700000,allowance,2023-09-14 01:01
BGT04413,USR025,INC04128,1450000,850000,700000,3000000,2300000,freelance,2024-04-04 02:35
BGT02083,USR036,INC06347,2550000,1450000,650000,4600000,4000000,internship,2024-09-23 09:24
BGT01317,USR069,INC00671,2200000,1150000rb,1000000,4350000,3350000,bonus,2024-04-30 12:18
BGT09990,USR047,INC07215,3400000,2300000,1250000,6900000,5700000,freelance,2024-07-14 04:11
BGT05108,USR054,INC08642,2550000,1600000,550000,4750000,4150000,freelance,2024-10-19 01:43
BGT04250,USR011,INC04981,850000,500000,500000,1850000,1350000,allowance,2024-01-22 12:32
BGT07254,USR012,INC01941,600000,-350000,150000,1100000,950000,allowance,2024-06-27 02:35
BGT00980,USR015,INC06078,1300000,,600000,2600000,2000000,scholarship,2024-11-11 15:58
BGT08074,USR016,INC07237,500000,300000,250000,1050000,800000,allowance,2023-04-13 10:53
BGT01936,USR062,INC04901,3350000,1900000,2050000,7300000,5250000,freelance,2023-12-11 22:25
BGT03663,USR023,INC00714,2500000,1450000,1050000,4950000,3950000,allowance,2024-10-17 04:42
BGT03739,USR055,INC03631,2250000,1250000,850000,4350000,3500000,business,
BGT09815,USR056,INC08547,2950000,1800000,1500000,6250000,4750000,salary,2023-05-24 02:56
BGT00773,USR036,INC05877,900000,550000,500000,1950000,1450000,allowance,2024-09-10 18:08
BGT08181,USR049,INC08564,2350000,1300000,1050000,,3650000,bonus,2023-07-10 13:29
BGT08814,USR037,INC02313,2000000,1250000,750000,4050000,3250000,internship,2024-06-09 06:41
BGT05830,USR022,INC01739,-2250000,1450000,500000,4200000,3700000,part_time,2024-06-07 11:07
BGT06688,USR043,INC02845,3050000,1900000,950000,5900000,4950000,salary,2023-08-15 20:52
BGT00650,USR013,INC02872,1150000,750000,550000,2400000,1900000,allowance,2024-01-20 06:39
BGT06280,USR023,INC06983,2050000,1200000,900000,4150000,3250000,internship,2023-08-24 02:27
BGT04927,USR044,INC06676,4300000,2550000,950000,7800000,6850000,business,2023-09-23 03:22
BGT05332,USR045,INC00677,1550000,1100000,800000,3400000,2650000,salary,2024-12-23 23:12
BGT07406,USR065,INC06656,4100000,2450000,1850000,8400000,6550000,freelance,2024-05-11 09:52
BGT05832,USR018,INC03522,600000,400000,350000,1350000,1000000,part_time,2023-05-01 18:24
BGT02629,USR058,INC09567,2900000,1450000,950000,5300000,4350000,freelance,2023-04-02 17:47
BGT09054,USR046,INC04265,3750000,2250000,800000,6800000,6000000,bonus,2023-08-03 21:58
BGT09618,USR033,INC06859,1150000,600000,350000,2100000,1750000,freelance,2023-05-28 10:20
BGT05728,USR037,INC02359,2300000,1450000,1000000,4750000,3750000,part_time,2024-07-09 12:19
BGT03273,USR029,INC02580,950000,450000,400000,1800000,1400000,part_time,2023-08-23 14:40
BGT09698,USR019,INC01222,650000,400000,150000,1200000,1050000,part_time,2023-02-20 21:05
BGT02721,USR008,INC06913,550000,300000,150000,1000000,850000,allowance,2023-12-28 09:35
BGT04306,USR022,INC02949,2400000,1500000,950000,,3350000,part_time,2024-01-07 12:10
BGT09410,USR011,INC07649,900000,550000,250000,1700000,1450000,part_time,2023-02-17 02:43
BGT03323,USR064,INC09515,3000000,1800000,1900000,6700000,4800000,business,2024-04-12 21:28
BGT01242,USR068,INC07469,4850000,2650000,1350000,8850000,7500000,freelance,2024-03-03 12:43
BGT07830,USR050,INC02541,3100000rb,1900000,1200000,6200000,5000000,freelance,2023-08-01 20:43
BGT08205,USR063,INC00910,2750000,1500000,850000,5100000,4250000,business,2024-06-04 09:11
BGT08246,USR049,INC08859,3850000,2550000,1600000,8000000,6400000,bonus,2024-08-06 03:07
BGT05346,USR074,INC01397,3300000,2150000,1050000,6500000,5450000,salary,2024-01-20 05:16
BGT09711,USR061,INC03785,4150000,2050000,1350000,7550000,6200000,investment_return,2024-08-09 19:25
BGT08899,USR006,INC09587,950000,500000,250000,1700000,1450000,part_time,2023-03-03 08:54
BGT02784,USR017,INC07051,1150000,750000,450000,2350000,1900000,allowance,2023-08-06 04:52
BGT09347,USR062,INC08307,2400000,1400000,500000,4300000,3800000,business,2024-10-16 22:32
BGT02443,USR025,INC04580,1950000,1200000,1000000,4150000,3150000,allowance,2023-08-01 14:55
BGT01178,USR005,INC02536,800000,400000,300000,1450000,1200000,allowance,2023-04-08 14:32
BGT05401,USR026,INC05341,1250000,750000,450000,2450000,2000000,allowance,2023-07-17 03:56
BGT05466,USR001,INC07219,800000,500000,250000,1550000,1300000,part_time,2024-11-09 20:13
BGT09863,USR054,INC06704,4200000,2300000,1000000,,6500000,salary,2024-11-19 18:28
BGT07660,USR006,INC02129,1050000,550000,300000,1900000,1600000,allowance,2023-09-03 14:35
BGT08870,USR052,INC02664,3750000,2100000,1400000,7250000,5850000,freelance,2024-03-22 19:42
BGT06732,USR041,INC04627,2050000,1200000,700000,3950000,3250000,business,2023-05-08 16:30
BGT07298,USR055,INC00817,1850000,1000000,550000,3400000,2850000,freelance,2023-09-16 16:28
BGT07761,USR036,INC02430,1450000,1000000,650000,3100000,2450000,allowance,2024-08-03 12:31
BGT01267,USR003,INC00583,500000,300000,200000,1050000,800000,scholarship,2023-01-30 01:11
BGT06027,USR040,INC02263,2000000,1450000,1000000,4450000,3450000,part_time,2024-12-18 22:44
BGT06420,USR010,INC00127,1450000,800000rb,400000,2650000,2250000,part_time,2023-01-24 11:01
BGT09676,USR018,INC06184,1350000,900000,550000,2800000,2250000,scholarship,2024-02-18 00:00
BGT05520,USR016,INC00238,1300000,800000,450000,2550000,2100000,allowance,2024-03-16 13:32
BGT06983,USR029,INC02801,1950000,1150000,450000,3550000,3100000,internship,2023-01-31 08:01
BGT09831,USR046,INC08931,1550000,,700000,3400000,2650000,business,2023-10-09 06:54
BGT02163,USR003,INC09199,550000,300000,250000,1150000,850000,part_time,2023-08-15 10:51
BGT02621,USR004,INC05175,700000,450000,200000,1300000,1150000,part_time,08/11/2024 14:52
BGT00332,USR063,INC05463,2700000,1500000,700000,4900000,4200000,investment_return,2023-06-19 06:16
BGT05254,USR013,INC00378,,550000,350000,1600000,1250000,scholarship,2024-08-21 15:36
BGT03423,USR016,INC05683,1300000,800000,650000,2750000,2100000,scholarship,2024-11-25 16:33
BGT08973,USR053,INC08683,3600000,1950000,1950000,7450000,5550000,freelance,2024/12/18 11:21
BGT08045,USR012,INC05528,1350000,850000,650000,,2200000,part_time,2023-02-16 16:02
BGT05540,USR045,INC01193,3650000,2450000,1350000,7450000,6100000,salary,2024-10-20 16:50
BGT04187,USR058,INC02964,1700000,1300000,800000,3800000,3000000,business,2023-07-29 11:25
BGT01278,USR033,INC03088,1850000,1050000,450000,3350000,2900000,freelance,2023-09-13 18:15
BGT08249,USR036,INC04396,1150000,800000,500000,2450000,1950000,part_time,2023-09-30 20:43
BGT09575,USR055,INC00272,2100000,1400000,600000,4100000,3500000,business,2024-07-07 01:46
BGT08886,USR054,INC08773,2450000,1400000,800000,4600000,3850000,salary,2023-09-12 17:43
BGT07301,USR034,INC07352,1400000,950000rb,600000,2950000,2350000,freelance,2023-06-03 16:18
BGT06051,USR048,INC06044,1400000,1000000,650000,3050000,2400000,business,2023-02-20 14:48
BGT09660,USR059,INC00331,,2000000,1200000,6650000,5450000,freelance,2024-09-18 06:25
BGT02017,USR028,INC07274,2000000,1450000,1150000,4600000,3450000,allowance,2024-08-16 22:48
BGT07782,USR024,INC09998,2450000,1500000,850000,4850000,3950000,allowance,2024-04-10 01:44
BGT08079,USR034,INC09324,1950000,-1450000,,4350000,3400000,allowance,2023-02-02 11:52
BGT06299,USR039,INC07241,2350000,1400000,500000,4250000,3750000,internship,2023-05-10 09:40
BGT01545,USR006,INC01943,900000,600000,400000,1950000,1500000,part_time,2023-07-30 20:17
BGT07286,USR037,INC02147,900000,550000,200000,1700000,1450000,allowance,2023-03-13 16:32
BGT07722,USR020,INC09381,550000,300000,300000,1150000,950000,allowance,2024-05-19 03:13
BGT08872,USR035,INC01747,750000,,400000,1500000,1150000,part_time,2023-01-01 04:43
BGT04761,USR047,INC07924,2600000,1600000,750000,4950000,4200000,freelance,2023-04-30 18:10
BGT03746,USR022,INC07727,1750000,1200000,700000,3650000,2950000,freelance,2023-06-06 11:35
BGT09936,USR065,INC09605,3150000,1950000,1050000,6150000,4750000,investment_return,2024-09-11 11:20
BGT06658,USR037,INC06934,2700000,1450000,800000,,4150000,freelance,2023-10-07 16:43
BGT09164,USR029,INC04535,1000000,700000,500000,2250000,1700000,FREELANCE,2024-04-13 22:04
BGT05132,USR022,INC05085,1900000,1350000rb,,4100000,3250000,allowance,2024-07-17 15:20
BGT07245,USR053,INC02012,2300000,1300000,1050000,4650000,3600000,salary,2023-03-19 09:59
BGT06705,USR044,INC06441,3250000,1800000,750000,5800000,5050000,freelance,28/06/2023 22:35
BGT03506,USR043,INC06233,3500000,2050000,850000,6400000,5550000,bonus,2024-07-28 16:20
BGT09719,USR044,INC06707,1700000,1150000,1000000,3850000,2850000,business,2023-01-28 17:27
BGT01179,USR009,INC01002,1500000,800000,450000,2750000,2300000,scholarship,2023-09-28 00:42
BGT09481,USR010,INC09361,1200000,800000,700000,2700000,2000000,SCHOLARSHIP,2024-01-21 22:16
BGT00489,USR063,INC05818,3200000,1900000,,6050000,5100000,salary,2023-12-04 02:50
BGT03768,USR063,INC06765,2700000,1650000,1550000,5900000,4350000,freelance,2024-04-12 22:11
BGT07384,USR074,INC07686,3200000,1900000,700000rb,5800000,5100000,bonus,2023-09-02 14:55
BGT00788,USR058,INC08048,3700000,2250000,1600000,7550000,5950000,freelance,2024-01-02 13:35
BGT00878,USR059,INC00893,1650000,1100000,1000000,3750000,2750000,business,2023-10-12 13:11
BGT07120,USR011,INC00281,700000,400000,400000,1500000,1100000,scholarship,
BGT00082,USR028,INC05423,1150000,750000,650000,2550000,1900000,freelance,2024-02-05 16:52
BGT00318,USR024,INC07120,1050000,600000,300000,1900000,1650000,allowance,2024-07-02 09:15
BGT02779,USR034,INC03012,2150000,1200000,950000,4300000,4300000,allowance,2024-04-07 06:52
BGT00299,USR070,INC01265,4750000,2550000,1500000,8800000,7300000,freelance,2023-08-03 13:29
BGT06073,USR054,INC01517,1600000,850000,500000,3000000,2450000,business,2023-02-16 06:27
BGT09069,USR038,INC03608,1550000,1000000,1000000,3550000,2550000,freelance,2023-07-04 21:41
BGT00873,USR061,INC08964,2400000,1700000,1250000,5350000,4100000,salary,2024-12-21 19:42
BGT03520,USR021,INC02126,-1100000,750000,450000,2250000,1850000,internship,2023-08-09 14:42
BGT00360,USR005,INC08422,,800000,450000,2550000,2100000,allowance,2024-10-08 12:42
BGT07588,USR062,INC05893,4800000,2450000,2150000,9450000,7250000,freelance,2024-09-02 10:50
BGT06519,USR060,INC03243,2600000,1550000,1150000,5300000,4150000,freelance,2023-07-12 09:02
BGT04130,USR040,INC01061,1600000,950000,750000,3300000rb,2550000,allowance,2024-09-08 06:48
BGT04849,USR074,INC02971,3450000,2100000,1650000,7200000,5550000,bonus,2023-11-11 14:32
BGT01276,USR055,INC09239,1650000,850000,600000,3100000,2500000,business,2024-10-16 08:15
BGT05193,USR031,INC01237,1600000,1050000,950000,3600000,2650000,allowance,2024-04-22 23:20
BGT05056,USR072,INC03105,2550000,1600000,750000,4900000,4150000,salary,2024-01-29 14:46
BGT07827,USR058,INC08293,2450000rb,1400000,1350000,5200000rb,3850000,salary,2024-01-17 04:49
BGT02366,USR040,INC05590,1700000,1000000,500000,3200000,2700000,part_time,2023-10-13 18:41
BGT09810,USR031,INC04415,2100000,1300000,950000,4350000,3400000,allowance,2024-03-17 07:54
BGT04114,USR016,INC01921,1250000,850000,750000,2800000,2100000,allowance,2023-03-23 02:31
BGT00479,USR004,INC04453,1600000,850000,450000,2900000,2450000,part_time,2024-02-24 06:00
BGT04263,USR070,INC00484,3850000,2400000,1750000,8000000,6250000,investment_return,2024-12-12 20:09
BGT01291,USR064,INC01667,4300000rb,2650000,2550000,9500000,6950000,salary,2024-11-22 19:15
BGT09367,USR052,INC00159,2450000,1350000,550000,4400000,3800000,business,2024-12-16 17:31
BGT09661,USR066,INC00696,2900000,1800000,950000,5700000,4700000,investment_return,2024-09-25 00:11
BGT08362,USR021,INC01998,1500000,800000,800000,3100000,2300000,internship,
BGT08960,USR007,INC02691,500000,350000,250000,1050000,850000,part_time,24/07/2023 11:30
BGT04562,USR036,INC05642,2050000,1200000,950000,4200000,3250000,internship,2024-08-20 09:52
BGT04180,USR002,INC03566,900000,550000,500000,1950000,1450000,scholarship,2023-09-16 15:53
BGT01766,USR074,INC05895,4950000,3050000,1900000,9900000,8000000,bonus,2023-07-24 10:30
BGT08729,USR006,INC02696,550000,300000,250000,1100000,850000,allowance,2023-07-28 21:42
BGT08735,USR056,INC00621,1650000,950000,700000,3300000,2600000,business,2023-12-27 09:16
BGT06531,USR043,INC08942,2300000,1700000,1250000,5250000,4000000,business,2024-04-18 07:56
BGT08152,USR013,INC06372,850000,500000,300000,1650000,1350000,allowance,2023-04-02 05:03
BGT04367,USR047,INC08765,3500000,2100000,2200000,7800000,5600000,bonus,2024-03-30 14:58
BGT09151,USR038,INC06406,700000,500000,350000,1500000,1200000,allowance,2024-10-08 15:43
BGT06738,USR069,INC09246,4300000,2600000,1700000,8600000,6900000,bonus,2023-07-04 10:09
BGT05063,USR016,INC05371,1050000,700000,550000,2300000,1750000,part_time,2024-03-28 02:53
BGT04075,USR046,INC07135,3650000,2100000,1100000,6850000,5750000,freelance,2023-09-13 10:10
BGT05963,USR053,INC02247,3450000,1950000,900000,6250000,5400000,salary,01/02/2024 08:09
BGT08052,USR032,INC07638,1950000,1100000,700000,3750000,3050000,internship,2024-11-24 19:15
BGT07518,USR014,INC00032,1400000,750000,450000,2600000,2150000,allowance,2023-07-15 11:08
BGT05582,USR056,INC09827,3200000,2000000,700000,5950000,5200000,freelance,2023-06-23 14:32
BGT00680,USR066,INC03387,4250000,2700000,950000rb,7900000,6950000,freelance,2024-06-14 17:27
BGT02232,USR059,INC01377,1850000,950000,750000,3550000,2800000,salary,2023-02-05 22:21
BGT00694,USR028,INC03138,1500000,950000,550000,3000000,2450000,part_time,2023-09-19 10:49
BGT01496,USR021,INC09711,2300000,1200000,1000000,4500000,3500000,allowance,2023-12-14 07:09
BGT07953,USR021,INC09103,1000000,550000,500000,2050000,1550000,internship,2023-10-19 23:54
BGT06696,USR057,INC01974,4150000,2200000,1200000,7500000,6350000,salary,2024-10-13 08:24
BGT07572,USR005,INC04493,750000,550000,300000,1600000,1300000,scholarship,2024-10-12 20:56
BGT04233,USR010,INC04229,550000,350000,200000,1100000,900000,allowance,2024-08-27 21:07
BGT05462,USR020,INC06619,700000,350000,250000,1300000,1050000,part_time,2024-09-30 17:06
BGT03958,USR013,INC07810,1300000,800000,650000,2750000,2100000,scholarship,2024-04-16 13:21
BGT00893,USR020,INC02614,750000,400000,350000,1500000,1150000,scholarship,2024-02-10 07:08
BGT09778,USR036,INC01919,1100000,600000,350000,2050000,1700000,freelance,2023-02-07 17:17
BGT03974,USR042,INC04766,3650000rb,2250000,1850000,7750000,5900000,bonus,2024-06-22 15:22
BGT02285,USR033,INC07890,1900000,1050000,800000,3750000,2100000,internship,2024-01-16 21:26
BGT04537,USR036,INC09639,1950000,1100000,800000,3850000,3050000,internship,2023-10-21 03:09
BGT02315,USR030,INC09713,1550000,1050000,600000,3200000,2600000,part_time,2023-08-31 16:49
BGT00442,USR010,INC05520,1200000,750000,500000,2450000,1450000,part_time,2024-05-31 19:12
BGT01636,USR037,INC05939,2300000,1300000,1200000,4800000,3600000,part_time,2023-01-02 11:12
BGT06100,USR058,INC01868,2700000,1600000,1350000,5650000,4300000,salary,2023-05-19 10:48
BGT04088,USR015,INC02612,650000,300000,250000,1200000,950000,scholarship,2024-10-19 18:33
BGT01263,USR026,INC02944,1300000,800000,500000,2600000,2100000,PART_TIME,17/09/2024 00:35
BGT01574,USR017,INC05841,900000rb,500000,400000,1800000,1400000,allowance,2023-05-11 19:47
BGT04409,USR073,INC00814,4300000,2700000,1650000,8650000,7000000,freelance,2023-07-04 07:48
BGT00633,USR072,INC01459,3700000,2600000,1400000,7700000,6300000,business,2024-07-20 08:41
BGT07291,USR002,INC08805,850000,,400000,1850000,1450000,part_time,2023-10-18 03:02
BGT06943,USR028,INC04704,1050000,600000,250000,,1650000,part_time,2024-10-04 19:24
BGT00662,USR039,INC08672,1300000,700000,500000,2500000,2000000,part_time,2023-03-03 18:20
BGT00543,USR056,INC05995,1900000,1050000,1100000,4000000,2950000,salary,2023-11-23 12:59
BGT08925,USR009,INC04297,1400000,1000000,650000,3000000,2400000,scholarship,2023-03-13 22:47
BGT02432,USR057,INC08181,2900000,1800000,1750000,6450000,4700000,bonus,2024-02-06 01:52
BGT09228,USR004,INC02584,1100000,650000,550000,2300000,1750000,scholarship,2023-01-23 19:19
BGT01501,USR061,INC08678,3550000,2000000,900000,6450000,5550000,freelance,2024-07-19 11:06
BGT05623,USR028,INC07069,1400000,850000,550000,2800000,2250000,part_time,2024-08-31 00:07
BGT04104,USR013,INC01807,1200000,850000,550000,2600000,2050000,scholarship,2024-12-13 12:36
BGT05290,USR066,INC08049,4150000,3000000,1650000,8800000,7150000,business,2023-08-10 08:02
BGT02148,USR006,INC00920,900000,600000,300000,1800000,1500000,scholarship,2023-04-16 19:52
BGT03923,USR069,INC00650,4500000,2750000,1900000,9150000rb,7250000,investment_return,2023-02-12 10:32
BGT06905,USR003,INC08614,1400000,750000,450000,2600000,2150000,allowance,2023-11-11 21:44
BGT01849,USR047,INC02185,3050000,1600000,1300000,5950000,4650000,bonus,2024-06-22 10:00
BGT01283,USR043,INC01963,1600000,900000,850000,3350000,2500000,salary,2023-07-26 04:00
BGT08241,USR062,INC03959,2950000,1950000,1400000,6300000,4900000,business,2023-08-07 13:48
BGT01113,USR025,INC01154,1350000,700000,700000,2750000,2050000,freelance,2024-02-23 21:43
BGT03524,USR053,INC05786,4250000,-2550000,900000,7700000,6800000,bonus,2024-12-26 10:49
BGT09482,USR047,INC00697,3150000,1800000,2050000,7000000,4950000,business,2024-11-29 16:02
BGT08650,USR007,INC00563,550000,300000,300000,1200000,850000,allowance,2024-08-25 00:54
BGT08387,USR058,INC05807,3250000,2050000,1100000,6400000,5300000,salary,2024-03-29 09:14
BGT01642,USR039,INC03830,1750000,950000,950000,3650000,2700000,allowance,2024-09-17 04:58
BGT09913,USR069,INC09443,3550000,2300000,850000,6700000,5850000,freelance,2023-05-15 14:18
BGT05947,USR001,INC08274,1100000,750000,450000,2300000,1850000,scholarship,2023-04-06 01:00
BGT03805,USR016,INC03695,1500000,750000,650000,2900000,2250000,allowance,2023-06-03 08:10
BGT00170,USR046,INC01053,2400000,1350000,1150000,4900000,3750000,business,31/03/2023 18:27
BGT07824,USR067,INC05154,4600000,2250000,1500000,8400000,6850000,investment_return,2024-02-15 17:52
BGT01928,USR022,INC08108,900000,500000rb,500000,1900000,1400000,internship,2023-08-12 19:10
BGT00778,USR075,INC07207,2500000,1750000,1000000,5250000,4250000,business,2024-11-13 04:47
BGT06803,USR049,INC00457,2050000,1150000,800000,4000000,3200000,business,2023-10-13 04:08
BGT07383,USR043,INC03047,2700000,1750000,650000,,4450000,freelance,2024-03-31 02:17
BGT05724,USR032,INC07053,2050000,-1450000,750000,4300000,3500000,ALLOWANCE,2023-05-07 09:00
BGT03623,USR004,INC06333,800000,500000,,1750000,1300000,part_time,2023-07-21 18:27
BGT00706,USR033,INC05610,2200000,1050000,800000,4100000,3250000,allowance,
BGT02857,USR064,INC03346,,1450000,900000,5000000,4100000,SALARY,2024-05-06 13:15
BGT03085,USR055,INC02571,2300000,1250000,1250000,4800000,3550000,salary,2024-09-18 17:57
BGT00658,USR043,INC04302,3550000,1850000,1050000,6450000,5400000,bonus,2023-11-26 03:03
BGT02847,USR025,INC00641,1350000,900000,500000,2800000,2250000,internship,2024-11-26 09:06
BGT05100,USR019,INC06894,1200000,650000,450000,2250000,1850000,part_time,2023-09-28 12:48
BGT03188,USR020,INC08525,750000,500000,450000,1650000,1250000,allowance,2024-04-06 15:28
BGT07519,USR062,INC02808,3700000,2650000,1500000,7850000,6350000,investment_return,2024-12-14 08:56
BGT06516,USR032,INC09171,1700000,1050000,900000,3650000,2750000,internship,2024-10-14 15:31
BGT04389,USR003,INC00429,500000,300000,250000,1050000,800000,allowance,2023-06-04 09:52
BGT03181,USR006,INC08638,500000,400000,250000,1150000,900000,allowance,2024-10-14 21:34
BGT00792,USR024,INC02573,2000000,1450000,850000,4300000,3450000,internship,2024-08-18 01:57
BGT00844,USR007,INC02290,1200000,700000,400000,2250000rb,1900000,scholarship,2023-07-25 09:37
BGT09273,USR014,INC02775,1550000,900000,450000,2950000,2450000,,
BGT04317,USR040,INC08508,1500000,750000,500000,2750000,2250000,part_time,2023-06-12 15:59
BGT01414,USR055,INC04842,3300000,1900000,1550000,6750000,5200000,freelance,2023-06-05 20:21
BGT00098,USR008,INC07108,1200000,800000,550000,2550000,2000000,scholarship,2023-09-29 04:28
BGT02379,USR019,INC08532,1200000,750000,750000,2700000rb,1950000,scholarship,2023-09-20 17:31
BGT00091,USR029,INC06193,2500000,1500000,500000,4500000,4000000,allowance,2023-03-14 15:19
BGT01939,USR008,INC00640,600000,400000,300000,1300000,1000000,allowance,2023/04/07 01:35
BGT01047,USR034,INC06104,2000000,1100000,950000,4050000,3100000,part_time,2023/10/28 14:56
BGT07675,USR003,INC06851,550000,350000,200000,1050000,900000,part_time,2023-12-03 20:23
BGT01333,USR075,INC07928,2700000,1450000,700000,4850000.00,4150000,salary,2023-04-26 21:17
BGT02047,USR037,INC00200,2100000,1100000,1100000,4300000,3200000,allowance,2023-07-05 18:02
BGT03289,USR047,INC03140,2800000,1700000,800000,5300000,4500000,salary,2024-11-12 12:50
BGT00620,USR068,INC09477,2950000,1850000,1350000,6150000,4800000,business,2023-10-05 08:43
BGT09841,USR043,INC00263,1950000,1250000,750000,3950000,3200000,business,2023-12-08 07:17
BGT08617,USR025,INC05930,1650000,800000,550000,3000000,2450000,allowance,2024-07-03 00:35
BGT05425,USR047,INC07129,1950000,1200000,1050000,4200000,3150000,freelance,2024-06-20 05:47
BGT09187,USR050,INC03877,3750000,2600000,1600000,7950000,6350000,salary,24/07/2024 02:48
BGT00926,USR071,INC05244,2800000,,950000,5550000,4650000,bonus,2023-07-14 21:29
BGT06739,USR033,INC04294,2000000,1050000,1000000,4050000,3050000,part_time,2023-06-11 22:37
BGT09818,USR014,INC07922,850000,450000,250000,1500000,1300000,part_time,2023-01-15 11:34
BGT06997,USR009,INC03551,1600000,1000000,400000,3000000,2600000,scholarship,2023-09-04 08:58
BGT09592,USR027,INC03188,1950000,1200000,1150000,4300000,3150000,internship,2023-07-28 14:18
BGT02520,USR066,INC07368,4450000,2350000,1900000,8700000,6800000,investment_return,2024-10-09 15:43
BGT05754,USR063,INC08743,4100000,2400000,1750000,8250000,6500000,freelance,2023-10-02 19:24
BGT09365,USR035,INC04530,1900000,1100000,900000,3850000,3000000,internship,2023-07-21 19:49
BGT06110,USR045,INC00535,2450000,1550000,1350000,5350000,4000000,freelance,2024-08-19 03:52
BGT09585,USR033,INC09935,800000,550000,250000,1600000,1350000,internship,2024-04-03 03:02
BGT07084,USR059,INC04059,1800000rb,950000,550000,3300000,2750000,salary,2023-03-21 12:21
BGT08274,USR065,INC03938,3500000,2150000,1050000,6700000,5650000,SALARY,2023-02-23 11:47
BGT08556,USR057,INC08467,2650000,1750000,,5650000,4400000,bonus,2024-05-11 04:17
BGT03098,USR047,INC09238,1500000,950000,850000,3350000,2450000,bonus,2024-01-10 11:44
BGT08511,USR059,INC02149,2800000,1500000,800000,5100000,4300000,bonus,2023-10-17 18:46
BGT07493,USR004,INC06165,600000,350000,150000,1100000,950000,part_time,2024-03-10 22:54
BGT03760,USR029,INC09903,1900000rb,1100000,800000,3800000,3000000,allowance,2024-11-10 14:04
BGT02988,USR067,INC04206,4600000,2400000,1850000,8850000,7000000,salary,2024-08-26 19:04
BGT04969,USR066,INC03145,5350000,3100000,1250000,9750000,8450000,business,2024-05-02 11:41
BGT01007,USR052,INC04043,2700000,1350000,1150000,5200000,4050000,business,2023-08-19 17:50
BGT07750,USR048,INC07983,4050000,2300000,1300000,7650000.00,6350000,freelance,2024-05-30 01:21
BGT05455,USR038,INC05509,2450000,1150000,850000,4450000,3600000,part_time,2023-01-06 11:54
BGT02504,USR043,INC04913,2350000,1600000,950000,4900000,3950000,business,2023-10-17 05:44
BGT03162,USR022,INC08464,2550000,1400000,750000,4700000,5000000,freelance,2024-04-09 10:36
BGT03382,USR008,INC03377,800000,450000,350000,1600000,1250000,scholarship,2024-05-12 07:23
BGT02335,USR038,INC00202,1500000,850000,550000,2900000,2350000,freelance,2023-04-18 23:58
BGT05443,USR074,INC09414,3200000,1750000,1100000,6050000,4950000,bonus,2024-03-30 07:25
BGT03483,USR053,INC06424,3450000,2000000,1450000,6900000,5450000,business,2023-06-04 14:06
BGT05940,USR010,INC03395,1050000,700000,550000,2300000,1750000,allowance,2023-01-18 21:50
BGT04763,USR049,INC09309,4100000,2500000,,7600000,6600000,freelance,2023-03-30 08:56
BGT04743,USR043,INC03510,2800000,1550000,,5450000,4350000,salary,2024-05-04 03:54
BGT07141,USR007,INC05288,1200000,650000,400000,2250000,1850000,part_time,2024/02/25 06:52
BGT06569,USR005,INC09474,1300000,900000,400000,2650000,2200000,allowance,2024-11-20 13:32
BGT08398,USR046,INC00247,4400000,2400000,1200000,8000000,6800000,freelance,2023-03-04 18:23
BGT00454,USR032,INC00520,1250000,900000,650000,2800000,2150000,part_time,2024-01-02 22:59
BGT07700,USR008,INC07869,1350000,800000,450000,2600000,2150000,scholarship,2023-06-17 18:14
BGT01729,USR039,INC05600,1650000,-950000,600000,3200000,2600000,allowance,2024-09-06 08:14
BGT08516,USR051,INC03345,1600000,950000,550000,3100000,2550000,freelance,2024-08-26 10:14
BGT07059,USR006,INC06084,500000,250000,250000,1000000,750000,part_time,2024-07-09 11:03
BGT03562,USR059,INC04090,2000000,1050000,850000,3950000,3050000,freelance,2024-12-12 11:36
BGT07581,USR011,INC09070,1350000,800000,450000,2600000,2150000,allowance,2024-01-29 01:36
BGT06109,USR029,INC04762,1900000,1350000,800000,4050000,3250000,part_time,2023-06-15 17:16
BGT07140,USR031,INC03777,1500000,750000,500000,2700000,2250000,internship,2024-07-17 08:51
BGT07648,USR051,INC08339,2500000,1500000,600000,4600000,4000000,bonus,2023-08-29 11:45
BGT09215,USR061,INC02039,4850000,3050000,1600000,9500000,7900000,bonus,2024-01-29 17:01
BGT05230,USR070,INC01097,3200000,1600000,1450000,6250000,4800000,salary,2024-05-14 17:51
BGT07775,USR016,INC08442,1250000,650000,350000,2200000,1900000,part_time,2024-11-28 09:35
BGT09338,USR011,INC08340,1450000,800000,450000,2750000,2250000,scholarship,2023-06-12 05:57
BGT02485,USR053,INC01942,2350000,1400000,1050000,4750000,3750000,bonus,2023-06-04 17:02
BGT08007,USR038,INC04831,1050000,750000,450000,2250000,1800000,ALLOWANCE,2023-12-04 09:33
BGT02411,USR073,INC02026,4600000,3300000rb,2100000,10000000,7900000,investment_return,29/08/2023 07:52
BGT02887,USR017,INC09321,850000,500000,200000,1550000,1350000,scholarship,2024-03-07 19:56
BGT06079,USR053,INC02917,2900000,1700000,1700000,6350000,4600000,salary,2023-06-03 07:57
BGT02866,USR065,INC09851,5100000,2800000,2100000,10000000,7900000,bonus,2023-06-21 16:46
BGT04472,USR060,INC05428,2050000,,850000,4200000,3350000,bonus,2024-01-22 23:40
BGT06143,USR067,INC03230,5150000,2950000,1800000,9900000,8100000,investment_return,2023-01-06 01:41
BGT03758,USR049,INC07698,3600000,1950000,1650000,7150000,5550000,,2024-10-17 12:01
BGT04106,USR021,INC04357,1100000,650000,400000,2150000,1750000,internship,2024-09-10 08:10
BGT00668,USR033,INC01951,1400000,900000,750000,,2300000,allowance,2024-12-19 13:35
BGT04664,USR055,INC09294,2850000,1700000,1500000,6100000,4550000,salary,2024-10-29 21:39
BGT04177,USR062,INC00720,4300000,2450000,2750000,9500000,6750000,bonus,2024-11-26 07:10
BGT02918,USR074,INC00921,5350000,3200000,1150000,9700000,8550000,investment_return,2024-01-19 21:23
BGT09325,USR022,INC04633,1950000,1100000,1000000,4100000,3050000,internship,2023-01-03 08:05
BGT06518,USR001,INC02560,1350000,800000,500000,2650000,2150000,allowance,2023-06-08 08:55
BGT08083,USR025,INC00765,1950000,1150000,350000,3450000,3100000,part_time,2024-01-01 19:53
BGT06593,USR071,INC08696,3100000,2150000,1450000,6700000,5250000,salary,04/08/2023 16:48
BGT04157,USR008,INC09708,1000000,500000,300000,1800000,1500000,scholarship,2023-08-08 14:37
BGT01159,USR015,INC03967,1000000,650000,450000,2100000,1650000,scholarship,2023-07-30 00:05
BGT09538,USR060,INC07613,4050000,2500000,1250000,7750000,6550000,business,2024-02-21 17:21
BGT08777,USR044,INC09242,3100000,2050000,1700000,6850000,5150000,freelance,2024-09-08 01:40
BGT03983,USR073,INC00824,2950000,1800000,650000,5400000,4750000,investment_return,2023-03-19 23:00
BGT05055,USR050,INC09597,2450000,1550000,1150000,5150000,4000000,salary,2024-01-12 08:18
BGT01894,USR074,INC08702,3450000,1750000,1000000,6200000,5200000,freelance,2023-11-15 21:40
BGT03868,USR061,INC05915,2100000,1150000,1100000,4350000,3250000,salary,2024-05-06 15:37
BGT05644,USR027,INC04717,1950000,1200000,1000000,4100000,3150000,part_time,2023/07/13 01:01
BGT07611,USR075,INC08651,3800000,2500000,2100000,8400000,6300000,freelance,2024-06-13 02:11
BGT05252,USR048,INC09362,2000000,1300000,750000,4050000,3300000,business,
BGT03303,USR047,INC01219,1800000,1000000,900000,3700000,2800000,freelance,2023-11-06 19:28
BGT02065,USR030,INC03136,2350000,1200000,1000000,4550000,3550000,part_time,2023-04-22 21:27
BGT05615,USR023,INC03953,900000,550000,300000,1750000,1450000,part_time,2024-04-22 19:29
BGT00982,USR020,INC07266,1200000,800000,600000,2600000,2000000,scholarship,2024-10-23 01:26
BGT00891,USR003,INC04210,,800000,550000,2700000,2100000,scholarship,2024-05-05 18:40
BGT06176,USR022,INC02172,1750000,1000000,,3450000,2750000,allowance,2023-01-10 06:05
BGT09010,USR016,INC08306,600000,350000rb,150000,1100000,950000,allowance,2024-12-07 17:05
BGT03831,USR071,INC02820,4550000,3100000,2050000,9700000,7650000,business,2023-08-11 03:50
BGT09041,USR008,INC02586,1350000,,300000,2400000,2400000,scholarship,2024-11-27 12:27
BGT04436,USR031,INC05226,850000,500000,550000,1900000,1350000,allowance,2023-11-08 22:42
BGT00551,USR046,INC02226,2950000,1650000,1100000,5700000,4600000,bonus,2024-07-26 11:51
BGT03377,USR040,INC07021,1050000,650000,600000,2300000,1700000,allowance,2023-04-21 00:31
BGT08615,USR040,INC08941,1250000,850000rb,700000,2800000,2100000,internship,2023-03-08 12:48
BGT09819,USR054,INC04858,3300000,2050000,2200000,7550000,5350000,salary,2024-12-21 12:11
BGT03727,USR045,INC01148,3500000,2200000,1900000,7600000,5700000,bonus,2023-07-07 03:12
BGT01253,USR042,INC06793,3650000,1950000,1150000,6750000,5600000,business,2023-09-09 04:59
BGT02016,USR034,INC03499,1150000,600000,450000,2200000,1750000,allowance,2024-05-11 10:35
BGT02327,USR028,INC05117,2650000,1350000,900000,4900000,4000000,internship,2023-01-21 14:02
BGT00526,USR023,INC07747,2500000,1450000,550000,4500000,3950000,allowance,
BGT07833,USR004,INC05681,1300000,800000,350000,2500000,2100000,part_time,2023-06-14 04:39
BGT04505,USR021,INC01464,2400000,1250000,950000,4600000,3650000,freelance,2023-12-09 02:14
BGT06810,USR051,INC04466,1950000,1200000,1050000,4200000,3150000,FREELANCE,2024-01-30 21:41
BGT01387,USR027,INC06207,2150000rb,1200000,850000,4200000,3350000,allowance,2023-07-26 11:45
BGT01977,USR001,INC03844,1500000,850000,550000,2850000,2350000,allowance,2023-07-04 01:56
BGT05412,USR059,INC06673,3750000,2300000,650000,6700000,6050000,bonus,2023-10-27 13:37
BGT05517,USR039,INC05606,1150000,600000,400000,2150000,1750000,freelance,
BGT04110,USR062,INC04576,2850000,1450000,800000rb,5100000,4300000,business,2024-09-11 16:06
BGT00601,USR041,INC01019,2450000,1650000,900000,5050000,4100000,bonus,2023-06-29 00:36
BGT08538,USR059,INC00146,2950000,1700000,1250000,5900000,4650000,business,2024-03-28 17:07
BGT03788,USR061,INC06805,2300000,1500000,900000,4650000,3800000,freelance,2024-12-25 11:13
BGT05912,USR024,INC04203,1950000,1050000,750000,3750000,3000000,internship,2023-11-03 18:40
BGT03876,USR064,INC07546,4800000,-2950000,1500000,9250000,7750000,business,2023-09-18 01:01
BGT09253,USR027,INC00389,2650000,1550000,600000,4800000,4200000,freelance,2023-08-05 13:31
BGT01933,USR002,INC07109,950000,500000,300000,1750000,1450000,allowance,2023-08-19 00:55
BGT07328,USR041,INC04928,1800000,1050000,500000,3350000,2850000,freelance,2023-08-15 01:55
BGT00809,USR062,INC05165,3950000,2150000,1800000,7900000,6100000,business,2024-08-28 14:12
BGT01207,USR072,INC07520,4100000,2650000,1300000,8050000,6750000,salary,2023-09-28 11:59
BGT08405,USR015,INC04896,950000,600000,300000,1900000,1550000,allowance,2024-06-12 05:46
BGT02181,USR005,INC05276,550000,300000,250000,1100000,850000,allowance,2024-06-14 20:36
BGT04151,USR001,INC06990,550000,400000,300000,1250000,950000,scholarship,2024-04-16 14:54
BGT01731,USR067,INC02494,2350000,1250000,900000,4550000,3600000,bonus,
BGT04841,USR006,INC02057,900000,450000,300000,1650000,1350000,allowance,2024-07-26 16:59
BGT00035,USR040,INC00961,1450000,800000,850000,3100000,2250000,part_time,2024-10-08 10:41
BGT01018,USR030,INC09568,1650000,900000,550000,3100000,2550000,freelance,2024-10-27 19:01
BGT08549,USR043,INC05513,3850000,2400000,1750000,8000000.00,6250000,bonus,2024-02-05 13:14
BGT02055,USR039,INC02109,2050000,1050000,650000,3750000,3100000,part_time,2023-06-17 02:48
BGT03927,USR002,INC05837,1600000,,500000,2850000,2350000,part_time,2024-01-30 11:34
BGT00001,USR046,INC08029,4100000,2300000,1300000,7700000,6400000,bonus,2024-12-06 21:31
BGT02968,USR010,INC02338,1200000,800000,600000,2600000,2000000,allowance,2023-09-05 12:12
BGT05222,USR062,INC01097,4300000,2400000,1900000,8600000,6700000,salary,2024-07-08 23:36
BGT07585,USR052,INC08250,2950000,2050000,1600000,6600000,5000000,salary,2023-01-21 06:28
BGT07109,USR069,INC01317,3300000,1550000,1150000,6000000,4850000,investment_return,28/10/2023 12:23
BGT06063,USR029,INC03841,2150000rb,1450000,800000,4400000,3600000,freelance,2024-04-09 14:28
BGT08554,USR070,INC02281,3650000,2100000,1000000,6750000,5750000,salary,2024-03-19 00:48
BGT07839,USR009,INC06175,1150000,650000,650000,2450000,1800000,scholarship,2023-09-10 00:04
BGT05276,USR024,INC06715,2600000,1650000,600000,4850000,4250000,internship,2024-07-10 03:28
BGT06753,USR046,INC07249,2000000,1350000,950000,4300000,3350000,freelance,2024-10-15 17:16
BGT00290,USR059,INC02420,2450000,-1600000,,5250000,4050000,bonus,2023-06-14 07:47
BGT07783,USR039,INC05046,900000,550000,550000,1950000,1450000,allowance,2024-01-26 19:53
BGT08833,USR037,INC03424,2150000,1150000,600000,3900000,3300000,part_time,2024-06-07 12:26
BGT05665,USR035,INC08060,2200000,1500000,1000000,4700000,3700000,allowance,2024-09-16 23:11
BGT02217,USR057,INC08100,2150000,1100000,700000,4000000rb,3250000,freelance,2023-03-07 08:06
BGT03581,USR022,INC03851,1850000,950000,850000,3600000,2800000,allowance,
BGT07924,USR051,INC09640,3200000,2300000,1450000,7000000,5500000,business,2024-04-23 03:26
BGT06048,USR016,INC05185,1350000,950000,550000,2850000,2300000,part_time,2023-09-16 07:26
BGT09943,USR002,INC07753,1150000,650000,450000,2250000rb,1800000,allowance,2023-03-06 02:08
BGT06899,USR032,INC04864,1200000rb,800000,600000,2600000,2000000,freelance,06/11/2023 03:46
BGT08054,USR033,INC01572,2200000,1250000,1000000,4450000,3450000,allowance,2024-06-27 20:53
BGT04133,USR063,INC08480,2650000,1700000,1700000,6050000,4350000,investment_return,21/03/2023 18:58
BGT08657,USR046,INC00901,2750000,1900000,1450000,6100000,4650000,freelance,2023-05-31 00:30
BGT09593,USR007,INC05706,900000,650000,400000,1900000,1550000,scholarship,2024-02-22 11:08
BGT06807,USR004,INC01986,900000,-550000,400000,1850000,1450000,scholarship,2024-07-14 18:51
BGT00146,USR041,INC05255,2650000,1400000,1250000,5300000,4050000,freelance,2024-08-20 11:03
BGT00782,USR036,INC05759,2100000,1250000,750000,4100000,3350000,internship,2024-07-26 08:08
BGT03336,USR017,INC07158,1200000,750000,650000,2650000rb,1950000,allowance,2024-10-15 23:03
BGT08288,USR056,INC00431,2850000,1750000,1250000,5850000,4600000,salary,2023-03-31 07:12
BGT02206,USR007,INC00425,1150000,750000,500000,2400000.00,1900000,allowance,2024-12-13 10:07
BGT07144,USR045,INC01290,3400000,1900000,1250000,6500000,5300000,bonus,2023-12-02 02:45
BGT05268,USR046,INC09119,2500000,1750000,1200000,5400000,4250000,bonus,
BGT06302,USR013,INC06026,1450000,800000,700000,2950000,2250000,scholarship,2024-10-28 20:02
BGT01961,USR027,INC08757,2050000,1150000,950000,4150000,3200000,allowance,2024-02-17 09:05
BGT08492,USR005,INC09856,1200000,850000,650000,2700000,2050000,scholarship,2024-09-06 16:20
BGT05269,USR051,INC00165,3100000,1750000,1900000,6750000,4850000,freelance,2024-07-16 16:33
BGT08747,USR041,INC04121,2250000,1600000,1000000rb,4850000,3850000,salary,2024-10-22 03:27
BGT06118,USR072,INC07443,3650000,2050000,1150000,6900000,5700000,investment_return,2023-09-14 22:21
BGT09772,USR029,INC01798,850000,600000,500000,1950000,1450000,internship,2024-11-06 06:31
BGT09209,USR022,INC05536,1500000,800000,350000,2650000,2300000,allowance,2024-03-05 05:26
BGT06869,USR045,INC06792,1850000,1300000,750000,3900000,3150000,salary,2024-05-04 22:51
BGT05989,USR004,INC05308,850000,400000,,1550000,1250000,part_time,2023-08-29 06:31
BGT00705,USR022,INC02559,2550000,1350000,750000,4600000,3900000,internship,2024-05-05 13:06
BGT06397,USR022,INC03039,1750000,1250000,800000,3850000,3000000,allowance,2024-08-30 06:46
BGT04599,USR027,INC08787,1300000,800000,500000,2600000,2100000,allowance,2023-01-27 13:25
BGT01815,USR059,INC09899,3700000,2450000,1750000,7900000,6150000,freelance,2023-10-02 02:35
BGT00470,USR048,INC02598,2300000,1550000,850000,4700000,3850000,business,2024-10-05 04:16
BGT08569,USR068,INC00370,2100000,1250000,1300000,4650000.00,3350000,salary,2023-04-22 08:21
BGT08179,USR057,INC08356,1600000,950000,450000,3000000,2550000,business,2023-06-28 13:24
BGT02632,USR040,INC04147,900000,500000,300000,1700000,1400000,part_time,2023-09-13 02:43
BGT04681,USR042,INC08044,3500000,1800000,1100000,6400000,5300000,salary,2023-03-29 00:46
BGT02010,USR001,INC08986,650000,450000,350000,1450000,1100000,allowance,2023-08-03 18:43
BGT01575,USR043,INC07592,2150000,1500000,1150000,4800000,4750000,salary,2024-08-07 20:27
BGT05853,USR023,INC02680,1750000,900000,600000,3250000,2650000,allowance,2023-09-24 00:42
BGT06287,USR009,INC07556,750000,500000,300000,1550000,1250000,allowance,2024-10-29 18:01
BGT01391,USR068,INC02151,3500000,2050000,1850000,7400000,5550000,business,2023-08-15 21:21
BGT09042,USR016,INC07771,1000000,750000,400000,2150000,1750000,part_time,2023-06-19 00:25
BGT01666,USR038,INC02370,1300000,850000,750000,2850000,2150000,freelance,2024-12-25 16:48
BGT09821,USR047,INC09167,2700000,1700000,1650000,6050000,4400000,business,2024-12-27 19:04
BGT09674,USR062,INC03883,4950000,2600000,1450000,9000000,7550000,salary,2024-07-17 20:30
BGT03722,USR016,INC07439,,350000,350000,1350000,1000000,scholarship,2023-11-08 03:05
BGT03420,USR024,INC01066,1700000,1050000,500000,3250000,2750000,internship,2023-02-20 09:44
BGT08816,USR071,INC01426,2250000,1500000,1250000,4950000,3750000,freelance,2024-11-23 01:52
BGT00235,USR057,INC09815,2300000,1250000,900000,4400000,3550000,bonus,2024-12-21 18:57
BGT04299,USR068,INC04278,2300000,1450000,1100000,4850000.00,3750000,investment_return,2023-01-08 16:55
BGT01978,USR029,INC09758,1250000,800000,800000,2850000,2050000,internship,2023-09-17 20:42
BGT03003,USR021,INC06634,2050000,1150000,650000,3850000,3200000,part_time,2023-01-21 14:15
BGT08096,USR041,INC04512,2400000,1450000,900000,4750000,3850000,salary,2024-08-08 14:57
BGT02052,USR067,INC03745,3800000,2600000,1700000,8050000,6400000,investment_return,2024-10-07 05:16
BGT00776,USR036,INC05395,2150000,1050000,850000,4050000,3200000,freelance,2024-07-01 06:02
BGT09521,USR011,INC02812,1200000,750000,650000,2600000,1950000,allowance,2023-03-27 17:18
BGT06469,USR066,INC00232,3150000,1950000,650000,5700000,5100000,bonus,2024-09-02 00:59
BGT00248,USR058,INC01589,2400000,-1300000,750000,4450000,3700000,freelance,2023-01-05 18:15
BGT07455,USR044,INC02911,2450000,1700000,1050000,5200000,4150000,freelance,2023-03-19 10:26
BGT03464,USR031,INC07179,2500000,1500000,900000,4900000,4000000,allowance,2024-08-03 03:51
BGT06571,USR026,INC04821,850000,550000,300000,,1400000,part_time,2023-02-12 17:16
BGT09285,USR070,INC07064,5050000,2950000,1200000,9200000rb,8000000,investment_return,2023-07-15 00:36
BGT06016,USR002,INC06111,1300000,750000,700000,2750000,2050000,allowance,2023-02-13 05:50
BGT02532,USR025,INC03282,1800000,1050000,900000,3700000,2850000,freelance,2023-05-11 06:56
BGT04135,USR057,INC03125,1500000,1050000,650000,3150000,2550000,freelance,2024-12-18 09:47
BGT03701,USR070,INC04807,-4550000,2550000,1350000,8450000,7100000,salary,2024-09-20 04:43
BGT03737,USR075,INC07775,3200000,2100000,1250000,6550000,5300000,freelance,2024-08-20 19:13
BGT08582,USR067,INC04213,4250000,2650000,1950000,8850000,6900000,bonus,2024-07-18 19:12
BGT03365,USR033,INC00355,2450000,1500000,600000,4550000,3950000,part_time,2023-08-06 12:59
BGT07879,USR043,INC02941,1950000,1100000,700000,3750000,3050000,business,2023-02-26 07:47
BGT09462,USR072,INC03369,4350000,2800000,1050000,8250000,7150000,investment_return,2023-11-09 08:49
BGT01558,USR005,INC03782,1400000,,450000,2600000,2150000,allowance,2023-02-10 02:51
BGT07547,USR071,INC03655,3800000,2850000,2000000,8650000,6650000,investment_return,2023-02-20 21:00
BGT01027,USR043,INC09865,3700000,2400000,1900000,8000000,6100000,bonus,2023-11-23 12:26
BGT03201,USR056,INC04449,3850000,2100000,1750000,7700000,5950000,bonus,2023-08-09 06:52
BGT05124,USR005,INC05023,1000000,650000,400000,2100000,1650000,part_time,2024-06-18 03:48
BGT01383,USR006,INC07715,1150000,650000,500000,2300000,1800000,part_time,2023-12-26 18:00
BGT06823,USR022,INC00872,1800000,1000000,500000,3300000,2800000,part_time,2024-07-15 21:00
BGT07713,USR044,INC04104,1950000,1200000,1000000,4100000,3150000,salary,2024-02-18 08:30
BGT06416,USR025,INC04063,1700000,1100000,850000,3650000,2800000,part_time,2023-08-13 00:45
BGT07823,USR052,INC03742,3500000,2150000,1350000,7000000,5650000,bonus,2023-11-25 08:08
BGT09647,USR058,INC06568,,1150000,850000,3800000,2950000,salary,2023-06-28 22:16
BGT06255,USR022,INC01000,2150000,-1200000,950000,4300000,3350000,internship,2023-01-10 12:51
BGT01350,USR016,INC07843,900000,450000,250000,1600000,1350000,allowance,2024-03-17 10:43
BGT00922,USR060,INC05522,2300000,1300000,1000000,4600000,3600000,freelance,2024-11-03 18:24
BGT05566,USR025,INC09777,2100000,-1450000,850000,,3550000,allowance,2023-09-01 20:58
BGT05810,USR053,INC06997,2200000,1450000,1000000,4650000rb,3650000,bonus,2024-08-31 15:48
BGT01115,USR038,INC00625,1700000,1100000rb,500000rb,3300000,2800000,internship,2023-06-13 02:06
BGT09989,USR026,INC08878,2200000,1200000,950000,4350000,3400000,freelance,2023-10-09 17:31
BGT05341,USR022,INC07814,850000,550000,450000,,1400000,freelance,2024-09-22 05:01
BGT00297,USR063,INC09382,3200000,-1950000,,6050000,5150000,investment_return,2023-08-01 17:47
BGT01539,USR055,INC06855,1700000,950000,950000,3600000,2650000,business,2023-09-19 20:08
BGT08977,USR054,INC06909,3500000,2050000,1750000,7300000,5550000,salary,2023-11-01 21:18
BGT08667,USR055,INC05725,3650000,2150000,1200000,7000000,5800000,business,2023-01-29 00:29
BGT01513,USR020,INC06835,1300000,700000,,2650000,2000000,part_time,2023-07-20 15:26
BGT00710,USR065,INC00043,3750000,2350000,1700000,7800000,6100000,investment_return,2023-04-13 04:51
BGT08621,USR028,INC00681,,1000000,550000,3350000,2800000,freelance,2023-05-19 22:32
BGT00162,USR031,INC02748,2100000rb,1200000,900000,4200000,3300000,part_time,2023-12-23 19:30
BGT02908,USR058,INC02562,1500000,1000000,650000,3150000,2500000,business,2023-10-21 18:26
BGT08734,USR067,INC00126,3850000,2450000,1850000,8150000,6300000,salary,2024-05-16 10:13
BGT04487,USR039,INC05961,1700000,900000,400000,3000000,2600000,internship,2023-04-24 13:46
BGT00917,USR026,INC03043,900000,550000,400000,1850000,1450000,allowance,2023-12-15 06:43
BGT05513,USR061,INC07863,2750000,1750000,800000,5250000,4500000,bonus,2024-01-21 11:28
BGT01149,USR033,INC04720,2400000,1500000,750000,,3900000,freelance,2023-08-12 18:05
BGT03378,USR068,INC02657,2450000,1400000,800000,4650000,3850000,investment_return,15/10/2024 18:07
BGT09616,USR034,INC06932,1950000,1300000,850000,4100000,3250000,allowance,2024-12-08 00:04
BGT07552,USR011,INC05355,550000,350000,250000,1100000,900000,scholarship,2023-10-09 11:38
BGT09015,USR066,INC05342,4150000,2350000,1350000,7800000,6500000,freelance,2023-11-15 00:11
BGT07213,USR074,INC04459,2450000,1650000,750000,4850000,4100000,bonus,2024-11-23 06:30
BGT03351,USR072,INC07901,3450000,1900000,1000000,6350000,5350000,investment_return,2023-02-16 04:42
BGT05849,USR072,INC09819,4750000,3350000,1750000,9850000,8100000,business,2024-10-17 13:00
BGT02434,USR017,INC01751,1050000,650000,550000,2250000,1700000,allowance,2024/10/10 05:05
BGT00466,USR036,INC08691,1500000,900000,850000,3250000,2400000,internship,2024-06-01 04:46
BGT02514,USR066,INC00565,3900000,2550000,1800000,8250000,6450000,investment_return,2024-04-25 20:22
BGT01395,USR008,INC00839,1200000,750000,600000,2600000,1950000,scholarship,2023-07-16 15:50
BGT08339,USR042,INC01288,2100000,1300000,550000,4000000rb,3400000,salary,2024-02-21 11:19
BGT01569,USR018,INC01727,600000,,250000,1150000rb,900000,scholarship,2023-06-18 15:40
BGT09825,USR027,INC07563,1350000,850000,500000,2700000,2200000,internship,2023-02-05 01:43
BGT08713,USR052,INC08315,2400000,,750000,4650000,3900000,bonus,2024-08-22 11:43
BGT06585,USR042,INC03775,4150000,2400000,1000000,7500000,6550000,freelance,2024-10-24 19:11
BGT02157,USR023,INC07939,900000,450000,450000,1800000,1350000,internship,2023-07-05 20:12
BGT05966,USR075,INC02617,3250000,1800000,950000,6000000,5050000,freelance,2023-10-11 21:12
BGT03132,USR008,INC04515,1350000,750000,700000,2800000,2100000,allowance,24/03/2023 05:46
BGT06633,USR029,INC01666,950000,500000,300000,1750000,1450000,allowance,2024-12-14 22:18
BGT01045,USR071,INC07050,4200000,2600000,1300000,8100000,6800000,salary,2024-05-15 15:30
BGT00168,USR055,INC05299,1950000,1350000,900000,4200000,3300000,bonus,2023-02-16 17:26
BGT06323,USR041,INC03032,3350000,1950000,1500000,6800000,5300000,bonus,2024-03-01 13:38
BGT01250,USR042,INC03532,2800000,1650000,1250000,5700000,4450000,freelance,2024-01-09 21:46
BGT09070,USR062,INC06731,2050000,1500000,950000,4500000,3550000,freelance,2024-02-06 01:58
BGT09399,USR071,INC05514,3500000,1800000,1150000,6500000,5300000,salary,2023-12-11 13:48
BGT04812,USR022,INC07199,2450000,1500000,850000,4800000,3950000,freelance,2023-09-17 11:19
BGT05629,USR055,INC04910,3850000,2000000,1300000,7150000,5850000,salary,2023-10-19 10:04
BGT08523,USR073,INC09637,4900000,2750000,1250000,8900000,7650000,bonus,2023-11-26 09:55
BGT00721,USR019,INC02392,1300000,700000,500000,2500000,2000000,part_time,2023-01-12 12:27
BGT09680,USR020,INC05622,800000,500000,350000,1700000,1300000,allowance,2024-01-23 02:27
BGT01144,USR021,INC05415,1000000,550000,400000,1950000,1550000,allowance,2024-04-30 04:36
BGT09743,USR040,INC09926,1850000,1050000,750000,3650000,2900000,freelance,2024-01-17 09:34
BGT02669,USR052,INC02299,3250000,2300000,1400000,6900000,5550000,business,2024-10-30 11:30
BGT02935,USR035,INC09992,2100000,1300000,1200000,4600000,3400000,internship,2023-10-02 14:55
BGT09370,USR065,INC08919,3950000,2150000,1600000,7700000,6100000,bonus,2024-10-07 01:40
BGT08468,USR029,INC09929,1300000,900000,500000,,2100000,freelance,2023-07-31 18:08
BGT09701,USR053,INC03569,1750000,900000,500000,3150000,2650000,bonus,2024-02-05 20:40
BGT01801,USR016,INC03442,1200000,750000,450000,2400000,1500000,part_time,2024-09-25 16:49
BGT08333,USR028,INC05949,1700000,1000000,500000,3200000,2700000,internship,2023-10-21 00:41
BGT02645,USR053,INC04078,2750000,1650000,950000,5400000,4400000,bonus,2023-07-16 08:40
BGT03097,USR051,INC01126,1400000,900000,900000,,2300000,salary,2023-09-07 06:02
BGT00870,USR029,INC02442,2150000,1350000,1300000,4750000,3500000,internship,2024-11-28 15:56
BGT04439,USR033,INC05399,800000,450000,500000,1750000,1250000,internship,2024-08-24 02:17
BGT08547,USR003,INC06224,900000,,300000,1650000,1400000,allowance,2024-04-12 13:47
BGT03135,USR026,INC07048,2100000,1250000,1250000,4600000rb,3350000,allowance,2023-01-28 14:53
BGT03225,USR061,INC03124,4050000,2500000,2650000,9200000,6550000,business,2024-03-07 04:27
BGT00312,USR042,INC04769,2550000,1650000,1450000rb,5650000,4200000,freelance,2023-03-28 15:50
BGT05212,USR033,INC03820,1200000,650000,650000,2550000,1850000,part_time,12/09/2023 23:13
BGT04060,USR044,INC04418,2200000,1550000,1100000,4850000,3750000,business,2023-03-23 18:41
BGT04297,USR060,INC07812,3600000,1900000,1550000,7050000rb,5500000,freelance,2023-06-08 10:03
BGT00412,USR075,INC08268,3700000,1850000,1550000,7150000,5550000,investment_return,2024-04-12 23:45
BGT07440,USR054,INC04006,1700000,1000000,900000,3650000,2700000,freelance,2023-11-09 04:47
BGT09488,USR046,INC00728,1550000,850000,600000,3000000,2400000,salary,2023-09-29 09:33
BGT00923,USR055,INC00655,4300000,2550000,850000,7700000,6850000,business,2023-08-04 20:21
BGT08788,USR039,INC00662,900000,500000,300000,1700000,1400000,freelance,2023-12-06 04:24
BGT04643,USR049,INC05466,1950000,1100000,700000,3750000,2150000,salary,2024/11/27 17:07
BGT02319,USR030,INC08967,1550000,750000,500000,2800000,2300000,allowance,2024-11-05 12:31
BGT02782,USR019,INC04329,1600000,,500000,2950000,2450000,scholarship,2024-03-25 23:05
BGT01698,USR047,INC07545,3400000,,1750000,7200000,5500000,bonus,2023-01-27 00:56
BGT04901,USR052,INC08392,2700000,1600000,800000,5100000,4300000,bonus,2023-02-02 21:55
BGT07380,USR054,INC03166,3300000,2050000,1700000,7050000,5350000,bonus,2023-02-01 03:36
BGT03645,USR027,INC09800,2100000,1550000,1100000,4750000,3650000,allowance,2024-07-17 00:36
BGT01392,USR025,INC00705,1750000,1100000,1000000,3850000,2850000,internship,2023/09/29 07:35
BGT04338,USR043,INC03623,3600000,2050000,1400000,7100000,5650000,business,2024-10-27 22:17
BGT03549,USR075,INC08485,3100000,1950000,1700000,6750000,5050000,freelance,2023-08-20 02:10
BGT00729,USR049,INC07319,2550000,1700000,1050000,5350000,4250000,business,2024-07-01 02:02
BGT01533,USR011,INC04252,650000,350000,350000,1350000,1000000,allowance,2024-07-21 06:45
BGT04102,USR045,INC08889,2050000,1500000,,4700000,3550000,freelance,2024-01-30 08:22
BGT05931,USR021,INC00284,1800000,1200000,1000000,3950000,3000000,allowance,2024-05-28 10:34
BGT04207,USR059,INC07828,3150000,1900000rb,,6400000,5050000,business,2023-12-19 04:12
BGT08072,USR001,INC08668,950000,550000rb,200000,1700000,1850000,scholarship,2024-10-09 09:57
BGT02845,USR034,INC08234,1200000,800000,450000,2500000,2000000,allowance,2024-12-23 09:16
BGT06748,USR015,INC02449,850000,400000,250000,1500000,1250000,ALLOWANCE,2023-09-13 21:23
BGT05577,USR055,INC06228,3500000,2350000,1550000,7400000,5850000,salary,2023-01-15 12:52
BGT08811,USR064,INC08669,3050000,1950000,1250000,6250000,5000000,salary,2024-03-05 22:41
BGT05547,USR009,INC01820,1200000,750000,800000,2750000,1950000,ALLOWANCE,2024-11-21 15:29
BGT02702,USR072,INC09348,2650000rb,1950000,1300000,5850000,4600000,bonus,
BGT07348,USR003,INC09451,1350000,850000,250000,2450000,2250000,part_time,2023-06-29 13:17
BGT00229,USR032,INC02858,2600000,1650000,600000,,4250000,allowance,2023-08-06 01:11
BGT01379,USR041,INC04563,3750000,2600000,1600000,7950000,6350000,salary,2024-07-24 10:54
BGT00448,USR062,INC04155,4600000,,,,6950000,salary,2023-12-12 18:15
BGT03251,USR029,INC05343,2600000,1350000,1050000,5000000,3950000,freelance,2023-07-06 06:10
BGT08955,USR070,INC08894,4200000,2500000,1700000,8400000,6700000,salary,2023-08-24 21:28
BGT02430,USR013,INC00573,1250000,750000,750000,2750000,2000000,part_time,2023-11-26 16:25
BGT05278,USR015,INC03159,1100000,600000,500000,2200000,1700000,part_time,2023-02-18 15:52
BGT04835,USR040,INC08826,1100000,600000,550000,2200000,1700000,part_time,
BGT00582,USR051,INC06526,3800000,2350000,1750000,7900000,6150000,salary,2023-06-21 19:09
BGT06773,USR026,INC00667,1250000,-800000,700000,2750000,2050000,freelance,2023-12-14 12:10
BGT06393,USR041,INC04630,3500000,1850000,1250000,6600000,5350000,bonus,2023-11-23 02:38
BGT05307,USR021,INC07659,1200000,700000,600000,2500000,1900000,part_time,2023-02-25 08:43
BGT01112,USR068,INC00805,-4300000,2500000,1600000,8400000,6800000,business,2024-12-11 17:35
BGT07732,USR044,INC00230,3000000,1900000,1050000,5950000,4900000,business,2023-04-17 22:41
BGT00153,USR030,INC01840,1350000,750000,850000,2950000,2100000,part_time,2024-10-07 18:09
BGT06403,USR001,INC08620,650000,350000,150000,1200000,1000000,part_time,2023/11/18 07:50
BGT03743,USR030,INC07346,1200000,750000,400000,2350000,1950000,freelance,2023-04-16 02:53
BGT07940,USR027,INC05056,1650000,1000000,450000,3050000rb,2650000,allowance,
BGT09277,USR041,INC06554,3100000,1900000,600000,5600000,5000000,business,2023-04-14 10:50
BGT00265,USR066,INC07988,2150000,1450000,950000,4550000,3600000,freelance,2023-02-26 02:22
BGT06749,USR031,INC00161,2400000,1250000,650000,4250000,2750000,internship,2024-04-30 03:17
BGT00657,USR006,INC02618,1250000,-850000,550000,2650000,2100000,allowance,2024-06-01 07:28
BGT00740,USR005,INC04675,700000,400000,300000,1400000,1100000,scholarship,2024-03-24 01:21
BGT04791,USR020,INC05150,1350000,900000,750000,2950000,2250000,allowance,2024-08-31 02:13
BGT04012,USR015,INC04929,1450000,900000,600000,2950000,2350000,scholarship,2023-09-20 04:51
BGT09846,USR053,INC03070,2000000,1200000,1200000,4400000,3200000,salary,2024-05-01 02:25
BGT00544,USR074,INC07420,2450000,1500000,600000,4500000,3950000,salary,2023-10-26 03:33
BGT07666,USR012,INC07507,1450000,800000,800000,3000000,2250000,scholarship,2023-10-06 03:44
BGT06333,USR007,INC05907,1350000,800000,700000,2850000,2150000,scholarship,2024-05-17 09:38
BGT07045,USR014,INC04854,700000,400000,150000,1250000,1100000,allowance,2023-12-05 03:54
BGT01568,USR045,INC03932,3450000,1950000,900000,6250000,5400000,bonus,2024-02-22 08:53
BGT03170,USR031,INC00117,2100000,1350000,750000,4250000,3450000,internship,
BGT09212,USR040,INC09221,1100000,650000,700000,2450000,1750000,internship,2023-12-04 03:52
BGT06043,USR010,INC04261,700000,450000,250000,1400000,1150000,allowance,2024-01-30 10:15
BGT08637,USR069,INC04860,2400000,1450000,1500000,5300000,3850000,freelance,2023-05-10 05:32
BGT01885,USR068,INC03849,5050000,3000000,1000000rb,9050000,8050000,salary,2023-09-12 12:12
BGT09468,USR023,INC02438,1450000,900000,900000,3250000,2350000,internship,2024-07-19 06:34
BGT07247,USR061,INC02894,2650000,1800000,1100000,5550000,4450000,bonus,2024-11-20 07:12
BGT00322,USR052,INC00273,3300000,2250000,1050000,6600000,5550000,freelance,2023-06-18 13:40
BGT09883,USR031,INC03828,1800000,1200000,1050000,4050000,3000000,freelance,
BGT06081,USR038,INC09193,1550000,850000,550000,3000000,2400000,part_time,2023-10-27 04:56
BGT07428,USR007,INC05582,900000,600000,500000,2000000,1500000,part_time,
BGT07634,USR048,INC08651,3750000,2550000,1500000,7800000,6300000,salary,2024/11/13 20:51
BGT05950,USR036,INC05715,1400000,1000000,650000,3050000,2400000,freelance,
BGT01660,USR043,INC08174,2500000,1500000,800000,4800000,4000000,freelance,2023-03-15 21:42
BGT09624,USR005,INC02140,700000,400000,250000,1350000,1100000,PART_TIME,2024-07-01 01:39
BGT09782,USR037,INC06460,-1000000,600000,550000,2150000,1600000,internship,2024-11-23 08:04
BGT04635,USR048,INC02626,2300000,1350000,1500000,5100000,3650000,freelance,2023-09-15 20:59
BGT02614,USR054,INC01346,2100000,1200000,750000,4050000,3300000,business,2024-01-07 23:18
BGT00635,USR008,INC08032,700000,500000,350000,1600000,1200000,part_time,2023-01-12 14:45
BGT03846,USR032,INC08537,1850000,1250000,750000,3850000,3100000,internship,2024-03-26 05:28
BGT07460,USR017,INC03764,900000,600000,500000,1950000,1500000,scholarship,2023-09-08 03:36
BGT07508,USR015,INC03189,1350000,850000,700000,2850000,2200000,allowance,2023-04-25 02:26
BGT03574,USR026,INC02813,1850000,1250000,900000,4000000,3100000,part_time,2023-08-07 11:15
BGT03345,USR043,INC05139,1550000,1150000,750000,3450000,2700000,freelance,2023-07-04 03:09
BGT01704,USR062,INC00568,4750000,2650000,1750000,9100000,7400000,freelance,2024-12-22 01:07
BGT08126,USR069,INC01928,4700000,2300000,1550000,8500000,7000000,business,2024-07-10 05:50
BGT06797,USR036,INC07985,2350000,1400000,,4450000,3750000,freelance,2023-02-06 13:25
BGT04821,USR028,INC00163,1450000,850000,650000,2950000,2300000,internship,2023-07-07 16:14
BGT03773,USR062,INC06626,4450000,2450000,,9500000,6900000,business,2024-06-01 19:01
BGT05172,USR025,INC01713,1300000,750000,750000,2800000,2050000,part_time,2023-11-28 19:20
BGT03890,USR038,INC04408,1700000,850000,650000,3200000,2550000,allowance,2024-05-28 04:07
BGT01620,USR033,INC02785,1750000,1150000,650000,3550000,2900000,part_time,2023-03-06 19:56
BGT09897,USR054,INC07853,2300000,1300000,1050000,4650000,3600000,freelance,2024-11-04 17:26
BGT06511,USR051,INC08580,1850000,1100000,450000,3400000,2950000,freelance,2023-05-14 02:49
BGT04311,USR045,INC06648,3100000,2100000,1150000,6300000,5200000,salary,2024-07-29 14:17
BGT00533,USR066,INC01855,3800000,1950000,1700000,7450000,5750000,investment_return,2023-09-02 02:24
BGT07579,USR031,INC08347,1750000,1100000,800000,3650000,2850000,,
BGT01947,USR064,INC06609,2900000,1600000,,6150000,4500000,freelance,2024-10-03 11:11
BGT01416,USR064,INC00842,-4750000,2450000,1900000,9100000,7200000,freelance,2023-04-15 09:39
BGT04701,USR052,INC09678,,1700000,1600000,6450000,4850000,BUSINESS,2024-10-27 04:16
BGT05882,USR029,INC01915,1650000,1150000,600000,3450000,2800000,internship,2024-09-10 04:52
BGT02755,USR053,INC02165,3250000,2250000,1300000,6750000,5500000,salary,2023-08-10 20:41
BGT04718,USR023,INC02719,1300000,700000,300000,2300000,2000000,allowance,2023-06-23 20:09
BGT08792,USR042,INC03128,2350000,1550000,650000,4550000,3900000,salary,2023-03-01 22:13
BGT05393,USR052,INC02061,1650000,1050000,,3400000,2700000,freelance,2023-04-11 14:45
BGT04991,USR071,INC00634,3400000,2200000,1200000,6800000,5600000,business,2023-11-12 02:39
BGT00441,USR062,INC08382,3550000,1950000,,7000000,5500000,bonus,2024-11-18 19:46
BGT07458,USR063,INC08505,3500000,2050000,850000,6350000,5550000,investment_return,2024-10-10 09:46
BGT08071,USR045,INC08226,2900000,1650000,800000,5350000,4550000,freelance,2024-05-29 08:49
BGT09343,USR065,INC01740,5100000,3200000,1700000,10000000,8300000,freelance,2023-12-24 07:47
BGT03740,USR001,INC06832,1150000,800000,450000,2350000,1950000,scholarship,2024-11-08 19:21
BGT04542,USR013,INC00414,900000,600000,300000,1800000,1500000,part_time,2023-12-29 19:05
BGT02330,USR036,INC08456,950000,550000,400000,1900000,1500000,part_time,25/03/2024 09:07
BGT06589,USR037,INC05328,1950000,1350000,850000,4150000,3300000,internship,2023-06-10 18:55
BGT05422,USR036,INC09858,900000rb,550000,500000,1950000,1450000,internship,10/08/2024 06:53
BGT08945,USR018,INC05527,700000,450000,200000,1300000,1150000,allowance,2024-05-17 19:47
BGT05564,USR022,INC01077,2550000,1550000,600000,4750000,4100000,internship,2023-07-06 16:52
BGT09850,USR058,INC06553,2250000,1350000,600000,4150000,3600000,business,2023-09-22 11:45
BGT00752,USR054,INC06293,3050000,1850000,1000000,5900000,4900000,salary,2024-08-17 21:22
BGT07742,USR019,INC03671,1150000,700000,250000,2050000,1850000,scholarship,2024-01-02 16:06
BGT00099,USR056,INC09690,3800000,2300000,1350000,7500000,6100000,freelance,2024-07-18 23:04
BGT05216,USR056,INC05475,2450000,1500000,700000,4650000,3950000,business,2023-03-17 10:55
BGT08029,USR057,INC02194,3500000,1800000,1600000,6850000,5300000,salary,2024-06-16 22:00
BGT03896,USR053,INC05747,3300000,1800000,1050000,6150000,5100000,salary,2023-10-21 16:52
BGT07636,USR064,INC05903,2950000,2000000,1750000,6650000,4950000,freelance,2023-05-18 06:17
BGT05630,USR030,INC07639,2100000,1100000,750000,3950000,3200000,part_time,2023-02-03 15:25
BGT09473,USR021,INC09314,2300000,1250000,550000,4100000,3550000,allowance,2023-07-09 06:30
BGT08418,USR001,INC09273,,750000,700000,2800000,2100000,part_time,2024-12-10 10:00
BGT02182,USR022,INC08521,1950000,1100000,700000,3750000,3050000,part_time,2024-04-15 14:38
BGT06380,USR033,INC04426,1700000,-850000,600000,3150000,2550000,internship,2023-06-26 08:55
BGT09664,USR026,INC06128,1600000,1000000,500000,3050000,2600000,part_time,2024-01-24 12:29
BGT08906,USR043,INC08040,3300000,2000000,1400000,6750000,5300000,bonus,2023-01-05 15:57
BGT00547,USR069,INC06681,3000000,1600000,950000,5600000,4600000,freelance,2023-10-06 08:15
BGT04370,USR019,INC09585,750000,500000,450000,1750000,1250000,part_time,2023/03/20 19:02
BGT09953,USR058,INC04818,3500000,2000000,1350000,6850000,5500000,salary,2023-06-17 12:06
BGT03409,USR043,INC03788,3800000,2050000,1750000,7550000,5850000,salary,2024-07-20 00:35
BGT04340,USR009,INC01946,1000000,500000,400000,1900000,1500000,scholarship,2023-04-08 14:34
BGT00667,USR042,INC08886,3450000,1800000,1400000,6600000,5250000,bonus,2023-11-12 16:00
BGT07560,USR017,INC02389,650000,450000,200000,,1100000,part_time,2023-10-05 04:11
BGT07432,USR008,INC05492,1250000,800000,350000,2450000,2050000,allowance,2023-01-21 18:49
BGT06260,USR019,INC05383,700000,450000,300000,1450000,1150000,scholarship,2024-10-11 09:03
BGT01858,USR007,INC08145,1400000,750000,700000,2850000,2150000,allowance,2023-12-20 11:19
BGT05073,USR047,INC02819,3600000,2150000,1450000,7150000,5750000,freelance,2024-12-31 22:10
BGT02922,USR022,INC02524,2450000,-1350000,850000,4600000,3800000,FREELANCE,2024-08-24 11:58
BGT07559,USR046,INC08548,4150000,2600000,1100000,7850000,6750000,salary,2024-02-22 13:39
BGT04750,USR053,INC00933,3150000,1950000,1450000,6550000,5100000,business,2023-10-12 08:06
BGT02613,USR026,INC05904,1900000,1200000,1150000,4200000,3100000,internship,2023-12-23 19:25
BGT07300,USR003,INC06896,1500000,900000,500000,2850000.00,2400000,part_time,2024-02-02 16:54
BGT07288,USR003,INC02520,1150000,700000,,2450000,1850000,allowance,2023-06-16 02:45
BGT01611,USR048,INC08622,2300000,1100000,900000,4300000,3400000,bonus,2023-03-11 08:59
BGT03922,USR068,INC06185,3150000,2300000,1550000,6950000,5450000,freelance,27/09/2024 10:29
BGT02014,USR064,INC08148,3400000,2250000,1600000,7250000,5650000,salary,2023-01-22 09:48
BGT06791,USR047,INC07450,1850000,1100000,350000,3300000,2950000,bonus,2024-01-12 10:06
BGT00653,USR002,INC05972,500000,350000,200000,1050000,850000,part_time,2023-05-24 21:20
BGT00503,USR028,INC05780,2250000,1350000,1200000,4750000,3600000,part_time,2023-01-16 12:49
BGT08284,USR018,INC07354,600000,350000,150000,1100000,950000,scholarship,2023-03-02 03:50
BGT00107,USR063,INC04353,3500000,2150000,,7150000,5650000,freelance,2023-04-17 18:09
BGT03907,USR022,INC08884,1500000,900000,550000,,2400000,freelance,2023-02-20 17:11
BGT06463,USR035,INC01295,2000000,1350000,1050000,4400000,3350000,allowance,2023-11-19 04:05
BGT04469,USR068,INC00059,4550000,3150000,2200000,9900000,7700000,FREELANCE,2024-05-18 18:31
BGT08938,USR042,INC01014,2450000,1650000,750000,4850000,4100000,business,2024-06-05 20:29
BGT05020,USR014,INC02581,1250000,750000,750000,2750000,2000000,scholarship,2023-04-01 20:22
BGT00246,USR004,INC02054,1300000,850000,650000,2800000,2150000,allowance,2023-03-14 03:09
BGT05507,USR062,INC03118,3150000,2000000,1450000,6600000,5150000,bonus,2023-07-09 08:21
BGT06484,USR055,INC07947,3850000,2100000,1050000,7000000,5950000,salary,2023-07-26 20:09
BGT06650,USR032,INC07906,1650000,1000000,900000,3550000,2650000,internship,2024-07-22 08:28
BGT09756,USR042,INC06512,2000000,1300000,750000,4050000,3300000,business,2023-08-18 09:54
BGT06480,USR037,INC00708,2250000,1300000,1100000,4650000,3550000,allowance,2023-01-12 05:47
BGT03899,USR042,INC07251,3800000,2000000,1350000,7150000,5800000,bonus,06/03/2024 14:42
BGT02480,USR003,INC04249,1650000,950000,300000,2950000,2600000,SCHOLARSHIP,2024-01-22 13:09
BGT06358,USR064,INC07522,2300000,1200000,1150000,4650000,3500000,business,2024-08-24 06:15
BGT09687,USR031,INC01403,1500000,900000,500000,2900000,2400000,part_time,2023-11-08 08:53
BGT09461,USR009,INC07917,450000,350000,200000,1050000,800000,scholarship,2024-09-16 21:14
BGT03221,USR011,INC01343,1200000,800000,600000,2650000,2000000,scholarship,2024-12-30 16:19
BGT09622,USR023,INC06055,700000,500000,350000,1600000,1200000,part_time,2024-09-19 20:29
BGT03996,USR003,INC04386,1200000,700000,450000,2350000,1900000,part_time,2023-09-04 23:24
BGT05576,USR047,INC04805,3400000,2100000,750000,6250000,5500000,freelance,2023-09-16 11:22
BGT04801,USR020,INC00710,600000,350000,150000,1100000,950000,part_time,2023-06-11 03:01
BGT04524,USR045,INC09489,2100000,1300000,850000,4250000,3400000,salary,2023-10-28 20:33
BGT01518,USR030,INC04030,2050000,1500000,1100000,4650000,3550000,internship,2023-06-19 15:11
BGT01123,USR011,INC01781,1450000,850000,300000,2650000,2300000,scholarship,2024-04-28 11:35
BGT06320,USR033,INC03357,2650000,1350000,950000,4950000,4000000,freelance,2023-05-29 14:00
BGT03616,USR015,INC01398,1100000,750000,600000,2450000,1850000,allowance,2023-04-07 08:09
BGT09803,USR024,INC00109,1850000,1050000,650000,3550000,2900000,freelance,
BGT00779,USR022,INC06576,1950000,950000,750000,3650000,2900000,allowance,2024-06-15 17:17
BGT09857,USR061,INC03859,4750000,2850000,1900000,9500000,7600000,business,2024/05/08 22:14
BGT06584,USR022,INC00217,1750000,1250000,900000,3900000,3000000,allowance,2023-11-07 11:50
BGT03344,USR068,INC04731,4350000,2500000,2800000,9700000,5900000,investment_return,2024-12-27 19:58
BGT06934,USR052,INC04192,2150000,1150000,650000,3950000,3300000,salary,2023-04-11 05:39
BGT09279,USR053,INC04004,1750000,850000,600000,3200000,2600000,freelance,2024-07-20 15:49
BGT03440,USR014,INC05656,750000,500000,300000,1550000,1250000,allowance,2024-07-23 05:08
BGT07322,USR061,INC06440,2400000,1600000,700000,,4000000,freelance,2023-12-16 14:26
BGT06865,USR061,INC09874,2900000,2000000,1150000,,4900000,BUSINESS,2024-08-12 12:37
BGT01764,USR045,INC08322,1800000,1000000,800000rb,3600000,2800000,freelance,2024-01-07 08:19
BGT02719,USR060,INC06540,3550000,1850000,1450000,6850000,5400000,freelance,2023-02-17 09:41
BGT02446,USR023,INC00440,2100000,1450000,850000,4350000,3550000,part_time,2024-05-13 03:40
BGT03002,USR009,INC00569,600000,400000,350000,1350000,1000000,part_time,2024/05/28 23:37
BGT00497,USR008,INC00522,1400000,1000000,500000,2900000,2400000,allowance,2023-12-25 15:21
BGT09348,USR058,INC04835,3100000,2000000,1100000,6200000,5100000,business,2023-09-13 10:31
BGT03141,USR044,INC08390,2450000,1450000,700000,4600000,3900000,business,2023-06-07 09:42
BGT08465,USR065,INC09545,2400000,1500000,650000,4500000,3900000,bonus,2024-12-13 18:14
BGT04793,USR008,INC08608,700000,400000,300000,1400000,1100000,scholarship,2024-08-31 16:39
BGT08283,USR054,INC00316,1700000,900000,750000,3350000,2600000,bonus,2024-12-24 17:57
BGT06349,USR036,INC04167,850000,400000,250000,1500000,1250000,internship,2023-02-07 18:02
BGT05415,USR055,INC06783,2450000,1600000,1400000,5450000,4050000,bonus,2023-04-17 03:41
BGT01491,USR047,INC03958,3250000,2150000,1500000,6900000,5400000,bonus,2023-05-28 04:06
BGT09517,USR044,INC08183,1400000,900000,750000,3050000,2300000,freelance,2024-10-17 23:03
BGT08690,USR071,INC09490,3950000,2450000,1700000,8100000,6400000,,2023-05-11 01:19
BGT00885,USR056,INC05901,2700000,1700000,1250000,5600000,4400000,bonus,2024-05-09 05:56
BGT06315,USR047,INC09168,3350000,2000000,650000,6000000,5350000,business,2023-04-02 00:29
BGT08259,USR063,INC08540,2350000,1700000,1200000,5250000.00,4050000,bonus,2024-04-10 00:04
BGT07999,USR042,INC04028,1900000,1200000,1150000,4250000,3100000,salary,14/03/2023 05:02
BGT04616,USR066,INC08793,5100000,3000000,1550000,9650000,8100000,salary,2024-07-25 05:41
BGT04064,USR042,INC01823,2350000,1500000,600000,4450000,3850000,freelance,2024-07-05 18:24
BGT08789,USR030,INC03586,1200000,700000,300000,2150000,1850000,freelance,2023-12-28 07:05
BGT04695,USR057,INC04378,1900000,1150000,400000,3450000,3050000,freelance,2023-04-07 04:43
BGT05147,USR006,INC09051,1200000,750000,700000,2650000,1950000,allowance,2024-01-26 20:17
BGT05048,USR006,INC07311,1350000,750000,650000,2750000,2100000,scholarship,2023-10-19 09:01
BGT05850,USR001,INC04998,1350000,750000,650000,2750000,2100000,part_time,2024/07/27 11:15
BGT00478,USR007,INC03127,800000,500000,150000,1400000,1300000,scholarship,
BGT06159,USR021,INC05501,950000,500000,300000,1800000,1450000,allowance,2023-07-05 09:16
BGT08272,USR044,INC05124,2350000,1300000,750000,4400000,4500000,salary,2024-08-04 21:02
BGT00532,USR061,INC01661,2850000,1700000,600000,5150000,4550000,salary,2024-11-01 03:22
BGT03461,USR034,INC02044,2000000,1300000,550000,3850000,2450000,internship,2024-10-29 23:58
BGT06602,USR027,INC00748,1650000,950000,,3250000,2600000,part_time,2024-10-10 09:37
BGT02897,USR009,INC02311,1450000,850000,450000,2750000,2300000,part_time,2023-11-30 23:27
BGT08415,USR014,INC09569,1050000,700000,500000,2200000,1750000,part_time,2024-12-11 11:43
BGT01259,USR001,INC00227,1200000,650000,550000,2450000,1850000,scholarship,2023-03-07 17:34
BGT00949,USR050,INC00015,3050000,2250000,1300000,6600000,5300000,salary,2024-10-16 23:55
BGT00571,USR012,INC03300,1400000,700000,650000,2750000,2100000,SCHOLARSHIP,2023-03-28 04:20
BGT04196,USR024,INC08572,1150000,750000,350000,2200000,1900000,ALLOWANCE,2024-11-06 04:13
BGT02269,USR006,INC07369,1100000,550000,400000,2050000,1650000,allowance,2024-07-11 17:03
BGT01852,USR035,INC06522,1300000,850000,550000,2700000,2150000,internship,2023-09-17 08:33
BGT01954,USR014,INC07872,800000,450000,300000,1550000,1250000,allowance,2023-03-05 01:05
BGT05802,USR053,INC00144,1950000,1300000,1100000,4300000,3250000,freelance,2023-11-16 03:16
BGT01879,USR050,INC00140,,2200000,,6950000,5600000,salary,2023-06-29 08:10
BGT00598,USR052,INC06083,3300000,1750000,1250000,6300000,5050000,salary,2024/12/13 16:40
BGT03076,USR026,INC09330,2350000,1350000,1100000,4800000,3700000,allowance,07/10/2024 11:32
BGT08760,USR015,INC03428,1350000,750000,450000,2550000,2100000,allowance,2024-06-09 10:06
BGT06740,USR016,INC06287,1050000,650000,350000,2050000,1700000,allowance,2024-12-24 11:43
BGT05495,USR042,INC01482,1500000,850000,750000,3100000,2350000,bonus,2023-01-14 09:15
BGT08455,USR060,INC08098,4050000,2250000,1450000,7750000,6300000,salary,2024-05-20 23:03
BGT03643,USR075,INC04556,3850000,2200000,1050000,7100000,6050000,bonus,2024-05-21 14:20
BGT06858,USR024,INC05549,1150000,750000,350000,2300000,1900000,allowance,2024-10-26 06:35
BGT04495,USR032,INC03200,1100000,650000,550000,2300000,1750000,part_time,2024-12-03 00:28
BGT08914,USR018,INC04828,900000,500000,300000,1700000,1400000,allowance,2023-01-11 05:51
BGT01823,USR010,INC00062,1400000,950000,600000,2950000,2350000,part_time,2024-03-17 01:12
BGT04516,USR068,INC09767,3850000,2200000,2350000,8400000,6050000,freelance,2024-05-17 11:16
BGT07011,USR047,INC05051,4200000,,1100000,7950000,6800000,bonus,15/12/2023 14:05
BGT08245,USR004,INC06008,850000,400000,300000,1550000,1250000,scholarship,2023-10-14 18:01
BGT03961,USR019,INC05977,650000,400000,300000,1350000,1050000,allowance,2024-02-19 01:44
BGT03412,USR012,INC08321,1600000,950000,350000,2950000,2550000,scholarship,2024-01-31 11:53
BGT01847,USR036,INC06387,1600000,1000000,700000,3300000,2600000,part_time,
BGT01892,USR048,INC03349,2000000,1250000,750000,4050000,3250000,BUSINESS,2024-02-06 18:52
BGT06163,USR023,INC06448,2400000,1200000,850000,4400000,3600000,internship,2023-08-06 17:56
BGT08196,USR040,INC07112,1600000,-1100000,950000,3650000,2700000,freelance,2023-08-27 04:13
BGT04038,USR047,INC08081,1650000,850000,500000,3000000,2500000,bonus,2024-12-28 05:32
BGT01006,USR054,INC00382,-1600000,1100000,650000,3300000,2700000,salary,2023-01-05 12:07
BGT07183,USR069,INC02485,3200000,2000000,1200000,6400000,5200000,investment_return,
BGT01993,USR052,INC02899,1900000,950000,650000,3550000,2850000,freelance,2024-06-27 13:53
BGT03653,USR013,INC01025,1150000,750000,350000,2250000,1900000,allowance,2023-09-21 14:02
BGT02946,USR017,INC09342,950000,600000,400000,1950000,1550000,scholarship,2024-02-10 16:04
BGT05865,USR013,INC09217,1450000,800000,350000,2600000,2250000,part_time,2024-04-08 22:31
BGT05136,USR045,INC02098,1850000,1000000,650000,3500000rb,2850000,freelance,2024-04-23 19:40
BGT01183,USR041,INC04346,2650000,1800000,850000,,4450000,salary,2023-03-22 16:57
BGT00770,USR064,INC03746,2650000,1300000,,4950000,3950000,business,2024-11-17 18:59
BGT01844,USR007,INC09976,1550000,850000,450000,2900000,2400000,scholarship,2023-12-16 13:23
BGT05328,USR044,INC06030,2150000,1200000,550000,3900000,3350000,salary,2023-12-23 17:27
BGT08149,USR072,INC07684,4700000,3200000,,10000000,7900000,freelance,2023-07-12 22:11
BGT04947,USR047,INC06013,1650000,950000,700000,3300000,2600000,business,2024-06-16 08:42
BGT01697,USR049,INC02059,3450000,2100000,1500000,7050000,5550000,bonus,17/06/2024 23:01
BGT06071,USR073,INC00941,3450000,2000000,800000,6300000,5450000,investment_return,2023-01-08 09:18
BGT01301,USR068,INC00832,4800000,2950000,1450000,9200000,7750000,bonus,2024-08-18 23:23
BGT03882,USR019,INC06970,750000,450000,450000,1650000,1200000,scholarship,2024-09-20 05:14
BGT04094,USR052,INC07102,2900000,1800000,750000,5500000,4700000,freelance,2024-07-12 19:23
BGT05921,USR025,INC00993,2050000,1200000,1350000,4600000,3250000,part_time,2023-03-04 00:19
BGT00418,USR029,INC01248,1750000,1150000,800000,3750000,2900000,internship,2023-12-30 16:51
BGT00664,USR006,INC08780,550000,300000,250000,1100000,850000,allowance,2024-09-21 09:30
BGT09875,USR064,INC05156,2750000,1550000,600000,4900000.00,4300000,investment_return,2023-05-12 09:05
BGT02596,USR052,INC04110,1950000,1350000,950000,4250000,3300000,business,2023-01-09 02:25
BGT06107,USR033,INC09561,1000000,600000,450000,2050000,1600000,allowance,2023-07-04 20:39
BGT00464,USR036,INC01583,1800000,1100000,1100000,4000000,2900000,allowance,2023-08-09 23:02
BGT06762,USR002,INC04682,1050000,650000,350000,2100000,1700000,part_time,2024-03-10 21:36
BGT08714,USR018,INC07342,900000,600000,400000,1900000,1500000,part_time,2023-05-16 07:43
BGT04365,USR009,INC03623,800000,500000,200000,1550000,1300000,part_time,2024-09-22 02:20
BGT08334,USR017,INC09721,700000,450000,350000,1500000,1150000,part_time,2023-10-10 09:21
BGT09007,USR001,INC06422,750000,500000,450000,1700000,1250000,scholarship,2023-05-29 20:24
BGT01633,USR050,INC08433,1950000,1000000,750000,3700000,2950000,freelance,2023-08-20 18:09
BGT04943,USR062,INC06168,2100000,1400000,550000,4050000,3500000,investment_return,2023-04-14 17:18
BGT05763,USR045,INC00208,3800000,2500000,1200000,7500000,6300000,freelance,2024-01-02 09:36
BGT09780,USR064,INC02097,4550000,2950000,2000000,9500000,7500000,business,2023-05-30 20:23
BGT08043,USR070,INC08711,2350000,1350000,1300000,5050000,3700000,bonus,2023-06-22 22:12
BGT05660,USR056,INC07347,3350000,1950000,1250000,6550000,5300000,business,2023-03-22 19:58
BGT06890,USR036,INC00004,2150000,1250000,500000,3900000,3400000,allowance,2023-12-29 15:53
BGT09657,USR019,INC06269,650000,350000rb,300000,1300000,1000000,allowance,2024-06-26 22:19
BGT01775,USR036,INC00036,2000000,1450000,1100000,4550000,3450000,allowance,2023-03-10 18:20
BGT08739,USR034,INC03846,2450000,1350000,1200000,4950000,3800000,freelance,2024-09-13 20:43
BGT05027,USR033,INC08748,1700000,900000,700000,3250000,2600000,internship,2024-06-30 22:21
BGT06954,USR005,INC00643,1000000,650000,400000,2000000,1650000,scholarship,2024-08-22 20:30
BGT06639,USR023,INC00270,1300000,850000,600000,2750000,2150000,part_time,2023-03-25 17:16
BGT02287,USR004,INC04044,750000,450000,300000,1450000,1200000,scholarship,2024-03-11 11:21
BGT00267,USR023,INC04485,1150000,600000,500000,2250000,1750000,allowance,2023-03-06 12:13
BGT08670,USR048,INC00118,2000000,1100000,700000,3750000,3100000,salary,2023-06-07 11:11
BGT08980,USR006,INC01472,,250000,200000,1050000,850000,scholarship,2023-02-25 21:49
BGT02605,USR058,INC09885,1500000,1100000,750000,3300000,2600000,freelance,2024-10-01 03:18
BGT07434,USR042,INC00329,4100000,2350000,1150000,7600000,6450000,bonus,2023-05-03 20:29
BGT06378,USR037,INC08472,1550000,950000,400000,2900000,2500000,part_time,2024-04-13 17:31
BGT07472,USR003,INC01662,1350000,850000,600000,2800000,2200000,allowance,2023-02-02 16:01
BGT05686,USR061,INC02893,4750000,2600000,1950000,9300000,7350000,SALARY,2024-10-29 17:45
BGT03624,USR038,INC00716,1550000,750000,550000,2850000,2300000,part_time,
BGT04755,USR010,INC01353,500000,300000,250000,1050000,800000,part_time,2023-09-26 15:15
BGT00630,USR052,INC09766,1400000,1000000,800000,3200000,2400000,business,2023-04-14 13:04
BGT00410,USR024,INC09890,-1700000,1150000,700000,3550000,2850000,allowance,2024-12-03 09:14
BGT03460,USR031,INC03479,1800000,1000000,950000,3750000rb,2800000,internship,2023-08-29 10:57
BGT04268,USR044,INC01944,1450000,800000,850000,3100000,2250000,freelance,07/11/2023 01:39
BGT02239,USR075,INC02417,3900000,2100000,,8150000,6000000,freelance,2024-03-09 08:58
BGT05032,USR023,INC05787,2550000,1250000,850000,4650000,3800000,allowance,2024-12-16 04:28
BGT07663,USR059,INC03328,1450000,1050000,650000,3150000,2500000,salary,2024-01-11 08:08
BGT05667,USR072,INC08317,3800000,2700000,1400000,7900000,6500000,investment_return,2023-01-05 18:02
BGT00825,USR062,INC07986,5150000,2700000,2100000,9950000,7850000,salary,2023-11-09 17:45
BGT05768,USR046,INC09371,3050000,1900000,1400000,6350000,4950000,salary,2023-01-21 03:47
BGT01151,USR052,INC04204,3300000,2000000,1150000,6450000,5300000,salary,2024-06-16 22:40
BGT06829,USR036,INC09352,1750000,1150000,800000,3750000,2900000,part_time,09/03/2024 12:48
BGT05864,USR065,INC00507,3550000,2450000,1900000,7850000,6000000,business,2024-07-27 22:24
BGT04172,USR056,INC02373,2350000,1350000,950000,4650000,3700000,bonus,2023-05-24 13:41
BGT08164,USR036,INC07984,2300000,1650000,900000,4850000,3950000,allowance,2023-08-09 12:54
BGT06283,USR051,INC05120,2450000,1450000,1550000,5450000,3900000,bonus,2023-02-17 02:54
BGT00696,USR039,INC06028,1350000,1050000,650000,3050000,2400000,part_time,2024-12-13 00:48
BGT05395,USR069,INC04745,4650000,3150000,2050000,9850000,7800000,bonus,2023-05-31 10:27
BGT04168,USR063,INC06401,4800000,3300000,1900000,10000000,8100000,freelance,2024-11-07 11:38
BGT09360,USR046,INC06311,3750000,2350000,1250000,7400000,6100000,business,2023-07-24 08:53
BGT04572,USR062,INC02568,3350000,1850000,1200000,6400000,5200000,investment_return,2023-07-19 22:35
BGT01166,USR048,INC07606,2300000,1550000,1150000,5050000,3850000,business,2023-07-13 20:35
BGT08262,USR040,INC06414,1100000,600000,450000,2150000,1700000,freelance,2024-05-05 08:19
BGT08502,USR060,INC00418,1650000,950000,500000,3100000,2600000,business,
BGT00044,USR036,INC07490,900000,500000,350000rb,1800000,1400000,freelance,2024-04-14 11:07
BGT09950,USR049,INC01515,3200000,,1650000,7100000,5450000,bonus,2024-01-17 09:00
BGT07873,USR028,INC07405,2250000,1300000,950000,4500000,3550000,internship,
BGT07234,USR041,INC07811,2000000,1400000,650000,4050000,3400000,business,2024-09-02 06:24
BGT08926,USR041,INC06344,1800000,1000000,550000,3350000,2800000,freelance,2024-09-05 01:47
BGT07137,USR069,INC05993,3200000,1650000,1050000,5950000,4850000,freelance,2024-12-08 19:37
BGT00734,USR023,INC01422,2250000,1100000,700000,4050000,3350000,INTERNSHIP,2023-07-29 09:30
BGT07401,USR064,INC04579,3900000,2700000,1850000,8500000,6600000,freelance,2024-06-05 16:08
BGT03184,USR049,INC06654,2250000,1450000,1300000,5000000,3700000,BONUS,2024-04-25 01:36
BGT07567,USR063,INC06281,3700000,2100000,950000,6750000,5800000,business,2024-01-13 20:29
BGT08242,USR007,INC07116,1100000,650000,600000,2350000,1750000,allowance,2023-05-19 18:16
BGT09256,USR034,INC01563,2200000,1150000,1100000,4500000,3350000,part_time,2023-07-15 22:22
BGT09573,USR064,INC01608,3000000,1600000,1350000,5950000,4600000,business,2023-06-17 23:35
BGT00068,USR048,INC03267,2900000,1700000,1100000,5700000,4600000,freelance,2024-09-08 06:46
BGT08109,USR045,INC03143,3200000,2250000,1550000,7000000,5450000,salary,2023-11-08 11:14
BGT02842,USR036,INC00631,2200000,1350000,550000,4100000,3550000,part_time,2023-01-03 06:09
BGT09483,USR028,INC05805,850000,500000,250000,1600000,1350000,part_time,2024-07-22 15:38
BGT05935,USR006,INC07422,1100000,700000,300000,2150000,1800000,scholarship,2024-10-17 22:07
BGT01564,USR014,INC05283,850000,600000,400000,1850000,1450000,part_time,2023-02-03 11:25
BGT06522,USR069,INC06777,4100000,2400000,1250000,7700000,6500000,bonus,2023-08-13 08:00
BGT09240,USR022,INC08873,1700000,900000,650000,3250000,2600000,internship,2024-07-21 12:06
BGT09388,USR040,INC08319,900000,450000,250000,1600000,1350000,freelance,2023-12-06 22:21
BGT01287,USR020,INC08129,1250000,650000,400000rb,2250000,1900000,scholarship,2023-03-04 23:20
BGT06096,USR050,INC06683,3350000,1950000,1950000,7300000,5300000,salary,2024-09-27 01:16
BGT03157,USR024,INC09608,1050000,650000,450000,2150000,1700000,part_time,2024-12-23 01:26
BGT07196,USR028,INC00333,800000,450000,250000,1500000,1250000,part_time,2024-07-17 05:33
BGT04406,USR051,INC03224,1600000,800000,700000,3100000,2400000,bonus,2023-03-21 21:13
BGT06555,USR017,INC01516,550000,350000,300000,1200000,900000,part_time,2024-02-15 13:14
BGT05273,USR030,INC02062,2100000,1100000,650000,3850000,3200000,freelance,2023-10-11 14:10
BGT02114,USR043,INC01046,1850000,1150000,400000,3450000,3000000,freelance,
BGT00075,USR005,INC06129,900000,550000,450000,1950000,1450000,allowance,2023-06-08 15:33
BGT05237,USR056,INC07331,3600000,2050000,2300000,7950000,5650000,freelance,2024-05-09 09:52
BGT03993,USR037,INC08000,1400000,,600000,2750000,2200000,internship,2024-03-29 01:25
BGT08292,USR063,INC07155,5000000,2800000,1500000,9250000,7800000,bonus,2024-09-26 03:59
BGT03061,USR001,INC03827,900000,550000,550000,2000000,1450000,allowance,2024-11-01 21:33
BGT00387,USR015,INC01967,600000,400000,300000,1300000,1000000,allowance,2024-04-17 13:35
BGT05536,USR051,INC00635,2100000,1350000,750000,4250000,3450000,salary,2023-11-12 11:22
BGT06345,USR051,INC04116,2100000,1150000,850000,4100000,3250000,bonus,2023-08-27 12:02
BGT07439,USR069,INC00786,4150000,2200000,1800000,8100000,6350000,freelance,2023-12-06 13:20
BGT07422,USR056,INC03276,3500000,1950000,800000,6250000,5450000,salary,2023-08-17 21:05
BGT02572,USR066,INC03837,4400000,2450000,1950000,8800000,6850000,business,2023-04-15 17:56
BGT03007,USR017,INC05978,1100000,700000,700000,2500000,1800000,part_time,2024-08-03 12:44
BGT02408,USR034,INC05753,1450000,800000,450000,2750000,2250000,allowance,
BGT06745,USR022,INC01750,1850000,1100000,550000,3500000,2950000,freelance,2023-06-13 12:31
BGT01041,USR031,INC08647,2550000,1300000,900000,4750000,4050000,internship,2024-11-18 05:02
BGT04295,USR072,INC02037,2800000,1850000,1300000rb,6000000,4650000,business,2023-09-15 21:36
BGT07990,USR064,INC09770,4900000,3300000,1800000,9950000,8200000,salary,2023-02-28 12:37
BGT03301,USR043,INC00750,2500000,1300000,850000,4600000,3800000,freelance,2024-02-21 13:28
BGT07225,USR001,INC00257,1650000,950000,400000,3000000,2600000,scholarship,2024-02-04 21:25
BGT04862,USR060,INC01007,3000000,1800000,800000,5600000,4050000,freelance,2023-05-08 10:18
BGT02227,USR010,INC05572,500000,250000,300000,1050000,750000,scholarship,2024-09-22 13:51
BGT02088,USR055,INC03791,2350000,1550000,850000,4750000,3900000,salary,29/12/2024 05:25
BGT06956,USR023,INC03388,2350000,1500000,700000,4550000,3850000,part_time,2023-02-02 04:23
BGT02250,USR075,INC05500,3700000,2150000,1550000,7350000,5850000,bonus,2023-12-21 00:31
BGT06636,USR001,INC05626,1200000,600000,500000,2300000,1800000,scholarship,2024-01-21 00:27
BGT00149,USR028,INC01652,2600000,1400000,800000,4800000,4000000,allowance,2024-05-31 03:27
BGT01441,USR068,INC03912,4750000,2600000,1600000,8950000,7350000,bonus,2023-08-01 02:28
BGT09843,USR035,INC00818,2150000,1050000,800000,3950000,3200000,freelance,2024-07-07 03:41
BGT05757,USR054,INC01523,2850000,1750000,550000,5200000,4600000,salary,2024-07-28 10:02
BGT03030,USR020,INC02478,650000,400000,300000,1350000,1050000,part_time,2024-05-07 13:48
BGT08305,USR052,INC03509,3800000,2050000,1950000,7800000,5850000,bonus,2024-07-18 13:53
BGT04358,USR038,INC05724,1350000,900000,400000,2600000,2250000,allowance,
BGT08018,USR037,INC03016,1550000,1000000,750000,3300000,2550000,internship,2023-08-21 19:16
BGT04918,USR069,INC03660,5200000,3050000,1000000,9250000,8250000,freelance,2024-02-11 06:43
BGT01718,USR036,INC07545,1050000,600000,600000,2250000,1650000,allowance,2023-03-16 23:45
BGT01409,USR054,INC07478,3600000,2500000,1550000,7650000,6100000,bonus,2024-05-07 02:18
BGT04626,USR014,INC00735,1550000,850000,500000,2850000rb,2400000,,2023-12-05 18:24
BGT08768,USR042,INC00105,3600000,1800000,1000000,6400000,5400000,salary,2023-08-21 16:20
BGT06893,USR047,INC05717,3150000,2050000,1800000,,5200000,salary,2023-11-29 01:44
BGT04933,USR012,INC02418,800000,550000,500000,1850000,1450000,part_time,2024-02-26 14:48
BGT08256,USR068,INC00235,3950000,2200000,1750000,7900000,6150000,SALARY,13/06/2023 11:43
BGT01025,USR023,INC08865,1800000,1150000,1000000,3900000,2950000,allowance,2023-05-29 08:06
BGT01483,USR054,INC04558,2500000,1550000,650000,4700000,4050000,freelance,2023-08-01 01:21
BGT06476,USR058,INC01146,2900000,1450000,900000,5250000,4350000,business,2024-10-13 18:11
BGT09767,USR063,INC08637,3100000,2100000,1400000,6600000,5200000,business,2024-11-28 11:09
BGT04731,USR023,INC07225,1300000,750000,600000,2650000,2050000,internship,2023-12-12 20:25
BGT04310,USR029,INC04034,1750000,950000,650000,3350000rb,2700000,allowance,2023-04-07 16:40
BGT06958,USR036,INC09628,2600000,1450000,900000,4950000,4050000,part_time,2024-04-19 23:45
BGT09141,USR045,INC01973,2350000,1300000,1350000,4950000,3650000,freelance,2024-12-31 06:36
BGT07903,USR010,INC03097,1250000,,700000,2750000,2050000,part_time,2023-08-16 05:09
BGT00424,USR020,INC08156,750000,450000,300000,1500000,1200000,scholarship,06/11/2023 04:37
BGT00617,USR061,INC05078,3400000,1750000,1100000,6250000,5150000,salary,2023-08-03 18:08
BGT06737,USR029,INC09808,2450000,1350000,700000,4500000,3800000,part_time,2023-03-27 09:59
BGT07590,USR047,INC05131,3450000,2000000,2250000,7700000,5450000,freelance,2024-03-05 18:56
BGT05631,USR039,INC07027,1100000,750000,450000,2300000,1850000,part_time,2024-03-29 20:35
BGT08907,USR034,INC06090,1900000,1150000,1050000,4100000,3050000,allowance,2023-01-16 20:36
BGT03569,USR007,INC08727,1100000,800000,550000,2400000,1900000,scholarship,2024-01-21 08:03
BGT07834,USR038,INC03455,900000rb,550000,250000,1700000,1450000,internship,2023-01-13 23:18
BGT00536,USR075,INC04603,4150000,2200000,1500000,7850000,6350000,SALARY,08/06/2023 17:19
BGT03972,USR052,INC07481,4150000,2450000,800000,7450000,6600000,business,2023-02-28 02:02
BGT07161,USR065,INC07933,4650000,2750000,2450000,9850000,7400000,investment_return,2023-03-22 05:19
BGT01413,USR020,INC09421,1500000,700000,550000,2750000,2200000,scholarship,2024-02-11 06:32
BGT04161,USR072,INC03593,3700000,2550000,1450000,7750000,6250000,salary,2024-11-29 06:55
BGT05121,USR027,INC01394,1000000,700000,450000,2150000,1700000,internship,2023-05-24 20:28
BGT06268,USR031,INC01696,1300000,750000,700000,2750000,2050000,freelance,2024-02-28 00:58
BGT09424,USR005,INC06497,900000,500000,300000,1700000,1400000,allowance,2024-02-10 16:45
BGT08408,USR032,INC03927,1100000,650000,400000,2100000,1750000,internship,2024-04-14 04:09
BGT06938,USR027,INC02168,1200000,700000,600000,2450000,1900000,internship,2024-05-15 09:25
BGT05960,USR002,INC03470,700000,450000,450000,1600000,1150000,allowance,2024-05-03 08:30
BGT03028,USR049,INC03634,2100000,1300000,1250000,4650000,3400000,salary,2023-05-25 03:44
BGT03322,USR038,INC05647,2200000,1450000,900000,4600000,3650000,internship,2024-12-08 10:22
BGT04970,USR036,INC09075,2000000,1150000,650000,3800000,3150000,part_time,2023-09-19 18:41
BGT03844,USR066,INC04154,3800000rb,2500000,1000000,7300000,6300000,salary,2024-05-05 21:00
BGT06177,USR018,INC00717,1000000,650000,300000,1900000,1650000,allowance,2024-01-14 15:50
BGT07952,USR043,INC09602,3150000,2050000,1400000,6550000,5200000,business,2024-05-06 07:59
BGT05062,USR070,INC04491,3400000,2100000,,7250000,5500000,investment_return,2024-12-28 01:34
BGT03052,USR063,INC09413,2450000,1750000,1250000,5450000,4200000,business,2024-09-02 21:08
BGT02204,USR023,INC03028,1250000,750000,600000,2600000,2000000,part_time,2023-12-27 22:10
BGT01193,USR041,INC01916,2100000,1600000,1000000,4700000,3700000,freelance,2023-03-24 15:45
BGT00373,USR060,INC08650,2650000,1400000,800000,4850000,3300000,salary,2023-12-10 11:18
BGT06894,USR041,INC04222,3000000,1750000,1950000,6650000,4750000,freelance,2023-02-20 12:30
BGT07057,USR009,INC03754,650000rb,400000,350000,1400000,1050000,allowance,2024-11-08 03:06
BGT07529,USR063,INC06204,3650000,2500000,1650000,7800000,6150000,investment_return,2024-01-11 12:48
BGT07173,USR046,INC05515,2800000,2000000,1600000,6400000,4800000,business,2023-07-31 06:51
BGT05241,USR023,INC04839,850000,550000,250000,1650000,1400000,freelance,2024-04-23 17:25
BGT03081,USR018,INC08026,700000,500000,350000,1550000,1200000,allowance,2024-03-04 23:57
BGT08831,USR038,INC05042,2250000,1300000,1450000,5000000,3550000,allowance,2023-01-28 22:37
BGT08403,USR034,INC04286,1700000,1050000,500000rb,3250000,3050000,internship,2023-04-03 16:02
BGT06217,USR035,INC00121,2150000,1150000,1050000,4350000,3300000,internship,
BGT06457,USR075,INC02864,2350000,1400000,550000,4300000,3750000,freelance,2023-10-12 02:41
BGT01798,USR018,INC00682,850000,450000,300000,1600000,1300000,allowance,2023-04-27 12:17
BGT04279,USR025,INC05498,1750000,950000,900000,3600000,2700000,allowance,2023-10-14 11:53
BGT08137,USR018,INC00101,1100000,550000,400000,2050000,1650000,allowance,2023-05-23 21:18
BGT07029,USR028,INC09655,2100000,1250000,550000,3900000,3350000,part_time,2024-10-03 12:52
BGT00105,USR003,INC07712,1400000,1000000,550000,3000000,2400000,scholarship,2023-09-09 13:44
BGT01897,USR022,INC03023,1050000,650000,500000,2200000,1700000,PART_TIME,2023-08-03 02:56
BGT07085,USR017,INC08717,1300000,650000,450000,2400000,1950000,ALLOWANCE,2023-06-27 15:54
BGT07447,USR069,INC04350,3450000,2250000,1800000,7450000,5700000,salary,2023-08-13 01:47
BGT04654,USR025,INC02034,800000,500000,450000,1750000,1300000,freelance,2024-01-29 22:38
BGT01168,USR069,INC04137,3100000,1900000,1550000,,5000000,salary,2023-12-19 16:35
BGT04308,USR029,INC05697,750000,550000,350000,1650000,1300000,part_time,
BGT01128,USR060,INC03400,1650000,1150000,650000,3450000rb,2800000,salary,2024-03-08 08:15
BGT07584,USR058,INC05011,1450000,850000,800000rb,3100000,2300000,business,
BGT00455,USR068,INC05539,3200000,1900000,1050000,6200000,5100000,freelance,2024-07-21 02:40
BGT01728,USR034,INC05575,1450000,850000,550000,2850000,2300000,allowance,2023-10-21 02:32
BGT08038,USR067,INC09337,4050000,2400000,2500000,8950000,6450000,freelance,2023-08-02 03:06
BGT00471,USR075,INC05286,3700000,2450000,2050000,8200000,6150000,investment_return,2023-04-27 10:50
BGT05800,USR012,INC05114,650000,400000,350000,1400000,1050000,scholarship,2024-08-06 00:03
BGT01070,USR001,INC06288,1000000,600000,300000,1900000,1600000,part_time,
BGT03579,USR006,INC05632,1450000,800000,500000,2750000,2250000,scholarship,2024-12-30 23:11
BGT09323,USR074,INC05517,4400000,2600000,1650000,8600000.00,7000000,freelance,2024-07-04 07:35
BGT08194,USR025,INC05981,800000,450000,400000,1650000,1250000,internship,2023-05-08 06:54
BGT05404,USR046,INC03858,3450000,1950000,1100000,6550000,5400000,business,2023-07-28 12:17
BGT08397,USR022,INC04819,1850000,1250000,700000,3750000,3100000,freelance,2024-05-25 09:11
BGT03665,USR043,INC06388,3400000,1800000,1200000,6400000,5200000,business,2023-02-28 08:57
BGT06314,USR050,INC02399,3400000,2100000,1300000,6850000,5500000,freelance,2023-07-04 13:07
BGT03881,USR017,INC08721,950000,600000,250000,1750000,1550000,allowance,2024-09-01 15:17
BGT04833,USR012,INC06799,1000000,600000,400000,2000000,1600000,allowance,2023-12-29 04:01
BGT07191,USR019,INC06105,1050000,500000,350000,1900000,1550000,scholarship,2024-12-21 08:00
BGT05234,USR013,INC06669,1200000,600000,600000,2400000,1800000,scholarship,2024-09-13 14:01
BGT02990,USR024,INC05391,2050000,1150000,550000,3750000,3200000,allowance,2024-11-06 17:29
BGT08703,USR067,INC02304,2300000,1450000,1100000,4850000,3750000,investment_return,2024-07-08 10:57
BGT01268,USR002,INC09140,850000,550000,250000rb,,1400000,scholarship,2023-09-13 23:49
BGT04019,USR038,INC05974,700000,450000,350000,1550000,1150000,allowance,2023-10-06 07:03
BGT07766,USR063,INC09004,3050000,1550000,1050000,5650000,4700000,freelance,2023-11-20 11:54
BGT04865,USR036,INC04889,1350000,700000,350000,,2050000,part_time,2024-01-13 16:49
BGT04362,USR031,INC02246,2300000,1400000,650000,4350000,3700000,part_time,2023-01-26 14:23
BGT00008,USR017,INC08225,450000,250000,300000,1000000,700000,allowance,2023-10-12 04:43
BGT00097,USR029,INC01182,1650000,1150000,900000,3700000,2800000,FREELANCE,2023-01-09 05:51
BGT02342,USR004,INC07074,550000,300000,350000,1250000,850000,allowance,2023-05-11 17:46
BGT03649,USR016,INC06464,550000,350000,250000,1200000,900000,part_time,2023-12-20 15:04
BGT08820,USR075,INC06807,1800000,1350000,950000,4050000,3150000,bonus,2024-08-11 00:11
BGT03865,USR029,INC02282,1450000,1000000,650000rb,3100000,2450000,internship,2023-09-05 17:12
BGT07060,USR070,INC09798,3800000,2200000,1600000,7550000,6000000,freelance,2024-04-13 23:53
BGT09017,USR075,INC03797,3250000,1650000,1150000,6050000,4900000,bonus,2024-10-18 18:03
BGT04429,USR074,INC02087,4100000,2000000,1350000,7450000,6100000,freelance,
BGT07799,USR066,INC01047,3250000,1950000,700000,5900000,5200000,business,2023-03-17 01:11
BGT09420,USR050,INC08585,3650000,2200000,800000,6600000,5850000,freelance,2023-02-11 10:39
BGT02316,USR036,INC07848,1450000,850000,450000,2750000,2300000,part_time,2023-09-25 20:31
BGT02558,USR019,INC08206,700000,400000,200000,1300000,1100000,allowance,2024-10-28 11:22
BGT03753,USR022,INC03546,950000,600000,650000,2200000,1550000,part_time,2024-01-28 02:23
BGT05787,USR035,INC08597,2000000,1250000,450000,3700000,3250000,internship,2024-10-01 22:27
BGT07397,USR018,INC05019,550000,,150000,1050000,900000,scholarship,2023-12-22 12:03
BGT00905,USR027,INC06541,2050000,1250000,1150000,4450000,3300000,internship,2023-04-10 04:07
BGT02966,USR033,INC08023,1750000,1150000,600000,3500000,2900000,,2023-02-24 05:36
BGT06771,USR053,INC07652,4150000,,1450000,7650000,6200000,salary,2023-09-25 02:32
BGT05786,USR004,INC00868,550000,250000,200000rb,1000000,800000,allowance,2023-05-04 04:30
BGT03679,USR013,INC05605,950000,500000,550000,2000000,1450000,allowance,2023-05-22 19:42
BGT04956,USR039,INC07042,1000000,600000,500000,2100000,1600000,part_time,2023-05-12 05:59
BGT03279,USR037,INC08802,1100000,550000,400000,2100000,1650000,internship,2024-04-13 09:37
BGT08586,USR014,INC06852,1350000,900000,600000,2850000.00,2250000,part_time,2023-03-05 06:17
BGT01889,USR019,INC02635,1450000,850000,300000,2600000,2300000,part_time,2023-08-22 00:30
BGT02035,USR024,INC06529,2500000,1300000,700000,4500000,3800000,part_time,2023-12-30 07:20
BGT09878,USR036,INC05404,2000000,1150000,400000,3550000,3150000,freelance,2024-03-30 10:05
BGT08800,USR004,INC03852,950000,600000,400000,1950000,1550000,allowance,2024-01-06 14:35
BGT05163,USR006,INC08111,1250000,750000,,2250000,2000000,scholarship,2023-10-09 08:53
BGT02878,USR016,INC02782,1150000,850000,500000,2450000,2000000,part_time,2024-02-27 08:26
BGT03786,USR030,INC07797,1100000,650000,350000,2100000,1750000,freelance,2024-11-25 10:40
BGT04155,USR018,INC04983,500000,300000,200000,1050000.00,800000,part_time,2024-12-26 18:20
BGT06305,USR035,INC06467,1350000,750000,650000,2750000,2100000,allowance,2024-12-02 21:58
BGT08562,USR072,INC08982,5050000,2500000,1800000,9350000,7550000,investment_return,2024-01-16 18:57
BGT04069,USR038,INC02881,2000000,1200000,,4300000,3200000,part_time,2024-01-28 03:07
BGT04118,USR021,INC06868,950000,600000rb,450000,2000000,1550000,allowance,2023-04-20 01:02
BGT00496,USR072,INC02058,2500000,1400000,750000,4650000,3900000,business,2023-07-06 02:33
BGT00622,USR011,INC01776,900000,550000,450000,1850000,1800000,allowance,2024-07-07 02:02
BGT09516,USR051,INC09810,3500000,2250000,1250000,7000000,4500000,salary,2024-03-06 19:48
BGT00189,USR011,INC02460,900000,500000,250000,1650000,1400000,scholarship,2024-01-11 00:29
BGT04284,USR061,INC03519,2450000,1550000,1000000,5050000,4000000,freelance,2023-04-28 13:43
BGT03039,USR043,INC02950,1750000,900000,600000rb,3250000,2650000,bonus,2024-11-10 19:02
BGT08727,USR053,INC08402,2750000,1400000,850000,,4150000,bonus,2023-04-01 11:20
BGT02800,USR050,INC07407,3000000,2000000,1400000,6400000,5000000,salary,2023-08-03 20:25
BGT09529,USR009,INC08353,600000,300000,300000,,900000,scholarship,2023-07-10 20:49
BGT05410,USR063,INC02047,4500000,2650000,2000000,9200000,7150000,investment_return,2024-09-01 13:46
BGT07430,USR020,INC04149,750000,450000,400000,1600000,1200000,scholarship,2024-02-15 18:23
BGT08453,USR009,INC00651,1050000,600000,500000,2150000,1650000,scholarship,2024-01-09 02:43
BGT07658,USR040,INC07164,1650000,950000,500000,3100000,2600000,internship,
BGT06512,USR011,INC05353,900000,550000,,2000000,1450000,part_time,2023-05-25 12:01
BGT00615,USR034,INC00033,1550000,800000,650000,3000000,2350000,allowance,2024-08-18 05:58
BGT09978,USR009,INC00397,600000,450000,350000,1400000,1050000,part_time,2023-10-09 12:32
BGT05563,USR045,INC03173,3600000,2400000,1500000,7550000,6000000,freelance,2023-12-12 06:09
BGT04673,USR051,INC09150,3350000,1850000,1150000,6350000,5200000,freelance,2023-09-20 06:28
BGT09261,USR051,INC09680,2650000,1500000,1600000,5800000,4150000,business,2023/05/05 07:20
BGT05207,USR073,INC05740,5250000,2950000,,9550000,8200000,business,2024-03-11 18:03
BGT00920,USR048,INC03970,1800000,900000,600000,3250000,2700000,freelance,2023-10-06 05:30
BGT06387,USR025,INC09191,1250000,850000,650000,2800000,2100000,internship,2024-05-28 04:58
BGT05586,USR049,INC03809,3000000,2000000,1250000,6300000,4950000,bonus,2024-03-06 10:45
BGT01626,USR044,INC06244,1950000,950000,700000,,2900000,freelance,2023-01-26 15:46
BGT05161,USR035,INC06197,1450000,800000,500000,2750000,2250000,freelance,2023-11-14 05:59
BGT02982,USR038,INC05927,1950000,1400000,800000,4100000,3350000,freelance,2023-08-03 09:19
BGT03263,USR021,INC05545,1650000,850000,650000,3150000,2500000,internship,2024-06-21 05:45
BGT08342,USR074,INC06308,4100000rb,2800000,1300000,8200000,6900000,bonus,2024-06-21 17:15
BGT01327,USR030,INC04047,,-550000,350000,1850000,1550000,internship,2023-03-18 05:57
BGT08404,USR027,INC08746,1150000,650000,250000,2050000,1800000,allowance,2023-11-07 04:05
BGT03147,USR050,INC06864,-2050000,-1150000,450000,3650000,3200000,business,2024-12-01 17:19
BGT07594,USR028,INC05443,2100000,1200000,650000,3950000,3300000,allowance,2023-04-18 07:01
BGT06891,USR027,INC00690,2050000,1100000,600000,3750000,2950000,allowance,
BGT03434,USR071,INC00580,3750000,2450000,1950000,8100000,6200000,business,2024-10-12 13:25
BGT07806,USR035,INC02148,2200000,1350000,1300000,4900000,3550000,part_time,2023-12-07 23:43
BGT06011,USR042,INC07289,2250000,1200000rb,800000,4250000,3450000,freelance,2023-05-30 15:20
BGT09115,USR054,INC05388,2400000,1300000,650000,4400000,3700000,salary,
BGT00868,USR030,INC09085,1000000,700000,300000,2000000,1700000,,2024-05-07 17:52
BGT01065,USR004,INC05450,1150000,650000,550000,2350000,1800000,part_time,2024-05-24 01:39
BGT02689,USR075,INC09165,4100000,2700000,2500000,9350000,6800000,freelance,2024-06-04 18:24
BGT06085,USR001,INC04022,600000,400000,300000,1300000,1000000,part_time,2023-08-08 02:02
BGT04293,USR002,INC00876,1200000,700000,650000,2550000,1900000,scholarship,12/06/2023 09:20
BGT04285,USR038,INC02037,1950000,-1200000,750000,3900000,3150000,internship,2023-03-02 12:07
BGT05438,USR026,INC02721,700000,400000,450000,1550000,1100000,allowance,2024-02-16 01:19
BGT09628,USR053,INC07651,3800000,2450000rb,1650000,7950000,6250000,bonus,2023-10-31 15:30
BGT09453,USR024,INC05952,2100000,1100000,600000,3850000,3200000,freelance,2023-03-17 18:13
BGT00061,USR024,INC08215,2050000,1500000,,4400000,3550000,internship,2024-11-11 04:30
BGT06931,USR009,INC08910,1450000,850000,700000,3000000,2300000,part_time,2023-09-27 03:27
BGT09741,USR056,INC09364,2250000,1300000,650000,4200000,3550000,business,2023-11-21 12:31
BGT08260,USR029,INC05690,1950000,1000000,750000,3650000,2950000,internship,2023-06-25 12:40
BGT06070,USR014,INC01122,-1250000,750000,300000,2300000,2000000,scholarship,2023-08-16 14:44
BGT06322,USR048,INC03025,3100000,1600000,900000,5600000,4700000,salary,23/01/2024 19:33
BGT03126,USR014,INC09543,1600000,800000,550000,3000000,2400000,SCHOLARSHIP,2024-11-14 00:47
BGT00232,USR036,INC02337,1750000,950000,700000,3450000,2700000,freelance,2023-05-19 17:21
BGT07265,USR015,INC05280,950000,500000,450000,1850000,1450000,scholarship,2023-10-27 16:57
BGT06276,USR056,INC08535,4050000,2450000,1150000,7650000,6500000,freelance,
BGT08322,USR042,INC03187,2300000,1450000,500000,4300000,3750000,freelance,2023-06-18 03:58
BGT06576,USR016,INC07728,600000,400000,300000,1350000,1000000,scholarship,2023-06-20 03:23
BGT03486,USR062,INC06340,3650000,1750000,1350000,,5400000,business,2024/01/24 12:26
BGT02185,USR046,INC08945,3500000,2000000rb,1000000,6500000,5500000,salary,
BGT05474,USR025,INC04786,1800000,1100000,1150000,4050000,2900000,allowance,2024-07-11 21:02
BGT09376,USR062,INC00771,1900000,1200000,900000,4000000,3100000,investment_return,2023-04-12 19:56
BGT00402,USR027,INC00907,1500000,850000,300000,2700000,2350000,freelance,2023-02-10 18:45
BGT08393,USR027,INC04171,1100000,650000,400000,2100000,1750000,freelance,2024-07-11 20:17
BGT06078,USR071,INC03668,,2200000,1500000,7050000,5600000,INVESTMENT_RETURN,2024-01-06 11:31
BGT05869,USR008,INC02831,800000,500000,250000,1550000,1300000,scholarship,2023-11-30 11:42
BGT01173,USR012,INC07160,650000,300000,250000,1200000,950000,part_time,2024-06-19 09:15
BGT04460,USR010,INC00289,1500000,850000,,2800000,2350000,part_time,2024-09-16 00:24
BGT05712,USR065,INC01728,4400000,2600000,2600000,9600000,7000000,freelance,2023-05-01 08:53
BGT05057,USR026,INC05373,2400000,1300000,1200000,4900000,3700000,freelance,2024-05-08 09:36
BGT00411,USR026,INC02071,1500000,900000,650000,,2400000,internship,2024-05-03 10:28
BGT00263,USR064,INC06661,3000000,1750000,850000,5600000,4750000,investment_return,2024-09-08 00:54
BGT01093,USR057,INC06536,3350000,2000000,950000,6300000,5350000,salary,2024-09-18 12:04
BGT00230,USR061,INC03904,2800000,1650000,1750000,6200000,4450000,salary,2024-12-26 09:52
BGT05324,USR020,INC04428,1150000,,500000,2500000,1950000,scholarship,2024-01-31 01:21
BGT01290,USR022,INC01413,800000,550000,350000,1700000,1350000,freelance,2023-08-17 17:29
BGT05826,USR049,INC05919,1500000,1000000,550000,3100000,2500000,bonus,2024-11-28 09:01
BGT03193,USR001,INC07932,1050000,550000,400000,1950000.00,1600000,part_time,2024-11-14 21:05
BGT02420,USR031,INC04763,2600000,1650000,750000,5000000,4250000,internship,2023-08-31 03:07
BGT04778,USR028,INC03610,1650000,950000,500000,3100000,2600000,allowance,2023-07-09 05:23
BGT00846,USR042,INC03876,2050000,1150000,700000,3900000,3200000,business,2023-04-09 12:26
BGT07705,USR068,INC09762,4900000,2550000,1950000,9400000,7450000,BONUS,2024-06-18 10:35
BGT01980,USR011,INC06350,850000,600000,450000,1900000,1450000,part_time,2023-09-15 23:24
BGT05621,USR021,INC03461,1550000,850000,400000,2800000,2400000,freelance,2023-03-13 10:44
BGT02840,USR075,INC07779,4150000,2400000,1750000,8300000,6550000,freelance,2023-07-05 20:15
BGT00070,USR005,INC08772,800000,600000,300000,1700000,1450000,scholarship,2024-12-19 20:35
BGT03676,USR075,INC01312,4450000,2550000,1250000,8200000.00,7000000,bonus,2023-06-03 10:40
BGT08590,USR021,INC08364,2050000,1000000,850000,3900000,3050000,internship,2023-03-06 07:05
BGT06311,USR069,INC01373,2000000rb,1350000,1150000,4500000,3350000,freelance,2024-02-24 16:20
BGT01061,USR029,INC08121,2050000,1150000,500000,3750000,3200000,freelance,2024-09-21 04:50
BGT07762,USR025,INC07801,1400000,950000,400000,2750000,2350000,allowance,2024-05-05 21:14
BGT07204,USR054,INC08704,1600000,1200000,700000,3500000,2800000,salary,2023-07-04 18:55
BGT06615,USR015,INC09200,600000,350000,200000,1150000,950000,,2024-11-06 20:15
BGT00286,USR018,INC02538,1200000,750000,500000,,1950000,,2023-05-30 11:12
BGT06450,USR052,INC06963,1700000,1150000,500000,3350000,2850000,salary,2023-12-09 02:35
BGT00486,USR034,INC07460,2600000,1300000,800000,4700000,3900000,part_time,2024-03-06 11:31
BGT05953,USR064,INC06041,4800000,2750000,,8600000,7550000,business,2023-10-18 02:06
BGT06778,USR026,INC08811,1300000,650000,500000,2450000,1950000,freelance,2024-09-10 20:42
BGT03684,USR011,INC06395,850000,500000,250000,1600000,1350000,part_time,2023-07-22 09:27
BGT05052,USR070,INC05236,4650000,2250000,1700000,8600000,6900000,salary,2023-12-30 11:59
BGT02609,USR007,INC00990,1350000,800000,450000,2600000,2150000,allowance,2024-01-26 01:41
BGT07352,USR010,INC09451,650000,400000rb,350000,1400000,1050000,scholarship,2024-02-24 23:29
BGT07369,USR061,INC06617,3300000,1950000,1650000,6900000,5250000,business,2024-02-09 15:35
BGT03375,USR061,INC05763,3800000,1950000,1250000,7050000,5750000,bonus,2023-08-20 12:06
BGT09973,USR057,INC07239,3950000,2350000,850000,7150000,6300000,freelance,2024-01-01 13:10
BGT07216,USR039,INC01314,800000,550000,400000,1750000,1350000,part_time,2024-12-22 06:10
BGT09958,USR017,INC02356,550000,300000,150000,1000000,850000,part_time,2024-03-10 01:38
BGT08088,USR016,INC01232,900000,550000,250000,1650000,1450000,part_time,2023-04-12 14:59
BGT05661,USR073,INC07032,2350000,1650000,1250000,5250000,4000000,investment_return,2024-09-22 13:33
BGT04880,USR002,INC04932,1250000,950000,600000,2750000,2200000,part_time,2024-09-26 14:13
BGT04364,USR041,INC09635,4050000,-2500000,1050000,7650000,6550000,freelance,2024-03-19 23:19
BGT09002,USR040,INC06252,1300000,800000,250000,2350000,2100000,freelance,2024-06-24 00:03
BGT07941,USR072,INC02623,4650000,2700000,1100000,,7350000,bonus,2023-07-07 19:56
BGT07284,USR051,INC04718,4050000,2250000,1650000,7950000,6300000,salary,2023-01-18 04:04
BGT04995,USR042,INC01229,4300000,2500000,850000,7650000,6800000,salary,2024-10-01 06:09
BGT09587,USR018,INC07819,1000000,600000,450000,2000000,1600000,scholarship,2024-12-10 15:48
BGT03217,USR051,INC06242,2550000,1650000,800000,5000000rb,4200000,business,2023-01-07 17:46
BGT02636,USR064,INC04135,2900000,1450000,900000,5250000rb,4350000,salary,2024-01-08 19:31
BGT05115,USR044,INC03331,3500000,2200000,1900000,7600000,5700000,business,2023-10-02 23:42
BGT05318,USR070,INC01573,,2100000,1750000,7250000,5500000,investment_return,2024-01-08 13:15
BGT08993,USR001,INC00194,1300000,750000,800000,2800000,2050000,SCHOLARSHIP,2024-05-11 07:01
BGT04007,USR043,INC06221,2850000,1800000,1550000,6200000,4650000,business,2023-06-05 16:38
BGT04068,USR007,INC00776,700000,400000,300000,1400000,1100000,part_time,2023-06-15 05:31
BGT02104,USR062,INC05334,3650000,2000000,1100000,6750000,5650000,investment_return,2024-06-29 21:52
BGT02953,USR053,INC04398,3350000,2300000,2000000,7600000,5650000,bonus,2023-01-04 07:56
BGT06903,USR022,INC04699,1050000,650000,350000,2100000,1700000,freelance,2023-09-08 21:16
BGT07425,USR071,INC07041,4050000,2500000,,7600000,6550000,salary,2024-12-12 14:21
BGT06157,USR002,INC06248,850000,550000,350000,1750000,1400000,allowance,2024-07-16 11:06
BGT08154,USR034,INC06664,850000,500000,300000,1700000,1350000,,2023-02-06 06:06
BGT06466,USR051,INC00026,2350000,1500000,550000,4400000,3850000,bonus,2024-02-19 02:51
BGT00345,USR051,INC04968,2100000,1100000,,4200000,3200000,business,2024-04-20 22:10
BGT02274,USR041,INC03565,1700000,950000,650000,3300000,2650000,business,2024-01-05 20:54
BGT08842,USR040,INC00973,750000,550000,300000,1550000,1300000,allowance,2023-09-21 07:21
BGT07206,USR032,INC00392,1100000,700000,600000,2400000,1800000,allowance,2024-09-21 20:16
BGT03919,USR032,INC05508,1650000,1000000,750000,3400000.00,2650000,allowance,2024-02-02 07:58
BGT03283,USR001,INC04336,1350000,750000,450000,2550000,2100000,allowance,2023-04-16 12:14
BGT01314,USR052,INC06519,1600000,950000,900000,,2550000,business,2024-09-06 23:16
BGT04029,USR008,INC02510,-1300000,750000,500000,2550000,2050000,allowance,2023-10-25 07:17
BGT09993,USR050,INC06921,1650000,1100000,800000,3550000,2750000,salary,2024-11-17 09:47
BGT04805,USR066,INC05037,2500000,1150000,800000,4500000,3650000,business,2023-11-16 14:57
BGT06521,USR065,INC04870,2450000,1400000,1300000,5150000,3850000,salary,2024-05-23 15:52
BGT04522,USR028,INC00375,1600000,1100000,500000,3200000,2950000,allowance,2023-04-17 22:01
BGT02769,USR030,INC09498,1400000,800000,650000,2900000,2200000,allowance,2023-06-06 18:23
BGT07087,USR053,INC08554,2750000,1800000,,6200000,4550000,freelance,2023-07-07 20:26
BGT05106,USR028,INC02670,2550000,1550000,900000,5000000,4100000,freelance,2023-06-05 17:25
BGT00854,USR027,INC05592,1200000,800000,750000,,1750000,part_time,2024-06-19 20:20
BGT00718,USR055,INC02305,4200000,2300000,1250000,7750000,6500000,bonus,2023-11-23 22:58
BGT07309,USR029,INC08925,900000,,250000,,1450000,allowance,2023-03-21 06:59
BGT02000,USR028,INC06239,750000,550000,300000,1600000,1300000,allowance,2024-02-16 02:05
BGT04485,USR004,INC01491,1150000,750000,550000,2400000,1900000,ALLOWANCE,2023-11-29 01:36
BGT06646,USR062,INC03139,3700000,2500000,1200000,7400000,6200000,freelance,2023-09-10 10:59
BGT06133,USR068,INC06620,3600000,2350000,1900000,7850000,5950000,investment_return,2023-05-23 08:37
BGT06053,USR015,INC00334,950000,600000,400000,1950000,1550000,part_time,2024-10-04 07:38
BGT03021,USR010,INC00755,1550000,900000,550000,,2450000,allowance,2024-03-27 02:02
BGT04539,USR009,INC01936,1000000,700000,550000,2250000,1700000,part_time,2024-10-14 03:40
BGT04122,USR028,INC02410,2450000,1350000,1100000,4900000,3800000,allowance,2023-06-05 03:59
BGT07774,USR059,INC00871,2900000,1700000,700000,5300000,4600000,business,2024/10/07 02:16
BGT08338,USR016,INC03316,700000,400000,350000,1450000,1100000,allowance,2024-03-03 01:15
BGT04744,USR006,INC03042,1550000,950000,500000,3000000,2500000,scholarship,
BGT03295,USR053,INC09107,2950000,2050000,1600000,6600000,5000000,business,2023-09-19 04:16
BGT06885,USR042,INC09940,2150000,1150000,800000,4100000,3300000,freelance,
BGT00754,USR065,INC05221,3950000,2300000,2300000,8550000,6250000,bonus,2023-05-06 12:00
BGT06086,USR044,INC04884,2600000,1700000,1200000,5500000,4300000,business,2024-04-16 10:41
BGT01186,USR009,INC09050,1200000,800000,600000,2600000,2000000,scholarship,2024-07-21 06:37
BGT05423,USR010,INC01595,1350000,950000,600000,2950000,2300000,scholarship,2023-04-01 17:39
BGT09954,USR073,INC09456,4050000,2750000,1800000,8600000,6800000,investment_return,2023-09-08 23:27
BGT01956,USR066,INC01452,2600000,1600000,1450000,5650000,4200000,bonus,2024-02-23 11:13
BGT07950,USR015,INC01194,1350000,750000,350000,2450000,2100000,part_time,2024-07-28 19:38
BGT04302,USR050,INC02056,3450000,1850000,1850000,7150000,5300000,business,2024-11-16 23:47
BGT07124,USR062,INC09288,3700000,2100000,1650000,7450000,5800000,business,2024-04-16 09:05
BGT06942,USR027,INC02582,1450000,950000,750000,3200000,2400000,allowance,2023-10-16 17:52
BGT06685,USR059,INC06452,4100000,2100000,1650000,7850000,6200000,BONUS,2023-12-15 00:25
BGT09864,USR005,INC06981,900000,500000,400000,1800000,1400000,ALLOWANCE,2023-03-07 11:25
BGT04085,USR074,INC07768,2800000,1600000,650000,5050000,4400000,freelance,2024-08-21 01:51
BGT09898,USR012,INC07375,550000,300000,150000,1000000,850000,scholarship,2024-02-04 22:07
BGT06281,USR029,INC01145,1400000,850000,700000,2950000,2250000,internship,2024-05-11 09:12
BGT04273,USR009,INC03987,1100000,700000,400000,2200000,1800000,scholarship,2023-03-01 16:44
BGT04717,USR066,INC03949,4400000,2650000,2750000,9800000,7050000,investment_return,
BGT00608,USR065,INC09910,3000000,1850000,1550000,6400000,4850000,salary,2023-01-23 23:48
BGT06171,USR059,INC09019,1500000,950000,750000rb,,2450000,freelance,2024-12-21 11:45
BGT00157,USR004,INC08063,1200000,800000,400000,2350000,2000000,scholarship,2024-03-02 20:51
BGT06632,USR045,INC03985,2700000,1450000,1250000,5400000,4150000,business,2023-01-22 07:03
BGT01681,USR015,INC09817,,800000,500000,2500000,2000000,scholarship,
BGT02923,USR055,INC08835,1850000,1050000,1200000,4100000,2900000,bonus,2023-01-01 18:24
BGT04788,USR063,INC06385,1900000,1300000,800000,4000000,3200000,freelance,
BGT04428,USR006,INC01612,1500000,850000,400000,2750000,2350000,allowance,2024-11-24 17:43
BGT05789,USR026,INC03129,2300000,1250000,550000,4100000,3550000,allowance,2023-01-10 14:22
BGT05445,USR006,INC09437,1300000,800000,750000,2850000,2100000,part_time,2023-11-22 19:39
BGT03239,USR013,INC08066,1050000,600000,350000,2000000,1650000,,2023-01-26 13:47
BGT05420,USR073,INC03587,2900000,2100000,1600000,6600000,5000000,salary,2024-12-02 20:34
BGT05292,USR002,INC06753,950000,650000,450000,2050000,1600000,scholarship,2024-11-08 08:48
BGT00463,USR028,INC09032,2300000,1400000,1000000,4650000,3700000,freelance,2023-05-11 14:29
BGT04179,USR012,INC06314,1400000,750000,350000,2500000,2150000,part_time,
BGT07359,USR050,INC07686,1500000,950000,800000,3300000,2450000,salary,
BGT03662,USR049,INC04669,3300000,2100000,1900000,7300000,5400000,freelance,2023-12-23 04:26
BGT09327,USR033,INC09686,1250000,700000,500000,2500000,1950000,internship,2023-03-14 06:45
BGT04741,USR074,INC08437,2650000,1550000,1200000,5400000,4200000,bonus,2023-03-28 11:29
BGT00003,USR012,INC08029,550000,350000,250000,1100000,900000,part_time,2023-08-10 08:35
BGT01546,USR041,INC00381,3100000,2050000,1450000,6600000,5150000,salary,
BGT07414,USR036,INC02795,1700000,1050000,800000,3550000,2750000,part_time,2024-05-07 18:33
BGT05929,USR006,INC04844,1350000,850000,350000,2550000,2200000,allowance,2023-01-08 08:40
BGT07218,USR063,INC02072,3700000,2150000,1300000,7150000,5850000,bonus,2024-09-04 03:25
BGT03176,USR013,INC09701,1200000,,550000,2400000,1800000,allowance,2024-12-30 11:54
BGT01597,USR056,INC04811,1750000,900000,800000,3450000,2650000,salary,15/02/2023 03:30
BGT09246,USR024,INC04548,1600000,1000000,950000,3500000,2600000,internship,2024-03-16 03:52
BGT06292,USR039,INC08337,1200000,850000,600000rb,2650000,2050000,freelance,2023/04/23 06:31
BGT07859,USR040,INC07510,1000000,700000,400000,2100000,1700000,allowance,2024-06-11 22:41
BGT01092,USR058,INC03679,3300000,1750000,1200000,6250000,5050000,bonus,2023-08-08 17:38
BGT00883,USR060,INC03478,4100000,2650000,1300000,8000000,6750000,bonus,2024-04-01 21:09
BGT06447,USR006,INC04552,1150000,600000,550000,2300000,1750000,part_time,2023-01-28 05:37
BGT05999,USR020,INC00021,750000,450000,250000,1450000,1200000,part_time,2024-02-16 10:33
BGT09001,USR024,INC05878,2400000,1150000,900000,4450000,3550000,allowance,
BGT06706,USR052,INC01637,1800000,950000,800000,3550000rb,2750000,freelance,2023-12-11 14:33
BGT02218,USR041,INC09466,2100000,1450000,1150000,4700000,3550000,bonus,2024-12-22 10:54
BGT09197,USR060,INC04472,3450000,1700000,1400000,6550000,5150000,salary,25/03/2024 12:45
BGT01484,USR039,INC04906,2350000,1600000,1050000,5000000,3950000,freelance,2024-02-03 03:28
BGT00059,USR040,INC02468,1900000,850000,600000,,2750000,internship,2024-05-09 13:09
BGT06915,USR024,INC00713,2300000,1300000,1200000,4800000,3600000,freelance,2024-12-29 08:54
BGT03664,USR026,INC00669,900000,-650000,400000,1950000,1550000,internship,2024-06-03 15:54
BGT05243,USR005,INC03164,1150000,700000,300000,2150000,1850000,part_time,2023-08-11 08:11
BGT04893,USR036,INC06973,1400000,750000,600000,2750000,2150000,part_time,2023-02-21 21:30
BGT08153,USR044,INC06262,3250000,1850000,2100000,7200000,5100000,business,2023-09-19 13:27
BGT08576,USR011,INC06671,700000,350000,250000,1300000,1050000,allowance,2024-08-22 19:35
BGT06145,USR067,INC00819,3400000,1950000,1350000,6650000,5350000,salary,2023-10-22 09:27
BGT07503,USR061,INC01970,3550000rb,2450000,1250000,7250000,6000000,bonus,2024-12-06 18:20
BGT02111,USR055,INC03808,2700000,1400000,1150000,5250000,4100000,freelance,2023-07-31 15:35
BGT06848,USR049,INC09043,3850000,2500000,1700000,8000000,6350000,business,29/04/2023 13:53
BGT06912,USR017,INC02437,1100000,650000,500000,2250000,1750000,allowance,2023-01-06 15:12
BGT00431,USR042,INC00199,,1100000,900000,4000000,3050000,business,2024-07-17 03:34
BGT00404,USR011,INC04788,850000,400000,300000,1550000,1250000,scholarship,2023-12-28 00:34
BGT09896,USR028,INC04017,1100000,600000,350000,2000000,1700000,freelance,2023-03-24 16:17
BGT08187,USR026,INC05155,1350000,800000,500000,2650000,2150000,part_time,2024-02-07 17:55
BGT06303,USR034,INC01484,,650000,350000,2050000,1700000,part_time,2024-09-18 03:20
BGT05775,USR061,INC06418,5100000,3150000,1350000,9600000,8250000,bonus,2024-11-26 10:08
BGT00217,USR026,INC00479,2050000,1150000,1150000,4350000,3200000,ALLOWANCE,2024-04-01 02:59
BGT07954,USR034,INC07188,1450000,950000,850000,3250000,2400000,internship,2023-07-02 01:19
BGT07344,USR069,INC05006,3000000,1550000,1150000,5650000,4550000,salary,2023-03-31 04:44
BGT08748,USR025,INC03226,850000,600000,300000,1750000,1450000,freelance,2024-05-29 00:38
BGT00115,USR055,INC04631,2950000,1750000,1350000,6050000,4700000,freelance,2023-10-03 08:23
BGT03761,USR046,INC04648,1800000,1250000,950000,4000000,3050000,salary,2023-01-25 16:31
BGT00104,USR063,INC02817,4050000,2150000,2050000,8250000,6200000,freelance,2024-03-06 01:16
BGT00350,USR071,INC09660,1850000rb,1250000,1100000,4200000,3100000,business,2024/12/18 06:45
BGT06031,USR061,INC01848,3100000,,1600000,6900000,5300000,freelance,2023-07-12 09:31
BGT01107,USR050,INC08816,3400000,2000000,1800000,7200000,5400000,bonus,2023-09-03 07:03
BGT06455,USR067,INC03241,3050000,1700000,1000000,5750000,4750000,salary,2024-01-05 21:51
BGT08841,USR053,INC03089,2250000,1350000,1250000,4900000,3600000,salary,2023-07-20 10:52
BGT06719,USR045,INC02763,2850000,1550000,1550000,5950000,4400000,bonus,2024/04/12 21:49
BGT07991,USR074,INC09606,5350000,3150000,1050000,9550000,8500000,bonus,2023-01-10 01:23
BGT07645,USR017,INC01147,-1050000,550000,400000,2050000,1600000,scholarship,2023-10-24 14:07
BGT00887,USR037,INC06144,1650000,1000000,550000,3150000,2650000,part_time,2023-10-18 11:03
BGT01940,USR034,INC06031,2300000,,1050000,4550000,3500000,part_time,2024-05-01 20:34
BGT02961,USR024,INC04678,850000,550000,450000,1850000,1400000,part_time,2024-12-04 22:35
BGT09337,USR071,INC02032,2550000,1350000,900000,4850000,3900000,investment_return,2024-04-26 19:10
BGT05370,USR040,INC00028,1850000,1050000,400000,3300000,2900000,freelance,2024-12-24 18:05
BGT01407,USR014,INC04215,450000,350000rb,250000,1050000,800000,scholarship,2023-05-04 11:27
BGT07396,USR066,INC00085,4550000,3000000,1750000,9300000,7550000,business,2024-05-13 09:08
BGT00078,USR015,INC01640,1350000,800000,250000,2400000,2150000,allowance,2024-01-31 05:10
BGT02807,USR072,INC08064,4350000,3150000,2000000,9500000,7500000,business,2023-03-02 22:04
BGT01366,USR013,INC01980,1150000,650000,300000,2100000,1800000,part_time,2024-06-13 19:01
BGT08443,USR007,INC05441,650000,400000,200000,1250000,1050000,allowance,2023-01-19 04:09
BGT04767,USR051,INC02522,,1450000,1050000,5450000,4400000,bonus,2023-04-22 21:15
BGT02320,USR040,INC02409,1600000,800000,650000,3000000,2400000,INTERNSHIP,2024-03-11 03:07
BGT01941,USR035,INC05822,1950000,1150000,400000,3500000,2350000,internship,2023-11-04 10:18
BGT07491,USR016,INC02077,1250000,800000,500000,2550000,2050000,allowance,
BGT06713,USR025,INC09003,,700000,550000,2600000,2100000,allowance,2023-04-22 16:04
BGT06910,USR038,INC06570,1650000,900000,900000,3450000,2550000,internship,2023-08-31 06:58
BGT06600,USR021,INC06447,1400000,900000,550000,2850000,2300000,part_time,2024-11-17 14:22
BGT07391,USR022,INC00544,1350000,850000,350000,2550000,2200000,freelance,05/07/2024 05:58
BGT00409,USR022,INC01088,850000,600000,300000,1750000,1450000,internship,2024-01-25 14:07
BGT09748,USR048,INC01808,1500000,1050000,700000,3250000,2550000,salary,2024-05-07 10:55
BGT06974,USR027,INC09251,1650000,,750000,3200000,2500000,freelance,2024-02-24 21:58
BGT02393,USR020,INC07994,1100000,600000rb,350000,2050000,1700000,allowance,2023-09-12 05:14
BGT08160,USR066,INC07301,3050000,1700000,1100000,5850000,4750000,salary,2023-05-08 17:42
BGT07080,USR049,INC02078,3750000,2000000,1350000,7100000,5750000,salary,2023-09-06 20:37
BGT03872,USR024,INC01469,1450000,1000000,800000,3250000,2450000,freelance,2023-03-21 20:32
BGT09615,USR032,INC06230,1900000,1300000,1000000,4250000,3200000,allowance,2024-10-11 19:36
BGT03242,USR058,INC08530,3000000,1900000,1800000,6700000,4900000,bonus,2023/02/07 05:21
BGT01455,USR070,INC06853,2800000,1450000,1000000,5250000,4250000,salary,2023-02-07 08:36
BGT04879,USR072,INC00452,4100000,2600000,1500000,8200000,6700000,bonus,2024-06-17 08:08
BGT06210,USR035,INC07603,2250000,1450000,1200000,4900000,3700000,freelance,2023-05-24 04:27
BGT07798,USR020,INC07035,1200000,850000,650000,2700000,2050000,allowance,2023-04-14 18:58
BGT09305,USR016,INC09175,650000,400000,150000,1200000,1050000,scholarship,2024-08-01 22:51
BGT09766,USR020,INC02475,1200000,850000,500000,2600000,2050000,allowance,2023-06-14 15:22
BGT05007,USR061,INC05292,2850000,1800000,1150000,5850000,4650000,business,2024-03-31 01:21
BGT09554,USR002,INC06882,550000,300000,150000,1000000,850000,scholarship,2024-05-11 01:12
BGT04863,USR040,INC08212,1700000,950000,,3250000,2650000,allowance,2024-01-16 06:04
BGT08117,USR021,INC02277,850000,450000,300000,1600000,1300000,allowance,2024-05-30 13:30
BGT09340,USR031,INC03872,1550000,900000,600000,3050000,2450000,allowance,2023-12-03 22:23
BGT09278,USR073,INC01625,3750000,,1150000,6850000,5650000,bonus,2023-06-21 10:47
BGT05291,USR069,INC01090,2950000,2050000,1400000,6450000,5000000,bonus,2024-04-10 21:26
BGT04280,USR034,INC00876,2100000,1300000,800000,4200000,3400000,allowance,2024-11-05 01:51
BGT06806,USR025,INC08079,950000,650000,300000,1900000,1600000,allowance,2024-03-26 15:58
BGT06077,USR015,INC01359,650000,400000,150000,1200000,1050000,scholarship,2023-05-26 23:06
BGT01020,USR053,INC06989,2450000,1250000,900000,4600000,3700000,freelance,2023-08-31 18:57
BGT02169,USR001,INC02020,1100000,700000,450000,2250000,1800000,scholarship,2023-08-25 12:01
BGT08634,USR036,INC07657,1150000,800000,700000,2650000,1950000,internship,2023-12-30 23:02
BGT00413,USR001,INC09132,650000,400000,300000,1350000,1050000,allowance,2024-11-15 08:23
BGT02139,USR033,INC06767,2700000,1600000,600000,4900000,4300000,part_time,2023-05-20 15:48
BGT03960,USR034,INC05007,2300000,1350000,1350000,4950000,3650000,internship,2023-10-20 14:21
BGT01550,USR055,INC08714,1700000,1000000,350000,3000000,2700000,salary,2024-05-17 12:28
BGT07165,USR026,INC06187,1300000,800000,300000,2350000,2100000,allowance,2023-09-23 23:04
BGT03281,USR013,INC07900,1300000,700000,500000,2500000,2000000,allowance,2024-03-12 06:53
BGT04600,USR055,INC01880,1450000,1050000,600000,3100000,2500000,business,2024-11-29 19:34
BGT02025,USR069,INC07615,3900000,2800000,1750000,8450000,6700000,bonus,2023-01-21 00:28
BGT08430,USR066,INC04277,3600000,2150000,1450000,7150000,5750000,freelance,2023-05-22 22:45
BGT04042,USR001,INC00927,1400000,950000,650000,3000000,2350000,allowance,2024-12-09 02:51
BGT00471,USR075,INC05286,3700000,2450000,2050000,8200000,6150000,investment_return,2023-04-27 10:50
BGT03212,USR072,INC08813,2000000,1450000,,4350000,3450000,investment_return,2023-01-03 11:08
BGT02668,USR051,INC00802,3100000,1850000,1000000,6000000,4950000,business,2023-05-23 23:01
BGT09037,USR074,INC09676,2150000,1300000,1100000,4550000,3450000,salary,2023-05-30 20:01
BGT01803,USR007,INC02973,,400000,200000,1250000,1100000,scholarship,27/07/2023 10:16
BGT00205,USR027,INC06794,1200000,800000,750000,2700000,2000000,internship,2023-03-26 09:18
BGT01874,USR048,INC03486,2200000,1300000,550000,4050000,3500000,salary,2023-08-31 07:25
BGT00692,USR043,INC04487,4150000,2350000,900000,7400000,6500000,salary,2023-09-20 00:47
BGT07237,USR071,INC06878,2400000,1250000,1100000,4750000,3650000,investment_return,2023-12-07 16:15
BGT05798,USR013,INC02175,1000000,500000,350000,1850000,1500000,scholarship,2023-06-29 15:41
BGT02376,USR031,INC03751,1950000,1200000,1100000,4250000,3150000,part_time,2024-10-01 02:38
BGT03432,USR002,INC03228,1200000,700000,400000,2300000,1900000,part_time,2023-05-04 05:05
BGT00943,USR008,INC01619,850000,500000,450000,1800000,1350000,part_time,2023-07-08 14:22
BGT06832,USR027,INC06070,1600000,1000000,850000,3450000,2600000,internship,2024-04-07 17:30
BGT02681,USR055,INC00951,-1850000,1150000,600000,3600000,3000000,business,2023-10-29 10:45
BGT03833,USR067,INC07472,3850000,2000000,1850000,7700000,5850000,investment_return,2023-01-03 20:00
BGT08273,USR058,INC08210,1850000,950000,750000,3550000,2800000,salary,2023-10-29 21:03
BGT00733,USR063,INC02134,3100000,1850000,1000000,6000000,4950000,investment_return,2024-03-24 23:28
BGT08972,USR025,INC03795,2050000,1300000,700000,4050000,3350000,freelance,2023-05-05 15:51
BGT07992,USR038,INC05438,2500000,1400000,550000,4450000,3900000,part_time,2023-07-07 21:20
BGT00744,USR028,INC06323,,800000,750000,2800000,2050000,internship,2023-08-23 08:20
BGT08845,USR071,INC04845,4750000,2600000,1600000,8950000,7350000,business,2024-02-28 15:04
BGT02835,USR025,INC03346,2350000,1450000,700000,4500000,3800000,allowance,2023-06-09 00:10
BGT08308,USR038,INC01446,900000rb,450000,300000,1650000,1350000,internship,2023-08-25 00:56
BGT06494,USR073,INC00881,2800000,1650000,1900000,6400000,4450000,bonus,2023-05-18 02:38
BGT09084,USR053,INC07883,,1150000,1100000,4250000,3150000,freelance,2024-11-28 07:52
BGT04838,USR069,INC03954,4850000,2800000,1700000,9350000,7650000,freelance,2024-08-21 00:01
BGT09776,USR024,INC00450,2600000,1600000,600000,4800000,4200000,internship,2023-11-12 15:14
BGT07506,USR039,INC01063,1700000,1050000,1000000,3750000,2750000,allowance,2024-04-01 12:27
BGT09555,USR018,INC04126,700000,450000,250000,1350000,1150000,allowance,2023-09-01 09:56
BGT06532,USR063,INC02772,2250000,1300000,1100000,4650000,3550000,salary,2024-05-29 04:42
BGT01721,USR026,INC00763,900000,400000,300000,1600000,1300000,part_time,2024-12-12 13:18
BGT00933,USR002,INC00170,650000,400000,200000,1250000,1050000,part_time,13/01/2023 17:58
BGT05881,USR012,INC07440,1250000,850000,600000,2700000,2100000,part_time,2023-05-08 08:07
BGT04174,USR012,INC07180,1300000,800000,250000,2350000,2100000,part_time,2024-04-23 22:21
BGT05617,USR062,INC08771,2650000,1700000,1550000,5900000,4350000,business,2023-05-16 17:45
BGT05946,USR070,INC03194,4700000,2800000,2500000,9950000,7500000,investment_return,2024-04-21 20:06
BGT05739,USR062,INC00870,2400000,1350000,650000,4400000,3750000,investment_return,2023-12-30 21:35
BGT01396,USR054,INC03639,1850000,1150000,750000,3750000,3000000,salary,2023-01-20 01:42
BGT02261,USR002,INC04970,1300000,800000,850000,2950000,2100000,allowance,2023-08-11 17:18
BGT02868,USR031,INC02642,2000000,1100000,1100000,4150000,3100000,part_time,2023-03-25 19:28
BGT07220,USR050,INC05673,,1750000,1300000,6750000,5450000,salary,2024-03-09 09:57
BGT05111,USR066,INC02700,2600000,1550000,850000,5000000,4150000,investment_return,2023-12-01 18:04
BGT03214,USR033,INC01692,1650000,1000000,950000,3600000,2650000,freelance,2024-08-13 05:09
BGT06747,USR041,INC09149,1950000,1400000,900000,4200000,3350000,salary,2023-12-18 04:40
BGT02912,USR043,INC08155,3650000,1800000,1300000,6750000rb,5450000,bonus,2023-04-12 20:23
BGT04739,USR020,INC02588,550000,400000,250000,1200000,950000,part_time,2024-11-26 06:09
BGT05066,USR031,INC00288,1750000,1200000,550000,3500000,2950000,allowance,2024-04-12 11:23
BGT07794,USR072,INC04376,3500000,2300000,2150000,7900000,5800000,salary,22/06/2024 18:36
BGT06114,USR050,INC07325,3150000,,1400000,,5300000,salary,2024-06-09 10:15
BGT06188,USR049,INC09187,2600000,1600000,1550000,5800000,4200000,bonus,2024-03-22 09:27
BGT02367,USR006,INC08051,900000,550000,250000,1700000,1450000,part_time,2024-02-04 19:16
BGT07398,USR067,INC07001,4550000,2800000,1750000,9100000,7350000,bonus,2024-06-03 15:44
BGT05094,USR075,INC05445,3450000,2000000,1700000,7150000,5450000,business,2023-10-07 13:32
BGT07629,USR053,INC02456,3800000,2500000,1500000,7800000,6300000,freelance,11/10/2024 07:40
BGT04093,USR044,INC07972,-2900000,1600000,1450000,5950000,4500000,business,2024-05-18 03:47
BGT06300,USR018,INC03322,,,600000,2900000,2300000,part_time,2023-05-25 04:15
BGT04663,USR008,INC07558,950000,650000,450000,2050000,1600000,allowance,2024-08-04 19:25
BGT08022,USR064,INC01184,4350000,2900000,2400000,9650000,7250000,freelance,
BGT09524,USR049,INC00550,2900000,1700000,,5300000,4600000,salary,2023-03-16 01:25
BGT06399,USR011,INC09247,800000,450000,350000,1650000,1250000,allowance,2023-08-28 04:30
BGT01308,USR026,INC02093,1650000,950000,650000,3200000,1900000,freelance,2024-04-12 03:37
BGT07865,USR070,INC09668,3950000,2250000,2050000,8250000,6200000,bonus,2023-08-27 09:00
BGT04756,USR050,INC06488,3300000,1950000,1250000,6500000,5250000,salary,2024-05-30 23:14
BGT00188,USR064,INC00102,4350000,2300000,1550000,8200000,6650000,bonus,2024-12-11 16:22
BGT08219,USR040,INC07077,1850000,1200000,600000,3600000,3050000,freelance,2024-08-29 00:33
BGT01340,USR075,INC08949,3350000,2250000,1250000,6850000,5600000,bonus,2024-05-01 06:17
BGT09346,USR001,INC04609,1100000,700000,400000,2200000,1800000,part_time,2024-07-17 11:01
BGT07068,USR035,INC01891,2400000,1300000,800000,4550000,3700000,part_time,2024-05-31 17:31
BGT03448,USR051,INC05652,1800000,1050000rb,750000,3600000,2850000,freelance,2024-12-26 05:05
BGT03022,USR064,INC08284,2000000,1150000,1250000,4400000,3150000,salary,2023-09-11 02:31
BGT08749,USR031,INC04662,2650000,1400000,850000,4900000,4050000,allowance,2024-06-07 20:26
BGT04972,USR014,INC06016,1250000,900000,550000,2700000,2150000,part_time,2023-05-23 07:27
BGT05411,USR025,INC02103,1900000,1050000,700000,3650000,2950000,internship,2024-01-10 04:52
BGT08793,USR018,INC00354,900000,600000,500000,1950000,1500000,allowance,2024-02-11 10:42
BGT02368,USR047,INC04822,3250000,2050000,1300000,6600000,5300000,bonus,2023-08-08 22:46
BGT02077,USR070,INC09492,2500000,1200000,850000,4550000,3700000,business,2023-02-10 08:57
BGT01873,USR038,INC02198,1150000,700000,350000,2200000,1850000,internship,2024-03-27 22:46
BGT09576,USR020,INC04483,1450000,750000,600000,2800000,2200000,scholarship,2023-12-26 07:27
BGT01448,USR015,INC07193,950000rb,700000,550000,2200000,1650000,scholarship,2023-12-02 01:59
BGT00580,USR011,INC02980,1350000,600000,450000,2400000,1950000,allowance,2024-02-28 08:02
BGT00349,USR003,INC03077,,350000,250000,1200000,950000,scholarship,2024-08-21 06:11
BGT01898,USR061,INC04095,2200000,1250000,600000,4100000,3450000,freelance,2024-01-19 08:21
BGT03545,USR029,INC04239,1800000,900000,600000,3250000,2700000,internship,2023-09-11 01:17
BGT05677,USR030,INC04775,1450000,850000,850000,3150000,2300000,allowance,2024-12-26 20:49
BGT07715,USR033,INC03966,2200000,1450000,800000,4450000,3650000,internship,2023-04-28 03:02
BGT05593,USR044,INC06739,2950000,1800000,900000,5700000,4750000,freelance,2024-07-31 13:08
BGT00480,USR068,INC03294,3700000,2600000,1750000,8050000,6300000,freelance,2023-10-04 14:12
BGT04938,USR039,INC09959,2400000,1350000,1250000,5000000,3750000,freelance,
BGT03388,USR068,INC06580,3550000,2050000,,7350000,5600000,salary,2023-10-07 19:53
BGT01081,USR034,INC04510,2300000,1300000,1050000,4650000,3600000,freelance,2024-10-02 13:41
BGT03658,USR012,INC03410,600000,350000,250000,1200000,950000,part_time,21/05/2023 15:54
BGT08645,USR008,INC09020,1400000,750000,400000,2500000,2150000,part_time,2024-05-31 21:16
BGT08094,USR048,INC03616,2350000,1350000,1300000,5000000,3700000,business,2023-10-12 11:14
BGT03259,USR075,INC01669,4900000,2750000,1250000,8900000,7650000,freelance,2024-10-04 11:26
BGT01344,USR033,INC05991,1550000,900000,450000,2850000,2950000,ALLOWANCE,2023-06-27 22:46
BGT08128,USR037,INC03143,1450000,1100000,700000,3250000,2550000,freelance,2023-05-08 07:45
BGT05427,USR054,INC07119,1850000,1100000,600000,3600000,2950000,freelance,2024-01-10 08:11
BGT06687,USR027,INC07030,1150000,800000,450000,2400000,1950000,allowance,2023-02-19 09:16
BGT07768,USR006,INC09514,1150000,,450000,2250000,1750000,part_time,2023-01-05 05:58
BGT04241,USR065,INC03641,4500000,2900000,1400000,8850000,7400000,freelance,2024-12-31 11:21
BGT04336,USR049,INC07656,3000000,1700000,1600000,6300000,4700000,freelance,2024-07-12 00:37
BGT01859,USR061,INC09870,3850000,2700000,1650000,8200000,6550000,freelance,2024-09-19 19:34
BGT04163,USR014,INC09219,1450000,850000,500000,2800000,2300000,part_time,2023-05-31 23:43
BGT02846,USR016,INC01654,550000,300000,300000,1150000,850000,scholarship,2024-06-16 21:40
BGT00945,USR070,INC08470,2350000,1300000,850000,4550000,3650000,salary,2024-10-16 08:55
BGT08032,USR002,INC06757,600000,400000,250000,1200000,1000000,allowance,2024-10-15 03:48
BGT04126,USR025,INC00453,2350000,1450000,600000,4400000,3800000,allowance,2024-06-30 07:47
BGT01864,USR033,INC05297,1800000,950000,550000,3300000,2750000,part_time,2023-10-19 23:17
BGT07617,USR051,INC00509,4050000,2400000,800000,7250000,6450000,freelance,2024-09-02 21:33
BGT09076,USR014,INC03419,1050000,550000,450000,2050000,1600000,scholarship,2023-03-26 20:16
BGT03935,USR030,INC00884,800000,500000,400000,1650000,1300000,internship,2023-12-05 05:26
BGT05464,USR074,INC09829,2350000,1400000,1050000,4750000rb,3750000,investment_return,2023-05-05 17:54
BGT06757,USR057,INC07430,2700000,1850000,1450000,6000000,4550000,freelance,2023-08-15 00:04
BGT08834,USR002,INC04902,800000,500000,250000,1550000,1300000,part_time,2024/03/25 16:46
BGT04640,USR069,INC02100,4500000,2650000,2250000,9400000,7150000,bonus,2023-03-26 21:33
BGT02529,USR057,INC02466,2050000,1100000,600000,3750000,3150000,freelance,2024-05-06 17:55
BGT06789,USR070,INC06674,3650000,2500000,1450000,7600000,6150000,investment_return,2023-05-02 20:42
BGT01584,USR012,INC00248,750000,450000rb,350000,1550000,1200000,allowance,2024-08-04 00:38
BGT03852,USR070,INC04852,2350000,1100000,800000,4300000,3450000,bonus,2024-06-30 19:16
BGT02146,USR057,INC00873,2500000,1250000,950000,4700000,3750000,bonus,2023-02-16 17:08
BGT07973,USR064,INC05060,4300000,2750000rb,2500000,9550000,7050000,bonus,2023-02-16 19:32
BGT02992,USR010,INC00519,1500000,750000,550000,2800000,2250000,part_time,2024-01-13 13:00
BGT00026,USR009,INC04160,1200000,800000,400000,2400000,2000000,scholarship,23/11/2024 07:02
BGT04078,USR074,INC03864,4550000,2750000,2150000,9450000,7300000,investment_return,2024-12-30 21:51
BGT01851,USR037,INC05848,1850000,950000,600000,3400000,2800000,ALLOWANCE,2023-05-28 13:53
BGT06620,USR025,INC05108,,650000,350000,1950000,1600000,part_time,2023-05-25 21:36
BGT09390,USR016,INC08138,850000,550000,450000,1850000,1400000,part_time,2023-10-30 07:07
BGT03001,USR036,INC03804,2300000,1350000,1000000,4650000,3650000,allowance,2024-10-27 11:44
BGT00596,USR014,INC03146,650000,400000,400000,1450000,1050000,allowance,2023-01-23 00:47
BGT06849,USR011,INC08956,1450000,900000,300000,2650000,2350000,scholarship,2024-01-21 05:52
BGT00628,USR071,INC07523,3950000,2400000,2450000,8800000,6350000,business,2024-05-06 09:58
BGT00902,USR030,INC09402,2200000,1450000,1350000,5000000,3650000,freelance,2023-01-09 08:06
BGT05500,USR027,INC04584,1900000,1050000,650000,3550000,2950000,freelance,26/04/2024 23:02
BGT00928,USR026,INC05669,1750000,1000000,700000,3450000,2750000,part_time,2023-09-23 03:43
BGT05608,USR005,INC01192,800000,550000,350000,1650000,1350000,allowance,2023-05-12 11:40
BGT00303,USR056,INC00273,1550000,1050000,700000,3300000,2600000,salary,2023-09-09 12:33
BGT05759,USR025,INC06396,1850000,,750000,3950000,3200000,part_time,2023-03-16 07:26
BGT03894,USR020,INC05896,600000,400000,200000,1200000,1000000,part_time,2024/10/25 10:49
BGT04536,USR048,INC04926,2550000,1650000,1050000,5250000,4200000,freelance,2024-03-01 10:36
BGT02150,USR070,INC05113,3800000,2300000,1850000,7950000,6100000,salary,2023-07-23 04:18
BGT07851,USR069,INC01366,2000000,1150000rb,850000,4050000,3150000,freelance,2023-08-02 14:27
BGT00567,USR046,INC05444,2650000,2050000,1350000,6050000,4700000,business,2023-11-15 19:55
BGT09139,USR066,INC04186,3300000,2250000,1750000,7300000,5550000,salary,2024-08-20 15:59
BGT05790,USR016,INC00574,600000,350000,350000,1350000,950000,part_time,2024-11-18 21:43
BGT09802,USR054,INC09105,1600000,1100000,850000,3550000,2700000,salary,2024-05-25 17:36
BGT01507,USR066,INC00911,3700000,2300000,1700000,7700000,6000000,bonus,2024-04-05 02:20
BGT06135,USR003,INC09469,1200000,700000,350000,2300000,1900000,allowance,2024-02-23 19:37
BGT05871,USR052,INC04463,2100000,1350000,1000000,4450000,3450000,salary,2024-01-24 12:58
BGT06777,USR011,INC08068,1450000,900000,,2750000,2350000,scholarship,2023-05-01 20:18
BGT04930,USR067,INC03108,1950000,1200000,,,3150000,freelance,2023-07-19 16:45
BGT03644,USR008,INC00469,1100000,650000,450000,2200000,1750000,part_time,2023-05-10 01:48
BGT08599,USR046,INC08852,3150000,2050000,1650000,6800000,5200000,bonus,2024-12-01 14:35
BGT03588,USR016,INC01754,1000000,700000,350000,2050000,1700000,part_time,2023-06-15 06:48
BGT06069,USR075,INC03952,2400000,1300000,1200000,4900000,3700000,business,2023-04-29 05:34
BGT02175,USR065,INC05451,4000000,2350000,800000,7150000,6350000,bonus,2023-11-05 02:09
BGT02487,USR024,INC01542,1150000,650000,300000,2150000,1800000,freelance,2023-04-10 18:39
BGT03793,USR024,INC06732,2450000,1550000,650000,4650000,4000000,internship,2024-10-31 20:45
BGT01194,USR039,INC03579,900000,600000,550000,2050000,1500000,freelance,2024-09-20 22:08
BGT09830,USR035,INC01571,1800000,1150000,550000,3500000,2950000,internship,2023-09-01 10:24
BGT01084,USR040,INC09578,1450000,800000,450000,2700000,2250000,part_time,2024-09-04 08:21
BGT07557,USR004,INC02366,1450000,750000,550000,2700000.00,2200000,part_time,2023-10-27 00:11
BGT09184,USR001,INC04636,850000,600000,250000,1700000,1450000,part_time,2024-10-07 13:51
BGT06032,USR056,INC00989,2050000,1300000,900000,4250000,3350000,BONUS,2024-01-21 14:10
BGT01795,USR003,INC04421,1450000,850000,700000,3000000,2300000,allowance,2023-08-08 15:01
BGT07281,USR007,INC01149,1150000,650000,300000,2050000,1800000,,2023-07-01 01:07
BGT07936,USR029,INC01670,1450000,800000,600000,2800000,2250000,freelance,2023-07-20 13:43
BGT09595,USR004,INC08316,1450000,900000,600000,2950000,2350000,scholarship,2024-02-04 15:47
BGT02458,USR041,INC04754,3000000,2100000,1600000,6700000,5100000,salary,2024-03-01 10:03
BGT06554,USR022,INC03104,1700000,800000,500000,3000000,2500000,,2023-06-09 03:07
BGT03349,USR036,INC09044,2450000,1200000,800000,4450000,4700000,internship,2023-10-03 03:31
BGT00019,USR021,INC01677,2300000,1500000,750000,4550000,3800000,internship,2023-03-26 14:15
BGT00741,USR061,INC09385,3850000,2350000,1350000,7550000,6200000,freelance,2023-02-28 17:12
BGT08328,USR012,INC09505,800000,400000,300000,1500000,1200000,allowance,2024-06-05 02:42
BGT05189,USR047,INC06309,2900000,1500000,950000,5400000,4400000,salary,2023-11-28 08:46
BGT01756,USR047,INC06334,2450000,1250000,1050000,4750000,3700000,salary,2023-12-21 14:14
BGT04922,USR027,INC01699,2100000,1100000,1050000,4250000,3200000,part_time,2024-08-05 17:31
BGT02074,USR015,INC07628,950000,550000,250000,1800000,1500000,part_time,
BGT05841,USR018,INC01060,600000,300000,250000,1150000,900000,scholarship,2023-11-07 09:50
BGT07320,USR064,INC05638,2550000,1300000,950000,4800000,3850000,investment_return,2024-12-26 17:34
BGT01429,USR022,INC09334,1700000,950000,750000,3450000,2650000,freelance,2024-01-30 14:02
BGT01876,USR052,INC01424,3750000,1900000,1300000,6950000,5650000,business,2024-10-25 17:41
BGT08231,USR054,INC06910,2000000,1250000,850000,4100000,3250000,business,2024-10-18 08:56
BGT01282,USR056,INC07813,2100000,1300000,1250000,4700000rb,3400000,bonus,2024-11-05 05:02
BGT04892,USR071,INC03731,3750000,2400000,1350000,7500000rb,6150000,investment_return,2023-12-31 16:49
BGT06887,USR012,INC07292,600000,300000,150000,1050000,900000,scholarship,2023-06-09 20:03
BGT03816,USR066,INC05766,3550000,1850000,950000,6300000,5400000,bonus,
BGT04138,USR035,INC03975,1100000,650000,400000,2150000,1750000,freelance,2024-05-26 13:55
BGT04527,USR012,INC07397,1200000,750000,500000,2450000,1950000,allowance,2023-07-13 09:54
BGT04679,USR001,INC02284,750000,550000,300000,1600000,1300000,scholarship,2023-01-01 01:41
BGT02297,USR057,INC02965,2900000,1700000,550000,5200000,4600000,bonus,2023-06-02 13:39
BGT02750,USR056,INC08723,3400000,1950000,950000,6300000,5350000,freelance,2023-01-02 07:58
BGT03131,USR030,INC07048,1700000,1150000,950000,3800000,2850000,freelance,2024-10-07 10:35
BGT06310,USR022,INC03523,2050000,1350000,950000,4400000,3400000,internship,2024-11-08 16:23
BGT08726,USR014,INC06065,1450000,850000,350000,2650000,2300000,part_time,2024-08-15 23:12
BGT02064,USR034,INC00957,1450000,750000,400000,2600000,2200000,freelance,2023-05-22 17:21
BGT07788,USR026,INC00674,900000,500000,300000,1700000,1400000,part_time,05/01/2023 05:51
BGT08140,USR004,INC06521,600000,350000,250000,1150000,950000,part_time,02/06/2024 11:54
BGT09065,USR034,INC05135,1550000,950000,400000,2900000,2500000,allowance,2023-04-15 11:25
BGT02201,USR018,INC08517,1550000,750000,550000,2850000,2300000,part_time,2023-05-29 12:55
BGT01925,USR026,INC08078,1550000,1000000,400000,3000000,2550000,allowance,2024-02-16 23:54
BGT06770,USR007,INC05678,1500000,850000,500000,2800000,2350000,scholarship,2023-08-01 22:52
BGT04904,USR074,INC04942,2050000,1450000,1050000,4550000,3500000,business,2023-02-02 11:20
BGT08698,USR060,INC06820,4100000,2050000,1200000,7350000,6150000,bonus,2023-12-03 17:52
BGT00990,USR064,INC07794,2100000,1400000,850000,4350000,3500000,bonus,2024-01-04 23:45
BGT00279,USR068,INC02769,2300000,1300000,1250000,4850000,2650000,investment_return,2023-11-19 15:30
BGT06200,USR021,INC01199,1450000,1050000,650000,3200000,2500000,part_time,2023-08-31 08:37
BGT00156,USR055,INC03525,2600000,1550000,950000,5100000,4150000,business,2024-05-07 23:13
BGT02648,USR040,INC07145,2200000,1450000,900000,4550000,3650000,part_time,2023-12-18 03:03
BGT08693,USR034,INC07673,1200000,600000,450000,2250000,1800000,allowance,2023-08-06 15:32
BGT00640,USR059,INC05224,4000000,2300000,1400000,7700000,6300000,business,2023-04-24 03:09
BGT03226,USR003,INC03052,1200000,800000,350000,2350000,2000000,part_time,2024-07-03 23:09
BGT08138,USR073,INC00063,2000000,1300000,700000,4000000,3300000,salary,2024-07-03 13:43
BGT06498,USR039,INC04436,1600000,900000,700000,3250000,2500000,part_time,2023-07-07 03:50
BGT08671,USR067,INC04406,4000000,2200000,2300000,8500000,6200000,bonus,2023-04-07 11:53
BGT07505,USR073,INC01655,4350000,2300000,1250000,7950000,6650000,investment_return,2023-07-01 13:06
BGT02876,USR070,INC01801,3250000,1900000,1900000,7050000,5150000,salary,2023-01-08 09:10
BGT04964,USR061,INC00867,2150000,1450000,1050000,4650000,3600000,bonus,2023-01-28 15:59
BGT08221,USR051,INC05813,3700000,2350000,1050000,7150000,6050000,business,2023-10-26 09:40
BGT05233,USR071,INC09052,2500000,1450000,1400000,5350000,3950000,investment_return,2023-10-02 22:18
BGT09391,USR065,INC03847,4900000,3250000,1650000,9800000,8150000,bonus,2024-08-15 17:35
BGT02678,USR028,INC04868,1300000,700000,350000,2350000,2000000,ALLOWANCE,2024-06-06 15:48
BGT02162,USR047,INC00784,1850000,1050000,500000,3450000,2900000,business,2023-01-30 04:48
BGT01678,USR001,INC03802,700000,350000,250000,,1050000,part_time,2024-12-06 01:23
BGT06479,USR014,INC03812,950000,450000,300000,,1400000,part_time,2024-08-29 15:12
BGT04330,USR037,INC07674,1350000,650000,550000,2550000,2000000,internship,2023-10-07 19:03
BGT04022,USR025,INC01024,1250000,800000,550000,2650000,2050000,part_time,2024-12-17 01:05
BGT04587,USR061,INC03533,4550000,2550000,1150000,8300000,7100000,bonus,2023-09-09 23:41
BGT05559,USR073,INC04979,4900000,3050000,1300000,9200000,7950000,salary,2023-09-07 14:27
BGT03589,USR047,INC07503,3700000,2550000,1650000,7900000rb,6250000,business,2024-01-10 11:56
BGT05908,USR074,INC09889,1900000,1400000,1050000,4300000,3300000,bonus,2023-06-07 13:12
BGT08129,USR042,INC08992,1600000,1000000,600000,3200000,2600000,bonus,2024-05-26 03:03
BGT05131,USR066,INC01527,2500000,1400000,1050000,4950000,3900000,business,2024-10-17 15:53
BGT02492,USR019,INC07297,1250000,750000,600000,2600000,2000000,part_time,2024-03-06 21:40
BGT09758,USR034,INC06534,750000,500000,250000,1500000,1250000,freelance,2023-04-05 21:47
BGT04124,USR029,INC01015,1250000,750000rb,800000,2800000,2000000,allowance,2024-01-11 03:59
BGT02729,USR040,INC02391,1050000,700000,600000,2350000,1750000,allowance,2023-12-16 02:39
BGT03851,USR016,INC09312,800000,500000,400000,1700000,1300000,,2024-12-01 21:35
BGT03550,USR001,INC08645,1300000,800000,300000,2450000,2100000,PART_TIME,2023-06-25 23:07
BGT09885,USR063,INC02006,2250000,1300000,1100000,4650000,3550000,freelance,2023-04-18 19:54
BGT08427,USR054,INC07008,3150000,,1300000,6200000,4900000,business,2023-04-26 00:49
BGT09546,USR035,INC01732,1900000,1100000,800000,3800000,3000000,allowance,2024-09-01 05:36
BGT07426,USR013,INC08109,500000,,250000,1050000,800000,allowance,2024-04-23 16:39
BGT06833,USR034,INC04243,1950000,1050000,550000,3550000,3000000,allowance,2023-12-15 06:33
BGT01654,USR002,INC00668,550000,350000,300000,1150000,900000,scholarship,2023-08-24 14:07
BGT03512,USR013,INC04448,950000,700000,450000,2050000,1650000,ALLOWANCE,2024-12-11 09:56
BGT00198,USR042,INC07817,4050000,2550000,900000,7500000,6600000,,2023-11-03 18:50
BGT04712,USR015,INC06879,1250000,750000,800000,2800000,2000000,scholarship,2024-11-17 10:58
BGT05999,USR020,INC00021,750000,450000,250000,1450000,1200000,part_time,2024-02-16 10:33
BGT06933,USR046,INC02451,3000000,1850000,1550000,6400000,4850000,bonus,2023-07-22 00:19
BGT03626,USR022,INC08161,2000000,1100000,1150000,4250000,3100000,allowance,2023-07-01 13:30
BGT06731,USR053,INC07101,2600000,1950000,1350000,5900000,4550000,freelance,2024-10-05 12:51
BGT08486,USR048,INC09843,2000000,1450000,1050000,4500000,3450000,salary,2023-12-05 02:06
BGT09931,USR038,INC00358,1450000,750000,700000rb,2900000,2200000,freelance,2023-02-11 23:33
BGT08636,USR029,INC00074,1850000,1100000,900000,3850000,2950000,allowance,2023-06-17 12:52
BGT00808,USR044,INC08557,2100000,1100000,650000,3850000,3200000,salary,2024-05-29 12:36
BGT06628,USR047,INC02998,2300000,1550000,850000,4700000,3850000,freelance,2023-03-02 14:38
BGT06583,USR028,INC04918,1500000,900000,900000,3300000,2400000,PART_TIME,2024-08-30 15:51
BGT00476,USR030,INC00698,700000,450000,400000,1500000,1150000,allowance,2024-04-15 17:11
BGT01966,USR035,INC09842,1450000,1000000,600000,3050000,2450000,part_time,23/01/2023 00:25
BGT01187,USR053,INC09699,3600000,2400000,1050000,7050000,6000000,salary,2023-05-28 05:58
BGT00338,USR033,INC03021,2450000,1600000,950000,4950000,4050000,allowance,2024-11-16 22:05
BGT01289,USR053,INC07740,1300000,900000,800000,3000000,2200000,bonus,2023-05-20 15:31
BGT09441,USR057,INC07157,3300000,1900000,1400000,6550000,5200000,freelance,2024-07-15 09:25
BGT00317,USR026,INC01762,1400000,700000,500000,2600000,2100000,freelance,2024-10-11 22:57
BGT02566,USR046,INC04183,2000000,1250000,1200000,4500000,3250000,freelance,2024-08-03 14:05
BGT05809,USR065,INC04751,4700000,2550000,1300000,8500000,7250000,salary,2023-08-28 10:23
BGT05737,USR017,INC06473,550000,300000,300000,1200000,850000,allowance,2023-09-30 12:37
BGT01860,USR013,INC03225,1150000,750000,400000,2300000,1900000,allowance,2024-11-23 23:58
BGT08529,USR050,INC04310,3000000,1650000,1550000,6200000,4650000,bonus,2024-12-03 03:11
BGT09583,USR014,INC08050,1300000,850000,700000,2850000,2150000,allowance,2023-03-16 13:06
BGT09723,USR016,INC05197,1350000,700000rb,600000,2600000,2050000,part_time,2024-10-01 06:08
BGT08585,USR070,INC00437,3800000,2400000,2400000,8600000,6200000,freelance,2023-05-02 04:25
BGT02561,USR004,INC01361,850000,550000,500000,1900000,1400000,part_time,2024-01-19 15:09
BGT06396,USR038,INC02043,2050000,1300000,650000,4000000,3850000,part_time,2023-12-19 01:39
BGT03327,USR063,INC09030,4350000,2400000,1600000,8350000,6750000,business,2023-09-25 16:14
BGT00827,USR037,INC07687,2350000,1650000,1000000,5000000,4000000,part_time,2024-10-03 03:57
BGT09718,USR006,INC07488,1250000,900000,550000,2700000,2150000,,
BGT00006,USR005,INC05546,1500000,850000,600000,2950000,2350000,part_time,2024-01-25 12:27
BGT01162,USR012,INC08475,1100000,550000,350000,2050000,1650000,allowance,22/05/2024 21:01
BGT04011,USR020,INC00692,1100000,550000,500000,2150000,1650000,part_time,2024-06-02 16:32
BGT06736,USR066,INC07693,2550000,1600000,1700000,5850000,4150000,investment_return,2024-06-13 20:12
BGT08852,USR071,INC01763,2950000,1850000,1000000,5800000,4800000,bonus,2023-07-26 04:09
BGT08908,USR002,INC01956,1100000,600000,400000,2100000,1700000,scholarship,13/09/2023 16:35
BGT08097,USR039,INC03825,1100000,600000,250000,1950000,1700000,freelance,2024-11-05 09:15
BGT05236,USR058,INC09773,3700000,2150000,1300000,7100000,5100000,salary,2023-03-30 13:43
BGT06746,USR048,INC00448,2900000,2100000,1500000,6500000,5000000,freelance,2024-01-22 15:41
BGT04374,USR032,INC05429,1400000,950000,700000,3000000,2350000,allowance,2023-12-14 19:27
BGT02970,USR022,INC02021,2350000,1550000,1000000,4900000,3900000,freelance,2024/03/06 09:06
BGT08971,USR038,INC08683,1300000,750000,450000,2500000,2050000,part_time,2024-10-29 04:04
BGT04474,USR034,INC05235,1450000,850000,,2700000,2300000,allowance,2023-10-11 07:41
BGT05251,USR059,INC07783,2650000,1450000,750000,4850000,4100000,bonus,2024-08-09 01:53
BGT05758,USR073,INC04990,2800000,1750000,800000,5350000,4550000,freelance,2024-09-01 18:18
BGT08823,USR010,INC07752,900000,450000,300000,1700000,1350000,part_time,2024-11-13 05:17
BGT04765,USR052,INC06615,1600000,950000,1100000,3600000,2550000,business,2024-07-26 18:36
BGT06989,USR011,INC09955,500000,300000,300000,1100000,800000,part_time,2023-07-15 20:55
BGT02329,USR028,INC04262,1950000,1300000,950000,4200000,3250000,allowance,2024-03-01 09:53
BGT09105,USR007,INC00554,1300000,800000,750000,2800000,2100000,allowance,2023-08-27 17:58
BGT03909,USR045,INC02539,3500000,2150000,2000000,7650000,5650000,freelance,2024-06-21 23:38
BGT07746,USR059,INC01596,1950000,1150000,650000,3750000,3100000,business,2024-11-25 03:22
BGT09569,USR007,INC05982,800000,400000,400000,1600000,1200000,scholarship,2024-12-05 22:01
BGT04040,USR023,INC02208,2100000,1350000,700000,4150000,3450000,freelance,22/05/2024 17:57
BGT09656,USR002,INC08336,1150000,800000,600000,2550000.00,1950000,scholarship,2023-02-27 19:58
BGT01212,USR016,INC01927,1450000,800000,450000,2750000,2250000,scholarship,16/11/2023 10:52
BGT06418,USR024,INC01587,1500000,1000000,800000,3300000,2500000,internship,2023-03-24 17:32
BGT06005,USR036,INC03081,900000,650000,400000,1950000,1550000,internship,2023-05-12 18:03
BGT02125,USR068,INC09619,2600000,1900000,1250000,5750000rb,4500000,business,2024-04-19 11:45
BGT08659,USR060,INC07512,3350000,1900000,1450000,6700000,5250000,bonus,2024-10-28 15:42
BGT05002,USR064,INC09296,3250000,2050000,1300000,6600000,5300000,salary,2023-12-04 13:11
BGT02969,USR059,INC05620,2800000,1400000,850000,5050000,4200000,salary,2023-01-27 23:22
BGT02945,USR009,INC00921,1250000,700000,750000,2700000,1950000,scholarship,
BGT09503,USR047,INC09833,2050000,1300000,950000,4300000,3350000,freelance,2024-01-26 04:51
BGT06601,USR075,INC09377,2150000,1350000,1100000,4600000,3500000,freelance,2023-09-04 06:14
BGT01404,USR008,INC04389,600000,350000,250000,1200000,950000,scholarship,2024-04-28 18:09
BGT04339,USR021,INC06848,1700000,,500000,3300000,2800000,internship,
BGT02829,USR067,INC05992,5150000,2950000,1450000,9550000,8100000,business,
BGT07069,USR037,INC00259,1700000,950000,600000,3250000,2650000,internship,2024-09-17 00:20
BGT03014,USR003,INC06685,550000,,300000,1150000,850000,scholarship,2023-01-06 13:29
BGT03711,USR024,INC08136,1350000,750000,500000,2550000,2100000,internship,2024-05-25 10:03
BGT02855,USR006,INC09953,1200000,800000rb,650000,2650000,2000000,part_time,2023-08-01 08:24
BGT06549,USR001,INC04410,1150000,750000,650000,2550000,1900000,allowance,2024-05-26 02:38
BGT02735,USR001,INC03626,700000,400000,300000,1350000,1100000,part_time,2024-09-04 00:57
BGT05355,USR039,INC06251,2600000,1600000,650000,4850000,4200000,allowance,2024-11-25 15:03
BGT07446,USR062,INC07254,3200000,1850000,1350000,6400000,5050000,freelance,2024-05-11 05:12
BGT05182,USR023,INC03926,2650000,1500000,750000,4900000,4150000,freelance,2023-04-11 21:25
BGT02382,USR064,INC05534,3400000,2300000,1900000,7600000,5250000,business,2023-11-13 16:04
BGT03898,USR044,INC09951,2000000,1200000,750000,3950000,3200000,business,2023-02-20 01:25
BGT09951,USR029,INC05854,2000000,1350000,950000,4300000,3350000,freelance,2024-10-22 15:29
BGT04420,USR056,INC07312,3450000,2400000,1450000rb,7300000,5850000,business,2023-07-18 13:25
BGT01971,USR018,INC05263,1300000,700000,550000,2550000,2000000,scholarship,2023-06-06 19:24
BGT03491,USR007,INC09547,1250000,750000,850000,2850000,2000000,part_time,2023-11-17 03:57
BGT09377,USR027,INC02347,2250000,1250000,800000,4300000,3500000,freelance,2024/07/05 10:03
BGT02706,USR023,INC01535,1450000,850000,300000,2600000,2300000,part_time,2024-02-13 02:08
BGT08192,USR015,INC00361,850000,550000,250000,1650000,1400000,allowance,2023-07-23 04:01
BGT07642,USR027,INC03838,1800000,1200000,900000,3950000,3000000,allowance,2024-04-17 01:44
BGT02223,USR025,INC01723,1550000,1000000,500000,3000000,2550000,part_time,2023-05-02 06:11
BGT04211,USR026,INC02048,1700000,1150000,800000,3650000,2850000,allowance,2024-10-19 20:51
BGT04400,USR004,INC06241,-700000,350000,250000,1300000,1050000,scholarship,2023-05-15 02:50
BGT06918,USR065,INC06666,3300000,2200000,1150000,6650000,5500000,salary,2024-11-09 16:03
BGT08237,USR025,INC00679,2500000,1550000,850000,4900000,4050000,part_time,2024-10-22 15:41
BGT07055,USR010,INC03019,1350000,800000,700000,,2150000,allowance,2024-09-02 00:22
BGT00191,USR014,INC06618,1450000,900000,550000,2900000,2350000,scholarship,2023-10-23 12:21
BGT05221,USR022,INC05437,1300000,750000,300000,2400000,2050000,internship,2024-11-28 20:21
BGT09062,USR071,INC05468,3850000,2250000,1000000,7100000,6100000,investment_return,2024-01-20 14:07
BGT01306,USR010,INC04457,1000000,650000,300000,1950000,1650000,PART_TIME,2024-02-27 12:01
BGT04321,USR044,INC02060,2500000,1400000,800000,4700000,3900000,freelance,2023-01-20 07:55
BGT04906,USR006,INC07364,600000,,250000,1250000,1000000,allowance,2024-06-08 05:08
BGT08210,USR068,INC07214,4500000,2250000,1900000,,6750000,freelance,2024-09-28 11:45
BGT06203,USR075,INC09993,2750000,1350000,1000000,5100000,4100000,SALARY,2023-08-31 18:39
BGT03354,USR045,INC03168,4050000,2050000,1500000,7600000,6100000,bonus,2023-06-02 02:15
BGT07279,USR061,INC05686,5000000,2950000,1000000,8950000,7950000,bonus,2024-03-09 16:34
BGT02312,USR030,INC00031,1350000,900000,700000,2950000,2250000,freelance,2024-04-28 01:27
BGT03687,USR029,INC07395,1700000,1050000,800000,3550000,2750000,allowance,2023-07-20 16:14
BGT09331,USR051,INC08809,3100000,1900000,1500000,6500000,5000000,business,2024-07-24 03:23
BGT09603,USR041,INC09161,2250000,1250000,550000,4050000,3500000,business,2024-08-04 19:50
BGT06132,USR008,INC05050,900000,500000,500000,1850000,1400000,allowance,2024-02-24 01:42
BGT09959,USR067,INC07304,3750000,2650000,2150000,8550000,6400000,salary,2024-04-30 02:01
BGT07916,USR029,INC09450,1600000,800000,550000,2950000,2400000,internship,2023-02-05 20:28
BGT03757,USR041,INC05362,2400000,1700000,900000,4950000,4100000,salary,2023-07-31 14:30
BGT07290,USR003,INC04810,750000,450000,500000,1700000,1200000,scholarship,2023-11-05 16:48
BGT05413,USR062,INC09130,4050000,2450000,2500000,9000000,6500000,investment_return,2023-09-23 02:40
BGT08355,USR018,INC02810,1100000,550000,400000,2050000,1650000,part_time,2023-04-04 15:17
BGT02986,USR021,INC09814,1300000,850000,500000,2650000,2150000,freelance,2024-06-05 13:25
BGT09980,USR011,INC07039,1000000,600000,350000,1950000,1600000,allowance,2023-01-22 02:56
BGT09440,USR007,INC06169,950000,550000,350000,1850000,1500000,scholarship,2024-11-11 04:53
BGT03555,USR017,INC05651,550000,300000,200000rb,1050000,850000,allowance,2023-02-02 15:09
BGT01841,USR036,INC03861,1450000,900000,750000rb,3100000,2350000,FREELANCE,2024-08-11 17:38
BGT09919,USR043,INC09658,1750000,1050000,900000,3700000,2800000,salary,2024-12-12 01:52
BGT01797,USR019,INC02245,500000,350000,250000,1100000,850000,allowance,2024-09-05 00:55
BGT03716,USR047,INC09285,1550000,1000000,650000,3200000,2550000,salary,2023-03-09 13:36
BGT05235,USR023,INC08799,1700000,1050000,550000,3300000,2750000,allowance,2024-02-25 02:00
BGT04253,USR075,INC07911,4600000,2750000,1000000,8400000,8600000,salary,2023-03-30 09:31
BGT07147,USR026,INC06134,950000,500000,400000,1800000,1450000,allowance,2023-07-22 18:25
BGT00320,USR032,INC09313,950000,600000,200000,1750000,1550000,part_time,2023-03-19 07:40
BGT07095,USR020,INC00731,850000,500000,350000,1700000,1350000,scholarship,2023-05-01 16:59
BGT06836,USR047,INC05446,3150000,1900000,1250000,6300000,4900000,freelance,2023-06-30 09:21
BGT07253,USR058,INC06758,2900000,2100000,1500000,6500000,5000000,salary,2024-08-28 03:20
BGT01240,USR044,INC03632,2650000,1700000,1400000,5750000,4350000,business,2023-08-04 16:22
BGT04410,USR062,INC07526,3300000,1950000,1950000,7150000,5250000,investment_return,2023-07-09 04:57
BGT01943,USR018,INC08922,700000,400000,250000,1350000,1100000,allowance,2024-10-14 20:31
BGT04004,USR070,INC00860,2550000,1500000,550000,4600000,4050000,investment_return,2023-10-05 20:49
BGT00588,USR004,INC02328,1100000,650000,400000,2150000,1750000,scholarship,2023-04-22 01:33
BGT00043,USR048,INC06891,3200000,1800000,1850000,6850000,5000000,salary,2024-10-20 10:55
BGT00414,USR032,INC00242,1400000,1000000,500000,2900000,2400000,internship,20/06/2024 02:52
BGT09762,USR033,INC08553,1100000,650000,350000,2100000,1750000,allowance,2024-11-24 14:26
BGT05997,USR051,INC05182,3150000,2050000,1850000,7050000,5200000,bonus,2024-07-13 04:05
BGT07332,USR075,INC06691,3400000,1600000,1250000,6250000,5000000,investment_return,2024-11-20 02:52
BGT05227,USR003,INC00649,600000,400000,,1200000,1000000,,2023-01-15 12:40
BGT05937,USR002,INC02180,700000,400000,400000,,1100000,allowance,2023-01-05 23:26
BGT02195,USR020,INC08399,1050000,550000,300000,1900000,1600000,scholarship,2024-12-17 21:45
BGT01785,USR061,INC02521,3600000,2150000,2250000,8000000,5750000,salary,2024-12-12 15:51
BGT00329,USR012,INC02802,1000000,700000,450000,2150000,1700000,allowance,2023-10-06 10:24
BGT01923,USR040,INC07920,1900000,1200000,950000,4050000,3100000,freelance,2023-07-10 07:58
BGT02045,USR075,INC05361,3400000,2250000,1400000,7100000,5650000,freelance,2024-10-12 14:02
BGT03824,USR046,INC03338,,1500000,800000,4700000,3900000,salary,2024/09/17 03:47
BGT09476,USR067,INC02787,,1300000,1200000,4950000,3800000,salary,2023-06-05 22:23
BGT00814,USR060,INC09916,1850000,1100000,950000rb,3900000,2950000,bonus,
BGT04580,USR052,INC02986,4300000,2600000,1050000,7950000,6900000,business,2024-02-20 10:04
BGT02087,USR046,INC06363,2550000,1750000,1000000,5300000,4300000,bonus,2024-12-08 10:40
BGT04248,USR031,INC00866,2300000,1400000,700000,4450000,3700000,allowance,2023-01-24 14:47
BGT05338,USR006,INC02357,1450000,700000,500000,2650000,2150000,part_time,2024-01-23 08:40
BGT02311,USR075,INC01009,3600000,1950000,1750000,7300000,5550000,freelance,2023-07-03 02:57
BGT05766,USR066,INC03898,3300000,1850000,1200000,6350000,5150000,business,2023-05-01 12:52
BGT01535,USR040,INC03281,1650000,950000,550000,3150000,2600000,internship,2023-04-10 22:03
BGT09393,USR068,INC08342,2700000,1500000,750000,4950000,4200000,freelance,2023-10-07 07:24
BGT06595,USR014,INC03009,500000,300000,200000,1000000,800000,scholarship,2024-10-25 09:51
BGT09874,USR008,INC03753,550000,250000,150000,1000000,800000,allowance,2023-02-06 16:01
BGT08390,USR032,INC05045,1400000,900000,350000,2600000,2300000,internship,2024-04-13 11:58
BGT05670,USR015,INC05565,800000,450000,300000,1600000,1250000,part_time,2024-04-08 20:39
BGT02030,USR042,INC02579,2350000,1500000,1150000,5000000,3850000,freelance,2023/05/21 10:20
BGT01125,USR006,INC04447,1200000,850000,500000,2500000,2050000,allowance,2023-09-06 02:30
BGT01447,USR070,INC03471,2200000,1350000,1000000,4550000,3550000,business,2024-07-28 07:24
BGT02589,USR053,INC05839,2100000,1250000,750000,4100000,3350000,BONUS,2023-04-25 23:39
BGT02263,USR038,INC09142,2350000,1350000,1200000,4900000,3700000,freelance,2024-09-26 15:47
BGT01150,USR063,INC05716,2500000,1350000,,4750000,3950000,bonus,2023-03-21 21:06
BGT03843,USR015,INC04676,500000,350000,200000,1050000,850000,scholarship,2024-08-11 16:55
BGT04722,USR019,INC00303,900000,500000,500000,1900000,1400000,part_time,2024-02-08 22:36
BGT02110,USR042,INC01055,2350000,1350000,1200000,4900000,3700000,salary,2024-12-02 06:46
BGT03256,USR038,INC08401,2250000,1300000,700000,4250000,3550000,allowance,2023-01-10 21:16
BGT06232,USR075,INC03250,1850000,1200000,1150000,,3050000,salary,2024-08-04 11:11
BGT02056,USR038,INC01984,2550000,1350000,850000,4750000,3300000,allowance,2023-11-11 16:06
BGT09873,USR071,INC00485,3400000,2150000,1650000,7200000,5550000,freelance,2024-12-25 18:32
BGT00060,USR018,INC05809,1050000,750000,550000,2350000,1800000,ALLOWANCE,2024-08-28 07:13
BGT07211,USR067,INC07811,3200000,2100000,1500000,6850000,5300000,business,2023-10-03 00:37
BGT08444,USR005,INC05397,900000,650000,500000,2100000,1550000,allowance,2023-03-17 05:44
BGT04476,USR074,INC09906,4050000,2950000,,,7000000,bonus,2023-09-04 01:25
BGT01828,USR015,INC01910,1050000,650000,400000,2100000,1700000,part_time,2023-07-08 20:00
BGT04518,USR030,INC07491,900000,550000,300000,1750000,1450000,internship,2023-07-07 05:56
BGT00166,USR032,INC07379,1700000,1000000,400000,3050000,2700000,freelance,2024-09-02 07:12
BGT07452,USR073,INC07593,3750000,2450000,2300000,8500000,6200000,investment_return,2024-01-16 07:03
BGT08850,USR018,INC00493,550000,300000,,1150000,850000,allowance,2023-11-17 14:07
BGT04832,USR028,INC03121,1500000,750000,,2900000,2250000,allowance,2023-03-18 16:22
BGT06547,USR025,INC07345,1250000,750000,600000,2600000,2000000,freelance,2023-01-19 17:06
BGT06084,USR028,INC01772,950000,600000,250000,1800000,1550000,part_time,2024-05-02 14:38
BGT03313,USR003,INC03585,1050000,700000,550000,2250000,1750000,allowance,2023-08-12 03:55
BGT06057,USR051,INC06509,,1750000,950000,5400000,4450000,salary,2024-10-11 06:22
BGT00403,USR051,INC02386,2200000,1350000,1000000,4550000,3550000,bonus,2024-05-15 05:29
BGT08056,USR015,INC01320,1400000,750000,550000,2700000.00,2150000,allowance,2023-04-03 05:31
BGT01354,USR063,INC00597,3800000,2300000,1500000,7600000,6100000,investment_return,2023-02-06 10:22
BGT04111,USR016,INC06786,700000,450000,350000,1500000,1150000,scholarship,2023-04-06 08:03
BGT05302,USR033,INC09575,900000,550000,300000,1750000,1450000,internship,2024-01-06 03:10
BGT07402,USR020,INC08918,750000,550000,300000,1600000,1300000,part_time,2023-07-17 08:40
BGT07393,USR038,INC01380,1400000,800000,700000,2900000,2200000,freelance,2024-01-23 12:45
BGT00937,USR027,INC00393,1650000,,650000,3400000,2750000,internship,2023-05-30 23:42
BGT09489,USR026,INC00914,1100000,600000,,2100000,1700000,internship,2023-09-03 22:22
BGT09178,USR060,INC08993,3200000,1650000,1500000,6350000,4850000,bonus,2024-12-19 00:02
BGT05471,USR059,INC02394,4300000,2700000,950000,7950000,7000000,business,2024-04-15 12:12
BGT00415,USR008,INC00147,850000,450000,300000,1600000,1300000,allowance,2024/11/08 23:39
BGT07858,USR064,INC01539,2200000,1300000,1150000,4650000,3500000,investment_return,2024-07-28 11:57
BGT02594,USR047,INC03367,3150000,1850000,950000,5950000,5000000,bonus,2024-05-24 13:24
BGT01796,USR018,INC04256,600000,400000,200000,1200000,1000000,scholarship,2024-11-11 22:20
BGT09486,USR018,INC00752,600000,400000,250000,1250000,1000000,part_time,2023-12-30 03:18
BGT03729,USR019,INC02704,650000,350000,200000,1200000,1000000,,2023-12-11 13:42
BGT08330,USR013,INC07396,1450000,850000,700000,3000000,2300000,allowance,2023-11-07 09:56
BGT01723,USR032,INC09295,1750000,1050000,800000,3550000,2800000,freelance,2023-12-04 04:53
BGT03254,USR046,INC02711,3800000,1950000,1550000,7300000,5750000,salary,2023-05-27 19:14
BGT04514,USR050,INC06491,2900000,1850000,1450000,6200000,4750000,business,2024-12-20 15:12
BGT01026,USR004,INC04438,1200000,700000,400000,2300000,1900000,scholarship,2023/07/25 19:17
BGT02543,USR060,INC02628,2900000,1900000,1800000rb,6600000,4800000,bonus,2023-01-16 15:13
BGT08474,USR008,INC04055,750000,550000,400000,1700000,1300000,part_time,2024-04-04 00:02
BGT08579,USR003,INC08708,1200000,700000,500000,2450000,1900000,part_time,2023-04-13 05:03
BGT05715,USR043,INC03599,2700000,1600000,1050000,5350000,4300000,bonus,2024-02-20 19:41
BGT04678,USR074,INC01706,3450000,2000000,800000,6300000,5450000,bonus,2024-12-14 02:39
BGT01281,USR047,INC00250,2250000,1650000rb,1100000,5050000,3900000,bonus,2023-08-04 22:38
BGT04142,USR028,INC08732,2100000,1050000,700000,3800000,3150000,internship,2024-05-25 11:32
BGT05592,USR057,INC00423,2450000,1350000,1400000,5250000,3800000,salary,2023-07-16 13:53
BGT07316,USR031,INC00171,800000,450000,400000,1650000,1250000,allowance,2024-10-23 00:15
BGT06882,USR062,INC05020,3750000,2400000,900000,7050000,6150000,investment_return,2024-12-20 13:07
BGT06527,USR045,INC01558,3450000,2350000,1550000,7300000,5800000,freelance,2023-11-28 02:28
BGT00207,USR024,INC09730,1550000,750000,600000rb,2900000,2300000,freelance,2024-01-23 15:23
BGT07264,USR068,INC00683,3550000,2400000,1050000,7000000,5950000,salary,2023-02-27 02:21
BGT04016,USR006,INC06218,1100000,650000,450000,2200000,1750000,scholarship,2024-06-02 20:46
BGT09849,USR025,INC07926,1050000,600000,250000,1950000,1650000,internship,2024-02-12 01:23
BGT00625,USR039,INC03161,2050000,1200000,650000,,3250000,internship,2024-10-02 20:27
BGT03245,USR020,INC08908,650000,400000,400000,1450000,1050000,allowance,04/12/2023 09:03
BGT00251,USR059,INC04452,3400000,1950000,1600000,6950000,5350000,bonus,2024-06-06 18:08
BGT00709,USR010,INC02116,900000,600000,500000,2000000,1500000,part_time,2024-09-28 13:10
BGT07177,USR006,INC04290,750000,500000,150000,1400000,1250000,scholarship,2023-11-29 09:49
BGT05562,USR072,INC09204,2750000,1600000,1750000,6100000,4350000,bonus,2023-04-04 02:38
BGT05283,USR021,INC05791,2350000,1450000,1050000,4850000,3800000,freelance,2024-07-11 09:43
BGT02667,USR032,INC00687,1500000,1100000,750000,3350000,2600000,internship,2024-09-28 02:57
BGT02584,USR068,INC05682,3800000,2150000,2000000rb,7950000,5950000,investment_return,2023-09-12 19:33
BGT08497,USR039,INC09535,950000,550000,600000,2150000,1500000,internship,2024-01-14 02:31
BGT08866,USR074,INC08655,3200000,1700000,1650000,6550000,4900000,freelance,2023-11-05 04:36
BGT03234,USR024,INC03174,1600000,1000000,950000,3600000,2600000,allowance,08/11/2024 03:18
BGT07532,USR057,INC07745,2550000,1500000,850000,4900000,4050000,freelance,2024-03-12 06:22
BGT00361,USR049,INC06192,2200000,1500000,1000000,4700000,3700000,salary,2023-08-05 15:59
BGT08386,USR072,INC01134,3100000,1900000,1550000,6550000,5000000,investment_return,
BGT07171,USR057,INC03287,2200000,1450000,,,3650000,bonus,2024-08-16 00:08
BGT07190,USR019,INC06381,800000,550000,350000,1650000,1350000,scholarship,2023-02-12 07:28
BGT00610,USR074,INC03974,4400000,2950000,1850000,9200000,7350000,investment_return,2024-01-18 16:41
BGT03681,USR047,INC06118,4100000,2450000,900000,7450000,6550000,bonus,2023-09-19 17:31
BGT01627,USR073,INC05473,4850000,2600000,1200000,8650000,6000000,bonus,2023-09-28 08:32
BGT05284,USR068,INC05816,3500000,2700000,1750000,8000000,6200000,FREELANCE,2023-03-26 10:33
BGT05168,USR063,INC02863,2250000,1250000,650000,4200000,3500000,INVESTMENT_RETURN,18/01/2024 08:35
BGT04030,USR068,INC04649,4900000,3000000,1750000,9600000,7900000,bonus,2024-02-22 13:24
BGT03781,USR075,INC05075,4500000,2450000,2450000,9400000,6950000,bonus,2024-09-11 01:51
BGT02036,USR008,INC01528,650000,300000,200000,1200000,950000,allowance,2024-11-28 05:04
BGT09005,USR050,INC09990,2250000,1200000,1200000,4700000,3450000,freelance,2023-09-25 04:15
BGT08028,USR027,INC08278,2000000,,850000,3900000,3050000,allowance,2023-02-14 13:30
BGT08463,USR002,INC09300,1200000,800000,400000,2400000rb,2000000,allowance,2023-02-14 18:36
BGT00993,USR073,INC03705,4550000,2300000,1700000,8550000,6850000,BONUS,2023-07-22 22:00
BGT05574,USR045,INC09513,,1450000,1400000,5450000,4000000,salary,2024-12-20 23:06
BGT07693,USR064,INC04637,4700000,2650000,1500000,8850000,7350000,business,2024-09-12 02:11
BGT03332,USR058,INC04927,2100000,1350000,1350000,4750000,3450000,business,2023-03-08 17:45
BGT09514,USR064,INC01321,3650000,2750000,1700000,8150000,6400000,business,2023-12-16 00:14
BGT07562,USR039,INC08311,1950000,1350000,700000,4000000,3300000,allowance,2024-06-09 20:57
BGT00513,USR011,INC00081,1200000,800000,350000,2350000,2000000,allowance,2023-02-14 15:45
BGT03139,USR041,INC06479,2050000,1450000,1200000,4700000,3500000,freelance,2024-06-01 15:57
BGT03325,USR031,INC04765,1600000,900000,900000,,2500000,internship,2024-12-12 00:58
BGT09345,USR003,INC09049,900000,500000,450000,1850000,1400000,allowance,2023-10-29 10:58
BGT01304,USR001,INC02458,750000,450000,300000,1500000,1200000,part_time,2024-01-23 21:58
BGT03829,USR026,INC01190,800000,500000,350000,1650000,1300000,internship,2024-06-02 13:34
BGT05557,USR045,INC09214,,1000000,550000,3100000,2550000,salary,2023-04-07 13:29
BGT06295,USR014,INC06215,550000,350000,300000,1200000,900000,scholarship,2023-07-17 00:20
BGT03093,USR073,INC03994,2700000,1500000,1000000,5150000,4200000,business,2024-06-24 04:41
BGT02683,USR033,INC06400,1400000,800000,700000,2900000,2200000,freelance,2024-05-21 18:50
BGT04752,USR062,INC08562,2950000,1900000,750000,5600000,4850000,investment_return,2024-03-21 06:25
BGT09835,USR011,INC08333,750000,450000,350000,1550000,1200000,part_time,2023-08-13 23:38
BGT03173,USR066,INC08609,3950000,2000000,1800000,7750000,5950000,bonus,2024-11-03 00:48
BGT06120,USR050,INC05533,1600000,1050000,1000000,3650000,2650000,business,2023-02-21 22:53
BGT02307,USR049,INC07282,2450000,1600000,1250000,5300000,4050000,bonus,2023-04-25 04:41
BGT09631,USR025,INC05597,1700000,950000,800000,3450000,2400000,allowance,2023-05-10 14:21
BGT06442,USR022,INC09255,-950000,550000,,1700000,1500000,internship,2023-03-13 13:31
BGT08921,USR060,INC08581,3650000,1950000,1850000,7450000,5600000,business,2024-06-13 04:24
BGT05567,USR059,INC05648,2600000,1350000,750000,4700000,3950000,bonus,2023-08-18 18:14
BGT03531,USR021,INC00360,2000000,1300000,1000000,4250000,3300000,allowance,2023-10-15 08:08
BGT08326,USR070,INC03262,2500000,1750000,1200000,5450000,4250000,investment_return,2023-09-16 04:17
BGT02373,USR024,INC04604,1700000,900000,700000,3250000,2600000,part_time,2023-05-15 02:23
BGT09392,USR020,INC05880,1400000,750000,500000,2600000,2150000,scholarship,2024-01-31 13:33
BGT07619,USR023,INC02501,1450000,850000,400000,2700000,2300000,freelance,
BGT02746,USR020,INC04612,850000,500000,200000rb,1550000,1350000,part_time,2024-05-08 14:14
BGT09625,USR042,INC05449,3150000,1900000,1950000,6950000,5050000,business,2024-09-18 03:35
BGT03054,USR034,INC02968,1850000,1150000,850000,3850000,3000000,freelance,2024-05-18 02:28
BGT06908,USR052,INC00255,3450000,1950000,900000,6300000,5400000,salary,16/12/2023 05:40
BGT09975,USR013,INC07187,1450000,850000,700000,3000000,2300000,allowance,15/12/2023 11:40
BGT08832,USR001,INC01822,600000,400000,300000,1300000,1000000,allowance,2024-09-27 19:44
BGT06603,USR030,INC07894,1450000,850000,400000,2700000,2300000,allowance,25/10/2024 13:22
BGT02059,USR025,INC00812,1500000,800000,450000,2750000,2300000,freelance,2024-01-09 08:57
BGT02270,USR066,INC06151,2000000,1300000,750000,4050000,3300000,salary,2023-01-29 05:10
BGT03666,USR046,INC06632,3300000,2050000,2200000,7500000,5350000,business,03/12/2023 17:49
BGT01517,USR029,INC03943,2350000,1500000,700000,4550000,3850000,freelance,2024-01-18 02:51
BGT09382,USR004,INC01631,1350000,800000,450000,2600000,2150000,part_time,2023-12-24 21:57
BGT04291,USR010,INC05812,1350000,700000,400000,2450000,2050000,scholarship,2023-08-03 21:49
BGT03632,USR052,INC01371,1450000,900000,800000,3100000,2350000,freelance,2024-04-28 03:01
BGT08722,USR001,INC00287,700000,400000,200000,1300000,1100000,part_time,2024-01-27 22:01
BGT07310,USR004,INC02904,1300000,1000000,600000,2900000,2300000,part_time,2023-07-04 07:47
BGT04316,USR046,INC03407,2550000,1950000,1350000,5850000,4500000,business,2023-05-22 02:19
BGT04164,USR049,INC09720,2000000,1100000,1150000,4300000,3100000,salary,2023-04-14 16:36
BGT07708,USR073,INC08705,3800000,,1800000,,5950000,salary,2023-02-25 13:28
BGT02917,USR042,INC01079,3450000rb,1800000,1400000,6650000,5250000,business,2023-05-01 08:45
BGT06780,USR060,INC06725,3300000,2000000,950000,6200000,5300000,business,2023-12-25 20:32
BGT01466,USR023,INC09308,2200000,1150000,900000,4250000,3350000,part_time,2024-03-28 15:45
BGT04646,USR052,INC01638,1550000,950000,700000,3200000,2300000,salary,2023-12-01 15:38
BGT04771,USR039,INC01704,1950000,1200000,450000,3650000,3150000,internship,2023-10-19 03:47
BGT02082,USR066,INC05036,3050000,1700000,1600000,6350000,4750000,freelance,2024-07-12 13:34
BGT01074,USR019,INC08058,1400000,1000000,600000,3000000,2400000,allowance,2024-05-21 02:19
BGT02583,USR010,INC00356,650000,400000,400000,1400000,1050000,allowance,2023-06-27 16:17
BGT05719,USR010,INC00100,850000,500000,350000,1700000,1350000,scholarship,
BGT05542,USR027,INC08807,1350000,900000,700000,2950000,1700000,internship,2023-04-30 21:02
BGT04829,USR036,INC04144,,1000000,1000000,3550000,2550000,part_time,2024-12-10 22:25
BGT08507,USR046,INC02292,2300000,1200000,1000000,4500000,3500000,freelance,2024-09-17 20:49
BGT07637,USR016,INC01384,1400000,950000,650000,3000000,2350000,allowance,2023-07-13 02:06
BGT02437,USR021,INC00349,850000,450000,450000,1750000,1300000,part_time,2024-06-14 06:56
BGT02137,USR033,INC08085,2100000,1250000,850000,4200000,3350000,freelance,2024-05-13 04:59
BGT08116,USR054,INC03748,2950000,1850000,1100000,5900000,4800000,freelance,2023-02-01 14:58
BGT08623,USR031,INC04693,1850000,1000000,1050000,3900000,2850000,FREELANCE,2024-03-24 10:51
BGT07424,USR018,INC07805,1200000,700000,350000,2250000,1900000,allowance,2023-09-16 03:24
BGT04790,USR031,INC09566,,850000,650000,3200000,2550000,part_time,2023-07-17 08:24
BGT00302,USR045,INC05736,2850000,1550000,1100000,5500000,4400000,business,2024-07-01 05:05
BGT00354,USR006,INC03857,1000000,650000,500000,2150000,1650000,scholarship,2023-11-07 15:50
BGT05923,USR043,INC07096,2650000,1700000,1300000,5600000,4350000,bonus,2023-07-16 13:48
BGT06864,USR052,INC09812,-3050000,1750000,1200000,6000000,4800000,salary,2023-11-03 11:20
BGT09466,USR033,INC07647,2600000,1250000,850000,4700000,3850000,internship,2023-01-28 14:23
BGT02862,USR002,INC02512,1500000,1000000,450000,2950000,2500000,allowance,2024-05-19 01:45
BGT08682,USR072,INC06958,4500000,2600000,1900000,8950000,7100000,bonus,2023-04-04 13:46
BGT00033,USR003,INC07575,1450000,850000,400000,2700000,2300000,part_time,2024-11-03 12:52
BGT02853,USR072,INC06720,2150000,1350000,1050000,4550000,3500000,business,2023-12-06 20:23
BGT00071,USR017,INC01950,500000,300000,200000,1000000,800000,part_time,2024-10-22 21:39
BGT03845,USR005,INC04750,1100000,750000,550000,2400000,1850000,scholarship,2023/08/19 01:37
BGT02093,USR043,INC07895,2050000,1150000,1250000,4500000,3200000,BUSINESS,2024-10-06 15:42
BGT04112,USR037,INC04509,2200000,1200000,700000,4100000,3400000,internship,2024-01-24 08:40
BGT00636,USR075,INC08270,4200000,2550000,1500000,8250000,6750000,freelance,2023-03-03 12:40
BGT03688,USR031,INC08821,2400000,1350000,750000,4500000,3750000,freelance,2023-03-26 02:58
BGT08004,USR058,INC00002,3650000,2000000,1000000,6600000,5650000,bonus,2024-09-09 00:43
BGT03220,USR036,INC08985,2600000,1550000,750000,4900000,4150000,,2023-12-07 14:55
BGT06575,USR032,INC03996,850000,550000,350000,1700000,1400000,,2023-08-25 11:44
BGT01434,USR049,INC09537,4150000,1950000,1400000,7500000,6100000,salary,2024-09-03 04:20
BGT07725,USR054,INC05556,3400000,2050000,800000,6250000,5450000,business,2023-12-16 03:57
BGT07041,USR060,INC09234,2000000,1000000,600000,3650000,3000000,freelance,2023-11-16 18:13
BGT08987,USR052,INC06537,2150000,1450000,950000,4600000,3600000,bonus,2024-09-08 03:51
BGT03602,USR060,INC08938,2350000,1550000,950000,4850000,3900000,salary,2023-04-23 09:39
BGT03108,USR013,INC03467,1300000,700000,450000,2450000,2000000,allowance,2024-10-30 08:58
BGT08737,USR028,INC02699,1050000,650000,200000,1850000,1700000,allowance,2023-06-28 18:14
BGT06702,USR008,INC05163,1250000,700000,400000,2350000,1950000,part_time,2023-11-28 15:19
BGT04627,USR033,INC08760,1850000,1150000,1100000,4150000,3000000,internship,2023-08-15 06:23
BGT09138,USR027,INC06102,1850000,1000000,850000,3700000,2850000,allowance,2024-09-12 20:46
BGT07779,USR043,INC02089,2750000,1500000,1250000,5500000,4250000,business,2024-08-12 08:54
BGT01175,USR001,INC04148,1300000,700000,550000,2550000,2000000,part_time,2024-08-08 19:50
BGT02799,USR007,INC05471,1050000,650000,250000,1950000,1700000,allowance,2023-03-08 13:56
BGT02783,USR041,INC04551,3150000,2000000,1700000,6850000,5150000,business,2023-07-29 09:57
BGT03438,USR067,INC08083,4050000,2500000,1750000,8250000,6550000,investment_return,2023-10-19 21:51
BGT06374,USR048,INC01907,2650000,1500000,950000,5100000,4150000,bonus,2023-10-27 07:27
BGT03452,USR004,INC06326,1300000,700000,450000,2500000,2000000,part_time,2023-08-01 14:49
BGT03748,USR036,INC02079,1700000,1200000,700000,3600000,2900000,part_time,2023-07-28 08:43
BGT00631,USR036,INC08935,1100000,600000,650000,2400000,1950000,freelance,2024-06-07 17:03
BGT02079,USR039,INC03115,1550000,1000000,750000,3300000,2550000,freelance,2023-08-12 16:34
BGT05367,USR033,INC05256,2400000,1200000,1100000,4700000,4100000,internship,2023-03-09 05:46
BGT00697,USR062,INC06831,3750000,2350000,1250000,7400000,6100000,business,2024-12-10 19:17
BGT02189,USR039,INC01588,1000000,650000,300000,1950000,1400000,allowance,2024-01-19 08:28
BGT01277,USR069,INC04361,3300000,2050000,1000000,6350000,5350000,freelance,2024-11-15 12:26
BGT02831,USR016,INC06564,1400000,900000,400000rb,2700000,2300000,scholarship,2023-02-10 23:41
BGT01831,USR074,INC06849,3200000,1750000,1100000,6000000,4950000,business,2024-05-17 01:30
BGT01998,USR022,INC08707,1100000,650000,400000,2150000,1750000,part_time,2024-08-06 12:37
BGT05804,USR006,INC03534,1300000,750000,350000,2400000,2050000,scholarship,2024-02-06 08:45
BGT05465,USR018,INC02293,750000,450000,200000rb,1350000,1200000,part_time,2023-11-01 11:43
BGT05905,USR055,INC04571,1900000,1050000,900000,3850000,2950000,freelance,2024-10-04 11:23
BGT01424,USR065,INC03902,2300000,1500000,900000,4700000,3800000,investment_return,2024-09-19 00:22
BGT01727,USR019,INC00474,1050000,700000,400000,2150000,1750000,part_time,2023-07-31 20:55
BGT02219,USR002,INC06506,550000,350000,150000,1000000,900000,,2024-02-19 03:27
BGT07909,USR023,INC09345,1550000,1050000,850000,3450000,2600000,allowance,2023-12-27 14:08
BGT08742,USR028,INC06483,950000,550000,300000,1850000,1500000,freelance,2023-07-12 14:31
BGT00691,USR067,INC02392,4300000,2750000,2750000,9750000,7050000,freelance,2023-12-23 01:26
BGT07016,USR018,INC07192,1450000rb,750000,600000,2800000,2200000,part_time,2023-02-23 17:58
BGT06661,USR024,INC05663,1800000,,600000,3400000,2800000,allowance,2023-02-11 15:54
BGT00335,USR062,INC08190,3700000,2600000,1600000,7900000,6850000,business,
BGT02357,USR004,INC01021,750000,400000,,1350000,1150000,part_time,2024-02-23 00:07
BGT01221,USR004,INC02090,700000,450000rb,250000,1400000,1150000,allowance,2024-01-04 04:17
BGT07736,USR018,INC07505,1700000,800000,500000,3000000,2500000,scholarship,2024-12-15 00:11
BGT01504,USR052,INC08404,3000000,1850000,700000,,4850000,business,2023-01-02 16:42
BGT02399,USR018,INC05742,1000000,600000,200000,1850000,1600000,allowance,2024-09-27 17:35
BGT06357,USR003,INC04838,500000,250000,250000,1000000,750000,part_time,2023-09-30 11:33
BGT01614,USR047,INC06528,1450000,1050000,850000rb,,2500000,salary,2024-11-27 02:31
BGT09016,USR069,INC06899,4200000,3000000,1900000,9100000,7200000,bonus,2023-05-16 01:13
BGT05496,USR046,INC07376,2000000,1250000,1250000,4550000,3250000,bonus,2023-03-15 00:13
BGT08175,USR031,INC09374,900000,550000rb,400000,1850000,1450000,part_time,2024-04-16 09:03
BGT07497,USR069,INC00129,2700000,1700000,1500000rb,5900000,4400000,business,2023-03-05 16:36
BGT01503,USR060,INC05861,3400000,2300000,1250000,6900000,5700000,salary,2023-03-12 20:07
BGT07053,USR051,INC03595,2200000,1450000,850000,4500000,3650000,business,2023-03-21 13:03
BGT05449,USR014,INC05962,1200000,800000,500000,2500000,2000000,scholarship,2024-08-20 04:20
BGT03548,USR054,INC00845,2300000,1300000,1400000,4950000,3600000,salary,2023-11-21 04:27
BGT07240,USR011,INC06710,1350000,700000,400000,2450000,1800000,part_time,2024-05-12 16:48
BGT09203,USR040,INC03528,850000,550000,450000,1850000,1400000,part_time,2024-01-01 14:11
BGT07156,USR049,INC03436,3150000,1750000,1050000,5950000,4900000,salary,2024-01-11 17:03
BGT03121,USR043,INC00775,3800000,2100000,1100000,7000000,5900000,bonus,2024-03-03 05:30
BGT03050,USR046,INC04564,3900000,1900000,,6950000,5800000,freelance,2023-04-27 05:28
BGT00215,USR029,INC07511,2250000,1200000,1150000,4550000,3450000,allowance,2024-09-17 21:14
BGT08683,USR041,INC07739,1750000,1150000,800000,,2900000,business,2024-01-28 02:49
BGT08589,USR031,INC06052,2100000,1250000rb,650000,4000000,3350000,allowance,2024-02-01 14:45
BGT07483,USR039,INC05039,950000,650000,550000,2150000,1150000,allowance,2023-04-15 00:17
BGT06038,USR069,INC09349,2950000,1500000,1100000,5550000rb,4450000,salary,2023-01-11 14:27
BGT04137,USR031,INC07384,2450000,1350000,950000,4750000,3800000,allowance,2023-07-29 15:02
BGT04966,USR018,INC09715,1300000,850000,850000,3000000,2150000,part_time,2023-05-17 22:06
BGT03070,USR066,INC06117,2250000,1300000,700000,4250000,3550000,bonus,2024-02-06 19:45
BGT06296,USR031,INC02707,2500000,1400000,1050000,4950000,3900000,internship,2023-08-16 03:50
BGT04425,USR028,INC01564,1250000,900000,700000,2850000,2150000,part_time,2023-01-30 14:47
BGT03929,USR018,INC01509,950000,500000,300000,1800000,1450000,scholarship,2024-01-21 13:40
BGT07023,USR006,INC09240,900000,500000,500000,1900000,1400000,part_time,2024-09-23 02:58
BGT04192,USR029,INC07247,1200000,700000,300000,2250000,1900000,freelance,2024-05-02 13:29
BGT02836,USR042,INC00188,2750000,1400000,1050000,5200000,4150000,bonus,2023-07-23 09:46
BGT06423,USR006,INC01075,700000,400000,200000,1250000,1100000,part_time,2023-07-26 08:07
BGT06798,USR015,INC04554,1050000,600000rb,500000,2150000,1650000,scholarship,2024-11-08 12:09
BGT06711,USR021,INC06803,1300000,850000,650000,2800000,2150000,freelance,2023-06-06 21:43
BGT09175,USR008,INC08979,650000,400000,200000,1300000,1050000,scholarship,2023-12-01 09:21
BGT02426,USR025,INC07233,2100000rb,1250000,1250000,4550000,3350000,part_time,2024-10-21 11:29
BGT06406,USR051,INC05856,3700000,1900000,1150000,6700000,5600000,freelance,2023-06-29 14:34
BGT07631,USR007,INC02590,800000,-500000,350000,1650000,1300000,allowance,2024-10-20 02:49
BGT02640,USR058,INC06577,3600000,2350000,950000,6950000,5950000,business,2023-02-24 16:28
BGT06672,USR066,INC03191,4550000,3000000,2100000,9650000,7550000,freelance,2024-02-06 18:45
BGT06384,USR069,INC07791,2500000,1600000,1100000,5200000,4200000,salary,2024-08-16 00:36
BGT02085,USR040,INC03545,1600000,900000,650000,3150000,2500000,allowance,2023-02-15 17:32
BGT07502,USR039,INC06903,2400000,1250000,850000,4500000,3650000,internship,2024-06-25 09:01
BGT02686,USR067,INC00802,3050000,1800000,1800000,6600000,4850000,investment_return,2023-04-22 05:04
BGT01829,USR045,INC00430,3100000,2050000,1700000,6900000,5150000,bonus,2023-11-16 19:57
BGT01255,USR050,INC07914,1850000,900000,650000,3400000,2750000,salary,2024-12-26 10:41
BGT06792,USR056,INC07858,2000000,1250000,600000,3850000,2350000,bonus,2023-06-22 09:59
BGT00775,USR032,INC03614,1600000,,850000,3550000,2700000,allowance,20/08/2024 09:38
BGT00871,USR040,INC07527,1750000,1000000,600000,3350000,2750000,freelance,2023-04-27 18:07
BGT00030,USR033,INC07036,1150000,750000,700000,2600000,1900000,part_time,2024-08-27 17:36
BGT05005,USR041,INC08358,2400000,1550000,1450000,5400000,3950000,bonus,2024-11-17 15:26
BGT02548,USR059,INC04734,2550000,1400000,850000,4850000,3950000,salary,2023-01-20 02:03
BGT06881,USR075,INC09159,4600000,2800000,1300000,8700000,7400000,bonus,2023-05-31 18:09
BGT03667,USR033,INC03076,2050000,1450000,750000,4300000,3500000,freelance,2024/12/07 17:35
BGT00560,USR035,INC06260,1400000,950000,550000,2900000,2350000,allowance,
BGT03128,USR047,INC03446,3550000,-2400000,1750000,7700000,5950000,salary,2024-01-07 17:24
BGT09272,USR045,INC04085,2050000,1250000,550000,3850000,3300000,salary,2024-09-21 21:43
BGT07004,USR038,INC04780,1150000,750000,500000,2400000,1900000,part_time,2024-01-08 21:03
BGT00135,USR045,INC08202,2150000,1350000,1200000,4700000,3500000,bonus,2024-03-26 07:08
BGT03628,USR003,INC07969,850000,500000,450000,1800000,1350000,scholarship,2023/02/15 06:34
BGT00924,USR056,INC04974,4050000,2450000,900000,7400000,6500000,business,
BGT05024,USR003,INC02163,850000,550000,300000,1700000,1750000,allowance,2023-05-01 14:15
BGT06949,USR018,INC08652,850000,500000,200000,1550000,1350000,part_time,2024-10-05 16:04
BGT05384,USR032,INC08778,1350000,850000,400000,,2200000,freelance,2024-12-08 11:39
BGT04204,USR061,INC06940,3300000,1900000,1150000,6350000,5200000,freelance,2024-09-03 06:06
BGT03329,USR010,INC01151,600000,,150000,1050000,1100000,scholarship,2024-11-21 16:15
BGT02448,USR014,INC00111,,850000,300000,2450000,2150000,allowance,2023-06-29 04:11
BGT02884,USR059,INC03303,2350000,1250000,950000,4550000,3600000,freelance,2023-02-28 14:31
BGT03700,USR045,INC08569,3750000,2100000,850000,6700000,5850000,,2023-05-04 21:16
BGT01111,USR010,INC09950,1050000,700000,400000,2150000,1750000,allowance,2024-05-05 06:22
BGT00137,USR020,INC05409,800000,500000,400000,1750000,1300000,part_time,2024-12-11 19:18
BGT09609,USR024,INC01607,1750000,900000,550000,3200000,2650000,part_time,2023-11-27 20:15
BGT00777,USR011,INC03348,1350000,800000,450000,2600000,2150000,allowance,
BGT01672,USR075,INC04002,4900000,2450000,1700000,9050000,7350000,salary,25/09/2023 04:02
BGT02362,USR057,INC07685,,2250000,1200000,7500000rb,6300000,salary,2024-12-16 12:40
BGT04662,USR007,INC01064,1100000,700000,550000,2350000,1800000,allowance,2024-08-17 17:53
BGT01643,USR050,INC09322,4100000,2650000,1300000,8000000,6750000,business,2023-07-04 20:24
BGT07927,USR039,INC07295,1350000,850000,600000,2800000,2200000,part_time,2024-09-03 12:46
BGT02665,USR056,INC06542,2050000,1150000,800000,4000000,3200000,freelance,2024-05-29 02:47
BGT01384,USR016,INC06680,1000000,600000,500000,2100000,1600000,part_time,2023-03-02 14:35
BGT09247,USR031,INC06611,1450000,750000,400000,2600000,2200000,part_time,2024-07-06 15:10
BGT07022,USR020,INC00852,650000,400000,200000,1250000,1050000,scholarship,2024-03-05 00:04
BGT06229,USR042,INC03061,2100000,1300000,750000,4150000,3400000,salary,2023-08-21 05:55
BGT08597,USR057,INC02814,3200000,2100000,1500000,6800000,5300000,business,2024-04-08 10:02
BGT00378,USR032,INC01039,2000000,1200000,500000,3700000,3200000,freelance,2024-04-01 10:23
BGT03593,USR046,INC09816,3650000,2250000,750000,6600000,5900000,business,2023-10-04 16:52
BGT06548,USR029,INC04058,1200000,750000,500000,2400000,1950000,freelance,2024-07-25 22:31
BGT05133,USR037,INC09359,1500000,800000,550000,2800000,2300000,internship,2024-09-02 08:27
BGT09053,USR050,INC04582,1950000,1000000,850000,,2950000,freelance,2024/07/24 21:26
BGT02955,USR055,INC02235,1900000,1000000,700000,3600000,2900000,salary,
BGT03473,USR010,INC08328,1450000,850000,300000,2600000,2300000,part_time,2024-07-23 16:32
BGT09548,USR038,INC07221,1750000,1000000,650000,3400000,2750000,allowance,2024-10-25 10:17
BGT09981,USR020,INC09081,1150000,650000,400000,2200000,1800000,allowance,2024-08-21 15:12
BGT01192,USR004,INC00113,1150000,650000,250000,2050000,1800000,part_time,2024-10-23 05:13
BGT03893,USR009,INC09509,650000,450000,300000,1400000,1350000,scholarship,2024-06-13 00:51
BGT01029,USR046,INC00179,2850000,1450000,950000,5250000,4300000,bonus,2024-09-07 08:34
BGT06004,USR042,INC07788,2050000,1050000,650000,3750000,3100000,business,2023-01-08 01:31
BGT01453,USR068,INC06466,3400000,2250000,1150000,6750000,5650000,salary,2024-12-17 02:50
BGT02818,USR059,INC00820,2800000,2100000,1300000,6200000,4900000,salary,2023-05-29 20:18
BGT09456,USR066,INC05416,4400000,2650000,1750000,8800000,7050000,bonus,2023-03-10 04:23
BGT07680,USR019,INC05479,600000,450000,250000,1300000,1050000,allowance,2024-05-09 22:16
BGT09781,USR068,INC01714,2900000,1650000,1600000,6150000,4550000,salary,2023-12-02 04:41
BGT00836,USR022,INC05502,850000,450000,250000,1600000,1300000,part_time,2023-06-29 07:42
BGT01921,USR070,INC00326,2400000,1350000,,5050000,3750000,business,2023-04-02 10:21
BGT02805,USR050,INC02411,2300000,1500000,1200000,5050000,3800000,salary,2024-12-24 08:35
BGT02810,USR028,INC02530,850000,500000,350000,1700000,1350000,internship,2024-03-06 17:35
BGT01040,USR070,INC03550,2900000,2100000,1300000,6300000,5000000,freelance,2023/06/03 18:44
BGT01842,USR046,INC08318,1800000,1300000,1000000,4100000,3100000,salary,2023-12-09 03:08
BGT09389,USR068,INC07004,2000000,1200000,850000,4050000,3200000,business,2023-11-09 05:13
BGT04159,USR047,INC06988,2400000,1600000,1150000,5150000,4000000,bonus,2024-05-25 03:22
BGT03646,USR011,INC05484,850000,550000,350000,1750000,1400000,allowance,2023-10-04 14:27
BGT03880,USR008,INC09944,1050000,550000,350000,1950000,1600000,allowance,2024-07-12 12:21
BGT06344,USR069,INC03234,3650000,2100000,1250000,7050000,5750000,bonus,2024-07-28 23:51
BGT01422,USR067,INC00501,1800000,1400000,900000,4050000,3200000,salary,2023-04-22 15:39
BGT08148,USR029,INC03555,2550000,1350000,1100000,5000000,3900000,allowance,2023-06-27 03:08
BGT06432,USR067,INC00080,4000000,2200000,1350000,7500000,6200000,salary,2024-11-19 15:26
BGT07436,USR074,INC03855,3700000,2150000,1300000,7100000,5850000,investment_return,
BGT04990,USR072,INC02871,4250000,2650000,,9450000,6900000,freelance,2023/12/13 20:25
BGT01826,USR050,INC01929,2150000,1200000,1100000,4450000,3350000,FREELANCE,2024-07-05 01:25
BGT04301,USR034,INC08324,2150000,1250000rb,1200000,,3400000,,2023-04-17 19:42
BGT07098,USR035,INC02818,1250000,700000,450000,2450000,1950000,freelance,2023-05-01 06:27
BGT00359,USR060,INC05757,2300000,1450000,650000,4400000,3750000,salary,
BGT00728,USR049,INC01278,3000000,2000000,1650000,6650000,5000000,freelance,2024-03-24 21:30
BGT04786,USR056,INC05739,2150000,1150000,1100000,4400000,3300000,business,2024-12-26 00:34
BGT04046,USR042,INC01256,3150000,1800000,1750000,6750000,4950000,bonus,2023-04-17 10:06
BGT00789,USR021,INC00124,850000,500000,250000,1600000,1350000,internship,2024-07-06 02:35
BGT07027,USR001,INC00912,650000,350000,250000,1200000,1000000,allowance,2023-08-19 09:49
BGT00929,USR057,INC09549,3050000,1850000,750000,5650000,4900000,bonus,2024-07-28 01:07
BGT04853,USR049,INC01585,2550000,1550000,500000,4600000,4100000,business,2023-07-22 13:39
BGT01688,USR030,INC03589,1300000,850000,500000,2650000,2150000,internship,2024-01-07 03:35
BGT01050,USR030,INC01616,1700000,1000000,600000,3250000,2700000,allowance,2024-05-11 22:51
BGT08304,USR016,INC07245,850000,500000,550000,1900000,1350000,allowance,2024-04-14 01:06
BGT02911,USR003,INC00149,950000,650000,450000,2050000,1600000,allowance,2023-12-04 17:27
BGT07315,USR003,INC02340,1350000,850000,700000,2900000,2200000,part_time,2024-03-15 14:00
BGT05528,USR040,INC06527,2550000,,850000,4850000,3950000,freelance,2023-02-03 13:29
BGT01710,USR034,INC06236,1450000,700000,400000,2550000rb,2150000,freelance,2024-04-19 15:02
BGT01400,USR018,INC08549,1200000,550000,400000,2150000,1750000,scholarship,2024-01-28 23:00
BGT08755,USR036,INC02607,1200000,800000,450000,2500000rb,2000000,allowance,2024-07-24 03:47
BGT02439,USR063,INC00874,2000000,1150000,850000,4050000,3150000,investment_return,2024-11-06 12:48
BGT04630,USR022,INC02880,2000000,1050000,750000,3800000,3050000,internship,2024-02-06 13:07
BGT01951,USR023,INC04537,2050000,1250000,1150000,4500000,3300000,part_time,2023-12-29 03:27
BGT04477,USR004,INC09696,850000,500000,200000,1600000,1350000,allowance,2024-10-22 19:58
BGT08060,USR018,INC08606,750000,500000,200000,1450000,1250000,part_time,2024-02-08 06:59
BGT00171,USR031,INC07847,2150000,1100000,800000,4050000,3250000,allowance,2023-07-25 11:54
BGT06744,USR014,INC03431,1400000,800000,700000,2900000,2200000,part_time,2023-11-25 15:52
BGT07433,USR047,INC03716,2400000,1450000,1500000,5300000,4000000,freelance,2024-05-28 15:22
BGT05996,USR007,INC06885,1200000,750000,550000,2550000,1950000,scholarship,2024-03-20 00:48
BGT03314,USR066,INC04096,3600000,2100000,,8000000,5700000,investment_return,2023-05-30 18:15
BGT04747,USR043,INC09803,1750000,1100000,1100000,3950000,2850000,business,2023-10-12 00:48
BGT01341,USR058,INC09408,2600000,,950000,4850000,3850000,business,05/07/2024 10:16
BGT02772,USR047,INC02258,3450000,2250000,900000,6600000,5700000,bonus,07/02/2024 01:42
BGT04680,USR010,INC04836,1100000,600000,450000,2200000,1700000,part_time,2023-04-26 13:48
BGT04685,USR028,INC02695,1050000,650000,450000,2150000,1700000,freelance,2023-06-02 10:23
BGT03811,USR047,INC07270,2100000,1400000,850000,4350000,3500000,freelance,2024-08-03 00:38
BGT02272,USR015,INC09790,700000,450000,400000,1550000,1150000,scholarship,2023-07-03 08:37
BGT05535,USR073,INC04212,3550000,1800000,1000000,6350000,5350000,bonus,2023-12-22 20:43
BGT07040,USR005,INC06801,1050000,650000,450000,2150000,1700000,scholarship,2023-05-14 04:58
BGT05074,USR028,INC05743,1050000,600000,,2200000,1650000,part_time,2024-06-18 10:23
BGT00439,USR017,INC05526,500000,350000,200000,1050000,850000,allowance,12/02/2023 18:49
BGT02394,USR065,INC04684,5150000,2750000,1600000,9550000,7900000,business,2024-07-10 21:30
BGT00592,USR040,INC07898,2150000,1250000,550000,3950000,3400000,internship,2024-01-08 17:38
BGT05611,USR025,INC07611,2650000,1600000,750000,5000000,4250000,freelance,2024-05-16 04:07
BGT01929,USR028,INC07626,1250000,700000,750000,2700000,2400000,allowance,2024-05-31 19:56
BGT03862,USR058,INC03450,1600000,950000,750000,3350000,2550000,business,2023-12-20 14:21
BGT08222,USR051,INC03449,2700000,1350000,1050000,5100000,4050000,freelance,2023-12-04 16:25
BGT08264,USR002,INC05100,1300000,900000,600000,2800000,2200000,allowance,
BGT06478,USR051,INC02084,3350000,2050000,1700000,7100000,5400000,bonus,2023-03-23 02:52
BGT03358,USR039,INC07816,950000,500000,450000,,1450000,part_time,2024-04-21 18:39
BGT07777,USR052,INC07600,3050000,1650000,1650000,6350000,4700000,bonus,2023-04-23 07:31
BGT04586,USR006,INC06863,800000,450000,450000,1700000,1000000,allowance,2023-07-17 00:26
BGT05223,USR070,INC08627,3400000,2300000,1800000,7500000,5700000,salary,2023-08-10 00:28
BGT02599,USR038,INC04793,1800000,1050000,1000000,3850000,2850000,freelance,2023-04-28 18:22
BGT04593,USR034,INC01861,2300000,1500000,850000,4650000,3800000,freelance,2023-07-13 10:54
BGT03257,USR008,INC00164,1200000,750000,500000,2450000,1950000,allowance,2023-08-07 20:08
BGT04770,USR001,INC01273,1500000,850000,500000,2850000,2350000,part_time,2023-08-26 02:34
BGT01893,USR039,INC03183,1700000,1100000,400000,3250000,2800000,freelance,2023-09-02 03:47
BGT03924,USR042,INC01440,3350000,,1750000,6950000,5250000,bonus,2024-05-03 03:45
BGT05134,USR001,INC09572,700000,400000,250000,1350000,1100000,scholarship,2024-12-05 07:19
BGT03683,USR058,INC02760,3150000,1800000,1000000,5950000,4950000,bonus,2024-08-03 08:12
BGT01983,USR013,INC05709,1350000,850000,550000,2800000,2200000,PART_TIME,2024-04-30 11:11
BGT04385,USR070,INC08539,2650000,1850000,1300000,5800000,4850000,bonus,2024-08-11 09:26
BGT00509,USR045,INC06145,3150000,1650000,1250000,,4800000,salary,2023-04-13 17:37
BGT08901,USR052,INC05387,2250000,1500000,850000,4600000,3750000,salary,2023-02-20 08:39
BGT00849,USR063,INC00968,3750000,2250000,800000,6800000,6000000,salary,20/07/2024 01:56
BGT01325,USR004,INC01835,1000000,650000,650000,2300000,1650000,part_time,2024-08-08 09:49
BGT02122,USR024,INC03696,2500000,1450000,1050000,4950000rb,3950000,allowance,2023-09-13 07:30
BGT05599,USR027,INC04165,700000,500000,350000,1550000,1200000,PART_TIME,2023-06-30 16:38
BGT08238,USR036,INC05071,2500000,1300000,900000,4700000,3800000,,2024-04-27 02:09
BGT09411,USR062,INC03774,4400000,2950000,1600000,8950000,7350000,freelance,2024-02-12 22:17
BGT06975,USR022,INC05960,,1050000,600000,3550000,2950000,part_time,2024-09-04 03:24
BGT06781,USR028,INC09026,1750000,1200000,650000,3600000,2950000,freelance,2023-02-09 20:19
BGT08000,USR039,INC09734,900000,500000,450000,1800000,1400000,allowance,2024-03-23 00:14
BGT06341,USR012,INC02461,650000,400000,150000,1200000,1050000,scholarship,2024-04-30 19:34
BGT03045,USR013,INC06371,1100000,650000,450000,2200000,1750000,part_time,2023-05-31 00:06
BGT03342,USR073,INC05145,3750000,2000000,1600000,7350000,5750000,business,2024-07-20 16:36
BGT01635,USR046,INC03437,1750000,1050000,850000,3600000,2800000,bonus,2024-11-10 13:51
BGT06557,USR021,INC02178,1650000,900000,900000,3400000,2550000,allowance,2023-12-27 23:11
BGT00269,USR035,INC03693,2050000,1300000,850000,4150000,3350000,freelance,2023-09-29 04:11
BGT02727,USR042,INC08087,2050000,1300000,600000,3900000,3350000,business,2023-12-19 02:47
BGT08697,USR073,INC07974,2800000,1450000,850000,5100000,4250000,business,2023-02-05 02:57
BGT06919,USR074,INC00956,4150000,,1850000,8850000,7000000,salary,2023-07-01 10:37
BGT07482,USR005,INC01937,1100000,700000,300000,2100000,1800000,allowance,2023-10-13 17:24
BGT02861,USR014,INC09208,700000,450000,400000,1550000,1150000,allowance,2024-11-08 18:19
BGT06819,USR012,INC05017,900000,500000,550000,2000000,1400000,allowance,2024-06-19 00:58
BGT02228,USR043,INC04721,2150000,1350000,1200000,4700000,3500000,bonus,2023-09-12 02:51
BGT06889,USR043,INC01363,3050000,1800000,900000,5750000,4850000,business,2023-01-21 11:33
BGT09368,USR017,INC06842,1050000,550000,350000,1950000,1600000,PART_TIME,2024-05-16 18:33
BGT00296,USR036,INC01688,2300000,1250000,700000,,3550000,part_time,2023-04-21 19:10
BGT02066,USR016,INC03549,950000,600000,250000,1750000,1550000,scholarship,2024-12-13 21:16
BGT05064,USR066,INC06824,2400000,1300000,650000,4350000,3700000,salary,2023-05-25 21:44
BGT01511,USR039,INC00459,900000,600000,300000,1800000,1500000,internship,2024-12-06 22:46
BGT02306,USR074,INC07877,2300000,1350000,700000,4300000,3650000,freelance,2023-03-08 22:17
BGT05051,USR014,INC06369,750000,400000,250000,1350000,1150000,scholarship,2023-01-30 07:55
BGT03641,USR008,INC04556,800000,500000,550000,1850000,1300000,part_time,2024-07-28 13:44
BGT03651,USR020,INC06638,550000,300000,350000,1200000,850000,part_time,2024-01-30 07:55
BGT01675,USR008,INC07605,1150000,,250000,2100000,1850000,scholarship,2023-06-02 08:45
BGT08063,USR041,INC02295,2200000,1400000,1250000,4850000,3600000,bonus,2024-05-08 20:36
BGT06834,USR053,INC08556,4350000,2050000,1500000,7950000,6400000,freelance,2023-07-22 03:06
BGT09787,USR014,INC03577,1250000,800000,400000,2450000,2050000,allowance,2023-09-04 01:38
BGT04890,USR048,INC08189,3350000,1900000,1150000,,5250000,business,18/08/2024 03:09
BGT00031,USR011,INC04950,1000000,700000,500000,2250000,1700000,scholarship,2024-03-07 07:49
BGT05392,USR043,INC09719,1900000,950000,700000rb,3550000,2850000,freelance,2024-09-18 18:15
BGT03984,USR027,INC07508,1250000,800000,650000,2700000,2300000,allowance,2023-06-21 05:33
BGT01211,USR015,INC05332,1550000,800000,500000,2800000,2350000,scholarship,2024-06-14 20:02
BGT07685,USR033,INC03535,2200000,1300000,1350000,4850000,3500000,allowance,2024-02-03 12:25
BGT06721,USR003,INC05778,550000,350000,200000,1100000,1050000,allowance,2024-09-16 10:48
BGT02806,USR063,INC02838,2550000,1700000,1300000,5550000,4250000,business,2024-03-06 01:39
BGT05270,USR065,INC09559,4750000,2550000,1850000rb,9150000,7300000,bonus,2024-07-12 15:58
BGT00647,USR023,INC00761,1700000,850000,750000,3300000,2550000,internship,2023-01-05 13:11
BGT00067,USR075,INC04511,3000000,1900000,1200000,6100000,4900000,business,2024-10-31 23:16
BGT03994,USR074,INC04891,2750000,1700000,850000,5300000,4450000,investment_return,2024-04-03 06:44
BGT02768,USR002,INC01648,650000,400000,300000,1350000,1050000,part_time,2023-11-29 07:31
BGT04960,USR031,INC09715,1800000,1100000,450000,3300000,2900000,part_time,2023-10-19 03:08
BGT08162,USR046,INC00960,3350000,-2250000,1000000,6600000,5600000,freelance,2024-02-17 16:11
BGT06825,USR009,INC03978,750000,400000,150000,1300000,1150000,scholarship,2024-01-02 10:14
BGT02684,USR051,INC07880,1650000,900000,850000,3400000,2550000,salary,2023-05-14 23:53
BGT03229,USR009,INC05254,1450000,700000,500000,2600000,2150000,scholarship,2024-08-28 05:47
BGT01647,USR035,INC00947,2100000,1200000,900000,4200000,3300000,allowance,2024-11-21 12:24
BGT03450,USR012,INC03256,600000,300000,200000,1100000,900000,allowance,2024-02-10 23:47
BGT04751,USR073,INC08830,4150000,2650000,2050000rb,8850000,6800000,freelance,
BGT01078,USR055,INC08406,4050000,2500000,800000,7400000,6550000,bonus,2024-04-16 12:04
BGT05822,USR019,INC09936,1250000,800000,400000,2450000,2050000,part_time,2023-06-26 03:45
BGT07926,USR036,INC00978,1500000,800000,600000,2900000,2300000,part_time,2023-11-30 03:07
BGT09154,USR046,INC07137,3400000,1650000,1050000,6050000,5050000,bonus,2024-02-24 02:12
BGT00334,USR001,INC07062,500000,300000,300000,1100000,800000,scholarship,2023-01-12 01:06
BGT07510,USR010,INC09793,500000,300000,300000,1100000,800000,part_time,2023-03-24 11:49
BGT00938,USR075,INC06774,3100000,2050000,1300000,6450000,5150000,bonus,2024-09-25 07:33
BGT01846,USR072,INC06613,3550000,2400000,,,5950000,business,
BGT09697,USR069,INC00449,4300000,3150000,2100000,9550000,7450000,freelance,2023-02-24 04:49
BGT08666,USR049,INC06545,2000000,950000,650000,3600000,2950000,salary,2023-09-02 20:33
BGT04152,USR066,INC07876,4200000,,2200000,8900000,6700000,business,2024-07-13 16:53
BGT03879,USR034,INC03169,1700000,1150000,600000,3450000,2850000,part_time,
BGT05892,USR011,INC08513,700000,500000,350000,1550000,1200000,part_time,2024-05-14 01:59
BGT07167,USR026,INC06214,1500000,800000,550000,2850000,2300000,allowance,2023-06-07 13:50
BGT03598,USR032,INC00488,2250000,1350000,650000,4250000,3600000,part_time,2024/05/21 22:06
BGT08478,USR065,INC00192,4750000,2700000,1850000,9300000,7450000,bonus,2024-11-26 15:41
BGT00333,USR005,INC04019,800000,400000,200000,1400000,1200000,scholarship,2024-03-17 08:51
BGT01665,USR029,INC07952,2400000,1550000,950000,4900000,3950000,part_time,2024-03-03 18:29
BGT05129,USR033,INC05898,1300000,750000,300000,2350000,2050000,freelance,2024-03-31 17:45
BGT00948,USR024,INC02862,2600000,1600000,500000,4700000,4200000,allowance,2024-03-15 04:04
BGT01096,USR073,INC08150,1850000,1300000,950000,4100000,3150000,investment_return,2023-12-08 03:46
BGT01996,USR057,INC06804,2850000,1850000,1500000,6150000,4700000,business,2024-03-26 01:38
BGT00051,USR059,INC09304,1650000,900000,750000,3300000,2550000,freelance,2024-04-22 21:00
BGT00932,USR051,INC06996,2450000,,1150000,5050000,3850000,business,2024-11-07 15:42
BGT04839,USR075,INC09836,3350000,1800000,1550000,6700000,5150000,freelance,2024-03-23 01:43
BGT07241,USR070,INC03816,4250000,2950000,2050000,9250000,7200000,salary,2024-12-27 21:57
BGT08499,USR018,INC07210,650000,300000,250000,1200000,950000,allowance,2023-02-02 18:42
BGT05994,USR058,INC00577,2750000,1900000,1100000,5750000,4650000,salary,2023-04-26 14:33
BGT05760,USR061,INC06535,2950000,2050000,1050000,6050000,5000000,bonus,2023-09-21 01:58
BGT05664,USR063,INC04534,2300000,1500000,850000,4650000,3800000,salary,2023-05-09 00:13
BGT08331,USR055,INC03048,2650000,1700000,1400000,5750000,4350000,bonus,2024-01-19 11:36
BGT08034,USR033,INC00426,1950000,1200000,800000,3950000,3150000,allowance,2024-10-03 18:17
BGT02934,USR036,INC04042,1500000,750000,500000,2700000,2250000,allowance,2023-08-14 23:48
BGT00179,USR038,INC07946,1100000,650000,650000,2400000,1750000,freelance,2023-08-18 04:17
BGT00397,USR054,INC04840,3350000,2100000,1800000,7250000,5450000,business,2023-08-09 06:31
BGT07333,USR060,INC09506,3500000,2200000,950000,6650000,5700000,business,2023-06-09 23:32
BGT00525,USR051,INC07550,3850000,2000000,1550000,7400000,5850000,bonus,2024-01-24 21:11
BGT07948,USR057,INC04748,2150000,1400000,1250000,4750000,3550000,salary,2024-06-28 10:29
BGT05205,USR028,INC08914,1500000,1000000,650000,3150000,2500000,internship,2023-02-07 12:43
BGT05176,USR025,INC08182,2250000,1300000,650000,4200000,3550000,internship,2023-04-27 09:32
BGT07318,USR060,INC02514,2800000,1850000,1100000,5750000,4650000,business,2023-11-12 15:06
BGT05479,USR007,INC03792,1150000,700000,650000,2500000,1850000,part_time,2023-07-17 16:04
BGT07221,USR056,INC05655,1650000,900000,650000,3150000,2550000,freelance,2023-10-02 17:47
BGT09098,USR030,INC07493,1850000,1100000,700000,3600000,2950000,internship,2023-03-04 23:42
BGT02512,USR023,INC04959,1900000,1150000,450000,3550000,3050000,allowance,2024-03-13 15:44
BGT07168,USR039,INC03606,1400000,700000,650000,2750000,2100000,internship,2024-01-16 13:01
BGT04525,USR013,INC03468,600000,350000rb,150000,1100000,950000,allowance,2024-09-05 18:26
BGT00285,USR024,INC05396,2200000,1150000,950000,4300000,3350000,freelance,2023-08-12 13:05
BGT04062,USR003,INC01818,950000,550000,450000,1950000,1500000,part_time,2024-04-23 18:51
BGT01901,USR067,INC03242,4650000,3050000,1250000,8950000,7700000,bonus,2023-08-19 09:22
BGT09610,USR012,INC09034,1200000,750000,400000,2350000,1950000,part_time,2023-07-05 11:57
BGT02280,USR057,INC05670,1950000,1400000,950000,4300000,3350000,freelance,2024-06-10 18:45
BGT07528,USR060,INC07496,,1550000,1400000,5700000,4300000,business,2024-09-11 05:09
BGT01976,USR035,INC01034,2150000,1200000,1050000,4400000,3350000,part_time,2023-11-19 06:51
BGT04886,USR021,INC04789,2250000,1450000,1300000,5000000,3700000,allowance,2023-01-23 10:32
BGT09097,USR055,INC09631,3800000,2050000,1200000,7000000,5850000,salary,2024-10-08 18:52
BGT03443,USR074,INC00556,3650000,2100000rb,2050000,7800000,5750000,freelance,2024-09-16 12:00
BGT04448,USR023,INC00083,2250000,1650000,1100000,4950000,3900000,freelance,2023-03-13 16:51
BGT02091,USR036,INC06840,1350000,850000,600000,2800000rb,2200000,internship,2023-12-02 12:58
BGT02438,USR006,INC04223,600000,350000,150000,1100000,950000,allowance,2024-10-28 19:05
BGT01003,USR024,INC03295,1600000,900000,500000,3000000,2500000,allowance,2024-06-06 01:26
BGT04602,USR068,INC05512,2700000,1500000,900000,5100000,4200000,bonus,2024-11-03 23:08
BGT00821,USR019,INC07564,1000000,600000,350000,1950000,1600000,scholarship,2024-03-28 00:22
BGT08130,USR008,INC05205,600000,350000,350000,1300000,950000,allowance,2024-05-03 18:58
BGT03539,USR074,INC01168,4300000,2400000,2450000,9150000,6700000,salary,2023-06-18 20:23
BGT02820,USR038,INC01988,1250000,750000,550000,2550000,2000000,internship,2024-05-01 20:20
BGT04749,USR071,INC07123,4400000,2550000,2450000,9400000,6950000,business,2024-08-05 08:21
BGT02043,USR074,INC03270,1950000,1150000,900000,4000000,3100000,freelance,2023-07-11 00:56
BGT07342,USR052,INC02665,3950000,2550000,1400000,7900000,6500000,salary,2024-02-05 14:04
BGT04704,USR048,INC02797,1900000,1250000,900000,4000000,3150000,business,2023-10-09 17:17
BGT05601,USR006,INC01241,700000,400000,300000,1450000,1100000,allowance,2023-02-22 05:06
BGT02459,USR045,INC05552,2350000,1500000,1050000,4900000,3850000,freelance,2023-08-12 19:18
BGT08142,USR002,INC03143,600000,350000,300000,1250000,950000,part_time,2023-05-29 17:01
BGT05819,USR069,INC02031,4600000,2600000,1150000,8350000,7200000,freelance,2024-01-26 00:24
BGT07034,USR029,INC06180,2000000,1400000,850000,4250000,3400000,freelance,2024-07-09 15:14
BGT04390,USR002,INC08295,1050000,700000,500000,2250000,1750000,allowance,2023-04-04 10:46
BGT04544,USR049,INC00258,2800000,1600000,800000,,4400000,bonus,2023-03-15 03:40
BGT07149,USR026,INC03965,900000,550000,150000,1650000,1450000,freelance,2023-08-26 12:40
BGT02134,USR017,INC07133,950000,650000,450000,2050000,1600000,part_time,2023/11/07 11:45
BGT02527,USR061,INC07240,3200000,1850000,900000,5900000,5050000,investment_return,2023-09-22 20:38
BGT01595,USR053,INC08415,3250000,1850000,2000000,7100000,5100000,bonus,2023-09-07 06:08
BGT00578,USR001,INC09248,1200000,800000rb,300000,2300000,2000000,scholarship,2023-11-28 00:40
BGT03435,USR022,INC00057,1700000,1100000,900000,3650000,2800000,freelance,2024-08-03 09:01
BGT06061,USR046,INC02412,2700000,1950000,1300000,5950000,4650000,bonus,2023-05-06 22:15
BGT02344,USR066,INC04526,,1750000,1500000,6750000,5250000,,2024-03-28 02:04
BGT04769,USR006,INC09943,850000,550000,450000,1800000,1400000,allowance,2024-02-21 20:33
BGT06936,USR027,INC04382,2200000,1500000,1050000,4750000,3700000,internship,2024-06-03 06:36
BGT08930,USR007,INC02940,450000,300000,250000,1000000,750000,allowance,2024-10-31 14:41
BGT05088,USR065,INC04859,2250000,1550000,800000,4600000,3800000,freelance,2023-11-28 23:45
BGT03522,USR017,INC00997,1300000,,700000,2900000,2200000,scholarship,2023-12-08 05:14
BGT03995,USR073,INC02996,2650000,1600000,1350000,5600000,4250000,salary,
BGT04948,USR024,INC00691,2000000,1400000,1000000rb,4450000.00,3400000,freelance,2024-06-30 23:35
BGT02533,USR048,INC03713,2050000,1200000,500000,3750000,3250000,salary,2024-09-08 22:35
BGT07527,USR007,INC09388,1150000,600000,500000,2300000,1950000,allowance,2024-08-22 21:38
BGT05920,USR022,INC09278,1600000,1000000,650000,3250000,2600000,part_time,2023-03-14 10:29
BGT09868,USR067,INC09886,5350000,3200000,1150000,9700000,8550000,investment_return,2023-09-27 20:29
BGT03000,USR065,INC02157,5100000,3000000,1300000,9400000,8100000,bonus,2024-01-09 01:47
BGT09673,USR034,INC09106,1100000,800000,450000,2350000,1900000,part_time,2023-07-12 20:10
BGT02098,USR018,INC07438,1150000,800000,550000,2450000,1950000,allowance,2024-01-20 06:31
BGT06835,USR015,INC07356,1250000,800000,400000,2450000,2050000,allowance,2024-12-26 07:16
BGT06491,USR061,INC06261,2450000,1850000,1300000,5550000,4300000,investment_return,2024-10-19 17:24
BGT04515,USR053,INC06709,1450000,1000000,600000,3050000,2450000,bonus,2023-12-18 17:36
BGT05372,USR027,INC02873,1900000,1000000,850000,3750000,2900000,allowance,2023-05-18 12:24
BGT04693,USR071,INC04586,3650000,2150000,1650000,7450000,5800000,investment_return,2023-09-05 08:02
BGT07230,USR007,INC04989,650000,400000,300000,1350000rb,1050000,allowance,2024-05-08 17:19
BGT01069,USR020,INC06682,700000,400000,400000,1500000,1100000,allowance,2024-05-22 12:42
BGT07219,USR031,INC02477,1900000,1400000,800000,4100000,2400000,internship,2023-12-15 15:28
BGT01298,USR057,INC07228,2700000,1850000,1050000,5650000rb,4550000,salary,2023-06-21 13:39
BGT02587,USR063,INC02287,2200000,1400000,1050000,4650000,3600000,business,2024-04-16 10:36
BGT03041,USR028,INC02693,2650000,1450000,850000,4950000,4100000,part_time,2024-06-15 10:21
BGT02575,USR063,INC09519,3650000,,1850000,7800000,5900000,freelance,2024-04-03 01:50
BGT06044,USR029,INC00241,900000,400000,300000,1600000,1300000,allowance,2024-08-21 20:41
BGT06813,USR061,INC03254,2050000,1200000,750000,4000000,3250000,bonus,2023-12-05 20:38
BGT02075,USR058,INC04490,1600000,950000,1050000,3600000,2550000,bonus,
BGT08610,USR026,INC02684,2100000,1250000,1300000,4700000,3350000,freelance,2024-08-04 02:01
BGT09977,USR045,INC05000,1550000rb,1050000,900000,3550000,2600000,salary,2023-07-30 03:53
BGT04383,USR011,INC06327,700000,400000,300000,1450000,1350000,scholarship,2023-11-15 01:30
BGT03913,USR045,INC01324,1600000,1050000,900000,3550000,2650000,business,2023/04/18 17:13
BGT03087,USR045,INC03415,1650000,1000000,1050000,3700000,2650000,bonus,2024-02-12 18:40
BGT07420,USR003,INC09627,1350000,850000,600000,2800000,2200000,scholarship,2023-10-25 10:05
BGT02498,USR037,INC06162,2400000,1450000,850000,4700000,3850000,freelance,2024-12-10 13:04
BGT01374,USR054,INC06668,2900000,1900000,,6050000,4800000,business,2024-08-10 15:13
BGT08291,USR021,INC02630,2150000,1100000,650000,3950000,3250000,allowance,
BGT02574,USR068,INC05760,2700000,1650000,800000,5150000,4350000,bonus,2024-09-14 12:50
BGT07791,USR004,INC07539,500000,250000,250000,1000000,750000,part_time,2023-05-22 03:28
BGT09455,USR061,INC08849,3900000,2700000,1650000,8250000,6600000,freelance,2024-10-20 07:53
BGT08762,USR020,INC08269,850000,450000,350000,1700000,1300000,part_time,2023-04-24 07:25
BGT07261,USR048,INC03210,3150000,2050000,1200000,6400000,5200000,business,2023-09-28 13:24
BGT02827,USR015,INC09015,1600000,850000,500000,2950000,2500000,allowance,2023-10-02 13:47
BGT00994,USR067,INC00796,2850000,1700000,,5350000,4550000,investment_return,2024-07-29 21:22
BGT01076,USR012,INC08869,550000,300000,250000,1100000,850000,part_time,2024-02-01 19:01
BGT03586,USR071,INC02497,2150000,1200000,950000,4300000.00,3350000,bonus,2023-04-13 23:20
BGT08280,USR046,INC03321,1900000,1100000,850000,3850000,3000000,freelance,2024-08-03 01:07
BGT07139,USR061,INC05551,3950000,2650000,2200000,8800000,6600000,salary,
BGT06840,USR022,INC08613,2250000,1350000,950000,4550000,3600000,,2024-04-29 19:13
BGT06590,USR050,INC02368,2700000,1850000,1200000,5750000,4550000,freelance,2023-09-24 00:18
BGT04842,USR066,INC02415,4650000,2600000,1200000,8450000,7250000,freelance,2024-04-18 12:04
BGT03771,USR045,INC00088,3450000,2150000,900000,,5600000,salary,2024-08-31 03:48
BGT08064,USR023,INC00279,1750000,1250000,900000,3850000,3000000,internship,2024-01-03 23:35
BGT06054,USR073,INC03722,3450000,1800000,900000,6150000,5250000,investment_return,2023-03-13 20:59
BGT01609,USR043,INC07037,2450000,1500000,1050000,,3950000,bonus,2024-05-18 22:59
BGT09063,USR012,INC09207,1300000,700000,700000,2700000,2000000,part_time,2023-08-07 05:18
BGT09035,USR004,INC08072,1100000,650000,350000,2150000,1750000,scholarship,2023-04-02 19:11
BGT06812,USR059,INC07406,1850000,1300000,1050000,4250000,3150000,salary,2023-08-14 06:47
BGT04265,USR051,INC09894,3500000,1950000,900000,6350000,5450000,bonus,2023-08-13 12:53
BGT03476,USR016,INC09733,1100000,700000,700000,2500000,1800000,allowance,2024-05-27 19:36
BGT00505,USR049,INC02762,2550000,1500000,550000,4600000,4050000,freelance,2024-02-12 23:12
BGT00750,USR064,INC09299,4400000,2400000,1800000,8650000,6800000,bonus,2024-08-22 08:41
BGT02871,USR035,INC07191,1900000,1400000,900000,4200000,3300000,freelance,2023-01-30 01:30
BGT04645,USR046,INC03906,2500000,1400000,,4500000,3900000,bonus,13/03/2024 13:36
BGT01544,USR069,INC04179,2650000,1600000,850000,5100000,4250000,investment_return,2023-01-07 19:51
BGT02179,USR057,INC00770,3400000,1750000,1550000,6700000,5150000,freelance,2024-06-22 04:36
BGT02676,USR002,INC02076,550000,300000,200000,1050000,850000,allowance,2023-09-17 18:39
BGT00623,USR056,INC02969,,1600000,1100000,5100000,4000000,business,2024-10-11 13:20
BGT09633,USR003,INC03315,1300000,750000,550000,2600000,2050000,scholarship,2024-02-09 06:37
BGT01216,USR002,INC01255,,400000,250000,1350000,1050000,part_time,2024-03-12 03:19
BGT09146,USR005,INC06563,1550000,850000,650000,3000000,2400000,scholarship,2024-02-29 20:52
BGT01683,USR031,INC08004,1550000,950000,300000,2800000,2500000,internship,2024-06-15 08:40
BGT01659,USR063,INC02946,2150000,1200000,1300000,4700000,3350000,bonus,2024-09-06 17:49
BGT06621,USR046,INC01396,2700000,1600000,1700000,6000000,4300000,FREELANCE,2023-02-23 09:59
BGT01330,USR067,INC05705,2250000,1050000,800000,4100000,3300000,bonus,2024-03-22 07:12
BGT09458,USR024,INC09524,1900000,1300000,750000,3950000,3200000,part_time,2024-06-09 00:51
BGT07573,USR020,INC03152,800000,500000,300000,1600000,1300000,scholarship,2023-12-06 05:35
BGT09211,USR006,INC07643,1200000,800000,550000,2550000,2000000,part_time,2024-11-03 10:58
BGT01251,USR015,INC08858,1200000,700000,600000,2500000,1900000,part_time,2024-10-16 07:18
BGT00903,USR017,INC00482,1450000,750000,500000,2700000,2200000,allowance,2023-10-17 18:22
BGT01827,USR036,INC01141,2050000,1000000,750000,3800000,3050000,part_time,2024-08-13 03:18
BGT06808,USR013,INC05189,1100000,850000,550000,2550000,1950000,part_time,2023-11-10 16:07
BGT04134,USR007,INC09825,550000,350000,200000,1100000,900000,allowance,2024-09-24 06:28
BGT05468,USR017,INC06348,1050000,650000,600000,2250000,1700000,allowance,2024-11-05 02:59
BGT07189,USR043,INC02233,,-1350000,1200000,4600000,3400000,bonus,2023-04-20 21:43
BGT03901,USR051,INC04593,2800000,2100000,1300000,6250000,4900000,business,2024-11-02 10:41
BGT01462,USR052,INC03416,,2300000,1900000,7700000,5750000,business,2023-12-08 17:17
BGT01353,USR010,INC02469,1550000,850000,650000,3000000,2400000,part_time,2024-06-03 23:13
BGT06259,USR046,INC05259,2200000,1300000,500000,4000000,3500000,bonus,2024-12-27 02:16
BGT04566,USR039,INC05890,1600000,1100000,600000,3300000,2700000,allowance,2024-09-29 19:50
BGT02802,USR071,INC05337,4750000,2800000,1750000,9300000,7550000,salary,2024-09-30 01:41
BGT06238,USR017,INC07445,1450000,900000,450000,2800000,2350000,scholarship,2024-09-08 11:16
BGT00256,USR064,INC06914,4200000,2600000,1600000,8400000,6800000,salary,2024-07-02 21:46
BGT05817,USR063,INC02490,2850000,1800000,950000,5550000,4650000,business,2023-05-01 10:44
BGT06468,USR025,INC05095,1250000,850000,600000,2700000,2100000,part_time,2023-02-25 17:48
BGT07760,USR011,INC05179,1600000,850000,,2900000,2450000,scholarship,2023-09-19 22:07
BGT01370,USR068,INC03945,5100000,2500000,1650000,9250000,9450000,salary,2023-10-28 04:53
BGT00960,USR046,INC02108,3700000,2600000,1600000,7900000,6300000,business,2024-11-15 08:13
BGT03056,USR040,INC05762,1800000,1200000,,3950000,3000000,ALLOWANCE,2023-03-16 00:14
BGT01571,USR013,INC04939,800000,450000,500000,1750000,1250000,part_time,2024-09-24 03:38
BGT05980,USR056,INC06717,2600000,1600000,1550000,5750000,4200000,freelance,2023-07-25 10:47
BGT02534,USR046,INC06926,2400000,1250000,,4850000,3650000,salary,30/11/2023 19:22
BGT01486,USR051,INC08185,2200000,1300000,1200000,4700000,3500000,salary,2024-03-06 18:46
BGT09265,USR006,INC02611,1450000,850000,700000,2950000,2300000,scholarship,2023-12-19 09:14
BGT05369,USR038,INC05966,2050000,1300000,850000,,3350000,allowance,2024-07-22 08:06
BGT02416,USR069,INC03821,1800000,1250000,1000000,4050000,3050000,freelance,2023-09-12 02:33
BGT07613,USR014,INC07824,650000,400000,300000,1350000,1050000,scholarship,2023-03-04 17:18
BGT05421,USR007,INC09774,900000,600000,300000,1750000,1500000,allowance,2024-05-07 10:15
BGT05101,USR050,INC04209,1850000,1050000,950000,3850000,2900000,bonus,2024-07-30 20:21
BGT02725,USR039,INC04798,-2050000,1400000,800000,4300000,3450000,allowance,2023-08-24 20:48
BGT00016,USR003,INC09183,1200000,650000,250000,2100000,1850000,part_time,2023-06-10 11:20
BGT02282,USR071,INC09556,3950000,2400000,1200000,7550000,6350000,freelance,2023-08-27 02:50
BGT04272,USR001,INC03506,1450000,800000,600000,2800000,2250000,part_time,2024-10-26 17:24
BGT07128,USR056,INC09120,1800000,1100000,1050000,3950000,2900000,business,2023-12-07 00:25
BGT01913,USR020,INC00715,,500000,400000,1900000,1500000,allowance,2023-08-08 20:24
BGT09956,USR019,INC00785,700000,500000,300000,1500000,1200000,part_time,2023-04-13 19:40
BGT05597,USR032,INC01774,1800000,1050000,650000,3550000,2850000,internship,2023-09-02 16:18
BGT00988,USR042,INC00799,1550000,1000000,650000,3150000,2550000,salary,2024-06-30 10:06
BGT06376,USR065,INC00337,2350000,1400000,900000,4650000,3750000,investment_return,2023-09-26 05:28
BGT05117,USR046,INC06995,3100000,1900000,1350000,6350000,5000000,BONUS,2024-06-30 12:51
BGT05095,USR012,INC03290,1400000,800000,350000,2550000,2200000,scholarship,2024-09-08 03:44
BGT04976,USR055,INC09621,1400000,900000,700000,3000000,2750000,salary,2024-01-19 23:57
BGT00029,USR049,INC04655,3550000,,1900000,7700000,5800000,bonus,2024-05-13 06:38
BGT01920,USR012,INC00268,750000,500000,350000,1600000,1250000,allowance,2023-03-28 05:03
BGT02349,USR060,INC09776,4150000,2200000,1300000,7650000,6350000,freelance,2024-02-22 02:05
BGT08501,USR075,INC03006,4900000,2600000,1750000,9200000,7500000,bonus,2023-03-28 00:08
BGT02708,USR007,INC02467,900000,,600000,2000000,1450000,part_time,2024-04-17 11:26
BGT01621,USR060,INC05076,1750000,1000000,750000rb,3500000,2750000,business,2023-06-10 01:22
BGT05107,USR020,INC03376,550000,400000,,1150000,950000,scholarship,2023-05-16 09:51
BGT07598,USR058,INC09542,3650000,2350000,1600000,7650000,6000000,business,2024-04-30 05:47
BGT01779,USR067,INC07870,5450000,3200000,1300000,9950000,8650000,bonus,2023-05-30 16:45
BGT00433,USR005,INC09663,900000,500000,350000,1750000,1400000,allowance,2023-07-30 22:51
BGT09271,USR032,INC00310,1450000,950000,850000,3200000,2400000,internship,2024-08-12 04:10
BGT06213,USR006,INC08693,950000,600000,450000rb,2000000,1550000,part_time,2024-09-18 23:05
BGT03660,USR023,INC02730,1750000,900000,700000,3350000.00,2650000,freelance,2023-11-17 22:08
BGT03979,USR009,INC03583,550000,350000,150000,1000000,900000,allowance,2023-11-30 02:41
BGT03160,USR059,INC09438,3150000,1950000,1450000,6550000,5100000,business,2024-08-14 06:21
BGT06279,USR016,INC08355,1100000,650000,300000,2050000,1750000,part_time,2023-08-27 09:06
BGT03619,USR026,INC03485,1500000,850000,500000,2850000,2350000,freelance,2023-01-08 16:25
BGT05706,USR003,INC01755,750000,450000,500000,1650000,1200000,part_time,2023-06-18 05:48
BGT06183,USR050,INC05711,1600000,1050000,600000,3250000,2650000,salary,2023-10-05 06:45
BGT09900,USR065,INC03090,3800000,2050000,1300000,7150000,5850000,freelance,2024-03-26 19:06
BGT02677,USR070,INC04519,2000000,1400000,1000000,4400000,3400000,freelance,2023-12-21 23:52
BGT04532,USR062,INC03856,4600000,3000000,1250000,,7600000,salary,2023-05-19 00:32
BGT05750,USR054,INC05790,-3600000,2250000,1650000,7450000,5850000,salary,2024-02-29 00:06
BGT08706,USR015,INC07591,850000,450000,350000,1650000,1300000,allowance,2024-09-11 08:29
BGT00102,USR065,INC07882,4650000,2750000,1200000,8600000,7400000,investment_return,2023-12-05 08:41
BGT05159,USR013,INC00251,1400000,850000,750000,3000000,2250000,allowance,2024-11-29 04:04
BGT06233,USR015,INC07201,-1650000,800000,550000,3000000,2450000,part_time,2024-12-24 12:13
BGT05934,USR045,INC03031,2750000rb,1750000,900000,5400000,4500000,bonus,2024-10-30 03:39
BGT07970,USR013,INC07944,850000,650000,350000,1850000,1500000,part_time,2023-01-03 10:25
BGT07302,USR019,INC00341,1100000,750000,300000,2150000,1850000,scholarship,04/03/2023 12:33
BGT01034,USR010,INC06157,600000,350000,200000,1150000,950000,allowance,2024-06-10 08:22
BGT05596,USR006,INC02131,1100000,700000,300000,2100000,1800000,scholarship,2024-04-30 21:37
BGT06058,USR027,INC06040,2000000,,950000,4350000,3400000,allowance,2024-11-24 01:04
BGT01049,USR072,INC06754,3750000,2150000,1200000,7100000,5900000,freelance,2023-08-01 13:47
BGT08470,USR056,INC07866,2150000,1250000,650000,4100000,3400000,business,2024-12-21 19:33
BGT07450,USR012,INC09942,1250000,-700000,,2300000,1950000,part_time,2023-09-19 10:53
BGT05428,USR001,INC07658,1200000,800000,450000,2400000,2000000,scholarship,2023-04-15 23:16
BGT01103,USR005,INC07181,850000,450000,400000,1700000,1300000,scholarship,2024-09-09 06:37
BGT07366,USR045,INC07310,3450000,1750000,1050000,6300000,5200000,freelance,2024-09-20 13:54
BGT03850,USR025,INC05317,1100000,650000,350000,2100000.00,1750000,allowance,2024-10-29 19:15
BGT06782,USR046,INC04496,2950000,1800000,850000,5550000,4750000,freelance,2023-05-25 12:09
BGT04205,USR050,INC07531,4000000,2300000,,7700000,6300000,bonus,2024-08-29 18:33
BGT08483,USR029,INC02602,2500000,1400000,650000,4500000,3900000,part_time,2024-09-27 03:19
BGT07511,USR003,INC01334,1250000,800000,350000rb,2400000,2050000,allowance,2023-08-16 19:52
BGT06763,USR054,INC01790,1800000,1050000,900000,3700000,2850000,salary,2024-04-23 02:17
BGT03904,USR067,INC07326,2500000,1600000,600000,4750000,4100000,investment_return,2023-07-18 17:43
BGT04059,USR049,INC04522,3400000,2000000,1350000,6750000,5400000,bonus,2023-03-11 23:55
BGT06630,USR035,INC05640,2200000,1550000,750000,4500000,3750000,freelance,2024-01-19 19:59
BGT05036,USR041,INC04673,3150000,1750000,800000,5700000,4900000,salary,2023-05-02 14:37
BGT02053,USR048,INC09738,3650000,2100000,1250000,7050000,5750000,salary,2023-12-06 20:36
BGT09651,USR063,INC06060,2750000rb,2050000,1350000,6150000,4800000,freelance,2024-04-09 07:02
BGT01736,USR037,INC05152,1850000,1100000,1100000,4000000,2950000,part_time,2024/08/21 12:42
BGT00549,USR067,INC06475,3300000,1950000,,6550000,5250000,bonus,2023-03-04 21:01
BGT02160,USR073,INC08141,3000000,1600000,950000,5600000,4600000,investment_return,2024-08-29 00:27
BGT00747,USR017,INC04862,1000000,550000,500000,2050000,1550000,allowance,2023-11-10 10:41
BGT02117,USR003,INC02070,1000000,600000,450000,2050000,1600000,allowance,2024-01-20 20:27
BGT01204,USR058,INC06818,1600000,1050000,600000,3250000,2650000,salary,2023-07-13 14:11
BGT09688,USR005,INC05870,650000,350000,250000,1250000,1000000,allowance,2023-11-19 12:46
BGT06212,USR020,INC08834,900000,550000,250000,1700000,1450000,part_time,2023-12-09 01:10
BGT02635,USR017,INC04284,1050000,650000,600000,2300000,1700000,allowance,2023-08-26 13:56
BGT07112,USR041,INC02613,2400000,,600000,4400000,3750000,salary,2024-05-27 19:07
BGT05031,USR054,INC00745,3000000,1950000,800000,5750000,4950000,salary,2024-06-19 02:47
BGT00356,USR002,INC04176,500000,350000,250000,1100000,850000,allowance,2024-09-18 03:21
BGT00842,USR018,INC07986,1150000,700000,450000,2300000,1850000,part_time,2024-10-28 08:01
BGT08349,USR007,INC01642,650000,400000,250000,1300000,1050000,scholarship,2024-08-20 14:33
BGT01582,USR024,INC05723,1050000,700000,400000,2150000,1750000,part_time,2024-06-27 07:59
BGT02933,USR004,INC03853,900000,450000,350000,1700000,1350000,PART_TIME,2024-07-09 14:07
BGT05301,USR064,INC05412,2900000,1550000,1550000,6000000,4450000,bonus,2024-05-15 13:16
BGT01297,USR069,INC08187,3050000,1600000,1450000,6100000,4650000,salary,2023-04-27 12:55
BGT02781,USR055,INC09963,1900000,1200000,550000,3650000,3100000,freelance,2023-04-13 19:16
BGT04629,USR071,INC04869,4600000,3250000,1700000,9550000,7850000,bonus,2023-02-25 08:51
BGT09051,USR017,INC07148,,750000,250000,2200000,1950000,allowance,2023-11-16 04:54
BGT02832,USR075,INC09483,2150000,1100000,850000,4150000,3250000,investment_return,2023-05-15 15:17
BGT01918,USR053,INC02717,2200000,1300000,900000,4400000,3500000,salary,2024/04/15 20:56
BGT01145,USR054,INC06305,3100000,1850000,650000,5600000,4950000,business,2023-03-03 22:09
BGT07773,USR067,INC01684,2050000,1500000,950000,4500000,3550000,bonus,2023-01-17 02:54
BGT03387,USR068,INC08239,2750000,1650000,800000,5200000,4400000,freelance,2023-03-13 17:48
BGT09877,USR055,INC07809,2400000,1500000,900000,4850000,3900000,business,
BGT07202,USR046,INC03512,2000000,1450000,1100000,4600000,3450000,business,2023-04-10 16:21
BGT02808,USR067,INC00587,4800000,2450000,1500000,8700000,7250000,investment_return,2024-01-27 09:05
BGT02435,USR061,INC04143,2200000,1400000,1050000,4650000,3600000,business,
BGT02063,USR053,INC07646,3050000,2000000,900000,5950000,5050000,business,2023-11-10 00:51
BGT05030,USR009,INC08502,1100000,800000,500000,2350000,1900000,allowance,2024-10-13 12:09
BGT08808,USR033,INC08438,1000000,600000,350000,1950000,1600000,part_time,2024-08-30 16:00
BGT05972,USR019,INC02247,-850000,600000,400000,1800000,1450000,part_time,2023-01-23 03:55
BGT09352,USR071,INC01169,3100000,1650000,1450000,6200000,4750000,investment_return,2024-02-26 21:28
BGT09798,USR036,INC00495,2250000,1300000,500000,4050000,3550000,internship,
BGT03123,USR030,INC09249,1750000,1050000,900000,3700000,2800000,freelance,2023-05-21 02:03
BGT06604,USR054,INC00555,3000000,1700000,1600000,6300000,4700000,freelance,2023-04-10 04:25
BGT09397,USR034,INC07785,2300000,1400000,900000,4600000,3700000,part_time,2023-06-02 22:17
BGT09649,USR071,INC08434,4550000,2550000,2750000,9850000,7100000,investment_return,2023-06-26 00:34
BGT01014,USR061,INC03769,3650000,2550000,1250000,7450000,6200000,business,
BGT07749,USR048,INC03456,1850000,1200000,800000,3850000,3050000,salary,2023-06-18 21:19
BGT02212,USR065,INC09726,2150000,1550000,1150000,4850000,3700000,bonus,2024-04-05 05:32
BGT07176,USR037,INC04544,1200000,650000,600000,2450000,1850000,allowance,2024-04-23 13:28
BGT09520,USR074,INC03024,4850000,2850000,1450000,9150000,7700000,business,2023-07-28 08:27
BGT02364,USR024,INC04161,2400000,1450000,550000,4400000,3850000,allowance,2024-03-23 02:57
BGT04628,USR045,INC07169,3500000,2450000,1650000,7600000,4700000,salary,2024-01-07 14:54
BGT09602,USR041,INC02722,2800000,1750000,1300000,5850000,4550000,freelance,2024-06-21 03:52
BGT02711,USR017,INC01898,800000,500000,400000,1700000,1300000,part_time,2023-05-03 03:55
BGT06180,USR055,INC00123,3400000,1900000,1000000,6250000,5300000,salary,2023-10-22 14:02
BGT00523,USR008,INC02250,700000,,250000,1400000,1150000,scholarship,2024-01-19 08:48
BGT09505,USR062,INC00594,4650000,2550000,1900000,9150000,7200000,salary,2024-07-21 00:02
BGT08066,USR018,INC03466,1300000,800000,550000,2650000,2100000,part_time,
BGT09814,USR047,INC04220,3400000,-2100000,2250000,7750000,5500000,bonus,2023-12-03 03:14
BGT03699,USR011,INC07692,450000,300000,250000,1000000,750000,part_time,2024-01-30 07:10
BGT09905,USR062,INC00862,4450000,2250000,1250000,7950000,6700000,freelance,2024-06-21 19:14
BGT09833,USR016,INC04585,1100000,600000,450000,2150000,1700000,scholarship,2023-01-08 18:29
BGT08375,USR057,INC08785,2150000,1200000,1100000rb,4500000,3350000,bonus,2024-05-15 20:11
BGT03006,USR021,INC09147,1100000,650000,550000,2300000,1750000,freelance,2023-06-08 14:48
BGT05653,USR044,INC06819,2500000,1500000,1200000,5200000,4000000,freelance,2024-08-30 15:11
BGT03057,USR045,INC01245,1700000,950000,450000,3100000,2650000,freelance,2024-01-03 04:01
BGT06578,USR042,INC02205,3900000,2500000,1200000,7650000.00,6400000,business,2024-11-24 06:19
BGT09356,USR054,INC05319,2300000,1200000,1200000,4700000,3500000,salary,2023-10-27 00:21
BGT00343,USR062,INC08514,4250000,2450000,1200000,7900000,6700000,salary,2023-02-19 08:45
BGT05916,USR025,INC08837,1650000,800000,550000,3000000.00,2450000,freelance,2023-10-29 21:47
BGT07718,USR058,INC08452,2800000,2050000,1550000,6400000,4850000,freelance,2024-01-04 06:00
BGT01863,USR070,INC07741,4150000,2450000,1350000,7950000,6600000,investment_return,2024-02-24 10:15
BGT01005,USR029,INC02473,1800000,950000,600000,3350000,2750000,freelance,2024-09-24 23:27
BGT06224,USR041,INC03850,3200000,1900000,1600000,6700000,5100000,salary,2024-07-11 05:02
BGT05618,USR060,INC03886,3800000,2150000,2000000,7950000,5950000,BONUS,2024-11-28 13:08
BGT05122,USR002,INC00869,1400000,850000,800000,3000000,2250000,part_time,2024-05-31 12:58
BGT06582,USR058,INC08273,3550000,2050000,1750000,7350000,5600000,business,2023-11-03 10:02
BGT09169,USR033,INC04347,2200000,1250000,1200000,4650000,3450000,internship,2023-09-23 10:21
BGT06266,USR049,INC07970,3250000,1800000,1350000,6350000,5050000,freelance,2023-10-10 21:16
BGT06383,USR044,INC04541,2400000,1450000,1050000,4900000,3850000,bonus,2024-02-11 08:32
BGT02062,USR034,INC07764,1400000,800000,500000,2750000,2200000,allowance,2024-06-26 21:37
BGT05705,USR070,INC02854,5250000,2550000,1950000,9750000,7800000,business,2024-06-19 21:28
BGT03741,USR074,INC01743,3500000,1850000,1500000,6900000,5350000,salary,2024-05-26 01:10
BGT00816,USR065,INC08716,3600000,2250000,2150000,8000000,5850000,freelance,2023-05-31 14:12
BGT02391,USR053,INC07130,1600000,950000,1000000,3550000,2550000,freelance,2024-07-16 13:06
BGT05374,USR059,INC01679,2900000,1800000,700000,5400000,4700000,business,
BGT04582,USR050,INC02408,1950000,1350000,1050000,4350000,3300000,bonus,2024-04-05 12:00
BGT02812,USR021,INC00082,1750000,950000,500000,3200000,2700000,allowance,2024-06-08 03:46
BGT01669,USR029,INC08980,1100000,700000,550000,2350000,1800000,part_time,2024-03-17 11:42
BGT00185,USR016,INC05376,1100000,650000,350000,2100000,1750000,part_time,2023-01-26 10:16
BGT02115,USR049,INC05414,2050000,1050000,900000,4000000,3100000,freelance,2023-10-29 04:01
BGT03533,USR017,INC07264,1400000,700000,450000,2550000,2100000,scholarship,19/03/2023 21:49
BGT00084,USR007,INC03507,750000,400000,200000,1350000,1150000,scholarship,2023-07-02 20:19
BGT08535,USR072,INC07936,2300000,1200000,950000,4450000,3500000,business,2023-02-25 05:26
BGT07259,USR029,INC09129,1500000,750000,550000,2800000,2250000,freelance,2024-11-25 12:59
BGT08795,USR024,INC09060,1800000,1200000,1000000,4000000,3000000,allowance,2023-05-31 17:42
BGT00414,USR032,INC00242,1400000,1000000,500000,2900000,2400000,internship,20/06/2024 02:52
BGT08275,USR050,INC02852,1500000,950000,700000,3100000,2450000,salary,2024-01-16 06:01
BGT02880,USR016,INC01550,1150000,,300000,2100000,1800000,scholarship,2024-03-03 21:35
BGT06140,USR046,INC02154,4000000,2050000,1600000,7650000,6050000,business,2023-02-23 13:37
BGT09080,USR075,INC04941,2750000,1450000,800000,5000000,4200000,freelance,2024-04-16 23:03
BGT05123,USR050,INC05413,1600000,1000000,750000,3350000,2600000,salary,2023-12-05 05:43
BGT01362,USR008,INC07981,1300000,750000,250000,2300000,2050000,allowance,2024-08-20 07:08
BGT01051,USR009,INC02956,500000,250000,250000,,750000,allowance,2023-03-25 01:53
BGT06318,USR056,INC02119,-2050000,1250000,1000000,4300000,3550000,salary,2024-09-30 06:04
BGT08740,USR029,INC05801,950000,450000,300000,1700000,1400000,allowance,2024-05-22 03:02
BGT01520,USR015,INC04414,1250000,600000,500000,2350000,1850000,part_time,2024-08-13 20:35
BGT08297,USR036,INC04954,1150000,600000,300000,2050000,1750000,internship,2023-08-22 22:42
BGT08524,USR065,INC04253,4150000rb,2550000,2350000,9050000,6700000,freelance,2023-02-10 07:06
BGT08009,USR066,INC09223,3650000,2200000,1050000,6900000,5850000,investment_return,2024-10-23 10:22
BGT01578,USR010,INC07143,800000,500000,200000,1500000,1300000,scholarship,2024-02-06 20:12
BGT00645,USR030,INC06341,2550000,1600000,550000,4700000,4150000,allowance,2024-06-02 07:11
BGT04028,USR030,INC06423,1900000,1100000,850000,3850000,3000000,PART_TIME,2023-10-20 06:26
BGT06325,USR051,INC00434,2950000,2000000,1450000,6400000,4950000,freelance,2024-11-29 05:22
BGT08070,USR072,INC08384,3750000,1900000,1400000,7100000,5650000,salary,2024-03-16 20:17
BGT03887,USR020,INC08165,600000,350000,150000,1050000,950000,scholarship,2024-08-11 08:32
BGT06222,USR074,INC01155,2100000,1300000,750000,,3400000,freelance,2023-11-09 13:00
BGT00685,USR069,INC05246,2750000,1700000,900000,5350000,4450000,bonus,2024-09-01 21:02
BGT07379,USR014,INC06021,800000,400000,250000,1450000,1200000,part_time,2024-05-01 18:51
BGT04275,USR009,INC06025,1200000,700000,650000,2550000,1900000,part_time,2024/11/06 09:48
BGT02579,USR070,INC08272,3000000,1800000,1900000,6700000,4800000,business,2024-12-05 06:54
BGT00313,USR037,INC00053,1800000,1150000,700000,3650000,2950000,allowance,2024-02-14 20:28
BGT06090,USR052,INC09996,3300000,1950000,,7200000,5250000,business,2023-08-15 04:43
BGT01634,USR003,INC02737,1050000,600000,300000,1950000,1650000,part_time,2024-08-14 00:38
BGT08459,USR029,INC07987,2300000,1350000,700000,4300000,3650000,freelance,2023-09-26 05:35
BGT03814,USR037,INC07091,1350000,750000,550000,2650000,2100000,freelance,2023-07-10 15:24
BGT01662,USR044,INC09453,2600000,1650000,1050000,5350000,4250000,bonus,2024-08-01 07:59
BGT00202,USR066,INC06091,2850000,1850000,1500000,6150000,4700000,bonus,2024-07-07 12:31
BGT04312,USR045,INC01779,2200000,1300000,650000,4150000,3500000,business,2024-11-07 03:35
BGT08778,USR003,INC00781,850000,500000,450000,1800000,1350000,allowance,2023-11-13 18:21
BGT07158,USR052,INC06125,1750000,1250000,850000,3850000,3000000,business,2023-04-18 14:30
BGT01432,USR004,INC04755,1100000,800000,550000,2500000,1900000,part_time,2024-08-25 04:55
BGT01439,USR030,INC07453,1550000,850000,650000,3000000,1750000,part_time,
BGT05685,USR003,INC08440,1500000,750000,550000,2800000,2250000,,2024-07-12 01:13
BGT09079,USR027,INC04540,1600000,950000,,3100000,2550000,freelance,2024-01-30 20:06
BGT00040,USR043,INC02274,1950000,1250000,750000,3950000,3200000,freelance,2024-08-07 02:23
BGT03738,USR042,INC08781,2550000,1700000,1550000,5800000,4250000,salary,2023-02-19 12:39
BGT05796,USR005,INC04412,1200000,750000,450000,2400000,1950000,allowance,2024-01-02 02:14
BGT00242,USR014,INC01553,600000,300000,200000,1100000,900000,allowance,2024-05-12 12:27
BGT01296,USR033,INC09941,1050000,500000,350000,1900000,1550000,internship,2024-08-18 14:13
BGT04556,USR026,INC04254,1550000,900000,800000,3250000,2450000,internship,2024-11-04 19:53
BGT08853,USR041,INC00466,3700000,2400000,1900000,8000000,6100000,bonus,2023-04-08 06:35
BGT09326,USR002,INC01581,950000,500000,250000,1700000,1450000,allowance,2023-11-14 12:03
BGT05498,USR060,INC02251,1800000,1050000,750000,3600000,2850000,bonus,2023-01-23 00:35
BGT06875,USR069,INC03307,4050000,3000000,1750000,8800000,7050000,freelance,2023-12-13 20:57
BGT03848,USR055,INC01448,1450000,1000000,600000,3050000,2450000,bonus,2024-12-02 06:04
BGT07456,USR022,INC09576,1900000rb,1200000,600000,3700000,3100000,allowance,21/09/2023 13:11
BGT04054,USR028,INC05158,2300000,1250000,900000,4400000,3550000,freelance,2024-03-20 12:19
BGT00968,USR003,INC06182,700000,450000,450000,1600000,1150000,scholarship,2024-11-14 13:18
BGT05918,USR072,INC06839,3800000,2200000,2450000,8450000,6000000,business,2023-04-17 11:37
BGT03285,USR072,INC07893,3900000,2700000,1550000,8150000,6600000,freelance,2024-02-19 02:53
BGT08039,USR034,INC02195,2250000,1400000,1050000,4700000,3650000,allowance,2024-07-11 04:56
BGT04782,USR027,INC06446,2400000,1500000,950000,4850000,3900000,freelance,2023-04-11 15:50
BGT07689,USR037,INC00754,2300000,,1100000,4650000,3550000,internship,2023-12-21 07:39
BGT09158,USR069,INC01735,2550000rb,1650000,1200000,5400000,4200000,business,2024-06-06 08:29
BGT09930,USR037,INC01488,950000,500000,250000,1700000,1450000,internship,2023-03-11 12:38
BGT05860,USR038,INC00214,1950000,1350000,800000,4100000,3300000,freelance,2024-05-07 13:59
BGT04914,USR023,INC03682,1800000,1050000,1000000,3800000,2850000,internship,2024-07-10 21:14
BGT09847,USR043,INC02486,1800000,1300000,700000,3800000,3100000,bonus,2023-07-10 02:17
BGT04719,USR059,INC01783,1850000,1150000,750000,3750000,3000000,freelance,2024-05-12 08:32
BGT07006,USR067,INC04077,3350000,2450000,1850000,7650000,5800000,bonus,2024-06-14 16:25
BGT03025,USR041,INC00645,3500000,1950000,2050000,7500000,5450000,freelance,2024-08-19 07:49
BGT07159,USR039,INC05065,2600000,1300000,800000,4700000,3900000,part_time,2023/10/25 10:56
BGT00962,USR026,INC08582,2000000,1400000,1050000,4450000,3400000,part_time,2024-08-12 15:05
BGT03897,USR052,INC01500,3000000,2200000,1450000,6650000,5200000,salary,2023-11-30 18:25
BGT01997,USR045,INC02761,2300000,1250000,600000,4150000,3550000,BONUS,2023-11-15 22:02
BGT05558,USR007,INC09391,1300000,950000,600000,2850000,2250000,part_time,2023-12-07 01:58
BGT01866,USR066,INC02749,5300000,3150000,1400000,9850000,8450000,bonus,2023-12-26 14:41
BGT05738,USR032,INC05729,2250000,1500000,950000,4650000,3750000,freelance,2024-07-02 11:52
BGT09789,USR051,INC05566,3300000,2150000,1900000,7350000,5450000,business,2023-11-04 11:18
BGT01701,USR064,INC03133,3750000,2050000,1550000,7350000,5800000,freelance,2023-08-29 20:44
BGT09880,USR046,INC05126,2300000,1450000,750000,4550000,3750000,business,2023-10-17 17:15
BGT06774,USR037,INC00093,900000,450000,300000,1650000.00,1350000,allowance,2024-12-02 03:59
BGT00380,USR017,INC08389,1000000,600000,300000,1850000,1600000,allowance,2023-03-27 10:34
BGT03385,USR018,INC09671,800000rb,600000,400000,1800000,1400000,allowance,2023-06-26 14:35
BGT07558,USR038,INC01817,1000000,600000,200000,1800000,1600000,INTERNSHIP,2023-12-15 03:24
BGT08888,USR033,INC09328,1150000,550000,350000,2050000,1700000,freelance,2024-09-27 12:47
BGT04044,USR069,INC09464,4450000,3050000,2400000,9900000,7500000,salary,2023-12-27 12:50
BGT01105,USR070,INC03153,5000000,3050000,1550000,9600000,8050000,business,2024-12-06 03:20
BGT06856,USR015,INC08956,1400000,850000,350000,2600000,2250000,part_time,2023-10-05 21:06
BGT03639,USR014,INC07865,1200000,600000,500000,2300000,1800000,part_time,2023-09-21 02:01
BGT08583,USR052,INC06567,2850000,1700000,1350000,5900000,4550000,business,2023-06-07 03:36
BGT00629,USR074,INC02906,3000000,2050000,1350000,6350000,5050000,investment_return,2023-01-14 10:15
BGT01171,USR003,INC08275,,650000,350000,2300000,1950000,scholarship,2023-08-12 13:35
BGT08753,USR060,INC07340,3350000,2250000,1700000,7300000,5600000,salary,2024-10-07 13:49
BGT07266,USR054,INC04542,2250000,1450000,1050000,4750000,3700000,bonus,2024-08-26 06:42
BGT04617,USR034,INC09059,1350000,750000,300000,2450000,2100000,part_time,2023-07-19 02:50
BGT04242,USR016,INC09622,1100000,700000,650000,2450000,1800000,part_time,2023-09-22 01:44
BGT05725,USR064,INC07760,4700000,3000000,,9350000,7700000,business,2023-06-13 14:44
BGT09025,USR050,INC06171,3800000,2000000,1350000,7200000,5800000,salary,2023-08-30 19:26
BGT06968,USR070,INC02840,4950000,2500000,1750000,9200000rb,7450000,investment_return,2024-04-22 12:18
BGT00998,USR056,INC04334,3500000,1900000,1350000,6750000,5400000,freelance,2023-03-29 11:32
BGT09364,USR006,INC05707,1600000,950000rb,450000,,2550000,scholarship,2024-05-14 18:38
BGT04006,USR019,INC02275,1400000,850000,350000,2550000,2250000,allowance,2023-01-08 15:28
BGT01735,USR055,INC04238,1850000,950000,850000,3600000,2800000,salary,2023/05/03 03:53
BGT02608,USR075,INC03972,3500000,1900000,1900000,7250000,5400000,business,2023-03-01 16:31
BGT07939,USR038,INC03834,1650000,1000000,950000,3600000,2650000,allowance,2023-02-17 16:39
BGT05186,USR058,INC09698,4000000,1900000,1200000,7100000,5900000,freelance,25/09/2023 01:05
BGT02828,USR020,INC05203,1100000,700000,300000,2050000,1800000,allowance,2023-12-29 04:20
BGT06767,USR011,INC09218,700000,400000,200000rb,1250000,1100000,scholarship,2024-11-06 14:17
BGT08466,USR070,INC05132,3550000,2100000,2400000,8050000,5650000,business,2023-02-04 03:09
BGT03810,USR070,INC03670,2050000,1150000,1150000,4350000,3200000,freelance,2024-08-30 09:28
BGT08015,USR006,INC07907,1000000,600000,300000,1850000,1600000,allowance,2024-04-12 08:11
BGT07867,USR047,INC01348,2500000,1350000,1100000,4950000,3850000,freelance,2023-04-13 22:30
BGT05741,USR046,INC04499,3100000,1900000,600000,5600000,5000000,freelance,2024-06-28 02:44
BGT03635,USR035,INC03489,1600000,950000,350000,2950000,2550000,internship,2023-11-28 22:13
BGT09839,USR027,INC08041,2300000,1200000,750000,4300000,3500000,allowance,2023-09-03 00:04
BGT01515,USR014,INC03027,1250000,850000,600000,2700000,2500000,part_time,2024-12-07 16:38
BGT05298,USR060,INC04312,3750000,2000000,1100000,6850000,5750000,freelance,2023-11-22 08:50
BGT01117,USR004,INC05986,1450000,700000,500000,2650000,2150000,allowance,
BGT05385,USR023,INC01234,2350000,1600000,750000,4700000,3950000,internship,2023-01-05 03:25
BGT03794,USR073,INC09682,2100000,1450000,1000000,4550000,3550000,investment_return,2023-01-17 15:18
BGT07223,USR009,INC02714,950000,450000,300000,1700000,1400000,part_time,2023-08-17 22:10
BGT09166,USR029,INC06086,1300000,850000,700000,2900000,2150000,allowance,2023-09-21 17:15
BGT05803,USR018,INC06565,1400000,750000,550000,2700000,2150000,part_time,2023-05-20 06:05
BGT08550,USR004,INC00699,750000,550000,300000,1550000,1300000,scholarship,01/04/2023 07:39
BGT04501,USR003,INC09737,1050000,550000,500000,2100000,1600000,scholarship,2024-10-06 01:43
BGT05334,USR031,INC06255,1250000,800000,500000,2600000,2050000,allowance,2024-02-11 22:23
BGT04326,USR058,INC02285,2300000,1650000,1250000,5200000,3950000,salary,2024-09-26 07:49
BGT09491,USR038,INC06082,2250000,1550000,900000,4700000,3800000,part_time,2023-01-31 17:22
BGT09126,USR049,INC06073,3500000,2550000,1700000,7750000,6050000,freelance,2024-11-19 09:12
BGT03428,USR067,INC06205,3050000,2300000,1400000,6750000,5350000,investment_return,2023-10-28 11:09
BGT04156,USR073,INC05359,3100000,2100000,1650000,6850000,5200000,salary,2024-05-23 18:18
BGT02620,USR061,INC04272,2400000,1550000,1550000,5500000,3950000,investment_return,2023-12-15 12:30
BGT04655,USR001,INC04070,950000,650000,300000,1900000,1600000,allowance,2023-02-22 13:13
BGT03451,USR015,INC06667,1150000,600000,550000,2300000,1750000,scholarship,2024-03-31 18:51
BGT05649,USR022,INC05160,1800000,1050000,900000,3750000,2850000,allowance,2023-04-28 10:47
BGT04917,USR018,INC03108,1300000,750000,350000,2400000,2050000,part_time,2023-09-02 19:11
BGT08121,USR041,INC04695,1850000,1150000,1000000,4000000,3000000,bonus,2023-07-22 07:20
BGT09561,USR006,INC01140,1100000,650000,250000,2000000,1750000,allowance,2024-11-03 07:23
BGT05337,USR003,INC01001,1500000,1000000,450000,2900000,2500000,allowance,2023-01-24 18:05
BGT02578,USR041,INC09061,2000000,1300000,1150000,4500000,3300000,salary,2024-08-04 16:25
BGT03867,USR003,INC00510,1400000,700000,400000,2500000,2100000,scholarship,2024-06-02 07:49
BGT07138,USR058,INC07999,3100000,1750000,1400000,6250000,4850000,salary,2024-12-08 06:13
BGT09976,USR045,INC04657,1950000,1100000,850000,3900000,3050000,bonus,2024-01-12 11:29
BGT07756,USR017,INC01701,1500000,850000,450000,2800000,2350000,part_time,2024-06-30 14:55
BGT07072,USR048,INC09869,3450000,2150000,2100000,7700000,5600000,salary,2024-03-20 11:58
BGT09945,USR030,INC06987,,1050000,500000,3150000,2650000,freelance,2023-06-05 05:12
BGT07893,USR019,INC02936,1350000,900000,550000rb,2800000,2250000,scholarship,2024-07-10 14:06
BGT08609,USR056,INC07229,2550000,1550000,900000,5000000,4100000,freelance,2024-12-16 15:34
BGT08541,USR007,INC06209,1050000,700000,500000,2250000,1750000,allowance,2023-04-03 10:38
BGT09663,USR041,INC04964,2450000,1300000,700000,4450000,3750000,salary,
BGT02225,USR035,INC03049,2100000,1200000,700000,4000000,3300000,allowance,2024-12-12 16:07
BGT00627,USR025,INC03073,1100000,600000,,2050000,1700000,internship,2024-06-04 04:43
BGT06537,USR062,INC07202,3200000,1650000,850000,5750000,4850000,business,2024-10-03 13:41
BGT06150,USR014,INC08996,750000,450000,350000,1550000,950000,allowance,2024-07-05 20:03
BGT08860,USR010,INC03313,1450000,950000,450000,2850000,2400000,part_time,2023-05-03 12:14
BGT09087,USR007,INC06017,800000,550000,400000,1750000,1350000,part_time,2023-02-12 10:50
BGT00120,USR067,INC04504,2650000,1500000,850000,5000000,4150000,business,2023-08-26 07:29
BGT04974,USR024,INC04547,2200000,1200000,1000000,4400000,3400000,internship,2023-09-25 22:11
BGT01555,USR035,INC01733,2600000,1450000,550000,4600000,4050000,part_time,2023-08-12 17:52
BGT01521,USR058,INC02009,2350000,1350000,600000,4300000,3700000,salary,2024-03-07 00:27
BGT03115,USR025,INC06126,2750000,1650000,600000,5000000,4400000,freelance,
BGT04189,USR037,INC08374,1050000,650000,350000,2050000,1700000,internship,2023-09-18 01:26
BGT03523,USR022,INC02698,2400000,1650000,800000,4850000,4050000,allowance,2024-05-27 17:16
BGT08976,USR015,INC04760,700000,400000,150000,,1100000,allowance,2023-04-24 00:13
BGT08963,USR020,INC04130,1100000,600000,300000,2000000,1700000,allowance,2024-05-17 09:29
BGT05552,USR040,INC04975,950000,450000,350000,1750000,1400000,part_time,2023-05-01 07:03
BGT01440,USR047,INC02355,2100000,1500000,1050000,4650000,3600000,business,2023-03-09 08:58
BGT08804,USR065,INC04469,4800000,2650000,2350000,9800000,7450000,bonus,2024-10-04 20:14
BGT05523,USR020,INC07330,550000,300000,200000,1100000,850000,allowance,2024-07-12 02:05
BGT03484,USR043,INC01430,3300000,2150000,1100000,6550000,5450000,salary,2024-03-07 14:31
BGT03819,USR023,INC01078,1200000,850000,500000rb,2550000,2050000,allowance,2024-05-26 22:22
BGT06963,USR056,INC02314,3450000rb,2050000,1650000,7150000,5500000,salary,2024-03-06 17:49
BGT00151,USR030,INC00800,1200000,600000,450000,2250000,1800000,internship,2024-07-02 23:39
BGT05774,USR028,INC09115,1100000,650000,450000,2200000,1750000,part_time,2023-06-27 10:04
BGT08771,USR003,INC03264,1200000,700000,350000,2250000,1900000,part_time,2023-05-08 01:26
BGT06870,USR037,INC01135,1150000,800000,450000,2350000,1950000,allowance,2023-12-09 08:40
BGT06339,USR009,INC07645,1250000,750000,700000,2700000,2000000,scholarship,2024-06-30 22:51
BGT00036,USR038,INC09053,2100000,1250000,600000,3950000,3350000,allowance,2023-02-15 22:27
BGT01737,USR055,INC07734,3500000,2000000,1150000,6650000,5500000,freelance,24/08/2024 15:02
BGT06642,USR006,INC02111,950000,650000,550000,2150000,1600000,scholarship,2024-08-30 13:36
BGT01684,USR073,INC06267,3350000,2450000,1650000,7450000,5800000,freelance,2024-07-26 14:57
BGT08705,USR064,INC08820,4550000,2850000,2500000,9900000,7400000,bonus,2023-07-07 23:26
BGT08383,USR065,INC01328,4700000,2900000,1450000,9000000,7600000,salary,2024-05-15 16:38
BGT09077,USR037,INC05135,1350000,800000,600000,2750000,2150000,part_time,2024-05-17 16:54
BGT00327,USR055,INC04638,3500000,1800000rb,1650000,6950000,5300000,business,2023-03-19 09:15
BGT04099,USR057,INC07829,2400000,1300000,1100000,4800000,3700000,freelance,2024-10-17 23:57
BGT07067,USR038,INC07587,1900000,1400000,950000,4250000,3300000,part_time,
BGT01100,USR061,INC04700,3650000,,1150000,6850000,5700000,investment_return,2023-12-03 09:12
BGT04768,USR075,INC03901,3250000,1800000,950000,6050000,5050000,business,2023-08-20 08:13
BGT02336,USR063,INC05434,2200000,1300000,850000,4350000,3500000,investment_return,2023-01-15 18:45
BGT01247,USR032,INC05858,1050000,800000,500000,2300000,1850000,allowance,2024-05-09 03:44
BGT06860,USR010,INC01099,950000,650000,500000,2100000,1600000,allowance,2024-11-06 08:40
BGT00679,USR023,INC07005,2600000,1400000,650000,4600000,4000000,allowance,2023-11-26 16:45
BGT02865,USR059,INC00638,3450000,2050000,1100000,6600000,5500000,salary,2023-10-23 11:59
BGT04885,USR045,INC01478,1900000,1250000,,3750000,3150000,FREELANCE,2024-09-20 16:01
BGT01256,USR045,INC02364,3150000,1900000,750000rb,5800000,5050000,freelance,
BGT08098,USR062,INC03087,3200000,1950000,750000,5900000,5150000,freelance,2023-08-20 10:19
BGT04348,USR057,INC09307,1950000,1250000,900000,,3200000,salary,2024-04-08 04:32
BGT06645,USR038,INC09083,1900000,1450000,900000,4200000,3350000,internship,2023-10-24 15:02
BGT02764,USR037,INC05796,1200000,850000,600000,2650000,2050000,internship,2024-07-25 11:43
BGT08902,USR058,INC01794,2650000,1350000,1100000,5100000rb,4000000,salary,2024-01-27 08:19
BGT08581,USR025,INC05307,1100000,650000,450000,2250000,1750000,internship,2023-07-07 07:41
BGT08010,USR038,INC06234,1450000,850000,950000,3250000,2300000,allowance,2023-06-16 23:46
BGT09510,USR020,INC02866,750000,400000,300000,1400000,1150000,scholarship,2023-12-05 10:11
BGT06567,USR052,INC09163,3000000,1450000,1000000,5450000,4450000,business,2023-05-31 22:26
BGT05764,USR015,INC08740,800000,400000,350000,1600000,1200000,part_time,2024-10-29 23:43
BGT02141,USR006,INC03053,1250000,650000,450000,2350000,1900000,scholarship,2023-01-10 09:28
BGT08890,USR062,INC01934,3600000,2400000,1250000,7250000,6000000,bonus,2024-01-31 23:53
BGT04446,USR068,INC04948,3700000,1950000,1300000,6950000,5650000,investment_return,2023-03-22 09:08
BGT04973,USR036,INC01382,1950000,1100000,1050000,4100000,3050000,freelance,2024-01-03 09:52
BGT03067,USR055,INC01894,3200000,2100000,1100000,6400000,5300000,business,2023-08-09 20:18
BGT07624,USR039,INC00410,1600000,850000,650000,3100000,2450000,freelance,2023-01-15 21:58
BGT02646,USR015,INC06991,,650000,450000,2000000,1550000,part_time,2024-10-30 21:08
BGT05037,USR048,INC03413,2500000,1350000,1050000,4900000,3850000,business,2023-07-08 08:40
BGT03638,USR005,INC03385,1000000,700000,400000,2100000,1700000,part_time,2024-02-14 11:47
BGT06112,USR025,INC02629,2050000,1150000,750000,3900000,3200000,allowance,2023-10-06 12:21
BGT09732,USR026,INC01037,1850000,950000,750000,3550000,2800000,freelance,2023-09-28 18:33
BGT07014,USR068,INC08621,2100000,1150000,750000,4050000rb,3250000,salary,2023-05-01 22:01
BGT06969,USR061,INC03924,5000000,2700000,2300000,10000000,7700000,freelance,2024-01-27 01:46
BGT09726,USR050,INC09871,3250000,1550000,1000000,5800000,5050000,salary,2024-06-29 01:08
BGT03542,USR037,INC01059,800000,500000,300000,1600000,1300000,allowance,2023-09-10 16:13
BGT08607,USR018,INC04689,1350000,,400000,2600000,2200000,part_time,2023-08-23 10:31
BGT01644,USR011,INC03908,1500000,850000,350000,2700000,2200000,allowance,2024-09-12 13:11
BGT04754,USR027,INC05996,1000000,600000,250000,1850000,1600000,allowance,2024-02-13 22:05
BGT09224,USR056,INC02770,1850000,1100000,900000,,2950000,freelance,2024-11-19 02:02
BGT00405,USR065,INC00902,3800000,2300000,2150000,8250000,6100000,investment_return,2024-09-20 03:59
BGT06944,USR016,INC01531,900000,500000,250000,1650000,1400000,part_time,2023-04-13 23:16
BGT04597,USR019,INC01461,650000,400000,350000,1400000,1050000,scholarship,2024-06-28 11:36
BGT03980,USR055,INC06781,3450000,1900000,1200000,6550000,5350000,bonus,2023-11-15 09:33
BGT07902,USR075,INC01177,3200000,2050000,1850000,7100000,5250000,investment_return,2023-04-20 14:32
BGT05146,USR043,INC08201,1900000,1300000,850000,4000000,3200000,freelance,2023-04-15 16:05
BGT08510,USR004,INC04888,750000,450000,300000,1500000,1200000,part_time,2024-09-11 05:12
BGT07717,USR064,INC06562,3000000,1850000,1950000,6800000,4850000,salary,2023-03-11 03:35
BGT03801,USR063,INC03150,4800000,2500000,2300000,9550000,7300000,bonus,2023-01-29 05:27
BGT04344,USR044,INC06872,3650000,2050000,900000rb,6600000,5700000,bonus,2023-01-16 13:43
BGT06297,USR067,INC07905,4700000,2650000,1200000,8550000,7350000,freelance,2023-05-20 15:47
BGT07042,USR016,INC08777,1400000,800000,300000,2500000,2200000,allowance,2024-02-01 14:03
BGT04531,USR071,INC01737,2300000,1700000,1150000,5150000,4000000,investment_return,2023-05-10 23:11
BGT07388,USR033,INC03717,800000,500000,300000,1550000rb,1300000,PART_TIME,
BGT03456,USR036,INC01565,1500000,1000000,650000,3150000,2500000,internship,2024-07-23 08:39
BGT03620,USR023,INC06119,1750000,1100000,500000,3400000,2850000,part_time,2023-08-13 13:46
BGT06701,USR031,INC05510,2250000,1350000,1200000,4750000,3600000,internship,2024-06-17 11:26
BGT09149,USR074,INC00525,,1400000,,4450000,3450000,business,2023-10-20 11:24
BGT09255,USR026,INC04851,800000,550000,400000,1750000,1350000,allowance,2023/08/04 23:49
BGT02266,USR019,INC04882,1050000,550000,400000,1950000,1600000,scholarship,2024-08-14 08:14
BGT06994,USR062,INC05913,2950000,1750000,600000,5250000,4700000,SALARY,2024-09-10 10:08
BGT00661,USR014,INC05358,1050000,,400000,1950000,1600000,scholarship,2023-04-22 21:11
BGT04073,USR020,INC07749,1450000,850000,400000,2700000,2300000,part_time,2024-07-26 13:18
BGT00834,USR025,INC02919,1150000,850000,550000,2550000,2000000,freelance,2024-11-05 13:42
BGT06335,USR072,INC07489,4550000,3000000,2150000,9700000,7550000,freelance,2024-06-21 07:59
BGT07135,USR001,INC06317,650000,450000,350000,1450000,1100000,part_time,2023-11-27 09:57
BGT09040,USR075,INC00233,4600000,2650000,2150000,9400000,7250000,salary,2023-01-10 01:57
BGT08978,USR070,INC09669,3250000,1800000,950000,6050000,5050000,bonus,2024-10-10 06:50
BGT08031,USR009,INC01263,1150000,750000,350000,2200000,1900000,part_time,2024-11-09 21:09
BGT02482,USR009,INC03412,800000,500000,300000,,1300000,part_time,2023-09-14 21:43
BGT07795,USR008,INC08147,1250000,750000,350000,2400000,2000000,scholarship,2024-07-03 04:10
BGT06408,USR070,INC03379,3850000,2150000,1900000,7900000,6000000,business,2024-05-24 18:09
BGT07349,USR067,INC07452,5200000,3300000,1500000,10000000,8500000,,2024-12-03 04:05
BGT08990,USR038,INC02767,1700000,900000,400000,3000000,2600000,allowance,2024-08-10 14:59
BGT05280,USR065,INC01074,3550000,2300000,1100000,6950000,5850000,freelance,2023-04-28 13:09
BGT05569,USR047,INC08734,2500000,1650000,950000,5100000,4050000,freelance,2024-07-10 19:37
BGT07829,USR046,INC03302,4050000,2300000,850000,7200000,6350000,business,2023-08-10 09:56
BGT02623,USR065,INC00369,2100000,1350000,1000000,4450000,3450000,freelance,2024-10-20 11:50
BGT08460,USR009,INC08397,1300000,700000,400000,2400000,2000000,scholarship,2023-01-07 21:00
BGT01346,USR044,INC04597,2100000,1350000,650000,4100000,3450000,bonus,2023/04/12 15:48
BGT03405,USR034,INC07770,1150000,600000,600000,2400000,1900000,allowance,2024-01-11 20:59
BGT08003,USR021,INC08955,1150000,750000,650000,2550000,1900000,freelance,2023-09-24 09:36
BGT06497,USR016,INC04320,1500000,800000,400000,2750000,2300000,part_time,2024-07-19 21:34
BGT02679,USR045,INC07975,3350000,1800000,1550000,6700000,5150000,salary,2023-01-05 13:48
BGT04661,USR074,INC00134,2450000,1350000,750000,4550000,3800000,salary,2023/03/08 15:37
BGT01749,USR057,INC04133,3650000,1700000,1250000,6600000,5350000,bonus,2024-08-03 11:03
BGT05605,USR059,INC02627,2550000,1250000,,4750000,3800000,salary,2024-09-13 02:29
BGT04647,USR060,INC03238,,1350000,950000,4350000,3400000,business,2023-06-27 05:34
BGT01445,USR010,INC06861,1700000rb,800000,500000,,2500000,allowance,13/03/2023 17:19
BGT04998,USR042,INC08227,2950000,1800000,900000,5700000,4750000,bonus,2024-03-30 18:52
BGT00121,USR064,INC06587,2800000,1550000,850000,5200000,4350000,business,2024/05/15 23:59
BGT07852,USR025,INC06338,1750000,850000,600000,3200000,2600000,allowance,2023-11-01 11:06
BGT08488,USR022,INC04395,1800000,900000,750000,3450000,2700000,freelance,2024-12-25 11:02
BGT02774,USR041,INC08172,3100000,1900000,950000,6000000,5000000,salary,2024-06-25 15:53
BGT05357,USR065,INC00023,4800000,2950000,2050000,9800000,7750000,bonus,2024-08-06 04:07
BGT06066,USR012,INC09728,1400000,900000,550000,2850000,2300000,allowance,2024-11-12 17:21
BGT09580,USR022,INC00632,2250000,1250000,950000,4450000,3500000,allowance,2023-08-24 10:29
BGT05780,USR031,INC08788,1150000,600000,400000,2150000,1750000,allowance,2023-05-19 00:28
BGT01631,USR053,INC04081,3750000,2100000,1350000,7200000,5850000,freelance,2023-12-08 19:36
BGT07283,USR015,INC03240,900000,450000,350000,1700000,1350000,allowance,2023-11-22 06:57
BGT02348,USR017,INC05585,500000,350000,200000,1050000,850000,,2024-01-05 09:12
BGT06405,USR051,INC04069,2050000,1200000,,4200000,3250000,,2024-07-30 01:58
BGT03137,USR012,INC04064,,450000,250000,,1050000,part_time,2024-09-12 21:37
BGT00828,USR032,INC06235,1750000,1200000,750000,3700000,2950000,internship,2023-06-04 21:25
BGT06265,USR018,INC03700,1150000,700000,650000,2450000,1850000,scholarship,2023-02-05 11:51
BGT00110,USR012,INC05618,1100000,600000,600000,2300000,1700000,part_time,2024-11-11 03:10
BGT03682,USR037,INC04528,1200000,600000,400000,2150000,1800000,allowance,2024-01-30 06:17
BGT05326,USR053,INC00390,1600000,900000,650000,3150000rb,2500000,freelance,2024-03-31 15:34
BGT07571,USR069,INC05914,3850000,2200000,1500000,7550000,4900000,investment_return,2023-07-17 07:09
BGT00855,USR008,INC05901,600000,350000,150000,1100000,950000,allowance,2024-09-06 00:09
BGT08821,USR066,INC04444,4150000,2450000,1100000,7700000,6600000,freelance,2023-01-17 04:04
BGT03822,USR049,INC06756,3150000,2200000,1350000,6650000,5350000,business,2024-06-11 04:29
BGT02525,USR004,INC02336,600000,400000,,1350000,1000000,scholarship,2023-03-25 08:49
BGT00695,USR064,INC07915,3900000,2100000,2100000,8100000,6000000,investment_return,2024-05-17 09:55
BGT02144,USR005,INC08167,800000,550000,350000,1650000,1350000,allowance,2023-01-07 12:36
BGT00683,USR053,INC01416,3500000,2100000,1150000,6750000,5600000,salary,2023-05-11 00:00
BGT01650,USR049,INC04643,2950000,1700000,1150000,5800000rb,4650000,business,2024-08-27 01:35
BGT01986,USR017,INC09068,600000,350000,250000,1150000,950000,scholarship,2024-05-15 13:47
BGT04878,USR007,INC00328,650000,400000,400000,1450000,1050000,allowance,2024-10-14 18:35
BGT03077,USR039,INC04354,1350000,750000,450000,2550000,2100000,freelance,2023-06-21 05:52
BGT04638,USR074,INC03701,3200000,1700000,1150000,6050000,4900000,freelance,2023-09-12 05:10
BGT03364,USR034,INC09917,,800000,700000,2750000,2050000,freelance,2024-06-26 00:12
BGT05776,USR028,INC04949,1500000,800000,650000,2950000.00,2300000,freelance,2024-10-26 18:28
BGT03043,USR060,INC00216,4000000,2100000,1400000,7500000,6100000,freelance,2024-08-18 16:37
BGT03495,USR060,INC02505,2750000,1650000,1250000,5650000,4400000,bonus,2024-03-19 04:28
BGT05979,USR067,INC00900,4400000,2350000,2000000,8750000,6750000,freelance,2024-02-18 06:15
BGT02581,USR031,INC07071,1650000,1100000,650000,3400000,2750000,allowance,2024/05/30 11:32
BGT08244,USR072,INC01035,3800000,2100000,1600000,7500000,5900000,salary,2024-04-06 21:18
BGT08414,USR033,INC05033,1350000,750000,650000,2750000,2100000,,2023-10-09 03:08
BGT00174,USR007,INC00115,900000,450000,400000,1750000,1350000,allowance,2023-05-28 11:41
BGT05497,USR012,INC09127,1000000,550000,500000,2050000,1550000,scholarship,2024-02-01 18:43
BGT02761,USR006,INC00822,1450000,850000,700000,3000000,2300000,allowance,2024-06-26 03:21
BGT02777,USR022,INC09373,1150000,800000,600000,2550000,1950000,part_time,2024-12-20 18:33
BGT05028,USR060,INC01841,3800000,2300000,1550000,7650000,6100000,freelance,2024-06-28 19:16
BGT05824,USR033,INC02164,2200000,1500000,800000,4500000,3700000,part_time,2024-09-16 12:33
BGT04548,USR058,INC07355,1600000,1000000,550000,3100000,2600000,bonus,2023-10-23 14:18
BGT02229,USR054,INC07128,2000000,1050000,800000,3850000,3050000,business,2024-12-21 13:11
BGT01450,USR018,INC07200,1500000,750000,500000,2750000,2250000,part_time,2023-09-11 13:21
BGT03359,USR064,INC01931,3900000,-2150000,1900000,8000000,6050000,salary,2024-09-29 01:33
BGT00223,USR057,INC06637,3850000,,1100000,7000000,5900000,salary,2024-10-06 04:27
BGT01264,USR033,INC00256,900000,500000,300000,1700000,1400000,allowance,2024/01/23 22:08
BGT06594,USR059,INC05635,3700000,2200000,1950000,7850000,5900000,bonus,2023-12-26 16:16
BGT00288,USR033,INC09532,1800000,1200000,600000,3650000,3000000,allowance,2024-09-23 05:42
BGT02333,USR034,INC08456,1300000,950000,650000,2900000,2250000,freelance,2024-08-03 15:14
BGT06395,USR008,INC08101,1350000,1000000,,2950000,2350000,scholarship,2024-06-01 06:28
BGT07681,USR060,INC03072,3800000,2250000,1000000,7000000,6050000,business,2024-05-23 06:34
BGT03398,USR023,INC07432,1300000,800000,550000,2650000,2100000,part_time,2024-11-30 05:16
BGT02695,USR013,INC01065,550000,350000,300000,1200000,900000,part_time,2023-11-25 05:03
BGT00977,USR072,INC07349,2900000,1850000,1050000,5800000,4750000,salary,2024-09-06 22:53
BGT02739,USR012,INC01287,1700000,950000,350000,3000000,2650000,scholarship,2023-05-25 11:14
BGT06694,USR045,INC01814,3000000rb,2000000,1250000,6250000,5000000,bonus,2023/09/05 04:07
BGT01854,USR008,INC05614,1150000,850000,550000,2600000,2000000,part_time,2023-12-23 09:18
BGT03998,USR027,INC06698,900000,500000,400000,1800000,1400000,allowance,2024-04-26 03:55
BGT09064,USR074,INC06273,5150000,3050000,1350000,9550000,8200000,investment_return,2023-12-08 09:40
BGT09902,USR067,INC01418,4600000,2400000,2200000,9250000,7000000,business,2024-11-21 21:14
BGT02568,USR020,INC02161,750000,450000,300000,1500000,1200000,part_time,2023-07-15 23:08
BGT04437,USR058,INC02803,2150000,1300000,450000,3950000,3450000,salary,2024-05-26 21:47
BGT08874,USR044,INC09868,1950000,1200000,1100000,4250000,3150000,bonus,2024-06-01 21:19
BGT05194,USR008,INC01389,1100000,600000,450000,2150000.00,1700000,scholarship,2023-04-15 16:24
BGT02291,USR014,INC00815,500000,300000rb,250000,1050000.00,800000,part_time,2023-04-21 19:11
BGT02234,USR073,INC02701,3650000,2150000,700000,6550000,5800000,freelance,2024-11-25 05:38
BGT02898,USR042,INC09086,4000000,2150000,1250000,,6150000,salary,2024-07-12 19:37
BGT03937,USR045,INC01995,3450000,1900000,1250000,6600000,5350000,bonus,2023-06-21 04:21
BGT01054,USR018,INC00762,700000,400000,400000,1500000,1100000,allowance,2023-05-29 21:39
BGT03696,USR051,INC03865,3400000,2200000,1750000,7350000,5600000,freelance,2024-09-27 03:10
BGT05694,USR061,INC01262,3000000,2200000,1450000,6650000,5200000,freelance,2024-05-04 14:54
BGT06221,USR037,INC01590,2400000,1250000,900000,4550000,3650000,freelance,2023-07-03 08:50
BGT08928,USR065,INC07567,3450000,1950000,1800000,7150000,5400000,investment_return,2023-01-13 04:35
BGT07599,USR042,INC02487,2950000,1650000,1150000,5750000,4600000,bonus,2023-03-24 23:09
BGT07193,USR037,INC05398,1200000,550000,350000,2100000,1750000,part_time,2024-04-19 06:07
BGT03981,USR052,INC01381,3800000,2250000,1400000,7450000,6050000,business,2023-06-03 06:38
BGT00609,USR026,INC08789,1050000,700000,650000,2400000,1750000,internship,2024-10-11 05:53
BGT07889,USR055,INC06364,2900000,2100000,1300000,6300000,5000000,salary,2023-09-07 00:18
BGT09771,USR012,INC07363,1050000,650000,350000,2050000,1700000,scholarship,2023-01-14 22:19
BGT09889,USR049,INC07572,3150000,2250000,1350000,6750000,5400000,bonus,2023-05-01 12:02
BGT00103,USR066,INC05313,3600000,2200000,1100000,6900000,5800000,business,2023-12-04 11:54
BGT06244,USR028,INC07918,2550000,1400000,850000,4800000.00,3950000,allowance,2024-10-01 16:50
BGT02785,USR070,INC01543,4600000,2250000,1500000,8400000,6000000,business,2023-11-10 21:01
BGT09504,USR001,INC06276,650000,350000,200000,1200000,1000000,scholarship,2023-10-13 06:34
BGT06055,USR056,INC02671,2450000,1450000,650000,4500000,3900000,freelance,2023-09-28 07:30
BGT08942,USR002,INC05164,1050000,700000,400000,2150000,1750000,part_time,2023-03-15 05:55
BGT05872,USR058,INC06722,3600000,1750000,1100000,6400000,5350000,business,2023/09/21 08:01
BGT01790,USR051,INC01427,3300000,1950000,,7150000,5250000,salary,2024-01-14 08:42
BGT09249,USR048,INC03190,3600000,2200000,1850000,7650000,5800000,salary,2023-05-23 03:45
BGT07570,USR032,INC07377,1650000,1000000,500000,3200000,2650000,allowance,2023-05-06 01:45
BGT07036,USR061,INC04686,4800000,2650000,1750000,9200000,7450000,business,2023-12-17 12:15
BGT09148,USR005,INC00527,450000,350000,200000,1000000,800000,allowance,2024-05-14 23:03
BGT03752,USR043,INC01867,4350000,2150000,1450000,7950000.00,6500000,freelance,2023-11-28 11:43
BGT04687,USR016,INC04291,1300000,800000,650000,2750000,2100000,scholarship,2023-02-04 05:24
BGT04660,USR074,INC04841,3650000,2050000,1150000,6850000,5700000,business,2024-07-25 01:50
BGT04519,USR067,INC09847,4750000,2450000,2300000,9500000,7200000,salary,2023-04-19 05:07
BGT03693,USR029,INC07447,1400000,900000,700000,2950000,2300000,allowance,2023-05-20 21:49
BGT00701,USR023,INC09780,2350000,1400000,950000,4700000,3750000,part_time,2023-03-21 10:37
BGT08745,USR073,INC05860,3600000,2000000,1850000,7450000,5600000,freelance,2024-07-16 19:29
BGT09196,USR016,INC07252,850000,450000,350000,1650000,1300000,allowance,2023-03-24 09:07
BGT00061,USR024,INC08215,2050000,1500000,,4400000,3550000,internship,2024-11-11 04:30
BGT02322,USR040,INC01708,1550000,1000000,850000,3400000,2550000,part_time,2023-06-13 18:58
BGT03293,USR070,INC06123,4350000,2600000,1150000,8050000,6950000,investment_return,2023-07-18 16:36
BGT01376,USR048,INC02853,,1200000,750000,4300000,3500000,bonus,2023-09-15 17:38
BGT06301,USR014,INC07617,1250000,800000,,2700000,2050000,part_time,2024-06-23 16:52
BGT02309,USR040,INC09834,1300000,,350000,2300000,1950000,internship,2023-06-26 23:59
BGT04965,USR015,INC05074,750000,400000,350000,1500000,1150000,part_time,2024-02-05 16:05
BGT04735,USR010,INC09286,1250000,750000,400000,2400000,2000000,scholarship,2023-01-06 15:07
BGT00634,USR027,INC08286,1600000,1150000,800000,3550000,2750000,freelance,2024-02-05 09:39
BGT03818,USR059,INC09394,2450000,1350000,1100000,4900000rb,3650000,bonus,2024-04-02 14:06
BGT07242,USR048,INC00470,1950000,1050000,700000,3700000,3000000,freelance,2024-06-25 08:20
BGT04493,USR011,INC02995,1350000,750000,450000,2550000,2100000,allowance,2024-02-09 12:28
BGT03429,USR012,INC04269,700000,350000,200000,1250000,1050000,part_time,2024-10-26 14:04
BGT00295,USR030,INC06706,2300000,1350000,800000,4450000,3650000,allowance,2023-07-03 11:44
BGT01908,USR042,INC02839,3500000,2600000,1800000,7900000,6100000,freelance,2024-08-06 05:53
BGT07462,USR043,INC09980,3400000,1650000,1350000,6400000,5050000,salary,2024-05-19 12:41
BGT01423,USR052,INC05625,3050000,1550000,950000,5550000,4600000,salary,2024-11-17 18:52
BGT08828,USR046,INC00813,2100000,1100000,600000,3800000,3200000,freelance,2023-03-30 04:31
BGT04847,USR031,INC07068,1550000,900000,850000,3250000,2450000,freelance,
BGT09008,USR044,INC06845,4300000,2300000,1350000,7950000,6600000,salary,2024-10-13 21:31
BGT01013,USR026,INC05745,1050000,550000,300000,1950000,1600000,allowance,2024-09-24 08:55
BGT04481,USR012,INC04997,800000,500000,450000,1750000,1300000,part_time,2024-05-03 21:43
BGT04236,USR050,INC05365,3650000,2100000,2000000,7750000,5750000,bonus,2023-08-27 07:32
BGT06017,USR025,INC04566,1700000,1000000,850000,3550000,2700000,part_time,2024-11-08 13:54
BGT01058,USR001,INC09448,1600000,850000,450000,2900000,2450000,allowance,2024-06-22 04:51
BGT01464,USR056,INC04338,3050000,1800000,2050000,6900000,4850000,business,2024-04-18 22:23
BGT00879,USR020,INC03381,700000,400000,200000,1250000,1100000,allowance,2024-08-22 21:46
BGT04351,USR017,INC00240,550000,400000,200000,1150000,950000,scholarship,2023-02-26 11:24
BGT08269,USR040,INC02663,900000,550000,550000,2000000,1450000,part_time,2023-10-29 09:16
BGT01949,USR038,INC03292,1600000,1050000,550000,3200000,2650000,part_time,2023-08-10 01:02
BGT06157,USR002,INC06248,850000,550000,350000,1750000,1400000,allowance,2024-07-16 11:06
BGT05515,USR034,INC03794,750000,550000,,1600000,1300000,freelance,2023-11-24 04:02
BGT03563,USR018,INC02345,1450000,800000,700000,2950000,2250000,part_time,2024-07-24 18:20
BGT03246,USR049,INC09227,3000000,2000000,1250000,6300000,5000000,freelance,2023-10-19 12:01
BGT08293,USR001,INC06357,900000,550000,250000,1700000,1450000,part_time,2023-09-06 22:02
BGT02949,USR057,INC06492,2700000,1800000,1500000,5950000,4500000,freelance,2023-06-20 14:13
BGT07929,USR065,INC03068,2100000,1300000,600000,4000000,3400000,business,2023-03-27 23:50
BGT08784,USR052,INC07190,3500000,2050000,2050000,7600000.00,5550000,business,2023-03-27 04:19
BGT02569,USR031,INC08092,2000000,1100000,700000rb,3800000,3100000,freelance,2024-01-23 18:59
BGT08356,USR067,INC04936,3000000,1700000,650000,5350000,4700000,business,2023-01-19 16:51
BGT07907,USR044,INC03643,1750000,1050000,600000,3450000,2800000,salary,2024-05-16 12:30
BGT05541,USR058,INC08122,2650000,1750000,1050000,5450000,4400000,bonus,2024-02-20 00:09
BGT08111,USR067,INC06662,2900000,1700000rb,,6250000,4600000,business,2023-10-12 10:49
BGT00086,USR071,INC06463,5400000,2850000,1600000,9850000.00,8250000,salary,2023-05-23 01:09
BGT09705,USR066,INC04783,2650000,1700000,1550000,5900000,4350000,investment_return,2024-08-26 05:51
BGT09837,USR042,INC09964,2250000,1200000,1000000,4450000,3450000,,2023-12-03 13:37
BGT04195,USR032,INC03783,2500000,1550000,600000,4650000,4050000,allowance,2023-02-07 17:31
BGT00587,USR037,INC05832,800000,600000,400000,1800000,1400000,internship,2023-08-11 01:00
BGT01038,USR041,INC09480,2850000,2000000,1050000,5900000,4850000,business,2023-03-02 09:19
BGT00444,USR048,INC05462,2350000,1250000,1100000,4700000,3600000,bonus,2024-05-20 10:10
BGT00641,USR003,INC09462,1150000,900000,550000,2600000,2050000,allowance,2023-09-21 09:34
BGT07044,USR060,INC01668,2700000,1550000,800000,5050000rb,4250000,bonus,2023-07-02 10:39
BGT04959,USR021,INC07678,700000,450000,400000,1600000,1150000,part_time,2023-11-24 05:23
BGT04451,USR032,INC07011,1250000,750000,300000,2300000,2000000,internship,2023-02-20 00:38
BGT00027,USR065,INC03441,3700000,2150000,2150000,8000000,5850000,business,2023-05-25 21:37
BGT04705,USR040,INC03452,1800000,1050000,1050000,3950000rb,2850000,part_time,2023-12-06 00:58
BGT04216,USR048,INC01211,1900000,1150000,450000,3500000,3050000,freelance,2024-02-18 16:37
BGT05472,USR015,INC07594,600000,350000,300000,1250000,950000,part_time,2023-02-06 21:00
BGT07442,USR032,INC08764,1350000,800000,700000,2850000,2150000,part_time,2024-09-06 03:00
BGT06178,USR026,INC02143,2050000,1100000,800000,3950000,3150000,freelance,2024-10-02 00:35
BGT00422,USR017,INC04067,600000,350000,150000,1100000,950000,scholarship,2024-06-28 19:38
BGT08410,USR066,INC05243,2300000,1450000,1400000,5100000,3750000,bonus,2023-06-27 13:42
BGT06068,USR016,INC09994,600000,350000,150000,1050000,1200000,allowance,2023-05-12 11:19
BGT02152,USR066,INC02249,3200000,2000000,850000,6000000,5200000,salary,2023-11-02 20:16
BGT03168,USR056,INC04723,2450000,1450000,1300000,5250000,3900000,salary,2023-01-03 18:52
BGT08718,USR004,INC01651,650000,400000,450000,1450000,1050000,allowance,
BGT02447,USR037,INC07114,1650000,1100000,800000,3550000,2750000,freelance,2024-04-09 23:41
BGT00890,USR060,INC06279,3150000,1900000,700000,5750000,5050000,business,2023-04-27 20:27
BGT02517,USR045,INC01056,2900000,1550000,1050000,5450000,4450000,salary,2023/10/01 07:12
BGT02384,USR011,INC02724,800000,400000,250000,1450000,1200000,part_time,2023-11-19 05:20
BGT06388,USR034,INC07168,1000000,650000,500000,2150000,1650000,allowance,2024-01-09 01:32
BGT01891,USR067,INC05843,2350000,1650000,1150000,5150000,4000000,salary,2024-05-25 19:54
BGT08962,USR049,INC02940,2600000,1900000,1100000,5600000,4500000,salary,2024-08-16 17:39
BGT01140,USR044,INC04940,2700000,1500000,900000,,4200000,freelance,2023-07-15 17:18
BGT06691,USR049,INC09281,3350000,2100000,750000,6200000,5450000,freelance,22/12/2024 11:53
BGT04746,USR015,INC00421,550000,300000,200000,1050000,850000,allowance,2024-11-03 08:44
BGT08969,USR036,INC02884,2200000,1400000,750000,4300000,3600000,part_time,2024-08-04 13:46
BGT08370,USR059,INC05345,1600000,900000,600000,3100000,2500000,salary,2023-04-21 21:26
BGT05312,USR073,INC09323,2600000rb,1350000,850000,4800000,3950000,bonus,2023-09-03 14:07
BGT02762,USR068,INC00348,3550000,2100000,1150000,6850000,5650000,investment_return,2023-10-01 16:42
BGT01935,USR009,INC04172,1050000,600000,450000,2100000,1650000,part_time,2024-02-10 05:47
BGT06598,USR004,INC09377,550000,300000,250000rb,1100000,850000,part_time,2023-12-19 06:46
BGT08185,USR065,INC00738,3350000,2050000,1700000,7100000,5400000,bonus,2024-05-03 08:28
BGT06293,USR005,INC04857,1300000,700000,400000rb,2350000,2000000,scholarship,2023-07-13 15:07
BGT06148,USR061,INC06935,5000000,2900000,1200000,9050000,7900000,freelance,2024-11-28 08:32
BGT07748,USR033,INC08462,1600000,1000000,450000,3050000,2600000,part_time,2023-10-11 04:52
BGT04725,USR039,INC00918,1400000,900000,800000,3100000,2300000,allowance,2024-11-02 20:18
BGT08082,USR018,INC01033,1600000,800000,550000,2950000,2400000,part_time,2024-07-22 23:56
BGT05691,USR042,INC08990,2600000,1600000,1400000,5600000,4200000,bonus,2024-05-02 05:13
BGT04282,USR073,INC00447,4400000,3050000,1500000,8950000,7450000,salary,2024-01-09 09:51
BGT02341,USR009,INC09776,1200000,750000,700000,2600000,1950000,allowance,2024-06-13 04:34
BGT05982,USR064,INC05144,2750000,1950000,1600000,6300000,4700000,bonus,2024-02-27 06:48
BGT04950,USR058,INC00639,2900000,1900000,1500000,6350000,4800000,freelance,2024-05-21 05:43
BGT01238,USR015,INC01049,700000,400000,300000,1400000,1100000,scholarship,2023-06-11 21:45
BGT01309,USR055,INC04523,3100000,2100000,1550000,6700000,5200000,salary,2024-05-21 08:56
BGT04961,USR025,INC09623,1350000,850000,350000,2550000,2200000,freelance,2023/02/17 10:10
BGT04080,USR018,INC03572,650000,400000,150000,1200000,1050000,part_time,2024-11-01 10:42
BGT08757,USR075,INC03894,3850000,2750000,1950000,8550000,6600000,freelance,2024-10-09 01:51
BGT09553,USR063,INC08159,4400000,2600000,2000000,9000000,7000000,bonus,2024-05-26 15:44
BGT09793,USR026,INC02122,1050000,600000,350000,1950000,1650000,freelance,2024-03-11 23:41
BGT04153,USR075,INC05016,4650000,3000000,,9450000,7650000,investment_return,2024-12-15 03:22
BGT08700,USR008,INC00373,650000,350000,200000,1200000,1000000,scholarship,2023-10-31 13:54
BGT00417,USR071,INC05013,3900000,2200000,,7850000,6100000,salary,2023-02-15 03:49
BGT07307,USR055,INC09962,2950000,1600000,1150000,5700000,4550000,bonus,2024-01-13 21:52
BGT09634,USR056,INC04827,2400000,1500000,800000,4700000,3900000,business,2023-11-02 13:10
BGT05857,USR072,INC02331,3900000,2500000,1400000,7750000,6400000,bonus,2024-11-14 12:02
BGT05632,USR037,INC07399,1700000,900000,700000,3300000,2600000,internship,2023-09-14 22:38
BGT06755,USR046,INC03580,4200000,,1100000,7900000,6800000,bonus,2024-11-28 15:50
BGT01009,USR007,INC00877,,800000,450000,2600000,2150000,scholarship,2023-09-02 17:56
BGT06059,USR075,INC09433,2200000,1450000,800000,4450000,3650000,investment_return,2024-08-27 22:57
BGT08838,USR030,INC03095,2300000,1300000,1000000,4600000,3600000,freelance,2024-02-08 07:06
BGT00677,USR008,INC07637,1300000,750000,300000,2350000,2050000,scholarship,2023-04-07 16:20
BGT08910,USR051,INC06470,2550000,1800000,1100000,5450000,4350000,freelance,2023-08-15 17:02
BGT01526,USR028,INC04240,1850000,1050000,450000,3350000rb,2900000,part_time,2023-09-20 15:32
BGT09998,USR001,INC09540,1050000,600000,450000,2100000,1650000,part_time,2023-11-19 10:31
BGT08413,USR024,INC05596,1150000,700000,300000,2150000,1850000,internship,2024-02-04 17:54
BGT04855,USR055,INC09746,2950000,2050000,1250000,6250000,5000000,bonus,2024-10-13 12:40
BGT05199,USR003,INC05881,700000,400000,200000,1250000,1100000,scholarship,2023-03-30 19:24
BGT08319,USR056,INC05653,1750000,1000000,900000,3650000,2750000,salary,2024-01-30 08:44
BGT05406,USR059,INC04189,1950000,1200000,650000,3800000,3150000,salary,2023-07-31 19:03
BGT07949,USR059,INC03231,,2150000,1500000,6900000,5400000,freelance,2023-10-01 03:40
BGT04528,USR042,INC00865,3450000,2150000,700000,6300000,5600000,freelance,2023-12-12 01:57
BGT09239,USR024,INC00150,2450000,1200000,800000,4450000.00,3650000,freelance,2023-01-01 10:35
BGT09296,USR046,INC03026,1950000,1200000,1000000,4200000,3150000,business,2024-12-07 02:27
BGT01719,USR018,INC08022,800000,450000,250000,1500000,1250000,scholarship,2024-02-23 21:39
BGT09276,USR013,INC05294,1200000,750000,400000,2350000,1550000,scholarship,2023-05-15 02:16
BGT01158,USR040,INC04397,2100000,1250000,550000,3900000,3350000,part_time,2024-02-02 15:14
BGT07078,USR027,INC07286,1200000,650000,350000,2200000,1850000,allowance,2023-05-08 02:04
BGT02692,USR073,INC03403,4750000,,1750000,9300000,7550000,salary,2023-09-01 12:42
BGT09724,USR038,INC08599,800000,450000,350000,1550000,1250000,freelance,2023-10-27 11:09
BGT07920,USR036,INC07718,1300000,850000,700000,2850000,2150000,internship,2024-11-05 09:00
BGT07919,USR070,INC05940,4500000,3200000,2050000,9750000,7700000,salary,2023-11-02 23:26
BGT07015,USR008,INC08779,650000,400000,250000,1350000,1050000,part_time,2023-04-29 15:29
BGT00344,USR054,INC05360,1900000,1150000,500000,3550000,3050000,salary,2024-04-03 02:52
BGT01833,USR074,INC01247,,,1450000,7150000,5700000,business,2024-05-28 18:07
BGT03990,USR075,INC09357,2900000,1500000,1400000,5800000,4400000,freelance,2023-02-02 09:20
BGT01789,USR072,INC07948,3500000,1950000,900000,6350000,5450000,salary,2024-06-05 08:07
BGT05915,USR048,INC03258,3650000,2250000,750000,6650000,5900000,business,2024-02-14 16:01
BGT06375,USR047,INC08499,3300000,1800000,1550000,6650000,5100000,business,2023-08-14 15:04
BGT04648,USR025,INC00432,1950000,1400000,900000,4250000,3350000,freelance,2023-06-13 08:12
BGT01307,USR055,INC00267,3400000,2200000,850000,6400000,5600000,salary,2023/05/20 11:06
BGT05087,USR006,INC04702,,350000,200000,1100000,900000,scholarship,2024-12-18 07:18
BGT02484,USR012,INC08213,1000000,550000,600000,2200000,1550000,allowance,2023-07-16 17:55
BGT00782,USR036,INC05759,2100000,1250000,750000,4100000,3350000,internship,2024-07-26 08:08
BGT05866,USR016,INC05607,1600000,950000,400000,2950000,2550000,allowance,2023-09-02 10:03
BGT08065,USR003,INC02427,900000,500000,400000,1800000,1400000,allowance,2024-08-03 10:29
BGT04333,USR039,INC06500,1000000,550000,350000,1900000,1550000,freelance,2023-10-31 04:58
BGT06618,USR051,INC05650,2800000,1700000,1750000,6250000,4500000,salary,2024-02-24 07:36
BGT09395,USR005,INC04784,600000,350000,150000,1100000,950000,PART_TIME,2024-09-17 11:40
BGT05928,USR053,INC01322,1500000,1000000,700000,3200000,2500000,freelance,31/07/2023 18:12
BGT09946,USR061,INC05394,4100000,2200000,1000000,7300000,6300000,salary,2024-12-02 14:17
BGT01474,USR011,INC03653,550000,400000,200000rb,1150000,950000,scholarship,2023-12-12 19:24
BGT02508,USR014,INC06600,1450000,850000,450000,2750000,2300000,scholarship,2023-05-16 00:05
BGT01449,USR065,INC09073,2000000,1250000,900000,4150000,3250000,business,2024-04-19 05:07
BGT05488,USR047,INC06543,2350000,1500000,1000000,4850000,3850000,freelance,2023-03-06 08:51
BGT03584,USR067,INC01335,3150000,2000000,1550000,6700000,5150000,business,2023-10-04 20:21
BGT03150,USR007,INC03298,1250000rb,750000,350000,2400000,2000000,allowance,2024-12-31 20:35
BGT08159,USR067,INC08490,5150000rb,2950000,1400000,9500000,8100000,freelance,2024-11-11 07:20
BGT06087,USR009,INC09378,1100000rb,650000,550000,2300000,1750000,part_time,2024-10-12 06:29
BGT00046,USR033,INC08575,1400000,950000,650000,3000000,2350000,part_time,2023-07-07 20:54
BGT00222,USR009,INC09779,1050000,700000,450000,2200000,1750000,allowance,2024-09-11 22:09
BGT07667,USR059,INC02646,2300000,1500000,600000,4400000,3800000,,2024-06-29 12:36
BGT03807,USR057,INC07665,3250000,1850000,1700000,6800000,5100000,business,2024-10-31 16:39
BGT04507,USR007,INC08806,1200000rb,700000,500000,2400000,1900000,part_time,2023-06-09 16:33
BGT09306,USR036,INC02462,2150000,1300000,450000,3950000rb,3450000,internship,2024-05-27 15:35
BGT07331,USR001,INC01495,600000,400000,200000,1200000,1000000,part_time,
BGT02991,USR036,INC02523,1650000,1100000,850000,3600000,2750000,allowance,2024-09-07 09:23
BGT04912,USR072,INC09769,3950000,2550000,1750000,8250000,6500000,salary,2023-10-18 22:05
BGT07090,USR071,INC02440,3050000,1800000,1600000,6450000,4850000,salary,2024-12-05 02:47
BGT09130,USR045,INC02040,1800000,1200000,950000,3950000,3000000,bonus,2024-05-03 22:23
BGT00370,USR059,INC09791,1900000,950000,700000,3550000,2850000,salary,20/08/2023 10:52
BGT01321,USR045,INC08200,,1750000,650000,5150000,4500000,salary,2023-11-17 21:26
BGT06967,USR009,INC03758,1050000,700000,550000,2250000,1750000,part_time,2023-05-09 05:25
BGT02015,USR004,INC02792,1100000,750000,,2350000,1850000,allowance,2024-09-18 22:02
BGT06363,USR025,INC07079,800000,500000,400000,1700000,1600000,allowance,2023-06-06 06:11
BGT02375,USR059,INC06747,3000000,1800000,,6250000,4800000,salary,
BGT00666,USR058,INC09839,4000000,2450000,1250000,7700000,6450000,salary,2024-09-05 03:23
BGT04464,USR023,INC06231,1100000,600000,450000,2150000,1700000,part_time,2024-10-12 03:46
BGT07884,USR002,INC01854,750000,450000,200000,1400000,1200000,part_time,2024-04-09 11:18
BGT00451,USR010,INC09063,1150000,700000,750000,2600000,1850000,scholarship,2024-08-24 17:15
BGT03561,USR035,INC00596,2450000,1450000,650000,4500000,3900000,part_time,2023-12-04 02:01
BGT06445,USR010,INC05507,550000,400000,250000,1200000,950000,scholarship,2024-09-28 23:58
BGT08751,USR075,INC02402,4200000,2750000,1600000,8550000,6950000,bonus,2024-01-22 20:36
BGT09567,USR031,INC01534,1950000,1350000,800000,4100000,3300000,freelance,2024-12-24 05:04
BGT03340,USR001,INC05348,1150000,750000,300000,2200000,1900000,allowance,2023-10-02 00:01
BGT06902,USR060,INC05826,1850000,1100000,1100000,4000000,3600000,salary,2023-07-13 14:41
BGT06129,USR054,INC01730,2450000,1600000,1250000,5300000,4050000,business,2023-09-21 14:32
BGT09539,USR007,INC05231,700000,400000,350000,1450000,1100000,allowance,2024-07-31 10:40
BGT07319,USR060,INC09048,1750000,1100000rb,1150000,4000000,2850000,freelance,2024-12-28 08:11
BGT02537,USR068,INC08011,3150000,1650000,1350000,6150000,4800000,business,2024-10-27 22:39
BGT01087,USR075,INC05666,5150000,3100000,1450000,9750000,8250000,freelance,2023-12-10 21:38
BGT09709,USR027,INC00936,2200000,1300000,1350000,4850000,3500000,allowance,2023-04-08 18:54
BGT08431,USR035,INC06181,1400000,750000,550000,2700000,2150000,internship,2024-12-16 04:42
BGT05167,USR017,INC06977,1050000,650000,600000,2300000,1700000,allowance,2024-05-04 21:55
BGT06111,USR071,INC06999,3800000,2500000,2000000,8250000,6300000,investment_return,2024-01-29 09:03
BGT04184,USR062,INC08254,3950000,,1500000,7450000,5950000,investment_return,17/07/2024 02:39
BGT02407,USR017,INC09838,1550000,850000,450000,2850000.00,2400000,part_time,2024-01-30 20:13
BGT06189,USR062,INC08282,2200000,1150000,900000,4250000,3350000,salary,2023-03-15 21:21
BGT06710,USR051,INC05916,3700000,2400000,1150000,7300000,6100000,salary,2023-12-26 08:40
BGT08763,USR011,INC00768,850000,550000,450000,1850000,1400000,part_time,
BGT00557,USR058,INC08055,3500000,-2250000,1250000,7050000,5750000,salary,2024-06-04 09:08
BGT04199,USR054,INC05270,3150000,1800000,750000,5700000,4950000,freelance,2024-07-06 17:50
BGT01172,USR068,INC00490,2550000,1300000,950000,4850000,3850000,freelance,2023-04-28 06:23
BGT09444,USR028,INC08598,2300000,1300000,1250000,4850000,3600000,allowance,2024-09-19 13:49
BGT07001,USR002,INC00852,950000,550000,250000,1750000,1500000,allowance,2023-06-22 09:31
BGT06847,USR036,INC07576,1600000,,950000,3450000,2550000,part_time,2023-11-15 00:25
BGT01624,USR072,INC01884,5350000,3250000,1300000,9900000,8600000,business,2024-04-08 23:23
BGT01541,USR067,INC04205,2800000,1750000,1650000,6200000,4550000,investment_return,2024-02-29 17:10
BGT01446,USR052,INC07937,2850000,1800000,1700000,6350000,4650000,freelance,2024-02-06 04:00
BGT08568,USR049,INC08047,1850000,950000,650000,3450000,2800000,freelance,2023-10-28 13:45
BGT09450,USR040,INC07177,1500000,1050000,800000,3350000,2550000,part_time,2023-02-17 10:38
BGT01326,USR007,INC01013,1000000,500000,350000,1850000,1500000,allowance,2023-02-18 13:07
BGT08653,USR046,INC03690,3950000,2050000,1600000,7550000,6000000,bonus,30/07/2023 14:27
BGT03499,USR017,INC00676,1250000,800000,650000,2700000,2050000,part_time,2023-09-10 06:04
BGT03821,USR069,INC08208,4700000,2850000,2250000,9750000,7550000,bonus,
BGT02685,USR025,INC05021,1700000,950000,750000,3400000,2650000,internship,2023-11-27 02:45
BGT03474,USR005,INC03989,550000,350000,300000,1200000,900000,allowance,2023-08-01 06:30
BGT02663,USR049,INC06749,2600000,1600000,1000000,5200000,4200000,business,2023-04-13 20:19
BGT07203,USR003,INC02992,1150000,700000,300000,2150000,1850000,part_time,2023-03-30 15:58
BGT00908,USR023,INC04654,2300000,1600000,750000,4650000,3900000,internship,2023-09-22 12:31
BGT01368,USR066,INC08850,4800000,2650000,1650000,9100000,7450000,bonus,2024-09-12 09:50
BGT01973,USR037,INC02899,2300000,1300000,750000,4300000,3600000,part_time,2024-11-12 16:37
BGT08037,USR013,INC02900,1200000,750000,400000,2350000,1950000,scholarship,2024-07-16 17:38
BGT06348,USR075,INC00572,4300000,2950000,1900000,9150000,7250000,freelance,2024-05-26 04:51
BGT08826,USR004,INC08246,950000,700000,400000,2000000,1650000,part_time,2023-06-02 21:32
BGT02941,USR072,INC05712,3050000,2300000,,6900000,5350000,bonus,2023-09-06 19:10
BGT01629,USR069,INC05483,5250000,3100000,1050000,9350000,8350000,bonus,2023-04-06 05:10
BGT07849,USR041,INC01627,3450000,1950000,1350000,6750000,5400000,bonus,2023-08-31 01:30
BGT04200,USR012,INC04488,700000,400000,300000,1400000,1100000,scholarship,2023-02-10 00:51
BGT08263,USR037,INC07462,2200000,1400000,650000,4200000,3600000,allowance,2023-02-09 21:00
BGT06019,USR035,INC01601,2150000,1550000,1100000,4800000,3700000,internship,2023-06-15 02:42
BGT01543,USR054,INC00491,3700000,1950000,1350000,7000000,5650000,,2023-10-31 14:34
BGT07989,USR021,INC03979,,1200000,950000,3950000,3000000,freelance,2023-06-21 09:41
BGT02380,USR059,INC02055,2000000,1100000,800000,3900000,3100000,business,2024-01-13 19:24
BGT06990,USR047,INC09764,3150000,1750000,800000,5700000,4900000,bonus,2023-12-22 18:29
BGT03689,USR033,INC06170,1300000,-650000,350000,2300000,1950000,allowance,2023-08-12 18:49
BGT07276,USR044,INC06101,3750000,2050000,1000000,6800000,5800000,business,2023-10-24 21:19
BGT09632,USR043,INC05540,4150000,2250000,1100000,7500000,6400000,salary,2023-02-12 09:51
BGT05135,USR032,INC06856,1000000,,450000,2150000,1700000,allowance,2024-10-20 17:38
BGT08061,USR021,INC01825,1650000,800000,600000,3050000,2450000,freelance,2024-05-22 09:21
BGT03943,USR033,INC06203,800000,450000,300000,1550000,1250000,allowance,2023-05-07 17:04
BGT03414,USR044,INC06968,3700000,2200000,800000,6700000,5900000,salary,2023-11-23 16:18
BGT00298,USR034,INC09807,750000,450000,400000,1550000,1200000,freelance,2024-08-14 04:32
BGT08540,USR036,INC01887,850000,500000,400000,1750000,1350000,freelance,2024-09-17 15:43
BGT07878,USR022,INC00778,2000000,1300000,750000,4050000,3300000,freelance,2023-06-13 22:38
BGT08090,USR007,INC08491,1550000,950000rb,450000,2950000,2500000,part_time,2024-07-22 20:50
BGT03789,USR063,INC09771,2500000,1450000,1150000,5100000,3950000,investment_return,2023/06/21 11:38
BGT04261,USR036,INC05122,2200000,1200000,600000,4000000,3400000,internship,2024-05-18 23:00
BGT02491,USR025,INC03208,1850000,1050000,750000,3650000,2900000,allowance,2024-03-23 04:13
BGT01249,USR035,INC04895,1650000,1050000,900000,3550000,2700000,internship,2023-04-21 07:08
BGT08103,USR067,INC06313,2150000,1300000,850000,4300000,3450000,business,2023-11-08 13:55
BGT00539,USR031,INC08578,950000,450000,300000,1700000,1400000,allowance,2023-10-25 04:34
BGT00583,USR056,INC05570,2200000,1250000,1100000,4550000,3450000,freelance,2024-07-26 13:11
BGT04208,USR032,INC01989,750000,550000,300000,1600000,1300000,part_time,2024-07-29 15:32
BGT04270,USR045,INC00644,3600000,2450000,1900000,7950000,6050000,salary,2024-02-17 04:14
BGT09322,USR023,INC03712,1200000,750000,400000,2350000,1950000,freelance,2023-05-10 23:16
BGT07479,USR003,INC02608,1300000,900000,600000,2750000,2200000,allowance,2023-02-15 13:46
BGT05240,USR059,INC09987,3250000,1900000,1200000,6350000,5150000,bonus,2024-04-10 17:46
BGT01022,USR004,INC02741,1050000,500000,300000,1900000,1550000,part_time,2024-09-20 16:49
BGT01732,USR006,INC08904,1500000,900000,350000,2800000,2400000,allowance,2024-09-10 03:32
BGT03161,USR032,INC07786,2650000,1400000,650000,4700000,4050000,part_time,2023-10-17 07:43
BGT08865,USR020,INC02585,950000,500000,250000,1700000,1450000,scholarship,2024-02-26 18:29
BGT01625,USR069,INC03363,4550000,2400000,1950000,8950000,6950000,bonus,2024-06-30 16:26
BGT04082,USR068,INC01623,3700000,1750000,1250000,6700000.00,5450000,bonus,2023-05-03 13:10
BGT02748,USR025,INC00598,1950000,1250000,1050000,4250000,3200000,internship,2024-10-29 16:39
BGT04453,USR025,INC00711,,1000000,650000,3300000,2600000,allowance,2024-11-10 04:17
BGT03156,USR034,INC03327,1750000,1200000,800000,3750000,2950000,freelance,2024-04-13 14:39
BGT04759,USR060,INC07793,3500000,2250000,1700000,7450000,5750000,business,2023-05-21 14:57
BGT03175,USR021,INC00483,1650000,1100000,850000,3600000,2750000,internship,20/12/2023 04:05
BGT03785,USR063,INC06640,4200000,2450000,2450000,9150000,6650000,salary,2024-01-18 02:46
BGT01799,USR072,INC08577,3100000,1850000,1000000,6000000,4950000,salary,2023-08-31 22:05
BGT07025,USR066,INC06376,2250000,1500000,650000,4400000,3750000,salary,2024-05-28 07:07
BGT08158,USR035,INC04980,1250000,800000,500000,2550000,2050000,internship,18/06/2024 12:55
BGT07192,USR031,INC07306,2500000rb,1300000,950000,4750000,3800000,allowance,2023-10-04 13:06
BGT02999,USR057,INC03406,2400000,1450000,850000,4700000,3850000,bonus,2024-01-10 16:08
BGT07043,USR023,INC03496,1900000,1250000,600000rb,3750000,3150000,allowance,2023-12-17 00:07
BGT01590,USR029,INC02042,2000000,1200000,950000,4150000,3200000,FREELANCE,2023-06-17 21:47
BGT06592,USR073,INC09787,4450000,2950000,2100000,9450000,7400000,freelance,2024-07-31 23:17
BGT07296,USR017,INC03448,600000,300000,300000,1150000,900000,part_time,2024-07-16 13:32
BGT00964,USR063,INC09687,4600000,2300000,1950000,8800000,6900000,bonus,2024-04-23 16:47
BGT02825,USR045,INC03521,3550000,2500000,1700000,7750000,6050000,salary,2024-04-27 13:33
BGT07146,USR072,INC09172,3600000,2550000,1350000,7450000,6150000,freelance,2023-06-11 09:18
BGT05165,USR035,INC05525,2500000,1550000,800000,4850000,4050000,freelance,2024-10-26 10:23
BGT03038,USR070,INC02088,4600000,3050000,1550000,9250000,7650000,freelance,2024-07-12 07:34
BGT07816,USR010,INC08586,550000,300000,300000,1150000,850000,part_time,31/03/2024 10:27
BGT03764,USR003,INC08567,1250000,700000,450000,2400000,1950000,scholarship,2023-01-13 21:19
BGT07347,USR075,INC02206,3400000,2000000,1450000,6850000,5400000,investment_return,2023-08-26 12:17
BGT07374,USR069,INC02128,3550000,2050000,750000,6350000,5600000,business,2023-12-07 06:07
BGT07282,USR036,INC00880,1200000,600000,550000,2350000,1800000,internship,2023-03-06 08:49
BGT09759,USR066,INC07075,4700000,2600000,1700000,9050000,7300000,freelance,15/03/2023 12:57
BGT03185,USR073,INC04729,2000000,1100000,1150000,4300000,3100000,bonus,2023-08-24 09:18
BGT03997,USR040,INC02298,1700000,,800000,3400000,2600000,allowance,2023-11-29 03:50
BGT09303,USR073,INC05149,2700000,1450000,1250000,5450000,4150000,investment_return,2024-09-21 12:24
BGT07415,USR051,INC09471,1800000,1100000,650000,3500000,2900000,freelance,2023-11-24 12:45
BGT00720,USR014,INC09772,950000,550000,450000,1950000,1500000,scholarship,2024-12-30 13:49
BGT09914,USR037,INC00517,2050000,1450000,1200000,4700000,3500000,internship,2024-07-18 00:41
BGT05641,USR042,INC03402,3450000,2250000,1600000,7300000,5700000,bonus,2024/11/18 07:50
BGT04800,USR020,INC06191,1550000,850000,450000,2900000,2400000,scholarship,2023-11-19 21:51
BGT05143,USR065,INC09591,2950000,2300000,1500000rb,6750000,5250000,business,2024-08-08 21:53
BGT05354,USR025,INC07521,850000,500000,400000,1750000,1350000,part_time,
BGT08506,USR015,INC06245,1050000,600000,,2150000,1650000,scholarship,2024-02-28 08:14
BGT04579,USR068,INC04076,2800000,1850000,1750000,6400000,4650000,investment_return,2024-10-16 16:19
BGT06332,USR028,INC04601,800000,500000,350000,1700000,1300000,internship,2024-08-11 08:54
BGT08343,USR024,INC04656,1550000rb,950000,400000,2950000,2500000,internship,2023-03-03 11:36
BGT07807,USR023,INC01770,2100000,1250000,900000,4250000,3350000,freelance,2023-03-26 22:56
BGT06023,USR009,INC06702,850000,600000,350000,1800000,1450000,part_time,2024-06-20 22:32
BGT07822,USR044,INC03823,3150000,2050000,1800000,7000000,5200000,freelance,2024-01-09 03:08
BGT00829,USR033,INC05772,1700000,1250000,750000,3700000,2950000,freelance,2023-01-24 07:09
BGT09074,USR030,INC02798,2050000,1300000,1250000,4600000,3350000,,2023-06-08 00:20
BGT00108,USR048,INC06703,2700000,1850000,1300000,5850000,4550000,bonus,2024-02-25 01:49
BGT07671,USR052,INC01729,2350000,1250000,1000000,4600000,3600000,salary,2024-03-13 14:31
BGT01438,USR027,INC01649,850000,500000,200000,1500000,1350000,allowance,2024-04-28 17:26
BGT06566,USR072,INC06825,5000000,3050000,1750000,9800000,8050000,investment_return,2023-11-22 07:09
BGT02875,USR035,INC04746,1000000,,550000,2150000,1600000,internship,2024-11-22 06:18
BGT01561,USR004,INC03673,1400000,800000,450000,2650000,2200000,part_time,2023-12-26 12:33
BGT06272,USR015,INC06748,-800000,-500000,500000,1850000,1300000,scholarship,2024-04-10 15:35
BGT09201,USR013,INC02947,750000,400000,300000,1450000,1150000,part_time,2024-06-22 04:11
BGT05399,USR047,INC07459,3900000,2250000,1350000,7500000,6150000,business,2023-04-12 22:06
BGT01332,USR021,INC00759,1700000,1150000,1000000,3900000,2850000,allowance,2024-02-14 20:31
BGT01260,USR070,INC07837,4250000,3000000,2150000,9400000,7250000,investment_return,2024-06-26 01:46
BGT01855,USR044,INC02525,2450000,1500000,1250000,5250000,3950000,business,2023-01-14 16:18
BGT01700,USR028,INC06437,2050000,1000000,,,3050000,allowance,2024-04-12 02:01
BGT08298,USR028,INC00226,1150000,800000,600000,2550000,1950000,part_time,2023-09-20 23:59
BGT00273,USR054,INC08817,2600000,1350000,800000,4750000,3950000,bonus,
BGT04776,USR048,INC03829,2000000,1300000,550000rb,3850000,3300000,business,2024-07-05 21:18
BGT01181,USR048,INC09131,3650000,-2150000,1200000,7000000,5800000,bonus,
BGT04386,USR018,INC09822,1250000,800000,700000,2750000,2050000,part_time,2023-04-09 14:53
BGT00227,USR002,INC07584,900000,550000,250000,1700000,1450000,scholarship,2024-02-11 14:14
BGT02109,USR023,INC04736,1850000,1050000,800000,3700000,2900000,allowance,2024-07-19 12:43
BGT03596,USR001,INC04314,1550000,700000,500000,2750000,2250000,scholarship,2023-08-03 22:21
BGT02149,USR051,INC09760,1550000,1000000,550000,3100000,2550000,bonus,2023-11-11 20:46
BGT09043,USR036,INC08431,1250000,750000,350000,2350000,2000000,internship,2023-01-18 12:23
BGT09415,USR031,INC09723,1450000,850000,400000,2700000,2300000,part_time,2023-06-25 18:20
BGT08135,USR039,INC00058,2250000,1400000,1150000,4800000,3650000,part_time,2024-03-21 06:19
BGT05545,USR069,INC01578,2950000,2000000,1100000,6050000,4950000,freelance,2024-01-28 09:34
BGT05256,USR058,INC08915,3400000,2300000,1500000,7250000,5700000,salary,2024-09-20 12:25
BGT05537,USR043,INC05393,3800000,2600000,1500000,7950000,6400000,freelance,2024-08-22 08:50
BGT07770,USR053,INC04431,4150000,2300000,950000,7450000,6450000,salary,2024-06-17 09:51
BGT04824,USR036,INC08216,1700000,1200000,850000,3800000,2900000,internship,2023-10-08 22:18
BGT00018,USR023,INC07415,1600000,1000000,700000,3300000,2600000,allowance,2023-07-22 17:43
BGT03941,USR069,INC03288,4150000,2800000,1550000,8500000,6950000,business,2024-07-09 02:08
BGT01320,USR030,INC04234,1600000,950000,700000,3250000,2550000,part_time,2024-04-08 16:56
BGT03118,USR064,INC03667,2000000,1400000,1100000,4500000,3400000,business,2023-03-04 01:45
BGT04332,USR020,INC06745,700000,450000,250000,1400000,1150000,part_time,2024-03-22 14:45
BGT06386,USR027,INC07165,2400000,1400000,850000,4650000,3800000,internship,2023-01-02 00:48
BGT01071,USR068,INC02406,2300000,1300000,1200000,4800000,3600000,salary,2024-10-21 02:27
BGT02919,USR006,INC08836,800000,550000,200000,1550000,1350000,part_time,25/09/2023 10:33
BGT00742,USR071,INC05979,2650000rb,1450000,1300000,5450000,4100000,bonus,2024-08-20 09:54
BGT05990,USR041,INC03312,1600000,850000,650000,3100000rb,2450000,bonus,2024-08-30 01:04
BGT09629,USR064,INC03594,3450000,1600000,1200000,6250000,5050000,bonus,2023-10-25 15:03
BGT01930,USR039,INC04075,800000,500000,350000,1650000,1300000,internship,2024-08-11 17:01
BGT05922,USR008,INC04392,1150000,800000,650000,2600000,1950000,scholarship,2023-10-28 00:06
BGT08964,USR034,INC03536,2150000,1600000,950000,4700000,3750000,part_time,2024-10-30 06:54
BGT00419,USR035,INC09755,1600000,1050000,950000,3600000,2650000,part_time,2023-09-22 02:15
BGT07540,USR007,INC08611,700000,350000,,1350000,1050000,scholarship,2023-12-12 15:05
BGT02097,USR023,INC06751,1800000,1150000,450000,3400000,2950000,freelance,2024-01-15 03:04
BGT08527,USR059,INC08214,3100000,1500000,1000000,5600000,4600000,freelance,2024-08-07 09:25
BGT05974,USR042,INC04157,3200000,1950000,1550000,6650000,5150000,,2023-09-16 11:47
BGT03978,USR064,INC05363,3100000,1950000,900000,5950000,5050000,investment_return,2024-03-22 00:21
BGT03765,USR033,INC09252,800000,600000,350000,1750000,1400000,freelance,2023-10-14 07:48
BGT02131,USR040,INC06572,2000000,1350000,800000rb,4150000,3350000,part_time,2023-03-31 11:00
BGT03813,USR044,INC01337,3750000,2300000,1600000,7650000,6050000,salary,2024-10-29 00:24
BGT07672,USR070,INC03368,4000000,2200000,,7400000,6200000,freelance,2023/06/21 23:50
BGT09591,USR062,INC03869,3150000,1750000,950000,5800000,4900000,salary,2023-02-17 00:05
BGT03680,USR051,INC07298,2000000,1200000,750000,3950000,3200000,bonus,2023-07-01 14:53
BGT00619,USR010,INC07121,500000,350000,,1050000,850000,part_time,2024-12-08 20:43
BGT08513,USR032,INC07536,2050000,1300000,1000000,4350000,3350000,part_time,2024-08-20 04:14
BGT02910,USR005,INC05335,1250000,800000,600000,2650000,2050000,allowance,2024-10-23 14:39
BGT01375,USR071,INC03372,1750000,1100000,1150000,4000000,2850000,business,2024-02-21 00:28
BGT07155,USR041,INC02115,3700000,2550000,1650000,7900000,6250000,bonus,2023-03-20 08:46
BGT07819,USR023,INC08367,750000,500000,300000,1550000,1250000,part_time,2024-05-20 03:30
BGT07589,USR022,INC04101,1000000,650000,400000,2050000,1650000,part_time,2024-08-24 17:21
BGT06155,USR054,INC07750,1950000,1400000,800000,4150000,3350000,bonus,2024-05-07 22:51
BGT01744,USR024,INC05924,1400000,750000,500000,2650000,2150000,freelance,2023-05-13 10:20
BGT09124,USR014,INC04150,650000,400000,300000,1350000,1050000,part_time,2024-06-19 05:01
BGT08810,USR074,INC05744,5350000,2900000,1700000,9950000,8250000,business,2024-01-14 20:01
BGT06877,USR050,INC01372,1950000,1200000,1150000,4300000,3150000,business,2024-10-16 03:10
BGT00122,USR022,INC08288,,600000,550000,2200000,1650000,internship,2023-12-25 14:59
BGT07845,USR064,INC02013,4500000,2450000rb,1550000,8500000,6950000,freelance,2024-06-11 13:52
BGT07984,USR045,INC06912,2150000,1250000,1250000,4700000,3400000,business,2023-08-10 17:51
BGT04025,USR047,INC09495,2850000,1950000,1000000,5800000,4800000,salary,2024-03-26 08:30
BGT03573,USR012,INC00195,1500000,1000000,450000,2950000,2500000,part_time,2024-11-02 21:54
BGT01331,USR013,INC07485,500000,300000,200000,1000000,800000,part_time,2023-02-18 17:49
BGT02950,USR029,INC04259,1450000,1000000,550000,3000000,2450000,allowance,2023-10-28 21:23
BGT07740,USR020,INC05804,1000000,550000,550000,2100000,1550000,scholarship,2023-04-29 23:50
BGT09924,USR034,INC04553,1350000,800000,650000,2800000,2150000,allowance,2024-08-22 21:26
BGT04565,USR001,INC05196,1600000,850000,550000,2950000,2450000,allowance,2023-04-13 14:34
BGT01755,USR053,INC06039,2450000,1450000,650000,4550000,3900000,BUSINESS,2024-08-08 00:31
BGT01990,USR017,INC07277,1000000,550000,250000,1800000,1550000,scholarship,2024-06-28 00:01
BGT09186,USR022,INC06605,1650000,1050000,500000,3250000,2700000,allowance,2024-09-16 11:47
BGT03291,USR069,INC08332,2350000,1350000rb,1000000,4700000,3700000,freelance,2024-01-06 23:48
BGT01967,USR013,INC06375,550000,400000,300000,1250000,950000,scholarship,2024-07-24 08:09
BGT03319,USR002,INC07161,1250000,750000,700000,2700000,2000000,scholarship,2024-02-04 18:13
BGT01658,USR075,INC07115,2800000,1550000,1000000,5350000,4350000,investment_return,2024-12-02 00:28
BGT04596,USR063,INC01299,3850000,2250000,1600000,7700000,6100000,freelance,2024-10-10 15:53
BGT03194,USR025,INC05476,2200000,1300000,950000,4450000,3500000,part_time,2024-01-09 22:27
BGT07643,USR003,INC02133,1600000,850000,450000,,2450000,allowance,2023-10-31 02:55
BGT09537,USR069,INC06729,2900000,2100000,1150000,6150000,5000000,investment_return,2024-04-06 00:03
BGT08981,USR039,INC01351,1650000,1150000,700000,3550000,2800000,allowance,2024-11-30 14:08
BGT04510,USR010,INC02317,550000,250000,200000,1000000,800000,scholarship,2024-10-11 09:18
BGT03521,USR054,INC08963,2950000,1450000,1250000,5650000,4400000,salary,2023-05-23 03:15
BGT07959,USR041,INC04607,2400000,1600000,1300000,5300000,4000000,salary,2023-02-22 04:43
BGT05897,USR066,INC06304,-4350000,2150000,1250000,7750000,6500000,bonus,2023-04-19 05:52
BGT05244,USR071,INC02214,3150000,1700000,1200000,6100000,4850000,business,2023-09-07 20:50
BGT07416,USR012,INC01038,900000,500000,400000,1800000,1400000,allowance,2024-07-12 15:49
BGT08078,USR066,INC05184,3850000,2600000,2300000,8750000,6450000,freelance,2023-07-12 04:48
BGT00308,USR041,INC00180,2850000,1850000,1250000,5900000,4700000,freelance,2024-05-22 14:28
BGT07062,USR066,INC09986,2750000,1650000,1550000,5950000,4400000,investment_return,2023-07-14 10:47
BGT00969,USR017,INC08424,1150000,600000,350000,2150000,1750000,scholarship,2024-04-30 19:10
BGT03905,USR013,INC09113,550000,400000,200000,1150000,950000,allowance,2024-09-04 22:49
BGT02637,USR044,INC08612,2500000,1500000,1150000,5150000,4000000,freelance,2024-03-01 22:08
BGT04158,USR063,INC00237,3850000,2150000,1150000,7150000,6000000,freelance,2023-12-21 16:54
BGT02013,USR074,INC07378,4550000,2900000,1100000,8550000,7450000,business,2024-02-24 07:21
BGT03864,USR031,INC00138,1300000,900000,600000,2750000,2200000,internship,2023-03-07 09:53
BGT08531,USR072,INC08329,3400000,2400000,1900000,7700000,5800000,freelance,2023-07-13 09:25
BGT05083,USR058,INC01700,2150000,1450000,800000,4350000,3600000,salary,2023-08-16 17:46
BGT02096,USR042,INC07822,2550000,1550000,900000,5000000,4100000,bonus,2023-11-10 09:19
BGT05673,USR024,INC09479,,1250000,950000,4050000,3050000,part_time,
BGT00795,USR004,INC00966,800000,400000,350000,1550000,1200000,scholarship,2024-05-22 10:56
BGT08560,USR014,INC03245,950000,600000,450000,2000000,1550000,scholarship,2023-11-26 06:36
BGT01972,USR057,INC00153,4250000,2600000,1050000,7900000,6850000,salary,2024-05-08 08:04
BGT01523,USR065,INC03083,3800000,2100000,2150000,8050000,5900000,freelance,2023-03-22 07:00
BGT03838,USR056,INC01471,-3100000,1850000,1950000,6900000rb,4900000,business,2024-02-12 01:56
BGT05666,USR001,INC07025,1450000,800000,450000,2700000,2250000,part_time,2024-03-15 22:15
BGT03113,USR047,INC00888,2400000,1300000,800000,4550000,3700000,freelance,2024-03-23 01:42
BGT07364,USR005,INC05866,550000,350000,300000,1200000,900000,scholarship,2024-09-26 05:33
BGT01724,USR039,INC06474,2550000,,650000,4800000,4150000,part_time,2024-07-09 08:22
BGT06103,USR013,INC00321,1250000,650000,500000,2400000,1900000,scholarship,2024-12-12 07:15
BGT05128,USR012,INC08482,1300000,800000,550000,2650000,2100000,scholarship,2024-04-28 01:19
BGT02914,USR023,INC02212,2150000,1500000,1050000,4700000,3650000,allowance,2023-09-11 13:18
BGT04486,USR020,INC03162,1300000,750000,300000rb,2350000,2050000,part_time,2024-10-19 00:38
BGT02903,USR029,INC00628,2150000,1350000,850000,4350000,3500000,INTERNSHIP,2024-09-08 20:04
BGT00101,USR063,INC03092,2300000,1350000,550000,,3650000,bonus,22/06/2023 16:57
BGT04604,USR044,INC09225,3100000,1850000,650000,5600000,4950000,business,2023-08-09 05:00
BGT00763,USR004,INC02610,600000,400000,150000,1150000,1000000,allowance,2024-11-01 04:01
BGT05231,USR019,INC01120,1400000,800000,600000,2800000,2200000,allowance,2023-11-14 17:55
BGT05636,USR020,INC05273,500000,,300000,1100000,800000,scholarship,2024-09-23 18:46
BGT09693,USR050,INC09531,1700000,1200000,950000,3850000,2900000,salary,2023-03-16 13:30
BGT06154,USR014,INC02754,1450000,800000,550000,2800000,2250000,part_time,2023-06-23 11:04
BGT02675,USR049,INC02094,3250000,-2350000,1500000,7100000,5600000,salary,2023-08-22 18:17
BGT00468,USR058,INC03339,2250000,1200000,750000,4200000,3450000,freelance,2024-10-31 05:49
BGT01508,USR047,INC05864,3600000,2400000,2000000,8000000,6000000,freelance,2024-05-31 08:33
BGT07640,USR043,INC01282,2850000,1550000,1300000,5700000,4400000,freelance,2024-06-29 08:03
BGT07019,USR041,INC02339,2850000,2050000,1300000,6150000,4900000,bonus,2024-02-02 18:33
BGT05077,USR036,INC08271,800000,500000,350000,1650000,1300000,allowance,
BGT06988,USR021,INC03492,1000000,550000,450000,2000000,1550000,internship,2023-06-07 08:08
BGT03837,USR031,INC00402,,,550000,2200000,1650000,part_time,2024-08-17 14:39
BGT06037,USR012,INC00065,800000,550000,350000,1700000,1350000,allowance,2023-10-19 01:18
BGT04314,USR065,INC05563,3750000,2100000,1350000,,5850000,freelance,2023-09-21 09:00
BGT03840,USR065,INC08294,2850000,1500000,950000,5300000,4350000,freelance,2024-08-03 20:08
BGT01960,USR066,INC01496,3800000,2300000,1100000rb,7200000,6100000,business,2024-09-21 09:55
BGT07860,USR025,INC04846,1500000,950000,700000,3150000,2450000,freelance,2024-05-12 17:02
BGT05731,USR024,INC03621,1050000,600000,550000,2200000,1650000,freelance,2024-11-20 23:26
BGT03102,USR029,INC08103,,500000,350000,1800000,1450000,part_time,2023-12-05 09:16
BGT01229,USR031,INC09991,1150000,650000,500000,2300000,1800000,part_time,2024-01-24 20:59
BGT02597,USR052,INC05161,2600000,1550000,1150000,5300000,4150000,business,26/08/2024 14:08
BGT02388,USR035,INC02535,1100000,600000,550000,2200000,1700000,freelance,2024-08-01 03:49
BGT02214,USR071,INC08759,3400000,2050000,950000,6450000,5450000,salary,2023-10-11 01:30
BGT06697,USR022,INC06093,2200000,1050000,800000,4100000,3250000,freelance,2023-03-04 02:58
BGT08652,USR046,INC07217,2600000,,700000,4700000,4000000,salary,2023-07-11 07:50
BGT05387,USR060,INC05685,1500000,1000000,550000,3100000,2500000,freelance,2024-03-08 02:55
BGT05991,USR066,INC05258,3000000,1650000,1400000,6050000,4650000,business,2023-02-03 18:43
BGT03381,USR028,INC08921,1350000,900000,800000,3050000,2250000,allowance,2023-09-20 07:30
BGT05075,USR031,INC00863,2000000,1100000,700000,3800000rb,3100000,internship,
BGT00743,USR064,INC09666,3400000,1900000,1500000,6800000,5300000,business,2024-08-02 20:53
BGT05812,USR039,INC04843,1300000,700000,500000,2500000,2000000,internship,2023-09-11 04:59
BGT00053,USR038,INC06771,2500000,1300000,850000,4600000,3800000,allowance,2024-11-15 09:15
BGT04150,USR068,INC07180,4400000,2650000,2100000,9150000,7050000,bonus,2024-09-17 02:55
BGT09144,USR001,INC00982,700000,450000,,1500000,1150000,allowance,2024-08-26 13:54
BGT04492,USR032,INC00077,2150000,1250000,1100000,4500000,3400000,,2024-08-07 00:08
BGT03053,USR003,INC02459,1050000,600000,300000,1900000,1650000,allowance,2023-05-31 14:25
BGT05366,USR071,INC01862,3950000,2650000,2000000,8600000,6600000,salary,03/09/2024 03:17
BGT03286,USR073,INC07222,5150000,3200000,1600000,9950000,8350000,bonus,2023-09-17 12:05
BGT01562,USR061,INC00007,3100000,2250000,1500000,6850000,5350000,salary,2023-05-09 08:59
BGT01738,USR044,INC05722,2350000,1400000,850000,4600000,3750000,business,2023-03-20 19:33
BGT06648,USR042,INC00119,4350000,2300000,1100000,7750000,6650000,business,2023-09-20 20:38
BGT07900,USR056,INC02668,1900000,1200000,450000,3550000,3100000,business,2023-01-31 23:11
BGT08879,USR011,INC01693,1000000,650000,200000,1850000,1650000,part_time,12/09/2023 08:08
BGT05585,USR036,INC00670,,1100000,1200000,4100000,2900000,freelance,2023-09-13 14:22
BGT03397,USR004,INC05646,1250000,750000,400000,2400000,2000000,part_time,2024-08-18 05:15
BGT03804,USR036,INC08242,2500000,1350000,700000,4500000,3850000,internship,2023-02-10 09:40
BGT08587,USR074,INC08412,3900000,1900000,1300000,7100000,5800000,salary,2023-11-21 13:26
BGT09938,USR022,INC03796,700000,550000,350000,1550000,1250000,freelance,2024-05-22 13:44
BGT06612,USR043,INC03672,2300000,1600000,1100000,5000000,3900000,bonus,2023-04-05 05:16
BGT03910,USR006,INC06361,1150000,650000rb,500000,2300000,1800000,allowance,2024-05-26 02:18
BGT09523,USR022,INC08969,1400000,900000,600000,2950000,2300000,internship,2023-11-29 06:11
BGT08206,USR061,INC05732,2000000,1150000,850000,4000000,4050000,salary,2023-06-22 21:34
BGT02649,USR065,INC04868,4100000,2100000,1850000,8000000,6200000,investment_return,
BGT06021,USR057,INC04375,1750000,800000,550000,3150000,2550000,business,2023-04-11 15:43
BGT04356,USR005,INC02419,,500000,350000,1650000,1300000,part_time,2023-08-07 22:06
BGT01418,USR035,INC04508,1050000,600000,250000,1900000,1650000,internship,2023-05-30 17:56
BGT05402,USR013,INC06718,1100000,600000,300000,2000000,1700000,scholarship,2024-12-04 15:08
BGT00585,USR059,INC07636,2800000,1600000,600000,5000000,4400000,business,2024-10-29 18:53
BGT01999,USR035,INC04999,950000,,300000,1900000,1550000,part_time,2023-08-15 11:27
BGT00953,USR001,INC03725,700000,450000,300000,,1150000,part_time,2023-03-03 18:15
BGT03109,USR034,INC03503,1750000,900000,750000,3400000,2650000,allowance,2024-02-20 11:36
BGT03421,USR019,INC08348,700000,400000,150000,1250000,1100000,scholarship,2023-05-31 10:02
BGT09792,USR020,INC02023,1000000,550000,250000,1800000,1550000,allowance,2023-01-31 12:00
BGT07454,USR023,INC05731,2400000,1500000,500000,4350000,3900000,freelance,2023-05-24 15:38
BGT08282,USR026,INC01415,900000,600000rb,550000,2100000,1500000,part_time,2023-01-28 01:14
BGT00438,USR068,INC08231,4900000,3250000,1650000,9800000,8150000,salary,2023-11-08 20:15
BGT08226,USR057,INC02393,2700000,1550000,1050000,5300000,4250000,business,2024-03-09 14:31
BGT01408,USR028,INC03749,1700000,1000000,,3350000,2700000,freelance,2023-12-17 00:23
BGT03179,USR065,INC01280,4500000,2800000,1200000,8450000,7300000,freelance,2023-02-11 20:37
BGT00748,USR020,INC08916,700000,500000,250000,1450000,1200000,part_time,2024-06-10 18:15
BGT06473,USR064,INC09290,3600000,1900000,1550000,7050000.00,5500000,freelance,2024-05-24 21:26
BGT02259,USR042,INC09930,2000000,1000000,550000,3550000,3000000,freelance,2024-09-26 01:42
BGT05880,USR069,INC06730,5150000,3000000,1550000,9750000,8150000,investment_return,2024-01-29 19:33
BGT00499,USR055,INC02041,2150000,1250000,850000,,3400000,bonus,2023-05-13 09:51
BGT01037,USR047,INC08453,3100000,1700000,850000,5650000,4800000,bonus,2023-07-29 19:49
BGT04526,USR056,INC05840,2300000,1550000,900000,4750000,3850000,bonus,2023-11-27 11:51
BGT07108,USR004,INC09804,850000,500000,200000,1500000,1350000,allowance,2023-12-19 21:43
BGT05998,USR003,INC03246,1100000,700000,450000,2250000,1800000,allowance,2023-03-27 11:21
BGT08281,USR075,INC05494,2200000,1150000,750000,4050000,3250000,salary,
BGT08848,USR004,INC05770,1350000,700000,600000,2650000,2050000,scholarship,2024-11-28 04:36
BGT09665,USR020,INC06603,500000,350000,250000,1050000,850000,part_time,28/04/2023 19:37
BGT09160,USR023,INC00050,1950000,1300000,1150000,4400000,3250000,allowance,2024-01-17 01:04
BGT03505,USR002,INC09516,800000,400000,200000,1450000,1200000,part_time,2023-06-04 00:53
BGT04815,USR064,INC03892,4100000,2150000,1450000,7750000,6250000,bonus,2023-05-28 06:21
BGT01615,USR001,INC03022,600000,350000,350000,1250000,950000,allowance,2024-04-19 21:37
BGT04876,USR047,INC04224,2150000,1150000,750000,4050000,3300000,salary,2024-02-12 21:45
BGT07601,USR034,INC04733,2400000,1300000,,,3700000,freelance,2024/08/14 08:04
BGT06906,USR034,INC09920,2450000,1200000,1050000,4700000,3650000,part_time,2024-12-10 15:36
BGT04836,USR025,INC02942,2000000,1250000,550000,3800000,3250000,internship,2024-04-02 04:12
BGT09469,USR046,INC09176,2500000,1450000,850000,4850000,3950000,business,2024-04-21 05:05
BGT07082,USR038,INC06020,1550000,950000,850000,3350000,2500000,internship,2023-11-23 08:33
BGT01002,USR073,INC08056,5050000,2850000,2000000rb,9900000,7900000,salary,2023-02-20 04:39
BGT05713,USR062,INC06478,3200000,2350000,1550000,7100000,5550000,investment_return,2024-04-18 13:57
BGT04920,USR034,INC00811,1400000,850000,800000,3000000,2250000,part_time,2023-02-11 16:48
BGT04120,USR059,INC08131,3850000,1950000,,7250000,5800000,salary,2023-04-21 20:23
BGT07281,USR007,INC01149,1150000,650000,300000,2050000,1800000,,2023-07-01 01:07
BGT01222,USR039,INC06306,1300000,900000,600000,2800000,2200000,part_time,2024-02-01 12:34
BGT09581,USR039,INC01810,1150000,600000,,2300000,1750000,internship,2024-09-30 19:09
BGT00975,USR014,INC00302,1400000,850000,750000,2950000,2250000,allowance,2024-01-11 17:00
BGT06669,USR016,INC01614,1000000,550000,450000,2050000,1550000,scholarship,2024-11-15 07:00
BGT05333,USR069,INC08544,3550000,2100000,900000,6550000,5650000,,2023-01-28 05:03
BGT09785,USR004,INC04046,1250000,700000,300000,2300000,1950000,allowance,2024-08-25 07:16
BGT07831,USR047,INC03285,2700000,1950000,1250000,5850000,4650000,BUSINESS,2024-11-26 02:47
BGT03455,USR074,INC09957,1950000,1150000,,4200000,3100000,investment_return,2024-04-11 00:49
BGT04623,USR005,INC07404,1000000,550000,300000,1850000,1550000,scholarship,2023-04-30 06:50
BGT09644,USR039,INC09493,2100000,1550000,1050000,4700000,3650000,allowance,2024-01-29 05:39
BGT04804,USR060,INC05905,3400000,2100000,1300000,6750000,5500000,business,2023-05-26 04:11
BGT00485,USR035,INC06256,1750000,1000000,400000,3150000,2750000,freelance,2024-07-09 22:38
BGT01566,USR038,INC09596,2200000rb,1500000,850000,4600000,3700000,internship,2024-07-04 23:21
BGT09425,USR055,INC08566,4100000,2300000,1600000,8000000,6400000,bonus,
BGT09431,USR065,INC07965,4450000,3100000rb,2150000,9700000,7550000,investment_return,2023-02-09 21:51
BGT08573,USR044,INC08426,1700000,1000000,500000,3250000,2700000,freelance,2023-01-09 21:09
BGT04837,USR013,INC05730,1200000,650000,550000,2400000,1850000,scholarship,2023-05-02 11:07
BGT02634,USR041,INC03289,3300000,2000000,1150000,6450000,5300000,business,2023-08-05 08:07
BGT03900,USR027,INC09672,900000,550000,250000,1700000,1450000,allowance,2024-03-21 17:43
BGT06787,USR071,INC01629,3600000,2450000,1600000,7650000,6050000,investment_return,2023-05-27 18:52
BGT08423,USR070,INC01896,3150000,2200000,1700000,7050000,5350000,bonus,2023-09-01 04:00
BGT07596,USR055,INC00131,4150000,2300000,1500000,8000000,6450000,business,2023-09-04 17:43
BGT05477,USR041,INC01105,2900000,1600000,1500000,6000000,4500000,business,2023-07-13 07:32
BGT03914,USR034,INC04117,2200000,1250000,1200000,4700000,3450000,internship,2024-08-30 22:49
BGT04742,USR026,INC05842,2100000,1400000,1000000,4500000,4050000,freelance,05/05/2023 05:51
BGT05274,USR068,INC05569,3150000,,1300000,6150000,4850000,salary,2024-04-09 09:04
BGT09320,USR007,INC02358,900000,550000,400000,1900000,1450000,allowance,2023-09-05 19:17
BGT08766,USR043,INC07691,2450000,1500000,1250000,5250000,3950000,freelance,2024-06-30 03:12
BGT02932,USR056,INC03239,1900000,1050000,1050000,3950000,2950000,salary,2023-02-04 11:05
BGT00272,USR041,INC05040,1750000,1200000,600000,3550000,2950000,business,2024-06-16 19:42
BGT04050,USR075,INC04274,4150000,2450000,1850000,8450000,6600000,investment_return,2023-01-12 22:49
BGT00818,USR021,INC07845,1450000,800000,450000,2700000,2250000,freelance,2023-06-15 16:56
BGT07340,USR052,INC06029,3600000,2050000,1400000,7050000,5650000,freelance,
BGT00028,USR023,INC08503,,900000,800000,3150000,2350000,part_time,2024-05-08 12:09
BGT01623,USR072,INC02085,4400000,2800000,1300000,8500000,7200000,business,2024-01-17 08:02
BGT03955,USR036,INC02016,2300000,1250000,900000,4450000,3550000,freelance,2023-12-15 15:38
BGT01091,USR015,INC07675,1000000,600000,400000,2000000,1600000,part_time,2024-09-29 18:04
BGT09527,USR018,INC05195,800000,450000,450000,1750000,1250000,allowance,2024-05-24 11:35
BGT02518,USR064,INC03625,5500000,3250000,1100000,9850000,8750000,salary,2024-05-25 06:29
BGT01880,USR053,INC05843,1750000,1100000,550000,3400000,2850000,salary,2024-07-07 07:47
BGT07122,USR037,INC04743,1600000,950000,1050000rb,3600000,2550000,internship,2024-09-05 21:23
BGT04185,USR067,INC06254,3100000,1800000,1700000,6600000,4900000,freelance,2024-11-13 08:04
BGT09671,USR003,INC03601,1050000,600000,600000,2250000,1650000,allowance,2023-10-17 15:30
BGT09280,USR029,INC03015,1500000,900000,450000,2850000,2400000,freelance,2023-08-06 12:27
BGT08927,USR002,INC04833,550000,350000,100000,1000000,900000,allowance,2024-08-22 10:35
BGT04388,USR073,INC09046,3100000,1950000,800000,5850000,5050000,investment_return,2023-12-17 10:34
BGT09283,USR067,INC04255,4050000,2300000,1900000,8300000,6350000,freelance,2024-07-21 09:16
BGT04345,USR007,INC09801,600000,400000,250000,1250000,1000000,part_time,2024-08-02 07:23
BGT04017,USR061,INC03567,4600000,2650000,1600000,8850000,7250000,bonus,2023/04/09 13:08
BGT03766,USR010,INC00078,1150000,700000,600000,2450000,1850000,allowance,2023-02-11 14:19
BGT06609,USR070,INC07272,4600000,2450000,2000000,9000000,7100000,business,2023-08-04 20:11
BGT02659,USR001,INC03988,800000,550000,250000,1600000,1150000,part_time,2024-08-30 11:37
BGT05253,USR053,INC08719,1400000,850000,700000,3000000,2250000,salary,2024-07-02 18:06
BGT03973,USR070,INC05855,4550000,3100000,1800000,9450000,7650000,bonus,2023-07-21 04:04
BGT03731,USR040,INC06174,1550000,850000,700000,3100000,2400000,part_time,2024-02-06 20:02
BGT02705,USR055,INC01067,4000000,2350000,1300000,7650000,6350000,salary,09/10/2024 08:29
BGT08761,USR003,INC05850,750000,550000,400000,1650000,1300000,part_time,2023-03-02 22:31
BGT03622,USR037,INC03681,2100000,1300000,950000,4350000,3400000,freelance,2023-07-03 09:22
BGT04903,USR061,INC08198,3300000,1850000,1300000,6450000,5150000,business,
BGT05306,USR012,INC08049,550000,300000,150000,1000000,850000,allowance,2024-05-26 13:42
BGT07610,USR054,INC01511,1950000,1100000,700000,3750000,3050000,business,2023-04-08 12:26
BGT03218,USR063,INC01498,3650000,2000000,1000000,6650000,5650000,salary,2024-08-26 21:47
BGT06042,USR048,INC05554,2650000,1500000,850000,5000000,4150000,business,2024-10-31 10:14
BGT06119,USR035,INC05136,1650000,850000,700000,3200000,2500000,part_time,2024-05-08 08:42
BGT06845,USR048,INC02723,2650000rb,1500000,950000,5100000,4150000,business,2024-11-30 21:57
BGT00493,USR055,INC08906,2950000,1600000,950000,5500000,4550000,business,
BGT05730,USR009,INC05674,1350000,850000,700000,2900000,2200000,part_time,2023-06-30 16:07
BGT01843,USR029,INC07599,2000000,1250000,1000000,4250000,3250000,allowance,2023-08-03 20:18
BGT00347,USR007,INC07259,1150000,650000,500000,,1800000,part_time,2024-02-24 20:12
BGT03636,USR021,INC05377,2250000,1150000,600000,4050000,3400000,allowance,2023-02-08 07:25
BGT09886,USR026,INC02753,1650000,850000,500000,3000000,2500000,part_time,2024-04-10 04:38
BGT04352,USR073,INC03590,3650000,2450000,1350000,7450000,6100000,salary,2023-10-20 17:45
BGT01506,USR016,INC08965,550000,400000,300000,1250000,950000,ALLOWANCE,2023-07-15 10:52
BGT00555,USR011,INC03762,1100000,650000,650000,2400000,1750000,scholarship,2023-06-13 16:10
BGT08317,USR040,INC01594,2500000,1600000,750000,4850000,4100000,freelance,2024-03-01 06:52
BGT03400,USR047,INC08522,3700000,2700000,1500000,7900000,6400000,SALARY,05/05/2024 07:16
BGT03264,USR051,INC08871,4300000,2250000,1450000,7950000,6550000,bonus,2023-04-10 22:51
BGT07569,USR013,INC03887,1200000,700000,,2400000,1900000,part_time,2024-03-17 12:05
BGT07639,USR032,INC01073,2100000,1200000,900000,4200000,3300000,internship,2024-06-28 13:43
BGT04255,USR020,INC00740,1250000,850000,550000,2650000,2100000,part_time,2023-08-03 00:29
BGT08611,USR025,INC03870,1950000,1350000,1050000,4300000,3300000,part_time,2024-06-25 04:34
BGT09691,USR037,INC00471,2350000,1500000,900000rb,,3850000,internship,2023-01-11 03:36
BGT03449,USR066,INC02744,2200000,1450000,700000,4350000,3650000,salary,2024-06-20 13:26
BGT08965,USR052,INC04953,2450000,1600000,950000,4950000,4050000,freelance,2024-02-16 22:00
BGT07942,USR011,INC02742,1350000,850000,350000,2550000,2200000,allowance,2023-12-18 00:00
BGT07314,USR067,INC02333,3950000,2100000,1000000,7050000,6050000,salary,2024-10-06 11:51
BGT07431,USR019,INC00283,1200000,750000rb,450000,2400000,1950000,allowance,2024-02-01 20:50
BGT06257,USR036,INC02868,2050000,1250000,900000,4200000,3300000,internship,10/12/2024 04:03
BGT02166,USR020,INC07765,1000000,650000,,2000000,1650000,allowance,2023-12-19 00:08
BGT02701,USR010,INC07966,750000,,400000,1550000,1150000,scholarship,2023-01-04 17:28
BGT03637,USR012,INC09407,1200000,700000,,2450000,1900000,allowance,2023-03-18 07:36
BGT09870,USR002,INC09126,1400000,950000,600000rb,2900000,2350000,allowance,2024-04-19 22:11
BGT00143,USR045,INC06633,1750000,900000,550000,3150000,2650000,bonus,2024-11-03 07:40
BGT07706,USR040,INC06015,1350000,850000,400000,2600000,2200000,freelance,2024-05-27 07:27
BGT06492,USR034,INC08061,1250000,750000,750000,2700000,2000000,part_time,2024-06-26 22:09
BGT09421,USR003,INC07010,1350000,850000,700000,2900000,2200000,scholarship,2023-08-17 05:08
BGT01169,USR049,INC04940,1950000,1400000,950000,4300000,3350000,business,2024-05-24 07:31
BGT02567,USR052,INC08887,1650000,1000000,750000,3400000,2650000,freelance,2024-11-14 14:05
BGT06227,USR057,INC08741,3550000,2300000,1350000,7200000,5850000,BONUS,2024-07-30 07:40
BGT04096,USR036,INC03444,2600000,1650000,700000,4950000,4250000,freelance,2023-01-16 17:54
BGT02331,USR058,INC02789,2450000,1400000,1550000,5400000,3850000,bonus,2023-01-29 03:33
BGT04897,USR058,INC06301,2500000,1400000,1100000,4950000,3900000,FREELANCE,2023-08-01 20:58
BGT08956,USR040,INC01188,1300000,950000,650000,2900000,2250000,freelance,2023-04-14 15:58
BGT02489,USR012,INC00306,,350000,,1300000,950000,part_time,25/06/2024 09:34
BGT06574,USR059,INC06825,2200000,1500000,1000000,4650000,3700000,salary,2023-12-06 12:01
BGT04309,USR063,INC02244,2500000,1350000,700000,4500000,3850000,investment_return,2023-05-09 20:23
BGT09492,USR071,INC01201,4400000,2250000,1650000,,6650000,investment_return,2024-04-23 11:56
BGT02129,USR006,INC04921,600000,350000,,,950000,allowance,2024-02-27 17:00
BGT08552,USR043,INC05210,3900000,1850000,1350000,7050000,5750000,salary,2023-03-30 13:20
BGT03849,USR039,INC09512,2400000,1400000,750000,4550000,3800000,part_time,31/12/2023 02:05
BGT00723,USR022,INC02134,1250000,650000,650000,2550000,1900000,internship,2023-11-22 09:51
BGT02734,USR075,INC07099,4750000,2500000,2050000,9350000,7250000,business,2023-02-23 22:33
BGT08985,USR001,INC02832,900000,500000,400000,1800000,1400000,scholarship,2023-11-29 11:31
BGT07825,USR030,INC08137,850000,500000,450000,1850000,1350000,allowance,2024-07-17 01:44
BGT07275,USR034,INC09484,1750000,1050000,350000,3150000,2800000,part_time,2023-11-14 19:58
BGT08467,USR049,INC09977,3200000,2300000,1200000,6700000,5500000,business,2023-03-02 23:02
BGT02759,USR040,INC08603,1800000,1250000,700000,3750000,3050000,freelance,2024-03-01 00:09
BGT06898,USR049,INC00264,3800000,2250000,1700000,7750000,6050000,freelance,2024-06-01 13:31
BGT01989,USR013,INC05094,900000,550000,500000,1950000,1450000,part_time,2024-05-08 12:42
BGT07096,USR071,INC09507,3000000,1900000,650000,5600000,4900000,salary,2024-12-08 23:05
BGT06805,USR024,INC00891,2150000,1200000,550000,3950000,3350000,allowance,2024-09-05 05:07
BGT04466,USR037,INC04348,,650000,650000,2400000,1750000,freelance,2023-07-12 02:40
BGT00426,USR070,INC07720,4050000,2300000,1400000,7750000.00,6350000,salary,2023-06-18 13:36
BGT06347,USR065,INC04594,5000000,2850000,1400000,9250000,7850000,salary,2023-04-21 22:30
BGT06561,USR040,INC05049,800000,600000,300000,1700000,1400000,internship,2023-11-18 07:10
BGT05485,USR070,INC08512,2600000,1750000,1100000,5400000,4350000,freelance,2024-07-05 22:00
BGT08979,USR066,INC04207,3700000,2050000,1800000,7550000,5750000,bonus,14/12/2023 09:47
BGT04398,USR015,INC05427,1100000,700000,700000,2550000,1800000,allowance,2024-03-06 00:27
BGT09111,USR038,INC09887,1600000,1100000,600000,3300000,2700000,part_time,2024-10-07 18:35
BGT01302,USR020,INC06004,550000,400000,200000,1150000,950000,scholarship,2023-02-19 21:25
BGT00731,USR050,INC02784,3750000,1950000,1350000,7050000,5700000,business,2023-08-25 18:34
BGT07470,USR016,INC01476,1450000,800000,600000,2850000,2250000,allowance,2024-06-10 18:39
BGT08379,USR014,INC02966,800000,550000,400000,1750000,1350000,scholarship,2024-06-27 13:58
BGT02042,USR014,INC01940,1100000,650000,400000,2150000,1750000,part_time,2024-12-26 08:30
BGT07297,USR040,INC02102,2100000,1200000,600000,3850000,3000000,allowance,2023-04-02 22:06
BGT02283,USR055,INC00780,1600000,1050000,600000,3250000,2650000,freelance,2023-06-15 11:34
BGT04916,USR002,INC02176,1050000,550000,,2150000,1600000,scholarship,2023-04-22 08:14
BGT05043,USR043,INC08624,1950000,1200000,450000,3600000,3150000,business,2024-12-30 07:52
BGT09484,USR050,INC08984,3300000,1800000,1100000,6200000,5100000,business,2024-02-13 13:06
BGT07896,USR025,INC09055,1200000,800000,550000,2500000,2000000,freelance,2023-04-02 10:27
BGT01531,USR060,INC08833,4150000rb,2550000,750000,7450000,6700000,freelance,2023-08-22 17:36
BGT00967,USR053,INC01158,4300000,2350000,1200000,7850000,6650000,salary,2023-07-18 01:43
BGT09018,USR015,INC01406,500000,300000,200000,1000000,800000,allowance,2024-12-29 20:54
BGT07726,USR051,INC05374,2900000,1650000,1150000,5650000,4550000,business,2023-09-01 20:47
BGT07181,USR046,INC01342,2850000,1700000,950000,5500000,4550000,freelance,2023-02-28 17:32
BGT00841,USR064,INC02640,4250000,2500000,,8850000,6750000,investment_return,2023-07-22 17:27
BGT03614,USR059,INC08016,2400000,1450000,550000,4400000,3850000,business,2024-02-09 16:09
BGT08119,USR064,INC07777,2650000,1500000,,4800000,4150000,business,2024-06-25 13:59
BGT06647,USR045,INC06969,1950000,1150000,,3550000,3100000,freelance,2024-03-29 01:16
BGT01745,USR020,INC09117,650000,400000,350000,1400000,1050000,allowance,20/09/2024 10:39
BGT04874,USR003,INC08763,1350000,950000,650000,2900000,2300000,scholarship,2023-05-12 19:41
BGT00225,USR044,INC08237,3400000,2250000,1400000,7050000,5650000,bonus,2023-12-09 16:18
BGT09974,USR035,INC08376,1350000,700000,400000,2450000,2050000,internship,2024-11-22 14:46
BGT01223,USR027,INC01437,2350000,1650000,1000000,4950000,4000000,internship,2024-03-16 07:32
BGT01859,USR061,INC09870,3850000,2700000,1650000,8200000,6550000,freelance,2024-09-19 19:34
BGT09038,USR063,INC02152,2850000,1400000,1200000,5450000,4550000,business,2023-07-17 08:51
BGT02395,USR041,INC00995,2400000,,550000,4400000,2950000,business,2023-10-09 07:32
BGT09243,USR069,INC00706,3350000,2400000,1550000,7300000,5750000,salary,2024-09-03 05:44
BGT01680,USR046,INC01003,1700000,1150000,750000,,2850000,business,2023-09-29 21:51
BGT02994,USR052,INC08186,2050000,1350000,700000,4100000,3400000,bonus,2024-11-15 06:23
BGT00520,USR042,INC09253,2600000,1300000,1100000,5000000,3900000,freelance,2023-07-19 15:11
BGT05299,USR038,INC04701,1900000,1400000,1050000,4350000,3300000,freelance,2023-09-19 18:08
BGT09219,USR008,INC06164,700000,350000,200000,1250000,1050000,part_time,2023-05-07 12:43
BGT00010,USR015,INC00353,1350000,850000,450000rb,2650000,2200000,part_time,2024-09-06 06:50
BGT03485,USR045,INC01544,3250000,2050000,1100000,6350000rb,5300000,salary,2024-08-12 20:01
BGT09049,USR043,INC04011,4400000,2450000,1000000,7850000,6850000,business,2024-09-03 01:58
BGT04141,USR026,INC00190,2500000,1350000,1050000,4900000,3850000,allowance,2023-07-23 01:50
BGT06652,USR031,INC02352,2400000,1600000,800000,4850000,4000000,part_time,2024-08-24 11:35
BGT01924,USR057,INC07581,1750000,1100000,650000,3500000,2850000,freelance,2023-04-30 08:58
BGT03692,USR003,INC07826,1050000,650000,600000,2300000,1700000,part_time,2023-10-10 16:11
BGT09155,USR038,INC09677,1300000,900000,700000,2850000,2200000,allowance,2024-07-21 22:01
BGT03939,USR043,INC07897,3400000,2450000,1350000,7200000,5850000,bonus,2024-09-24 07:09
BGT02614,USR054,INC01346,2100000,1200000,750000,4050000,3300000,business,2024-01-07 23:18
BGT05453,USR056,INC08629,4250000,2100000,1500000,7850000,6350000,business,2023-05-23 08:02
BGT02241,USR065,INC05456,3150000,1850000,600000,5650000,5000000,salary,2024-05-24 03:13
BGT02267,USR047,INC09775,2650000,1400000,1150000,5200000,4050000,business,2024-08-21 12:54
BGT01231,USR070,INC09212,2700000,1800000,950000,5450000,4500000,investment_return,2024-03-03 18:30
BGT06245,USR041,INC02443,,1150000,1100000,4350000,3300000,salary,2024-11-06 23:44
BGT01122,USR038,INC03571,800000,500000,350000,1650000,1300000,freelance,2023-09-12 10:32
BGT07875,USR015,INC01997,1200000,750000,500000,2450000,1950000,allowance,2024-03-16 14:39
BGT00311,USR038,INC03649,1700000,1050000,400000,3150000,2750000,,2024-04-04 18:00
BGT04905,USR010,INC02435,1200000,700000,600000,2500000,1900000,scholarship,2024-07-04 18:05
BGT08287,USR055,INC07525,2700000,-1400000,1000000,5100000,4100000,salary,2023-11-13 10:09
BGT02032,USR023,INC02970,2500000,1600000,700000,4800000,4100000,freelance,2023-07-01 03:24
BGT08503,USR055,INC04897,3250000,1900000,2200000,7400000,5150000,business,2023-11-15 00:31
BGT04993,USR074,INC00958,3950000,2150000,1100000,7200000,6100000,freelance,2024-12-27 18:18
BGT04098,USR045,INC08666,3600000,2250000,1650000,,5850000,business,2023-03-30 06:57
BGT01272,USR020,INC01918,1100000,750000,550000,2400000,1850000,part_time,2023-08-18 14:33
BGT02298,USR046,INC06602,3200000,1700000,950000,5850000,4900000,freelance,2024-02-03 21:21
BGT09033,USR057,INC03330,2700000,1600000,1350000,5650000,4300000,freelance,2024-12-18 09:50
BGT00111,USR055,INC06713,1400000,850000,900000,3150000,2250000,business,2023-04-16 23:36
BGT03754,USR002,INC09099,650000,350000,350000,1350000,1000000,part_time,2023-03-24 19:20
BGT08974,USR023,INC00850,2200000,1450000,1350000,4950000,3650000,freelance,2024-09-05 07:28
BGT02471,USR032,INC04754,2000000,1450000,1050000,4500000,3450000,internship,2023-05-06 03:55
BGT08220,USR002,INC00744,700000,450000,350000,1500000,1150000,scholarship,
BGT04035,USR055,INC06250,3200000,2250000,1350000,6800000,5450000,bonus,2024-04-23 10:16
BGT03828,USR026,INC07383,2400000,,900000,4500000,3600000,part_time,2023-12-09 09:54
BGT04612,USR055,INC00385,1550000,800000,650000,,2350000,bonus,2023-10-30 04:58
BGT00393,USR049,INC02322,3050000,1650000,1200000,5900000,4700000,bonus,2023-07-04 04:00
BGT07892,USR004,INC03337,1300000,850000,750000,2850000,2150000,part_time,2024-11-04 05:54
BGT06436,USR015,INC03144,800000,450000,300000,1550000,1250000,part_time,2024-10-30 09:49
BGT07267,USR053,INC09284,1800000,1150000,950000,3900000,2950000,bonus,2024-12-24 15:28
BGT09117,USR048,INC06292,1750000,1050000,600000,3450000,2800000,freelance,2024-10-20 09:43
BGT03859,USR030,INC09778,,800000,400000,2650000,2200000,freelance,2024-02-22 01:47
BGT02602,USR054,INC08160,4250000,2050000,1600000,7900000,6300000,freelance,2024-07-01 05:14
BGT07974,USR011,INC01852,1300000,750000,600000,2650000,2050000,allowance,2023-12-31 03:53
BGT08115,USR069,INC02994,3000000,1950000,1550000,6550000,4950000,bonus,2023-05-08 09:29
BGT08171,USR062,INC03597,2200000,1100000,850000,4150000,3300000,investment_return,2024-11-12 15:38
BGT04872,USR054,INC01425,2650000,1700000,800000,5150000,4350000,,2023-09-27 19:30
BGT07911,USR068,INC02348,3750000,2600000,1600000,7950000,6350000,investment_return,2024-04-04 10:21
BGT02863,USR055,INC08130,3600000,2300000,1750000,7700000,5900000,salary,2024-11-11 01:58
BGT09281,USR045,INC00446,1750000,1200000,750000,3700000,2950000,business,
BGT04774,USR008,INC03042,1000000,500000,350000,1850000,1500000,scholarship,2024-04-18 04:51
BGT00874,USR075,INC00339,4400000,-2900000,1500000,8850000,7300000,freelance,2023-10-10 08:58
BGT00716,USR009,INC09241,1100000,800000,600000,2500000,1900000,scholarship,2024-03-17 15:08
BGT03861,USR007,INC09268,1300000,850000,450000,2600000,2150000,allowance,2023-04-28 23:11
BGT03197,USR074,INC04659,4250000,2200000,1400000,7900000,6450000,investment_return,2023-08-25 00:07
BGT02516,USR027,INC02828,1450000,950000,650000,3050000,2400000,internship,2024-07-17 14:21
BGT02167,USR027,INC08536,2300000,1350000,900000,4550000,3650000,part_time,2023-02-11 08:20
BGT04223,USR031,INC02827,2250000,1350000,650000,4250000,3600000,allowance,2023-03-22 13:59
BGT03278,USR055,INC09879,3100000,1650000,900000,5650000,5700000,bonus,2023-10-25 04:07
BGT04934,USR008,INC09139,1200000,800000,700000,2700000,2000000,part_time,2023-01-26 03:03
BGT07958,USR036,INC07730,1950000,1200000,1000000,4150000,3150000,part_time,2024-08-09 08:16
BGT08663,USR054,INC01470,2550000,1900000,1250000,5700000,4450000,business,2023-01-09 05:42
BGT00278,USR022,INC06593,1450000,850000,450000,2700000,2300000,internship,2024-11-25 00:08
BGT01428,USR018,INC07609,1100000,750000,,2300000,1850000,part_time,13/03/2024 10:33
BGT09023,USR014,INC03196,1350000,850000,650000,2850000,2200000,scholarship,2024-03-29 08:53
BGT07801,USR074,INC05794,1850000,1150000,1000000,4050000,3000000,investment_return,2024/06/27 12:36
BGT02490,USR006,INC09546,1150000,700000,750000,,1850000,part_time,2024-09-01 16:18
BGT09445,USR072,INC08775,3000000,1900000,1000000,5900000,4900000,salary,2023-12-29 18:19
BGT05518,USR067,INC08230,5450000,3050000,1400000,9900000,8500000,bonus,2023-09-18 07:53
BGT05862,USR009,INC00254,600000,350000,200000,1200000,950000,part_time,2024-08-11 20:37
BGT08783,USR026,INC08568,1350000,850000,450000,2600000,2200000,part_time,2023-02-03 23:34
BGT05602,USR017,INC00308,600000,400000,250000,1250000,1000000,allowance,2024-10-24 14:31
BGT05716,USR036,INC01959,1750000,1100000,750000,3600000,2900000,freelance,2024-09-01 06:56
BGT05910,USR066,INC01388,4750000,3050000,2100000,9900000,7800000,,2023-11-13 07:30
BGT06214,USR026,INC05028,1700000,1100000,550000,3350000,2800000,part_time,2024-11-13 07:50
BGT04404,USR074,INC06011,2200000,1400000,950000,4550000,3600000,salary,2023-04-09 09:58
BGT02580,USR069,INC04533,3300000,1900000,1150000,6300000,5200000,bonus,2023-08-09 04:20
BGT08559,USR069,INC05639,3550000,2000000,1850000,7350000,5700000,business,2023-04-16 12:17
BGT01596,USR057,INC00184,4050000,2350000,1200000,7650000,6400000,bonus,
BGT03117,USR037,INC01626,2200000,1400000,1400000,4950000,3600000,freelance,2024-01-03 04:17
BGT06433,USR075,INC01200,2350000,1700000,1250000,5300000,4050000,bonus,2024-03-22 12:15
BGT05962,USR007,INC08292,600000,350000,150000,1100000,950000,part_time,2023-05-31 09:51
BGT09884,USR006,INC08142,1350000rb,800000,,2800000,2150000,allowance,2024-12-21 05:39
BGT03836,USR055,INC08546,3000000,1650000,1450000,6100000,4650000,business,2024-07-26 22:08
BGT06544,USR073,INC04623,2650000,1700000,950000,5300000,4350000,salary,2023-11-22 19:29
BGT04427,USR029,INC08973,800000,550000,350000,1700000,1350000,internship,2024-01-18 16:00
BGT00226,USR075,INC00122,4100000,2600000,1350000,8050000,6700000,salary,2024-09-26 13:43
BGT09027,USR051,INC01006,2950000rb,1800000,1850000,,4750000,business,2024-01-06 19:43
BGT01593,USR048,INC00364,2450000,1700000,1200000,5350000,4150000,salary,2024-05-24 10:03
BGT02295,USR011,INC06194,1550000,850000,350000,2800000,2400000,part_time,2023-04-04 01:53
BGT00453,USR005,INC07467,550000,250000,200000,1000000,800000,part_time,2024-10-24 06:54
BGT08998,USR058,INC07150,2500000,1450000,700000,4600000,3950000,business,2024-04-30 10:26
BGT09101,USR008,INC01615,700000,400000,300000,1400000,1100000,part_time,2024-09-19 02:39
BGT02300,USR046,INC07823,1700000,1250000rb,850000,3800000,2950000,salary,2023-01-16 20:41
BGT06400,USR069,INC03204,3750000,2150000,1500000,7400000,5900000,bonus,2023-11-05 19:28
BGT01793,USR016,INC04697,1400000,,,2500000,2200000,scholarship,2024-01-27 12:35
BGT04543,USR060,INC08423,2650000,1600000,1250000,5500000,4250000,bonus,2024-06-02 05:49
BGT00965,USR051,INC02248,1850000,1150000,600000,3600000,3000000,business,2024-06-01 11:29
BGT01288,USR051,INC04778,3350000,2300000,2000000,7600000,5650000,business,2024-04-18 02:31
BGT07163,USR009,INC04967,800000,550000,200000,1550000,1350000,allowance,2023-06-16 05:27
BGT04574,USR009,INC06352,850000,450000,350000,1700000,1300000,part_time,2024-02-24 00:18
BGT09195,USR069,INC06092,4600000,2650000,1300000,8500000,7250000,investment_return,2024-07-23 16:23
BGT04696,USR008,INC00718,550000,400000,250000,1150000,950000,part_time,2023-10-13 01:39
BGT01845,USR032,INC07903,1000000,700000,500000,2200000,1700000,part_time,2023-02-11 21:34
BGT01072,USR067,INC04498,3100000,2000000,1350000,6500000,5100000,business,2023-06-16 10:46
BGT08702,USR043,INC01992,1850000,1300000,900000,4050000,3150000,salary,2024-07-30 17:19
BGT04889,USR063,INC05911,1850000,1200000,1050000,4100000,3050000,business,2024-07-16 07:43
BGT09702,USR056,INC07132,2150000,1250000,800000,4200000,3400000,freelance,2024-05-07 13:27
BGT02378,USR045,INC08510,2350000,1350000,500000,4200000,3700000,salary,2023-06-27 13:53
BGT00872,USR063,INC04210,3800000,2250000,1000000,7000000,6050000,investment_return,12/05/2024 18:07
BGT09173,USR028,INC09216,1300000,850000,650000,2800000,2150000,freelance,2024-09-17 05:41
BGT07614,USR046,INC01050,3700000,2100000,2050000,7850000,5800000,freelance,2024-09-16 13:51
BGT09679,USR020,INC06312,1000000,650000,550000,2200000,1650000,scholarship,
BGT01915,USR039,INC04814,2500000,1300000,1200000,4950000,3800000,internship,2023-12-03 14:37
BGT01559,USR022,INC09392,1700000,900000,700000,3250000,2050000,allowance,2023-01-11 16:56
BGT09191,USR054,INC01358,1650000,900000,600000,3150000,2550000,salary,2023-12-07 21:34
BGT08212,USR025,INC09675,2250000,1350000,950000,4550000,3600000,allowance,2024-11-30 11:08
BGT07033,USR060,INC03265,3700000,2150000,850000,6700000,5850000,business,2023-06-26 06:00
BGT06559,USR030,INC09274,1650000,1150000,800000,3550000,2800000,freelance,2023-01-31 07:48
BGT08723,USR037,INC00725,1750000,950000,600000rb,3300000,2700000,freelance,2023-09-05 04:49
BGT04962,USR059,INC04503,1600000,900000,700000,3200000,2500000,bonus,2024-09-21 08:08
BGT05353,USR059,INC00444,2200000,,850000,4400000,3550000,business,2023-07-17 22:42
BGT06670,USR010,INC00018,1500000,800000,400000,2700000,2300000,part_time,2024-03-05 01:27
BGT09287,USR003,INC04761,1550000,850000,400000,2800000,2400000,part_time,2023-01-18 22:14
BGT04041,USR044,INC03297,1600000,1050000,950000,3600000,2650000,salary,2024-07-01 17:44
BGT05988,USR024,INC03840,2150000,1450000,800000,4400000,3600000,freelance,2024-03-01 03:37
BGT07754,USR059,INC04372,2750000,1500000,800000,5050000,4250000,bonus,2023-03-22 17:30
BGT04884,USR018,INC03443,1050000,550000,350000,1900000,1600000,allowance,2024-07-06 01:22
BGT00508,USR047,INC06258,1500000,800000,700000,3000000,2300000,freelance,2023-06-14 13:28
BGT01097,USR023,INC01154,1450000,850000,,2700000,2300000,part_time,2023-05-21 14:08
BGT09086,USR014,INC08504,1250000,900000,500000,2700000,2150000,scholarship,2024-09-26 08:29
BGT03442,USR066,INC00395,3900000,2450000,1800000,8100000,6350000,freelance,2024-08-11 18:16
BGT08336,USR020,INC06925,700000,350000,200000,1250000,1050000,allowance,2024-10-22 16:59
BGT02389,USR006,INC05370,1000000,700000,400000,2050000,1700000,scholarship,2024-02-08 22:40
BGT01468,USR002,INC07453,1250000,,650000,2600000,1950000,scholarship,2024-12-20 03:21
BGT05638,USR059,INC05792,,2550000,1350000,7550000rb,6150000,freelance,2024-06-28 03:11
BGT02412,USR052,INC04333,3500000,1950000,1550000,7000000,5450000,salary,2023-06-17 13:55
BGT06121,USR071,INC03482,2400000,,1100000,4850000,3700000,freelance,2023-12-19 21:26
BGT06921,USR042,INC04393,1500000,850000,850000,,2350000,freelance,2024-06-12 09:44
BGT03669,USR042,INC06979,3200000,1800000,1500000,6500000,5000000,business,2023-01-18 08:26
BGT06800,USR015,INC03350,900000,550000,400000,1850000,1450000,allowance,2023-05-11 09:32
BGT00009,USR051,INC06332,1550000,1000000,500000,3050000,2550000,salary,2023-05-20 12:10
BGT05662,USR050,INC03781,2900000,2050000,1100000,,4950000,freelance,2023-10-23 10:12
BGT05164,USR058,INC08107,2950000,1850000,1800000,6600000,4800000,salary,2024-03-27 23:20
BGT07625,USR010,INC09907,1200000,700000,450000,2350000,1900000,allowance,2024-11-20 05:08
BGT08830,USR054,INC04976,1900000,1000000,,3650000,2900000,business,2023-07-07 05:43
BGT05065,USR054,INC07590,2550000,1500000,950000,5000000rb,4050000,salary,2023-03-29 08:41
BGT09960,USR065,INC02018,4350000,2550000,2150000,9050000,6900000,bonus,2023-03-17 19:21
BGT05777,USR043,INC00185,2850000,1750000,1700000,6300000,4600000,bonus,2024-08-26 10:07
BGT08812,USR070,INC08576,2800000,1550000,1400000,5750000,4350000,bonus,2023-07-10 14:20
BGT01612,USR075,INC01093,3800000,-2050000,1200000,7050000,5850000,freelance,2024-10-15 03:30
BGT01443,USR049,INC06766,2000000,1150000,1200000,4350000,3150000,BONUS,2023-04-06 05:27
BGT05042,USR035,INC00478,1200000,850000,700000,2700000,2050000,part_time,2024-03-06 18:51
BGT03690,USR033,INC01347,2200000,1250000,1000000,4450000,3450000,internship,2023-02-14 13:12
BGT09710,USR062,INC05061,-2800000,1500000,1000000,5300000,4300000,business,2024-04-16 10:21
BGT01060,USR070,INC03703,3600000,1800000,1250000,6700000,5400000,salary,2023-08-01 05:10
BGT02509,USR053,INC05001,3550000,2500000,1700000,7750000,6050000,business,2024/06/02 22:58
BGT05891,USR008,INC03430,1350000,900000,700000,2950000,2250000,scholarship,2023-06-04 04:11
BGT09171,USR055,INC03252,3100000,1700000,1700000,6500000,4800000,business,2024-08-30 19:20
BGT08399,USR045,INC00433,1450000,1050000,650000,3200000,2500000,business,2024-09-25 12:16
BGT06852,USR059,INC06884,3450000,2450000,1550000,7450000,5900000,bonus,2024-04-15 05:20
BGT02207,USR018,INC09169,1250000,850000,750000,2800000,2100000,scholarship,10/12/2024 10:57
BGT01373,USR042,INC04492,4300000,2550000,850000,7700000,6850000,business,2024-07-13 04:35
BGT05050,USR046,INC07767,3250000,2400000,1400000,7050000,7150000,business,2024-02-11 02:37
BGT03774,USR071,INC00599,4000000,2250000,1750000,7950000,6250000,bonus,2023-01-01 05:18
BGT03809,USR051,INC02564,2300000,1350000,850000,4550000,3650000,,2024-04-12 04:43
BGT02929,USR070,INC03488,2900000,1700000,950000,5550000,4600000,business,2023-12-24 08:30
BGT04402,USR068,INC03937,4900000,3100000,1750000,9750000,8000000,bonus,2023-07-15 03:19
BGT08055,USR035,INC08132,2450000,1500000,1050000,4950000,3950000,part_time,2024-06-14 13:09
BGT05175,USR065,INC07477,4500000,2650000,1700000,8850000,7150000,bonus,2024-05-12 16:13
BGT09102,USR055,INC02768,3750000rb,2400000,1100000,7250000,6150000,freelance,2023-07-10 19:53
BGT01405,USR054,INC01386,2850000,1500000,1450000,5850000,4350000,business,2023-09-30 15:36
BGT08694,USR049,INC06058,3200000,1650000,1550000,6400000,4850000,bonus,2024-06-13 06:06
BGT06868,USR018,INC02666,1000000,750000,550000,2300000,1750000,scholarship,2023-09-16 08:23
BGT08445,USR039,INC06358,1450000,750000,550000,2700000,2200000,part_time,
BGT01917,USR062,INC05587,2250000,1500000,1250000,5050000,3750000,investment_return,2023-10-15 08:24
BGT03877,USR036,INC09909,1000000,650000,400000,2100000,1650000,internship,2024-12-21 04:36
BGT05363,USR035,INC09375,1250000,800000,650000,2700000,2050000,freelance,2023-08-14 09:43
BGT08787,USR025,INC06589,1900000,1200000,650000,3700000,3100000,part_time,2024-05-01 10:58
BGT02429,USR061,INC02433,2150000,1350000,500000,4000000,3500000,salary,2023-02-21 23:28
BGT09024,USR066,INC04295,5050000,2750000,1950000,9750000,7800000,salary,2023-02-25 16:23
BGT08536,USR005,INC06744,1200000,700000,,2450000,1900000,part_time,2024-02-02 10:44
BGT00794,USR022,INC01153,2250000,1400000,550000,4200000,3650000,allowance,2023-11-02 16:00
BGT03615,USR002,INC04314,500000,350000,250000rb,1100000,850000,SCHOLARSHIP,2023-01-08 13:37
BGT06146,USR046,INC04411,3450000,2250000,1500000,7200000,5700000,freelance,2023-12-27 10:51
BGT02556,USR057,INC08643,1700000,950000,900000,3550000,2650000,bonus,2023-03-07 17:11
BGT02078,USR008,INC03692,650000,350000,250000,1250000,1000000,part_time,2023-01-13 13:20
BGT07928,USR031,INC09103,800000,550000,400000,1750000,1500000,,2024-01-29 07:06
BGT07024,USR009,INC07830,1450000,900000,400000,2750000,2350000,scholarship,2023-10-09 02:03
BGT08542,USR065,INC09011,5000000,3150000,1450000,9600000,8150000,salary,2023/03/20 05:38
BGT05089,USR038,INC07976,950000,600000,550000,2100000,1550000,freelance,2023-08-25 20:10
BGT08519,USR064,INC00656,2650000,1800000,1400000,5850000,4450000,freelance,2024-11-02 03:59
BGT06434,USR035,INC05507,2450000,1350000,1200000,4950000,3800000,internship,2023-04-04 11:41
BGT00974,USR068,INC08870,5100000,3250000,1250000,9600000,8350000,freelance,2023-03-27 06:44
BGT09519,USR025,INC02181,900000,500000,250000,1700000,1400000,internship,2023-01-08 12:36
BGT03514,USR025,INC09387,900000rb,600000,300000,1800000,1500000,part_time,2024-05-01 00:12
BGT03120,USR038,INC07082,1150000,700000,500000,2350000,1600000,internship,2024-08-11 11:03
BGT07081,USR074,INC06137,4150000,2500000,900000,7550000,6650000,freelance,2023-05-25 22:02
BGT00540,USR067,INC04227,3000000,2150000,1550000,6650000,5150000,salary,2024-06-03 09:33
BGT04772,USR010,INC09260,800000,500000,250000,1600000,1300000,part_time,2024-03-20 23:18
BGT06443,USR066,INC01958,3750000,2200000,900000,6850000.00,5950000,salary,2023-04-12 20:02
BGT00971,USR029,INC06917,1600000,1100000,700000,3400000,2700000,internship,2024-05-27 22:29
BGT04564,USR058,INC07934,1950000,1150000,400000,3500000,3100000,business,2024-02-13 08:05
BGT04320,USR047,INC09244,1600000,1050000,550000,3250000,2650000,freelance,2023-11-17 06:42
BGT07786,USR071,INC00970,4450000,2900000,1750000,9100000,7350000,investment_return,2024-02-25 14:56
BGT07250,USR039,INC06277,1500000,950000,800000,3300000,2450000,part_time,2023-04-25 06:53
BGT05009,USR041,INC05151,4100000,2400000,1050000,7550000,6500000,freelance,2024-06-05 22:17
BGT08605,USR036,INC01964,1150000,700000,550000,2350000,1850000,part_time,2023-04-09 20:16
BGT07017,USR040,INC00351,1800000,1050000,800000,3700000,2850000,allowance,2023-07-09 08:00
BGT04361,USR074,INC01136,3600000,2100000,2350000,8050000,5700000,salary,2023-07-12 19:39
BGT05901,USR072,INC01853,4300000,2650000,2850000,9750000,6950000,business,2024-12-09 08:41
BGT08311,USR047,INC00721,3750000,2550000,1650000,7950000,6300000,freelance,2024-06-12 01:14
BGT03967,USR038,INC05366,1400000,1000000,650000rb,3000000,2400000,part_time,2024-02-27 23:39
BGT05643,USR035,INC09027,2300000,1200000,1000000,4500000,3500000,part_time,2023-10-27 15:07
BGT09692,USR025,INC04877,750000,500000,350000,1600000,1250000,allowance,2024-11-29 00:23
BGT05218,USR057,INC04951,3000000,1900000,1050000,5950000,4900000,bonus,2023-10-06 19:55
BGT08824,USR041,INC04257,2800000,1700000,1600000,6100000,4500000,business,2023-11-27 08:33
BGT04359,USR046,INC00542,3000000,1800000,1600000,6400000,4800000,business,2023-12-28 00:12
BGT03355,USR008,INC02951,550000,300000,200000,1050000,850000,part_time,2023-10-12 19:46
BGT00064,USR045,INC01253,3350000,2200000,1400000,6950000,5550000,bonus,2024-03-08 22:17
BGT00559,USR065,INC00779,3300000,1850000,750000,5900000,5150000,salary,2024-11-18 23:42
BGT02006,USR058,INC07878,4250000,2000000,1350000,7600000,6250000,business,2023-10-23 16:24
BGT08539,USR056,INC05833,3400000,2100000,1550000,7050000,5500000,business,2024-07-28 09:00
BGT01316,USR016,INC01069,650000,400000,250000,1300000,1050000,part_time,2023-08-03 08:55
BGT02124,USR020,INC03053,950000,500000,300000,1750000,1450000,part_time,2023-08-21 01:46
BGT02760,USR050,INC08868,3250000,1850000,1300000,6400000,5100000,salary,25/08/2023 20:17
BGT00161,USR069,INC09956,4800000,3000000,1250000,9100000,7800000,salary,2023-01-13 11:20
BGT07593,USR045,INC03236,3450000,2100000,1000000,6550000,5550000,salary,2023-08-14 16:51
BGT01711,USR067,INC08177,2200000,1500000,1050000,4750000,3700000,bonus,2024-04-04 14:59
BGT03517,USR029,INC03199,850000,400000,300000,1550000,1250000,freelance,2023-05-05 05:00
BGT01883,USR029,INC05252,1150000,700000,350000,2250000,1850000,part_time,10/08/2024 20:01
BGT09020,USR040,INC03936,2100000,1250000,850000,4200000rb,3350000,part_time,2024-01-12 01:18
BGT02915,USR050,INC00001,2800000,1550000,700000,5050000,4350000,freelance,2023-11-12 06:29
BGT00274,USR025,INC01405,1950000,1300000,700000,3950000,3250000,internship,2023-04-10 21:03
BGT05888,USR063,INC07621,4500000,2850000,1600000rb,8950000,7350000,investment_return,2024-09-07 11:35
BGT05424,USR027,INC06783,1150000,750000,300000,2150000,1900000,internship,2024-10-16 14:26
BGT02413,USR034,INC04808,,750000,750000,2750000,2000000,internship,2024-06-30 18:56
BGT09206,USR001,INC02125,650000,350000rb,300000,,1000000,part_time,2024-02-13 23:02
BGT02763,USR037,INC04216,1450000,1000000,600000,3050000,2450000,part_time,2023-08-15 06:20
BGT02255,USR059,INC03832,1450000,900000,,3300000,2350000,business,2024-08-02 21:17
BGT05835,USR017,INC02025,1550000,1000000,500000,3000000,2550000,part_time,2023-09-12 14:08
BGT06675,USR028,INC06712,1600000rb,800000,550000,3000000,2400000,internship,2024-07-15 12:36
BGT04807,USR061,INC05808,3500000,2200000,1150000,6900000,5700000,freelance,2024-03-27 16:42
BGT06947,USR004,INC03862,450000,300000,250000,1000000,750000,part_time,2023-01-02 21:42
BGT05059,USR067,INC00243,2050000,1200000,900000,4150000,3250000,bonus,2024-05-06 10:34
BGT02237,USR010,INC08933,1100000,700000,250000,2000000,1800000,part_time,2024-08-05 14:27
BGT05285,USR016,INC00386,-1500000,900000,400000,2800000,2400000,part_time,2023-01-14 13:46
BGT07813,USR010,INC07623,1200000,800000,550000,2600000,2000000,allowance,2023-09-24 23:01
BGT05139,USR016,INC04728,1400000,800000,300000,2500000,2200000,part_time,
BGT03369,USR070,INC03990,3200000,1900000,1200000,6250000,5100000,salary,2024-12-01 22:24
BGT00548,USR071,INC05105,4700000,2600000,1600000,8900000,7300000,freelance,2023-02-12 11:44
BGT02714,USR075,INC00201,3100000,1800000,1800000,6750000,4900000,salary,2024-05-20 10:19
BGT03578,USR002,INC02350,1050000,650000,450000,2150000,1700000,part_time,2023-10-09 14:28
BGT09192,USR012,INC00659,450000,250000,250000,1000000,700000,scholarship,2024-08-16 23:26
BGT06695,USR048,INC07267,3550000,2100000,1900000,7550000,5650000,salary,2023-06-21 12:23
BGT03744,USR023,INC08854,850000,500000,300000,1650000,1350000,internship,2024-04-29 21:28
BGT07083,USR031,INC01579,1200000,800000,650000,2650000,2000000,freelance,2024-10-12 10:41
BGT07652,USR055,INC05035,2850000,1500000,1200000,5550000,4350000,bonus,2024-10-21 19:10
BGT03963,USR039,INC04924,2550000,1650000,600000,4800000,4200000,part_time,
BGT07103,USR005,INC05480,450000,300000,250000,1000000,750000,allowance,2024/03/06 06:28
BGT06937,USR066,INC05767,4900000,2350000,1800000,,7250000,freelance,2024-04-22 12:30
BGT07832,USR011,INC03056,900000,550000,400000,1850000,1450000,part_time,2024-10-15 12:58
BGT03469,USR021,INC01903,1050000,600000,400000,2050000,1650000,allowance,2024-03-10 11:33
BGT04873,USR036,INC00297,2050000,1200000,600000,3850000,3250000,part_time,2024-02-11 11:40
BGT02107,USR065,INC07262,3650000,2050000,900000,6600000,5700000,freelance,2023/06/14 11:02
BGT03205,USR065,INC09824,3450000,2200000,850000,6500000,5650000,bonus,2023-09-13 04:10
BGT07304,USR041,INC04072,2000000rb,1400000,1100000,4500000,3400000,business,2024-06-12 14:01
BGT04997,USR016,INC06501,550000,350000,250000,1150000,900000,part_time,2024-08-25 02:20
BGT00057,USR007,INC06345,1000000,650000,,2200000,1650000,allowance,2024-10-06 16:38
BGT01053,USR035,INC03630,2100000,1400000,1100000,4600000,3500000,part_time,2024-10-06 20:46
BGT06009,USR039,INC05107,1350000,,550000,2800000rb,2250000,freelance,2024-09-10 06:07
BGT08047,USR013,INC00613,1300000,700000,350000,2400000,2000000,part_time,2023-06-02 20:20
BGT08544,USR006,INC01877,700000,450000,200000,1350000,1150000,allowance,2023-11-23 02:40
BGT02121,USR063,INC08252,2100000,1250000,800000,4100000,3350000,business,2023-09-22 02:14
BGT05473,USR001,INC01310,500000,350000,300000,,850000,scholarship,2024-09-01 09:14
BGT06036,USR003,INC00653,1200000,800000,550000,2550000,2000000,scholarship,2024-09-22 16:22
BGT06472,USR007,INC04320,950000,700000,400000,2050000,1650000,allowance,2024-01-18 23:40
BGT08366,USR045,INC03761,2950000,1400000,900000,5250000,4350000,bonus,2023-06-12 07:32
BGT05748,USR049,INC09434,3700000,2000000,1700000,7350000,5700000,freelance,2024-09-23 21:12
BGT06364,USR039,INC08783,850000,400000,,1500000,1250000,part_time,2023-05-03 09:18
BGT07236,USR061,INC04706,3250000,1800000,1600000,6650000,5050000,freelance,2023-04-22 02:59
BGT05246,USR050,INC03332,2700000,1700000,900000,5300000,4400000,bonus,2024-09-16 16:03
BGT07341,USR003,INC05799,1600000,850000,500000,2950000,2450000,allowance,2023-05-23 08:19
BGT01765,USR052,INC06877,1600000rb,1050000,550000,3250000,2650000,freelance,2023-11-06 15:15
BGT07987,USR038,INC05111,1200000,700000,700000,2650000,1900000,part_time,2024-04-05 04:06
BGT06175,USR056,INC02905,4050000,2700000,1200000,7900000,6750000,freelance,2023-12-30 21:15
BGT01165,USR026,INC01115,1050000,700000,450000,2200000,1750000,part_time,2023-11-23 04:06
BGT02057,USR048,INC08800,1700000,1000000,650000,3300000,2700000,bonus,2023-07-28 11:20
BGT00013,USR040,INC06950,2450000,1400000,700000,4500000,3850000,part_time,2023-09-25 08:36
BGT03918,USR012,INC04359,600000,400000,300000,1300000,1000000,scholarship,23/03/2023 11:17
BGT01909,USR039,INC07454,1750000,1150000,650000,3550000,2900000,part_time,2024-03-10 23:52
BGT07453,USR045,INC07778,2500000,1600000,1100000,5200000,4550000,salary,16/04/2023 05:16
BGT01857,USR008,INC08354,1300000,850000,700000,2900000,2150000,scholarship,2023-01-01 07:28
BGT07407,USR061,INC02219,2350000,1450000,550000,4350000,3800000,business,2024-03-09 17:19
BGT02128,USR071,INC09148,3300000,1700000,1350000rb,6350000,5000000,freelance,2023-02-28 13:09
BGT09317,USR014,INC02008,1100000,600000,350000,2050000,1700000,scholarship,2024-07-12 20:08
BGT00077,USR019,INC06726,900000,450000,400000,1750000.00,1350000,scholarship,2024-07-18 15:29
BGT05034,USR027,INC08154,,750000,600000,2650000,2050000,part_time,2024-10-01 08:35
BGT01062,USR006,INC03744,1300000,650000,,2450000,1950000,scholarship,15/01/2024 21:35
BGT00880,USR075,INC00203,3300000rb,1850000,1000000,,5150000,freelance,2024-01-13 00:04
BGT08001,USR045,INC07875,2850000,1500000,950000,5300000,4350000,freelance,2024-12-26 12:12
BGT00783,USR027,INC06223,950000,500000,300000,1800000,1450000,part_time,2023-05-02 23:12
BGT05767,USR072,INC03898,1850000,1100000,1100000,4050000,2950000,bonus,2023-07-05 10:19
BGT03086,USR040,INC01923,1200000,600000,400000,,1800000,part_time,2023-08-26 19:31
BGT01981,USR044,INC09518,2450000,1800000rb,1200000,5450000,4250000,salary,2024-10-04 03:08
BGT09704,USR027,INC01545,1350000,850000,800000,3050000,2200000,allowance,2023-04-18 05:40
BGT09586,USR054,INC08017,2650000,,700000,4900000,4200000,bonus,2023-08-13 13:37
BGT01702,USR061,INC07670,3950000,2250000,1850000,8050000,6200000,investment_return,2024-05-16 01:58
BGT02748,USR025,INC00598,1950000,1250000,1050000,4250000,3200000,internship,2024-10-29 16:39
BGT04257,USR070,INC09586,4350000,2850000,1700000,8850000,7200000,bonus,2023-08-05 23:52
BGT00249,USR075,INC06746,1800000,1250000,1000000,4050000,3050000,bonus,2023-04-10 22:55
BGT03206,USR031,INC02065,1000000,650000,600000,2300000,1650000,part_time,2024-05-25 23:06
BGT04198,USR057,INC05262,3550000,1850000,1450000,6850000,5400000,salary,2023-10-05 04:26
BGT04668,USR026,INC06027,850000,500000,500000,1850000,1350000,freelance,2023-10-22 10:44
BGT03182,USR063,INC01955,3100000,2150000,1750000,7000000,5250000,investment_return,2024-10-12 02:41
BGT03592,USR038,INC00318,2050000,1300000,850000,4150000,3350000,part_time,2023-01-13 22:47
BGT07465,USR015,INC01971,1250000,700000,750000,2750000,1950000,allowance,2024-12-13 13:56
BGT02523,USR039,INC09880,2200000,1450000,700000,4350000,3650000,freelance,2024-09-17 01:42
BGT05343,USR025,INC01203,1450000,750000,500000,2700000,2200000,internship,2023-01-14 02:19
BGT00769,USR049,INC06869,3550000,1950000,1750000,7200000,5500000,salary,2024-09-09 03:33
BGT02758,USR046,INC09714,2300000,1450000,550000,4300000,3750000,salary,2023-04-13 06:22
BGT07102,USR003,INC00704,700000,400000,350000,1450000,1100000,scholarship,2023-03-15 09:02
BGT02419,USR045,INC08117,1850000,1100000rb,1150000,4150000,2950000,business,2023-07-27 01:28
BGT01934,USR039,INC07528,2500000,,800000,5000000,4200000,part_time,2024-02-01 14:48
BGT06307,USR071,INC08355,3350000,1800000,900000,6050000,5150000,business,2023-11-12 03:38
BGT07050,USR037,INC04437,2400000,-1350000,700000,4450000,3750000,part_time,2024-02-25 09:58
BGT00670,USR025,INC09012,1050000,650000,250000,1950000,1700000,freelance,2023-06-15 08:27
BGT01853,USR072,INC08523,2250000,1550000,1100000,4900000,3800000,investment_return,2024-01-21 18:09
BGT08798,USR022,INC09420,1800000,1150000,1050000,3950000,2950000,freelance,2023-01-21 23:35
BGT00218,USR057,INC06507,3050000,1850000rb,750000,5650000,4900000,salary,
BGT02039,USR035,INC07480,1100000,650000,450000,2200000,1750000,freelance,2024/09/28 15:22
BGT02224,USR057,INC01152,1850000,1000000,950000,3750000,2850000,freelance,2023-10-18 08:50
BGT03916,USR009,INC00091,850000,500000,150000,1500000,1350000,scholarship,2024-06-13 19:55
BGT00004,USR070,INC02482,2250000,1450000,1150000,4850000,3700000,bonus,2023-12-28 06:20
BGT05647,USR037,INC01711,2150000,1400000,750000,4300000,3550000,internship,2024-01-22 00:26
BGT00644,USR013,INC07022,1000000,500000,300000,1800000,1500000,ALLOWANCE,2023-02-04 08:20
BGT01035,USR050,INC04313,3500000,2200000,1150000,6900000,5700000,salary,2023-10-03 12:02
BGT09032,USR033,INC00462,2300000,1150000rb,750000,4200000,3450000,part_time,2023-04-18 17:20
BGT01922,USR056,INC04264,3050000,2000000,1700000,6750000,5050000,bonus,2023-08-11 01:27
BGT05368,USR054,INC09259,1850000,1000000,550000,3400000,2850000,freelance,2023-10-05 10:14
BGT05102,USR050,INC04245,3050000rb,1950000,1750000,6750000,5000000,business,2023-08-05 03:56
BGT08092,USR048,INC00579,3350000,2200000,2050000,7600000,5550000,business,2024-03-08 07:36
BGT01733,USR069,INC02706,4400000,2100000,1650000,8150000,6500000,business,2024-05-12 23:56
BGT05975,USR052,INC09731,,1000000,800000,3650000rb,2850000,business,2024-11-03 14:08
BGT03075,USR008,INC03029,1100000,650000,550000,2300000,1750000,allowance,2023-11-07 12:17
BGT05300,USR068,INC08991,3000000,1750000,1750000,6550000,4750000,investment_return,2024-01-22 10:44
BGT08170,USR019,INC04922,1100000,650000,550000,2300000,1750000,allowance,2023-04-27 02:56
BGT08432,USR005,INC00686,1350000,1000000,550000,2900000,2100000,part_time,2024-06-27 12:00
BGT02619,USR048,INC04577,3850000,2050000,950000,6900000,5900000,business,2024-10-15 07:46
BGT05579,USR025,INC05454,1000000,550000,300000,1900000,1550000,internship,2024-08-14 23:54
BGT04780,USR040,INC04815,1150000,750000,350000,2250000,1900000,part_time,2023-11-08 06:40
BGT00853,USR040,INC01157,2200000,1450000,750000,4400000,3650000,freelance,2024-07-09 18:05
BGT01696,USR033,INC09594,1950000,1250000,950000,4200000,3200000,freelance,2023-09-01 09:21
BGT08014,USR046,INC04787,2050000,1550000,950000,4600000,3600000,bonus,2023-08-28 22:47
BGT08401,USR015,INC06737,700000,400000,250000,1350000,1100000,part_time,2023-06-15 08:51
BGT08481,USR049,INC02913,3450000,2200000,1900000,7500000.00,5650000,bonus,2023-07-18 08:21
BGT02428,USR046,INC05188,2850000,1450000,1000000,5300000,4300000,business,2024-02-10 00:08
BGT08086,USR011,INC06961,1000000,550000,300000,1850000,1550000,part_time,2024-09-04 02:33
BGT09257,USR068,INC01164,2650000,1750000,1650000,6050000,4400000,business,2024-05-14 12:14
BGT01895,USR056,INC04583,2750000,1950000,1150000,,4700000,salary,2023-03-14 09:41
BGT01800,USR056,INC07220,2250000,1500000rb,950000,4650000,3750000,salary,2024-03-03 03:52
BGT04109,USR042,INC04977,2100000,1350000,900000,4350000,3450000,salary,2024-10-18 04:36
BGT00996,USR005,INC04474,,650000,,2450000,1950000,scholarship,2024-05-19 08:23
BGT00574,USR002,INC07514,900000,500000,250000,1650000,1400000,allowance,2023-10-14 23:31
BGT00866,USR014,INC04151,800000,600000,350000,1750000,1400000,scholarship,2024-01-14 08:10
BGT06888,USR038,INC01709,1550000,,750000,3200000,2450000,freelance,2023-11-15 23:41
BGT09202,USR030,INC00404,1500000,900000,950000,3350000,2400000,allowance,2024-08-30 00:05
BGT05162,USR063,INC02843,2850000,1950000,,6500000,4800000,salary,2023-09-29 03:21
BGT06354,USR024,INC07782,2200000,1350000,1300000,4900000,3550000,part_time,2024-05-16 17:55
BGT07888,USR032,INC04416,2200000,1400000,1400000,5000000,3600000,freelance,2023-05-13 13:54
BGT01499,USR060,INC06532,2000000,1250000,750000,4050000,2350000,salary,2023-05-28 17:39
BGT07375,USR002,INC02735,1400000,950000,500000,2900000,2350000,part_time,2023-06-14 22:12
BGT08779,USR072,INC04000,2600000,1500000,1100000,5250000,4100000,business,2024-08-11 03:53
BGT07979,USR032,INC03433,850000,600000,400000,1800000,1450000,internship,2024-10-21 17:29
BGT00848,USR040,INC08489,800000,550000,300000,1600000,1350000,allowance,2024-05-12 00:38
BGT03536,USR010,INC06493,1250000,,300000,2200000,1900000,part_time,2023-08-19 17:51
BGT09757,USR026,INC06232,1100000,700000,,2200000,1800000,internship,2024-10-03 12:20
BGT05242,USR006,INC04451,600000,400000,300000,1250000,1000000,allowance,2023-10-24 19:12
BGT00939,USR062,INC08814,4550000,2250000,1500000,8250000,6800000,business,2023-12-27 00:57
BGT08868,USR022,INC03313,1800000,1100000,600000,3500000,2900000,part_time,2023-01-02 19:31
BGT08598,USR067,INC05930,3100000,1750000,,6250000,4850000,freelance,2023-03-28 17:25
BGT03294,USR055,INC08255,3850000,2350000,1650000,7850000,6200000,bonus,2024-10-17 21:59
BGT08564,USR023,INC04853,1250000,700000,700000,2650000,1950000,internship,2024-04-20 06:37
BGT06471,USR071,INC00844,3200000,1750000,1100000,6000000,4950000,bonus,2023/12/21 23:23
BGT07836,USR065,INC02757,3700000,1900000,1400000,6950000,5600000,business,2024-10-01 16:00
BGT04910,USR011,INC09397,1400000,750000,400000,2550000,2150000,part_time,2024-07-14 00:45
BGT07869,USR038,INC09311,850000,500000,200000,1550000,1350000,internship,2023-03-01 04:49
BGT03559,USR004,INC05482,550000,350000,150000,1050000,900000,scholarship,2023-01-05 19:58
BGT08255,USR007,INC05055,1200000,800000,500000,2500000,2000000,allowance,2024-01-15 15:06
BGT00127,USR049,INC08615,3100000,1650000,1100000,5850000,4500000,bonus,2024-09-03 14:22
BGT06220,USR038,INC09872,2450000,1350000,750000,4550000,3800000,allowance,2023-12-30 17:20
BGT07133,USR039,INC01812,2350000,,1100000,5000000,3900000,part_time,2024-04-21 20:20
BGT07737,USR006,INC08697,700000,500000,300000,1500000,1200000,part_time,2024-01-29 03:21
BGT00791,USR066,INC01040,3650000,2400000,1700000,7800000,6050000,freelance,2024-07-16 19:30
BGT00507,USR056,INC02199,2300000,1400000,1500000,5200000,3700000,freelance,2024-04-23 07:11
BGT01618,USR064,INC04562,2300000,1600000,750000,4650000,3900000,bonus,2023-09-29 19:47
BGT08855,USR074,INC02638,5450000,3100000,1400000,9950000,8550000,bonus,2023-11-28 04:24
BGT01490,USR054,INC09695,4350000,2700000,850000,7900000,7050000,salary,2023-01-10 00:31
BGT06611,USR048,INC04641,3750000,2250000,1500000rb,7500000,6000000,salary,2023-08-20 11:48
BGT04590,USR072,INC01453,3150000,1850000,1150000,6150000,5000000,freelance,2024-01-16 09:11
BGT03498,USR052,INC08298,,1250000,1250000,4550000,4200000,business,2024-11-25 10:35
BGT04523,USR037,INC04247,1050000,550000,,2100000,1600000,allowance,2024-06-15 19:11
BGT07498,USR042,INC02489,3300000,2100000,1900000,7300000,5400000,business,2024-07-12 01:46
BGT02553,USR039,INC03132,1350000,900000,600000,2850000,2250000,part_time,2023-03-20 04:41
BGT05837,USR023,INC04581,1500000,850000,600000,2950000,2350000,part_time,2024-12-08 02:37
BGT06355,USR045,INC06299,2700000,1550000,1250000,5500000,4250000,bonus,2024-06-29 10:39
BGT00231,USR016,INC07500,450000,350000,250000,1050000rb,800000,allowance,2024-07-10 11:12
BGT00224,USR017,INC05339,1100000,550000,350000,2000000,1450000,allowance,2024-12-22 15:40
BGT06082,USR009,INC01906,1500000,850000,550000,2900000,2350000,scholarship,2024-08-13 01:55
BGT08939,USR002,INC03536,850000,450000,200000,1500000,1300000,part_time,2024-06-28 01:37
BGT03198,USR061,INC02705,3800000,2350000,1200000,7350000,6150000,salary,2023-10-22 17:45
BGT05225,USR051,INC06069,4050000,2200000,1650000,7900000,6250000,salary,2024-11-16 16:44
BGT02926,USR004,INC04826,1250000,750000,400000,2450000,2000000,scholarship,
BGT07051,USR023,INC06325,1600000,900000,550000,3050000,2500000,allowance,2023-05-05 17:24
BGT06263,USR043,INC09947,2950000,1800000,,6700000,4750000,business,2023-02-18 11:13
BGT04160,USR036,INC08073,1650000,1000000,750000,3400000,2650000,internship,2024-05-26 12:37
BGT03315,USR062,INC04737,3050000,1600000,1000000,5650000,4650000,freelance,2024-01-15 12:44
BGT04283,USR028,INC05660,1650000,800000,650000,3150000,2450000,freelance,2024-07-02 22:20
BGT02406,USR001,INC06386,850000,600000,400000,1800000,1450000,scholarship,2024-01-23 07:13
BGT02397,USR034,INC06427,2150000,1100000,800000,4050000,3250000,freelance,2023-03-22 05:20
BGT03280,USR070,INC02953,-2600000,1700000,1350000,5600000,4300000,freelance,2023-11-07 22:10
BGT06161,USR031,INC02506,1500000,1000000,650000,3200000,2500000,freelance,2024-11-05 00:19
BGT04795,USR035,INC03041,1700000,,1050000,3800000,2750000,allowance,25/09/2024 22:39
BGT02595,USR074,INC09901,2150000,1250000,1400000,4800000,3400000,freelance,2024-03-16 13:49
BGT04945,USR038,INC04450,950000,550000,350000,1850000,1500000,internship,2023-07-29 07:37
BGT04675,USR013,INC03843,900000,550000,250000rb,,1450000,scholarship,2024-09-14 15:31
BGT00244,USR009,INC03799,600000,400000,350000,1350000,1000000,scholarship,2023-12-11 18:05
BGT02713,USR020,INC09271,1150000,800000,700000,2600000,1950000,scholarship,
BGT06181,USR032,INC04820,2150000,1400000,1250000,4750000,3550000,internship,2024-05-18 09:25
BGT03094,USR056,INC03051,2100000,1500000,950000,4600000,3600000,bonus,2024-02-27 11:58
BGT09135,USR048,INC09386,2450000,1450000,800000,4700000,3900000,bonus,2023-02-05 05:52
BGT05926,USR062,INC07234,4600000,2300000,1300000,8250000,6900000,investment_return,2024-10-26 10:12
BGT03847,USR053,INC01904,3450000,1950000,1800000,7150000,5400000,business,2024-05-27 19:03
BGT05506,USR007,INC02445,600000,300000,200000,1100000,900000,part_time,2024-11-28 18:12
BGT07618,USR003,INC09593,1200000,850000,500000,2550000,2050000,scholarship,31/07/2024 16:03
BGT02913,USR007,INC05827,500000,300000,250000,1050000,800000,scholarship,2024-07-19 18:54
BGT08996,USR010,INC01782,650000,400000,,1250000,1050000,scholarship,2024-03-21 02:24
BGT07800,USR056,INC02938,3600000,2250000,1400000,7250000,5850000,,2023-08-09 02:49
BGT08680,USR003,INC03434,1250000,800000,350000,2450000,2050000,part_time,2024-03-18 04:55
BGT03855,USR029,INC09533,800000,450000,300000,1550000,1250000,allowance,2024-12-10 15:20
BGT07002,USR045,INC04407,1400000,1050000,700000,3150000,2450000,bonus,2023-10-07 21:55
BGT08180,USR014,INC06874,,750000,700000,2600000,1950000,scholarship,2023-03-02 09:43
BGT04146,USR035,INC00212,1750000,1050000,550000,3350000,2800000,freelance,2024-05-19 07:20
BGT02745,USR069,INC07642,2150000,1400000,900000,4450000,3550000,salary,2024-08-13 01:57
BGT03714,USR033,INC03000,1800000,1100000,1150000,4050000,2900000,freelance,
BGT03471,USR001,INC08657,750000,500000,350000,1550000,1250000,part_time,2023-06-03 20:18
BGT06761,USR065,INC07815,2400000,1500000,650000,4550000,3900000,bonus,2024-12-15 02:35
BGT00656,USR042,INC07831,4150000,2450000,1250000,7850000,6600000,bonus,2023-10-28 12:44
BGT02174,USR001,INC04861,1150000,700000,400000,2300000rb,1850000,scholarship,2023/02/10 00:38
BGT04229,USR058,INC09624,2950000,1700000,1450000,6100000,4650000,freelance,10/08/2024 17:16
BGT08799,USR009,INC06807,1400000,800000,450000,2650000,2200000,part_time,2023-09-09 00:16
BGT08861,USR006,INC01630,1400000,800000,500000,2650000,2200000,scholarship,2023-10-17 02:12
BGT00250,USR044,INC09393,3150000,1900000,1100000,,5050000,bonus,2023-01-19 08:35
BGT05255,USR021,INC04514,1950000,1250000,900000,4100000,3200000,internship,2024-11-21 15:37
BGT07343,USR040,INC03181,1450000,850000,300000,2550000,2300000,freelance,2023-11-20 04:26
BGT09031,USR020,INC01736,1150000,650000,600000,2400000,1800000,scholarship,
BGT03959,USR023,INC00884,2050000,1250000,1250000,4550000,3300000,allowance,2024-06-02 05:21
BGT02238,USR053,INC08641,3700000,1700000,1200000,6600000,5400000,freelance,2023-02-18 21:38
BGT00785,USR032,INC08373,2150000,1400000,950000,4500000,3550000,allowance,2023-01-01 18:28
BGT08707,USR051,INC05547,3950000,2600000,1050000,7600000,6550000,freelance,2024-12-12 12:52
BGT03190,USR030,INC04403,700000,,450000,1600000,1150000,internship,2024-07-21 09:36
BGT04479,USR034,INC04014,2000000,1100000,850000,3950000.00,3100000,freelance,27/01/2023 22:48
BGT05079,USR046,INC09262,3200000,1900000,1450000,6550000,5100000,bonus,2023-06-16 19:45
BGT05575,USR052,INC01400,2700000,1400000,1000000,,4100000,salary,2024-02-13 16:56
BGT03755,USR057,INC06302,1800000,950000,550000,3300000,2750000,bonus,2023-08-20 22:23
BGT03912,USR010,INC09095,1050000,700000,650000,2400000,1750000,part_time,2024-08-08 15:03
BGT05792,USR031,INC07273,2050000,1300000,1250000,,3350000,freelance,2024-04-17 09:08
BGT06619,USR047,INC03009,2300000,1450000,1400000,5150000,3750000,business,2023-02-28 15:58
BGT09714,USR050,INC05902,3100000,1700000,900000,5750000,4800000,business,2024-09-05 01:50
BGT07977,USR067,INC08310,4200000,2850000,2450000,9500000,7050000,salary,2024-07-14 12:51
BGT06094,USR013,INC04616,1150000,600000,450000,2250000,1750000,allowance,2023-04-05 15:56
BGT03403,USR029,INC03999,1000000,650000,550000,2200000,1650000,allowance,2023-02-03 00:18
BGT00565,USR028,INC00391,700000,400000,400000,1500000,1100000,internship,2024-05-23 10:42
BGT06556,USR038,INC01032,1300000,900000,500000,2700000,2200000,allowance,2024-05-06 22:31
BGT07962,USR058,INC09000,2950000,-1950000,1800000,6650000,4900000,salary,2024-07-21 18:50
BGT02153,USR045,INC08948,2250000,1600000,1150000,5000000,3850000,business,2024-08-25 17:34
BGT01641,USR070,INC00039,4000000,2250000,2100000,8300000,6250000,investment_return,2023-11-28 00:00
BGT01817,USR040,INC07256,2300000,1350000,1200000,4850000,3650000,freelance,2023-11-09 17:05
BGT01637,USR068,INC06051,2600000,1650000,750000,5000000,4250000,bonus,2023-09-10 19:27
BGT03775,USR060,INC08209,2400000,1450000,1050000,4900000,3850000,business,2023-08-14 21:21
BGT02028,USR012,INC03101,550000,300000,300000,1150000,850000,part_time,2024-04-20 13:00
BGT03493,USR071,INC01903,4500000,2850000,1300000,8650000,7350000,salary,2024-05-24 21:40
BGT07501,USR053,INC08435,4000000,2050000,1250000,7300000,6050000,business,2024-09-21 05:35
BGT00144,USR006,INC08158,950000,450000,350000,1750000,1400000,allowance,2024-11-06 09:53
BGT01120,USR038,INC07832,2050000,1250000,800000,4100000,3300000,internship,2023-05-24 03:31
BGT04119,USR054,INC07391,2400000,1500000,1300000,5200000,3900000,salary,2024-11-21 05:06
BGT02797,USR036,INC03613,1850000,1050000,950000,3850000,2900000,allowance,2023-01-09 18:19
BGT03841,USR005,INC07604,750000,450000,150000,1350000,1200000,allowance,2023-02-16 19:25
BGT02090,USR020,INC01718,1050000,700000,550000rb,2300000,1750000,allowance,2023-08-26 08:36
BGT09866,USR034,INC01492,2250000,1350000,750000,4300000,3600000,part_time,2023/04/27 11:21
BGT03672,USR066,INC04300,3500000,2200000,1900000,7650000rb,5700000,business,2024-02-08 01:09
BGT08172,USR036,INC07189,2000000,1300000,700000,4000000,3300000,part_time,2023-03-25 06:38
BGT04887,USR037,INC09781,1100000,650000,300000,2050000,1750000,internship,2024-12-01 20:41
BGT05783,USR003,INC04727,1050000,600000,300000,1950000,1650000,allowance,2023-12-12 11:23
BGT09172,USR009,INC09786,600000,350000,,1200000,950000,scholarship,
BGT01982,USR028,INC02407,2100000,1100000,650000,3850000,3200000,allowance,2024-02-25 06:04
BGT01839,USR058,INC06057,2250000,1400000,550000,4200000,3650000,bonus,2024-08-22 01:57
BGT06294,USR030,INC02327,1950000,1300000,1100000,4350000,3250000,allowance,2023-11-23 12:16
BGT09161,USR040,INC02731,2050000,1200000,750000,4050000,3250000,part_time,30/06/2023 17:57
BGT02577,USR063,INC09583,,2450000,2100000,8500000,6350000,business,2024-11-24 20:02
BGT03240,USR005,INC02082,1200000,700000,550000,2450000,1900000,part_time,2024-05-15 18:44
BGT04698,USR015,INC09432,1300000,850000,650000,2800000,2150000,allowance,2023-07-05 20:23
BGT08940,USR019,INC02190,500000,350000,300000,1100000,850000,allowance,2024-03-10 13:34
BGT04154,USR006,INC05775,750000,400000,350000,1500000,1150000,allowance,2024-08-30 04:17
BGT08849,USR013,INC05631,1050000,550000,300000,1900000,1600000,scholarship,2024-04-12 13:05
BGT05614,USR003,INC03319,1400000,900000rb,400000,2700000rb,2300000,part_time,2023-07-22 06:49
BGT07602,USR068,INC07856,3150000,2050000,1800000,7000000,5200000,freelance,2023-04-15 23:57
BGT04982,USR016,INC02645,800000,550000,300000,1650000,1350000,scholarship,2024-04-03 14:59
BGT00325,USR056,INC01773,2900000,1550000rb,1050000,5500000,4450000,,2023-07-30 19:14
BGT02767,USR074,INC03899,2400000,1300000,1150000,4850000,3700000,business,2024-05-24 00:36
BGT05782,USR045,INC07569,1500000,850000,700000,3100000,2350000,salary,2023-06-18 05:12
BGT04981,USR011,INC07394,900000,550000,300000,1700000,1450000,part_time,2024-01-04 07:05
BGT01039,USR006,INC07607,800000,500000,450000,1750000,1300000,part_time,2023-02-25 00:13
BGT09813,USR031,INC00252,2250000,1250000,650000,4200000,3500000,internship,2024-08-13 06:35
BGT06153,USR003,INC01847,450000,300000,250000,1000000,750000,scholarship,2023-02-07 03:34
BGT00708,USR062,INC00396,2450000,1550000,900000,4900000,4000000,investment_return,2024-10-10 12:45
BGT09955,USR010,INC08075,-1300000,1000000,650000,3000000,2300000,scholarship,2024-04-17 19:25
BGT05365,USR024,INC08261,700000,450000,400000,1550000,1150000,freelance,
BGT02959,USR030,INC06321,1600000,1050000,750000,3450000,2650000,allowance,2024-07-30 08:12
BGT00432,USR031,INC00481,2350000,1350000,950000,4650000,3700000,part_time,2023-10-01 11:38
BGT03284,USR050,INC02101,1950000,1150000,400000,3500000,3100000,business,2023-09-05 03:48
BGT05913,USR013,INC04281,1250000,800000,650000,2750000,2050000,part_time,2023-08-14 08:40
BGT02766,USR017,INC07941,1000000,700000,500000,2200000,1700000,allowance,2023-10-29 09:55
BGT07814,USR010,INC02829,1250000,700000,400000,2350000,1950000,part_time,2024-12-29 02:14
BGT05272,USR027,INC06579,2200000,1550000,850000,4600000,3750000,internship,2024/06/25 02:56
BGT03504,USR050,INC06342,1600000,,850000,3500000,2650000,bonus,2023-10-16 00:48
BGT07280,USR051,INC01554,-3000000,1850000,600000,5450000,4850000,salary,2024-11-06 00:21
BGT04434,USR003,INC02517,550000,300000,300000,1200000,850000,allowance,2023-03-14 16:50
BGT09316,USR058,INC02204,3250000,1750000,1750000,6750000,5000000,business,2023-06-08 15:58
BGT09988,USR019,INC05829,1100000,600000,650000,2350000,1700000,scholarship,2023-03-11 19:36
BGT00756,USR052,INC01102,3750000,2050000,2150000,7950000,5800000,bonus,2023-06-09 03:53
BGT06117,USR048,INC00320,2050000,1000000,700000,3750000,3050000,freelance,2023-10-06 01:57
BGT08190,USR064,INC07644,4100000,2200000,1550000,7850000,6300000,investment_return,2024-06-09 13:59
BGT07395,USR066,INC05604,3600000,2350000,1600000,7550000,5950000,freelance,2024-12-28 15:12
BGT00206,USR029,INC08096,1700000,1100000,1000000rb,3800000,2800000,part_time,2024-07-29 02:36
BGT05903,USR063,INC07666,3950000,2950000,2050000,9000000,6900000,salary,2023-12-07 08:46
BGT03842,USR072,INC00737,3000000,1600000,1100000,5700000,4600000,bonus,2024-04-04 03:20
BGT06121,USR071,INC03482,2400000,,1100000,4850000,3700000,freelance,2023-12-19 21:26
BGT00840,USR074,INC01646,3450000,2100000,850000,6350000,5550000,bonus,2024-11-25 13:03
BGT06317,USR039,INC04479,950000,500000,250000,1700000,1450000,part_time,2023-03-07 10:00
BGT05696,USR034,INC09685,850000,450000,250000,1550000,1300000,allowance,2023-01-22 20:25
BGT01465,USR064,INC00732,3350000,2200000,1150000,6700000,5550000,bonus,2024-05-17 23:28
BGT08881,USR014,INC08441,950000,550000,300000,1850000,1500000,ALLOWANCE,2024-04-16 05:52
BGT08934,USR028,INC04293,1000000,550000,350000,1900000,1550000,internship,2023-12-28 09:32
BGT04092,USR057,INC00953,3600000,1800000,1050000,6450000,4900000,salary,21/11/2023 11:37
BGT07597,USR021,INC06294,2300000,1300000,1000000,4650000,3600000,allowance,2024-11-10 17:46
BGT03796,USR011,INC09736,700000,400000,300000,1450000,1100000,allowance,
BGT00986,USR026,INC09275,1800000,1300000,700000,3800000,3100000,FREELANCE,2023-06-29 18:12
BGT06914,USR029,INC08958,1450000,1000000,,3100000,2450000,allowance,2024-11-16 20:26
BGT02008,USR074,INC07156,2400000,1450000,1600000,5450000.00,3850000,bonus,2024-05-13 17:55
BGT05648,USR015,INC09128,800000,500000,450000,1750000,1300000,scholarship,2024-08-03 02:58
BGT05446,USR039,INC03684,2600000,1350000,950000,4900000,3950000,allowance,11/09/2024 04:42
BGT05228,USR071,INC04178,3250000,1700000,1100000,6050000,4950000,investment_return,2023-08-04 17:37
BGT06996,USR040,INC04506,1250000,800000,400000,2450000,2050000,allowance,2023-11-06 05:50
BGT07054,USR029,INC04690,,,400000,1600000,1200000,freelance,2023-12-02 04:08
BGT01877,USR042,INC05558,2000000,1500000,900000,4400000,3500000,freelance,2023-12-26 19:59
BGT09055,USR050,INC06860,3450000,2250000,1500000,7200000,5700000,freelance,2024-04-22 03:00
BGT05015,USR016,INC09174,600000,350000,250000,1200000,950000,scholarship,2024-05-20 23:04
BGT02889,USR036,INC04707,2450000,1550000,650000,4650000,4000000,allowance,2024-02-11 06:02
BGT02303,USR060,INC08197,4000000,2600000,1050000,7650000,6600000,bonus,2024-12-21 17:05
BGT05773,USR018,INC01912,550000,350000,300000,1200000,900000,scholarship,2024-06-24 17:45
BGT07654,USR023,INC05269,1400000,1050000,700000,3150000,2450000,part_time,2024-04-24 16:53
BGT01573,USR066,INC07197,2700000,1500000,1200000,5400000,4200000,salary,2023-10-12 10:07
BGT06857,USR027,INC09598,1850000,1200000,600000,3600000,3050000,internship,2023-08-16 18:53
BGT02947,USR018,INC05442,1300000,700000,350000,2400000rb,2000000,part_time,2024-09-28 01:00
BGT06407,USR017,INC05436,500000,250000,300000,1050000,750000,part_time,2023-01-09 07:52
BGT03308,USR050,INC05647,2800000,1800000,1450000,6050000,4600000,business,2024-08-07 03:22
BGT03360,USR013,INC03540,900000,500000,300000,1700000,1400000,part_time,2024-06-29 04:02
BGT05740,USR039,INC06472,1150000,800000,400000,2350000,1950000,freelance,2024-01-17 09:36
BGT01818,USR016,INC05577,950000,550000,,2050000,1500000,allowance,2024-11-22 15:35
BGT05508,USR026,INC03201,1150000,650000,300000,2150000,1800000,freelance,2024-05-24 10:48
BGT09324,USR005,INC09867,1050000,600000,400000,2050000,1650000,scholarship,2023-05-24 20:40
BGT00554,USR067,INC07420,4450000,,2300000,9300000,6950000,investment_return,2023-12-03 03:43
BGT06986,USR068,INC04724,2350000,1250000,1000000,4600000,3600000,business,2024-07-06 03:32
BGT08851,USR032,INC08033,1500000,800000,600000,2900000,2300000,internship,2023-03-08 18:14
BGT01156,USR052,INC09459,2100000,1200000,700000,4000000,3300000,bonus,2023-10-13 01:44
BGT09584,USR043,INC08479,2500000,1250000,850000,4600000,3750000,salary,2023-04-22 08:55
BGT08049,USR046,INC08790,2700000,1950000,1400000,6050000,4650000,bonus,2024-05-27 02:26
BGT09387,USR049,INC01118,2750000,1850000,800000,5400000,4600000,freelance,2023-08-16 21:11
BGT07985,USR037,INC05830,1200000,750000,600000,2550000,1950000,internship,2023-05-18 12:54
BGT04899,USR006,INC00892,800000,500000,350000,1650000rb,1300000,part_time,2024-02-05 22:49
BGT07524,USR060,INC00680,2650000,1550000,1000000,5150000,4200000,salary,2023-04-23 18:18
BGT02278,USR073,INC07945,3500000,2250000,2000000,7750000,5750000,bonus,2024-02-18 12:29
BGT04723,USR064,INC00298,2900000,1450000,950000,5300000,4350000,bonus,2023-07-14 21:37
BGT05170,USR035,INC01068,2250000,1450000,550000,4250000,3700000,allowance,2023-11-20 04:35
BGT07204,USR054,INC08704,1600000,1200000,700000,3500000,2800000,salary,2023-07-04 18:55
BGT01030,USR023,INC07106,850000,500000,250000,1600000,1350000,allowance,
BGT00167,USR038,INC06408,2000000,1450000,900000,4350000,3450000,internship,2023-09-21 22:40
BGT00553,USR034,INC04107,1100000,650000,600000,2300000,1750000,allowance,2024-01-04 05:31
BGT05906,USR061,INC00972,2650000,1750000,1050000,5450000,4400000,freelance,2023-09-01 05:33
BGT07488,USR028,INC07672,1150000,550000,350000,2050000,1700000,freelance,
BGT00365,USR042,INC05863,2750000,1750000,1150000,5650000,3550000,bonus,2023-02-08 05:26
BGT09854,USR028,INC08008,1700000,950000,800000,3450000,2650000,freelance,2023-11-07 07:45
BGT05729,USR050,INC00475,2850000,1500000,800000,5150000,4350000,freelance,2023-02-22 22:30
BGT05447,USR037,INC07088,2200000,1500000,850000,4550000,3700000,freelance,2024-11-13 06:20
BGT07306,USR073,INC09938,4050000,2550000,1350000,7950000,6600000,business,2023-12-11 03:38
BGT04817,USR028,INC05118,,1450000,700000,4400000rb,3700000,part_time,2024-02-24 14:34
BGT01154,USR067,INC01533,2350000,1600000,1050000,5000000,3950000,business,05/02/2023 04:43
BGT03413,USR074,INC07930,2750000,1450000,800000,5000000,4200000,salary,2023-01-17 05:46
BGT02463,USR039,INC05617,2000000,1350000,1250000,4600000,3350000,freelance,2024-02-26 14:01
BGT07787,USR009,INC06188,800000,450000,250000,1450000,1250000,,2024-02-02 01:28
BGT01881,USR022,INC08753,-2200000,1300000,850000,4350000,3500000,part_time,2023-05-07 21:46
BGT04103,USR040,INC05699,1100000,650000,600000,2350000,1750000,freelance,2023-04-23 18:18
BGT05852,USR027,INC03215,1300000,650000,400000,2350000,1950000,allowance,2023-03-12 05:35
BGT00017,USR020,INC05644,650000,350000,300000,1350000,1000000,scholarship,2024-12-11 18:45
BGT06328,USR067,INC02123,4200000,2050000,1350000,7600000,6250000,freelance,2024-09-12 05:17
BGT01792,USR062,INC02934,3350000,2050000,950000,6350000,5400000,freelance,2024-03-04 03:38
BGT02383,USR009,INC07314,1000000,550000,250000,1800000,1550000,scholarship,2023-06-09 16:15
BGT01226,USR023,INC07448,1100000,650000,600000,2350000,1750000,part_time,15/07/2023 13:20
BGT07091,USR061,INC04236,2100000,1100000,900000,4150000,3200000,investment_return,2024-10-16 02:06
BGT02494,USR030,INC07774,2100000,1250000,900000,4250000,3350000,,2024-08-13 15:02
BGT04944,USR019,INC07456,800000,550000,300000,1650000,1350000,PART_TIME,2023-02-25 19:14
BGT01887,USR011,INC09508,1350000,850000,700000,2850000,2200000,scholarship,2024-03-08 18:08
BGT01554,USR047,INC01468,3600000,2050000,1900000,7550000,5650000,freelance,2024-04-02 03:19
BGT08815,USR026,INC02349,1500000,800000,700000,2950000,2300000,allowance,2024-08-19 03:23
BGT01791,USR012,INC03020,,850000,650000,3000000,2400000,ALLOWANCE,2024-08-21 11:08
BGT06505,USR002,INC08736,1100000,650000,500000,2250000,1750000,scholarship,17/09/2023 09:24
BGT07566,USR068,INC09134,3750000,2100000,1950000,7850000,5850000,business,2023-05-30 17:43
BGT07668,USR037,INC08634,1050000,600000,300000,1950000,1650000,part_time,2023-02-23 03:26
BGT05266,USR003,INC02186,1250000,700000,400000,2350000,1950000,scholarship,2023-03-18 17:58
BGT06649,USR057,INC09088,4200000,2500000,1100000,7800000,6700000,bonus,2024-03-18 12:09
BGT06788,USR039,INC00942,1450000,950000rb,850000,3200000,2400000,freelance,2023-03-18 10:09
BGT08008,USR048,INC07552,3450000,2100000,1950000,7500000rb,5550000,bonus,2024-01-14 18:43
BGT06166,USR073,INC01897,3950000,2350000,1600000,7900000,6300000,salary,2024-04-03 16:30
BGT09547,USR033,INC01863,1450000,900000,500000,2850000,2350000,internship,2024-01-05 10:01
BGT03826,USR070,INC04495,2800000,1800000,1400000,6000000,4600000,bonus,2023-11-24 01:31
BGT02971,USR013,INC03664,1050000,750000,400000,2200000,1800000,scholarship,2023-10-03 23:01
BGT09970,USR020,INC09444,750000,400000,300000,1500000,1150000,allowance,2024-08-21 20:40
BGT01734,USR038,INC03167,1850000,1150000,900000,,3000000,internship,2024-06-29 20:36
BGT06269,USR003,INC09236,1200000,650000,400000,2250000,1850000,part_time,2024-10-01 08:30
BGT03597,USR059,INC00098,4300000,2200000,,7800000,6500000,business,2024-08-28 01:06
BGT04971,USR005,INC02354,1250000,750000,450000,2450000,2000000,part_time,2024-04-01 19:20
BGT04454,USR068,INC05229,4400000,2900000,2450000,9750000,7300000,bonus,2023-07-31 07:45
BGT03009,USR074,INC06147,3100000,1500000,950000,5500000,4600000,business,2024-10-26 23:13
BGT05304,USR020,INC05093,700000,450000,150000,1250000,1150000,allowance,23/11/2023 16:18
BGT03211,USR060,INC00148,2950000,1950000,850000,5800000,4900000,business,2024-06-06 12:15
BGT08954,USR002,INC00847,700000,450000,350000,1500000,1150000,scholarship,2023-02-13 02:56
BGT02365,USR029,INC05567,1650000,1000000,450000,3050000,2650000,freelance,2024-01-21 09:47
BGT03704,USR072,INC06177,4900000,2900000,1850000,9650000rb,7800000,investment_return,2024-12-02 15:33
BGT02506,USR056,INC02945,2600000,2000000,1300000,5900000,4600000,freelance,2023-12-19 09:19
BGT00326,USR016,INC03617,-900000,450000,300000,1650000,1350000,part_time,2024-06-26 08:34
BGT05460,USR002,INC08379,550000,350000,300000,1200000,700000,allowance,2024-01-31 04:17
BGT00390,USR038,INC09457,2350000,1300000,1350000,5000000,3650000,internship,2023-10-20 21:51
BGT02499,USR010,INC09835,800000,450000,400000,1700000,1250000,scholarship,2024-02-27 05:56
BGT00141,USR037,INC02220,1350000,800000,300000,2450000,2150000,allowance,2024-12-12 07:51
BGT06689,USR025,INC02563,2400000,1450000,850000,4700000,3850000,freelance,2024-07-12 03:05
BGT07886,USR003,INC09468,650000,400000,200000,1250000,1050000,allowance,2024-05-04 23:54
BGT09167,USR048,INC09975,2500000,1450000,750000,4700000,3950000,bonus,2023-10-19 06:23
BGT01868,USR036,INC05668,-2150000,1200000,,3950000,3350000,freelance,2023-06-06 01:16
BGT09385,USR033,INC03293,1750000,1300000,900000,4000000,3050000,allowance,2023-10-25 08:31
BGT02980,USR001,INC00938,1400000,1000000,600000,3000000,2400000,allowance,2023-01-24 00:28
BGT03874,USR005,INC07614,1300000,700000,500000,2500000,2000000,part_time,2023-10-27 06:48
BGT07835,USR005,INC06154,800000,600000,450000,1800000,1400000,scholarship,2024-02-27 15:13
BGT04710,USR038,INC06410,1200000,800000,650000,2650000,2000000,part_time,2023-09-17 03:51
BGT07565,USR060,INC09553,3450000,2250000,1100000,6800000,5700000,bonus,
BGT08975,USR005,INC07577,850000,550000,250000,1650000,1400000,part_time,2023-01-16 06:37
BGT04766,USR064,INC03909,4250000,2300000,1750000,8300000,6550000,business,2023-06-16 13:18
BGT05430,USR065,INC08690,2350000,1600000,1200000rb,5150000,3950000,business,2024-09-15 21:58
BGT00797,USR067,INC04830,3750000,2150000,1450000,7350000,5900000,bonus,2024-03-16 10:44
BGT05060,USR057,INC00181,3250000,1800000,1600000,6600000,4300000,freelance,2024-03-19 19:14
BGT06008,USR022,INC05853,2300000,1250000,750000,4300000,3550000,part_time,2024-05-30 05:10
BGT09380,USR049,INC07014,2300000,1250000,1100000,4650000,3550000,BUSINESS,2023-02-01 17:21
BGT05035,USR038,INC02426,2300000,1550000,950000,4800000,3850000,freelance,2024-07-03 14:35
BGT07542,USR069,INC09618,3400000,2200000,850000,6450000,5600000,bonus,2024-05-04 10:53
BGT05224,USR037,INC08583,2200000,1350000,1000000,4550000,3550000,allowance,2023-11-27 00:10
BGT05153,USR037,INC07253,1700000,1000000,350000,3050000,2700000,internship,2023-05-09 11:23
BGT04608,USR055,INC06736,3600000,2150000,1900000,7650000,5750000,business,2024-04-27 18:31
BGT08616,USR011,INC04164,1450000,900000,650000,3000000,2350000,allowance,2024-07-21 13:07
BGT00659,USR052,INC03622,2800000,1750000,1300000,5800000,4550000,BONUS,2023-03-28 11:39
BGT09559,USR018,INC07852,1050000,800000,500000,2350000,1850000,part_time,2024-10-05 10:21
BGT02038,USR058,INC00513,1700000,850000,500000,3050000,2550000,salary,2023-01-13 22:22
BGT06665,USR065,INC08899,2050000,1200000,1050000,4300000,3250000,business,2023-11-29 04:13
BGT08730,USR036,INC05693,1450000,900000,800000,,2350000,internship,2023-10-10 12:45
BGT09384,USR027,INC06785,1200000,650000,400000rb,2250000,1850000,allowance,2023-12-14 11:46
BGT07734,USR018,INC01972,750000,500000,300000,1550000,1250000,part_time,2024-11-15 08:08
BGT09791,USR035,INC05070,1800000,1200000,1000000,4000000,3000000,allowance,2023-09-06 07:59
BGT05744,USR036,INC07807,1450000,1000000,750000,3200000,2450000,part_time,2023-10-12 02:50
BGT00093,USR060,INC08604,4100000,2300000,1050000,7450000,6400000,freelance,2023-08-10 10:32
BGT09712,USR040,INC01969,1000000,700000,600000,2250000,1700000,allowance,2023-03-20 14:32
BGT00219,USR031,INC04674,1100000,650000,250000,2000000,1750000,part_time,2023-01-11 13:02
BGT06440,USR024,INC02890,1100000,600000,550000,2250000,1700000,freelance,2023-03-02 19:30
BGT06977,USR072,INC01749,4150000,2100000,1550000,7800000,6250000,freelance,2024-06-27 20:19
BGT08919,USR033,INC05027,1550000,850000,500000,2900000,2400000,freelance,2024-06-11 08:14
BGT04494,USR064,INC05692,2300000,1300000,550000,4150000,3600000,investment_return,2024-09-02 05:23
BGT08183,USR045,INC09552,2300000,1200000,1000000,4500000,3500000,salary,2023-12-01 05:51
BGT04651,USR020,INC01582,1200000,700000,400000,2350000,1900000,allowance,2024-11-21 02:06
BGT09920,USR054,INC03180,3100000,1750000,1600000,6500000.00,4850000,salary,2024-07-18 17:43
BGT00566,USR027,INC00280,1550000,950000,550000,3050000,2500000,freelance,2024-06-18 09:59
BGT07792,USR023,INC06034,750000,500000,300000,1550000,1250000,part_time,2024-01-03 12:35
BGT02576,USR038,INC01204,1750000,1100000,,3850000,2850000,internship,2024-03-19 11:48
BGT02101,USR024,INC08102,2250000,1550000,1000000,4800000,3800000,internship,2023-05-24 02:06
BGT06981,USR007,INC07616,700000,350000,250000,1300000,1050000,allowance,2023-02-06 06:20
BGT01528,USR027,INC03172,1950000,1150000,1000000,4100000,3100000,freelance,2024-09-15 15:14
BGT03125,USR044,INC00173,3200000rb,1750000,1550000,6500000,4950000,business,2024-04-15 09:08
BGT08005,USR043,INC06403,2950000,1700000,1900000,6600000,4650000,business,2024-05-02 06:48
BGT01619,USR073,INC08088,5000000,2700000,1550000,9250000.00,7700000,bonus,2023-04-01 01:48
BGT00037,USR074,INC08913,2650000,1200000,850000,4700000,3850000,business,2024-09-24 00:59
BGT06421,USR061,INC04118,4950000,2550000,1300000,8800000,7500000,investment_return,2024-04-29 23:22
BGT02268,USR038,INC00815,1950000,1150000,500000,3650000,3100000,part_time,2023-05-03 17:38
BGT06351,USR057,INC07087,3750000,2600000,1500000,7850000,6350000,business,2024-05-02 23:44
BGT07263,USR024,INC05410,900000,500000,250000,1650000,1400000,part_time,2023-07-05 16:50
BGT02978,USR069,INC03882,4950000,3200000,1550000,9750000,8150000,investment_return,2023-07-07 10:37
BGT03370,USR014,INC03651,600000,350000,300000,1200000,1200000,ALLOWANCE,2023-01-12 16:45
BGT05842,USR025,INC08375,1450000,950000,600000,3000000,2400000,internship,2023-06-01 02:15
BGT06741,USR007,INC04156,1200000,850000,600000,2700000,2050000,allowance,2024-10-08 19:36
BGT09119,USR018,INC05003,650000,500000,300000,1450000,1150000,part_time,2024-12-04 08:49
BGT01080,USR003,INC03707,800000,400000,250000,1450000,1200000,allowance,2023-08-19 03:33
BGT03059,USR066,INC01284,4000000,2550000,1950000,8500000,6550000,bonus,2024-11-06 19:13
BGT00041,USR006,INC05634,950000,600000,450000,,1550000,part_time,2023-08-28 19:06
BGT00072,USR055,INC06095,3300000,2150000,1450000,6900000,5450000,bonus,2023-11-18 10:19
BGT06366,USR029,INC00167,1800000,1200000,950000,3950000.00,3000000,part_time,2024-05-19 11:56
BGT06236,USR072,INC05279,2100000,1350000,650000rb,4100000,3450000,freelance,2023-11-06 19:54
BGT09045,USR053,INC05087,3800000,2500000,1050000,,6300000,salary,2023-10-01 09:33
BGT08738,USR072,INC03296,3500000,1650000,1200000,6400000,5150000,bonus,2024-09-21 02:50
BGT01322,USR032,INC04705,1050000,500000,400000,1950000,1550000,freelance,2024-01-26 03:16
BGT00428,USR011,INC03273,450000,350000,200000,1000000,800000,allowance,2023-12-15 01:05
BGT03608,USR023,INC04108,1350000,950000,800000,3100000,2300000,allowance,2023-05-18 03:53
BGT01783,USR032,INC04405,2300000,1350000,900000,4550000,3650000,part_time,2023-10-21 09:47
BGT00159,USR024,INC06677,950000,700000,500000,2150000,1650000,freelance,2024-09-18 18:07
BGT01372,USR067,INC04188,3950000,2200000,1200000,7350000,6150000,investment_return,2024-09-14 13:33
BGT05321,USR018,INC05089,750000,500000,400000,1650000,1250000,scholarship,2023-10-29 23:15
BGT08575,USR005,INC05048,1150000,800000,550000,2450000,1950000,part_time,2023-05-28 02:17
BGT09566,USR051,INC06270,3550000,2050000,1950000,7550000,5600000,business,2023-02-05 04:58
BGT03376,USR071,INC02675,3150000,2100000,1300000,6600000,5250000,bonus,2023-07-30 18:42
BGT03282,USR034,INC04327,1000000,650000,400000,2000000,1650000,freelance,2023-11-15 07:00
BGT07000,USR023,INC00998,2350000,1450000,1000000,4800000,3800000,freelance,2024-06-06 16:31
BGT07720,USR049,INC02210,3600000,2300000,1950000,7850000,5900000,bonus,2024-11-13 07:01
BGT05403,USR020,INC07012,1100000,650000,350000,2050000,1750000,allowance,2024-11-09 10:33
BGT03035,USR011,INC02264,1150000,,550000,2400000,1850000,ALLOWANCE,2023-04-28 07:52
BGT05309,USR044,INC03271,1950000,1150000,1000000,4100000,3100000,salary,2024-11-23 09:27
BGT04738,USR072,INC02288,,2450000,,7850000,5900000,freelance,2023-02-08 12:08
BGT09405,USR038,INC05984,,700000,350000,2050000,1700000,internship,2023-12-01 07:20
BGT08567,USR059,INC06583,3550000,2000000,1850000,7350000,5550000,salary,2023-09-23 10:14
BGT04606,USR049,INC03106,3200000,1800000,1150000,6150000,5000000,salary,
BGT00572,USR038,INC04969,1550000,950000,300000,2850000,2500000,part_time,23/05/2024 07:49
BGT09443,USR046,INC08977,1400000,900000,700000,3000000,2300000,freelance,2023-11-13 19:43
BGT09617,USR020,INC02184,1050000,600000,350000,2050000,2150000,allowance,2023-05-06 07:10
BGT00649,USR007,INC05349,550000,400000,250000,1200000,950000,part_time,2024-07-24 19:41
BGT09994,USR051,INC08601,2000000,1300000,700000,4000000,3300000,business,2024-03-12 07:42
BGT00346,USR030,INC08410,1000000,500000,300000,1850000,1500000,part_time,2024-03-01 01:56
BGT07323,USR041,INC09007,3150000,2200000,1350000,6700000,5350000,salary,2023-10-15 02:47
BGT02457,USR050,INC09702,3250000,1950000,1450000,6650000,5200000,business,2023-12-24 15:54
BGT02123,USR008,INC08792,550000,350000,250000,1100000,900000,,2023-07-17 04:44
BGT08424,USR040,INC07612,850000,550000,400000,1800000,1400000,internship,2024-03-15 07:53
BGT06752,USR035,INC01196,1850000,1200000,850000,3950000,3050000,freelance,2024/09/12 03:43
BGT01549,USR040,INC08590,700000,400000,400000,1550000,1100000,part_time,2024-07-26 15:28
BGT08012,USR027,INC05917,2500000,1600000,800000,4900000,4100000,freelance,2024-10-03 07:46
BGT03154,USR075,INC02958,4400000rb,2100000,,8150000,6500000,bonus,2023-02-04 14:05
BGT07179,USR008,INC05925,-800000,500000rb,250000,1550000,1300000,allowance,2023-06-21 13:03
BGT04844,USR036,INC05052,1100000,550000,550000,2200000,1650000,freelance,2024-05-15 01:44
BGT03187,USR005,INC01239,750000,450000,300000,1500000,1200000,part_time,2023-09-19 16:04
BGT03936,USR061,INC00498,-2300000,1350000,600000,4250000,3650000,investment_return,2024-01-21 00:24
BGT08487,USR039,INC01952,2000000,1200000,700000,3950000,3200000,allowance,2024-07-11 15:42
BGT08803,USR030,INC03103,1200000,750000,350000,2300000,1950000,ALLOWANCE,2023-09-12 02:33
BGT03395,USR024,INC00843,1050000,550000,250000,1850000,1600000,allowance,2024-01-11 16:45
BGT08367,USR051,INC02546,1850000rb,1100000,600000,3550000,2950000,bonus,2024-01-27 19:46
BGT05699,USR059,INC02621,2100000,1050000,900000,4050000,3150000,freelance,20/10/2024 15:54
BGT04412,USR051,INC06705,2550000,,,4800000,4200000,bonus,2024-06-15 16:51
BGT04883,USR066,INC01805,3550000,2150000,1900000,7600000,5700000,salary,2023-11-10 10:50
BGT08276,USR001,INC08701,500000,350000,300000,1150000,850000,allowance,2023-04-17 12:06
BGT01651,USR003,INC06056,1400000,800000,400000,2650000,2200000,scholarship,2024-02-10 14:03
BGT03892,USR071,INC07434,4600000,3000000,1800000,9400000,7600000,investment_return,2023-06-26 04:29
BGT03316,USR017,INC05214,850000,500000,450000,1800000,1350000,scholarship,2023-02-19 03:58
BGT06861,USR073,INC07744,3600000,2100000,1100000,6750000rb,5700000,INVESTMENT_RETURN,2023-07-15 05:27
BGT02822,USR069,INC04244,3850000,2400000,1450000,7700000,6250000,freelance,2024-06-18 04:40
BGT01438,USR027,INC01649,850000,500000,200000,1500000,1350000,allowance,2024-04-28 17:26
BGT03546,USR018,INC09400,1550000,800000,650000,3000000,2350000,allowance,2023-04-16 13:19
BGT03300,USR044,INC01742,1900000,1400000,900000,4200000,3300000,bonus,2024-06-29 20:26
BGT01910,USR045,INC06733,2300000,1150000,700000,4150000,3450000,salary,2023-10-19 23:23
BGT01402,USR033,INC04112,2500000,1400000,650000,4500000,3900000,FREELANCE,2023-01-29 12:20
BGT00815,USR070,INC08716,2100000,1200000,1350000,4650000,3300000,business,
BGT04139,USR006,INC05897,1000000,550000,450000,2050000,1550000,scholarship,17/06/2024 05:37
BGT08017,USR045,INC05831,2300000,1150000,750000,4200000,3450000,freelance,2024-07-13 13:34
BGT09386,USR054,INC00909,2550000,1800000,1300000,5700000,4350000,freelance,2023-07-10 22:46
BGT06438,USR055,INC03347,1350000,950000,800000,3100000,2300000,salary,2024-08-09 05:47
BGT04232,USR043,INC02096,2050000,1150000,1200000,,3200000,business,2023-09-24 14:54
BGT09000,USR052,INC01301,2850000,1550000,1650000,6050000,4400000,bonus,2024-05-24 16:47
BGT05350,USR039,INC05523,2200000,1400000,1400000,5000000,3600000,allowance,2024-07-14 06:44
BGT09844,USR054,INC00588,3700000,2150000,900000,6750000,5850000,business,
BGT08679,USR042,INC09220,3600000,2500000,1250000,7300000,6100000,business,2024-11-09 08:38
BGT04396,USR073,INC07885,1800000,1200000,1000000,4050000,3000000,bonus,2023-08-17 08:01
BGT04315,USR071,INC05452,2750000,1650000,1500000,5900000,4400000,business,2023-05-01 18:53
BGT00005,USR073,INC09146,3800000,2400000,,7500000,6200000,investment_return,2024-01-24 22:59
BGT05927,USR005,INC03669,1000000,700000,550000,2250000,1700000,allowance,2023-02-25 15:18
BGT02202,USR026,INC09372,1550000,1150000,700000,3400000,2700000,internship,2023-09-11 13:30
BGT01812,USR035,INC02543,1300000,700000,600000,2550000,2000000,internship,2024-01-08 20:47
BGT03343,USR025,INC02951,2250000,1200000,600000,4050000,3450000,part_time,2024-11-11 23:19
BGT00579,USR026,INC08391,1200000,750000,500000,2500000,2400000,freelance,2024-07-25 02:42
BGT06597,USR072,INC09123,3750000,2650000,1400000,7850000,6400000,freelance,2024-11-01 03:35
BGT02653,USR021,INC00835,2050000,1250000,1000000rb,4250000,3300000,freelance,2024-06-03 19:23
BGT05431,USR035,INC04698,900000,600000,500000,2000000,1500000,part_time,2024-09-27 06:09
BGT09926,USR020,INC07973,1500000,850000,550000,2850000,2350000,allowance,2024-11-06 22:10
BGT01537,USR007,INC04056,750000,450000,150000,1400000,1200000,allowance,2024-10-10 19:25
BGT09763,USR050,INC05524,2600000,1600000,1400000,5600000,4200000,bonus,2024-04-02 10:59
BGT07269,USR070,INC06727,3050000,1850000,1900000,6800000,4900000,freelance,2024-03-23 16:25
BGT04403,USR035,INC08115,2400000,1550000,600000,4500000,3950000,internship,2024-06-26 03:25
BGT03292,USR036,INC01945,2150000,1050000,750000,3950000,3200000,freelance,2023-01-21 18:26
BGT05265,USR067,INC02758,2100000,1200000,800000,4100000,3300000,freelance,2024-07-17 11:38
BGT00955,USR044,INC08898,3900000,2150000,1150000,7200000,6050000,salary,2023-01-24 02:29
BGT08265,USR007,INC06689,800000rb,500000,450000,1750000,1300000,PART_TIME,2024-07-09 05:45
BGT02002,USR040,INC06462,2000000,1150000,1150000,4300000,3150000,freelance,2023-08-19 06:02
BGT06964,USR059,INC03420,2450000,1450000,900000,4850000,3900000,bonus,2024-10-03 19:26
BGT06160,USR070,INC03253,4650000,2700000,2300000,9650000,7350000,salary,2024-04-04 07:02
BGT02326,USR034,INC06404,1800000,1350000,900000,4050000,3150000,internship,2024-12-22 05:27
BGT01970,USR050,INC03329,2600000,1600000,750000,4950000,4200000,bonus,2024-08-03 08:59
BGT03090,USR028,INC06158,850000,550000,450000,1850000,1400000,part_time,2023-05-06 11:06
BGT06874,USR042,INC05936,3000000,1700000,900000,,4700000,bonus,2023-02-07 09:44
BGT05587,USR044,INC05057,2750000,1650000,800000,5200000,4400000,business,15/04/2024 14:59
BGT00594,USR027,INC03789,1950000,1350000,700000,4000000,3300000,allowance,2023-07-14 15:18
BGT06172,USR058,INC06416,3300000,2050000,2200000,7550000,5350000,salary,2023-09-22 16:48
BGT02554,USR027,INC05750,1750000,1050000,400000,3200000,2800000,allowance,2023-04-03 00:14
BGT05394,USR009,INC06836,-950000,650000,300000,1900000,1600000,allowance,2024-06-07 14:34
BGT09361,USR042,INC05800,3850000,2050000,950000,6850000,5900000,bonus,2023-03-17 05:18
BGT08775,USR032,INC03766,750000,400000,400000,1550000,1150000,freelance,2023-08-07 02:34
BGT07837,USR009,INC08724,600000,450000,300000,1400000,1050000,scholarship,2024-05-19 17:37
BGT05078,USR035,INC09329,1600000,1150000,800000rb,3550000,2750000,PART_TIME,2024-12-22 22:59
BGT03415,USR069,INC05421,3650000,2300000,1700000,7650000,5950000,freelance,2023-04-07 13:35
BGT04852,USR047,INC04144,2900000,1950000,1300000,6150000,4850000,bonus,2023-10-05 07:15
BGT02339,USR066,INC03995,2300000,1300000,700000,4250000,3600000,investment_return,2024-10-29 20:21
BGT00460,USR061,INC01507,3850000,2300000,2400000,8600000,6150000,freelance,2024-05-05 01:48
BGT02582,USR018,INC08003,1150000,700000,700000,2550000rb,1850000,part_time,2023-12-18 22:22
BGT09134,USR032,INC02850,2150000,1450000,1200000,4800000,3600000,freelance,2023-11-29 14:26
BGT06826,USR038,INC03916,1250000,700000,800000,2750000,1950000,internship,2023-12-14 14:37
BGT07721,USR037,INC03666,2150000,1300000,1150000,4600000,3450000,internship,2024-08-02 01:45
BGT03885,USR020,INC00228,1000000,650000,550000,2200000,1650000,allowance,2024-09-23 04:12
BGT09434,USR006,INC04567,1000000,550000,400000,1950000,1550000,part_time,2024-08-05 16:44
BGT06291,USR071,INC07534,4200000,2600000,1300000,8050000,6800000,bonus,2023-07-28 08:50
BGT03341,USR034,INC07582,800000,450000,250000,1550000,1300000,part_time,2023-08-26 07:17
BGT05745,USR072,INC05691,3200000,2300000,,7150000,5500000,business,2023-06-08 06:52
BGT02208,USR059,INC03618,3250000,1950000,900000,6100000,5200000,business,10/03/2023 06:16
BGT04689,USR039,INC07261,900000,550000,250000,1700000,1450000,part_time,2024-10-14 04:16
BGT03613,USR033,INC05958,1650000,900000,600000,3150000,2550000,internship,2024-07-02 02:10
BGT09662,USR007,INC01352,750000,450000,500000,1650000,1200000,allowance,2024-10-13 00:00
BGT09800,USR028,INC03054,2050000,1000000,700000,3750000,3050000,part_time,2024-08-13 05:20
BGT01381,USR002,INC03371,1350000,700000,500000,2550000,2050000,allowance,2024-01-30 03:14
BGT04789,USR071,INC02634,2700000,,1400000,6050000,4650000,business,2024-09-20 14:19
BGT00469,USR027,INC03778,1850000,1100000,800000,3750000,2950000,freelance,2023-09-14 18:19
BGT09589,USR039,INC09689,1000000,550000,,1950000,1550000,part_time,
BGT05680,USR005,INC03728,1000000,600000,300000,1950000,1600000,allowance,2023-07-02 17:51
BGT05565,USR075,INC01719,3150000,2050000,1650000,6900000,5200000,business,2024-10-22 15:00
BGT05516,USR014,INC05141,1250000,700000,400000,2350000,1950000,allowance,
BGT07308,USR018,INC00700,750000rb,400000,250000,1400000,1150000,allowance,2024-12-28 15:19
BGT02787,USR012,INC04569,1400000,850000,650000,,2250000,allowance,02/08/2024 11:03
BGT03079,USR041,INC06755,,2550000,1700000,7800000,6050000,bonus,2024-08-27 07:11
BGT01830,USR045,INC07232,3550000rb,2350000,1950000,7850000,5900000,salary,2023-12-06 20:53
BGT00386,USR036,INC02796,1450000,1100000,650000,3200000,2550000,internship,2024-05-14 12:13
BGT09659,USR008,INC08706,1250000,850000,550000,2700000,2100000,scholarship,2023-02-22 20:45
BGT03111,USR069,INC06426,4100000,2750000,1700000,8550000,6850000,business,2024-02-26 04:08
BGT00085,USR024,INC02556,2450000,1200000,1050000,4700000,3650000,part_time,2024-11-03 12:02
BGT06304,USR021,INC00042,2250000,1350000,450000,4050000,3600000,allowance,2023-11-10 16:06
BGT04298,USR075,INC08344,2700000,1700000,950000,5350000,4400000,business,2023-05-05 03:55
BGT06735,USR028,INC03770,1300000,700000,350000,2400000,2000000,part_time,2024-02-11 21:21
BGT06509,USR058,INC01291,2800000,1650000,1250000,5700000,4450000,BUSINESS,2024-04-04 16:23
BGT01767,USR059,INC07336,2550000,1500000,1300000,5350000,4050000,business,2024-09-27 03:50
BGT09047,USR041,INC00537,2000000,1150000,850000,4050000,3350000,business,2024-12-07 05:12
BGT00368,USR073,INC03291,3000000,2200000,1450000,6650000,5200000,salary,2024-04-25 13:59
BGT01622,USR031,INC09931,1800000,1050000,900000,3750000,2850000,allowance,2023-07-26 04:31
BGT02973,USR068,INC07540,2600000,1450000,600000,4650000,4050000,bonus,2023-01-10 10:01
BGT05287,USR074,INC06789,4900000,2450000,2050000,9400000,7350000,salary,2024-02-02 07:44
BGT02221,USR074,INC08571,2800000,1800000,1600000,6200000,4600000,bonus,2023-05-16 11:36
BGT00160,USR032,INC05935,2500000,1350000,600000,4450000,3850000,allowance,2024-12-25 09:09
BGT00753,USR070,INC02948,3900000,2150000,2250000,8300000,6050000,business,2024-06-19 00:28
BGT08337,USR001,INC04520,1050000,550000,450000,2050000,1600000,allowance,
BGT02068,USR051,INC07895,3200000,1850000,900000,5950000,5050000,bonus,2024-05-12 07:25
BGT08588,USR056,INC09424,3150000,1900000,1050000,6050000,5350000,business,2024-05-28 02:54
BGT01805,USR013,INC05698,1050000,550000,500000,2100000,1600000,allowance,2023-09-30 01:07
BGT02235,USR044,INC03875,2700000,1300000,900000,4900000,4000000,freelance,2023-12-09 20:11
BGT07821,USR014,INC07909,500000,300000,300000,,800000,scholarship,2023-08-21 09:59
BGT05481,USR031,INC06700,2000000,1300000,1300000,4600000,3300000,part_time,2023-03-07 21:17
BGT05315,USR054,INC08127,2550000,1450000,1100000,5100000,4000000,freelance,2024-10-01 14:45
BGT07535,USR024,INC07429,2000000,1150000,950000,4100000,3150000,part_time,2024-11-17 23:01
BGT05120,USR051,INC05806,1600000,1100000,650000,3350000,2700000,salary,2023/12/21 07:37
BGT05450,USR061,INC07309,3500000,2250000,1250000,7000000,5750000,salary,2024-02-03 14:28
BGT03389,USR051,INC07337,2400000,,1400000,5500000,4100000,bonus,
BGT02248,USR054,INC08425,2250000,1400000,1000000,4650000,3650000,business,2024-03-08 07:15
BGT02308,USR001,INC05295,600000,400000,300000,1250000,1000000,allowance,2023-06-30 14:39
BGT08643,USR027,INC00376,2050000,1100000,1000000,4150000,3150000,part_time,2024-07-23 00:48
BGT03575,USR032,INC01005,1850000,1050000,850000,3750000,2900000,internship,2023-11-07 06:31
BGT01690,USR037,INC01214,1200000,850000,550000,2600000,2050000,part_time,
BGT04470,USR014,INC03676,1050000,750000,400000,2150000,1800000,part_time,2024-03-19 23:27
BGT07222,USR014,INC04531,1100000rb,600000,450000,2150000,1700000,part_time,2023-04-16 04:10
BGT04449,USR039,INC02049,1350000,,650000,2700000,2050000,ALLOWANCE,2023-03-19 19:38
BGT02817,USR071,INC08893,4000000,2300000,1550000,7850000,6300000,salary,19/11/2024 18:08
BGT07061,USR072,INC06641,4100000,2600000,1650000,8350000,6700000,investment_return,2023-09-19 20:06
BGT04677,USR002,INC00003,550000,400000,300000,1250000,950000,scholarship,2024-08-03 00:33
BGT06290,USR054,INC08761,3000000,2000000,900000,5900000,5000000,freelance,2023-11-27 15:21
BGT06336,USR024,INC07844,1250000,650000,500000,2400000,1900000,freelance,
BGT00732,USR015,INC03860,1100000,700000,450000,2250000,1800000,part_time,2024-02-20 16:00
BGT06164,USR024,INC00332,-1600000,1200000,800000,3600000,2800000,allowance,2023-01-24 21:32
BGT02696,USR041,INC09237,3600000,2050000,1700000,7300000,5650000,freelance,2023-05-27 03:39
BGT09052,USR069,INC06273,4500000,3250000,2050000,9800000,7750000,freelance,2024-02-29 01:00
BGT02844,USR039,INC09356,1300000,850000,500000,2700000,2150000,internship,2024-02-18 20:45
BGT00563,USR023,INC09581,1900000,1150000,800000,3900000,3050000,internship,2023-03-18 11:47
BGT09302,USR021,INC01378,1550000,800000,650000,3000000,2350000,part_time,2024-10-28 09:07
BGT03310,USR072,INC02470,3400000,1950000,1450000,6800000,5350000,investment_return,2024-03-15 23:53
BGT02409,USR042,INC08380,3500000,-1900000,1700000,7100000,5400000,bonus,2024-12-22 21:52
BGT03553,USR019,INC09501,1550000,950000,300000,,2500000,allowance,2023-05-23 21:26
BGT08156,USR041,INC00767,3000000,1850000,1350000,6200000,4850000,bonus,2024/01/28 22:01
BGT07387,USR069,INC04579,2450000,1300000,1250000,5050000,3750000,investment_return,2024/01/09 20:30
BGT04706,USR073,INC06539,3550000,2200000,2100000,7850000,5750000,salary,2024-01-26 04:24
BGT01044,USR042,INC03044,2100000,1250000,450000,3850000,3350000,freelance,2024-09-23 05:20
BGT07885,USR045,INC05761,3700000,1900000,,7000000,5600000,bonus,2023-01-12 19:51
BGT05247,USR043,INC05128,3250000,1900000,750000,5900000,5150000,,2023-01-23 16:41
BGT06550,USR005,INC02766,950000,650000,600000rb,2200000,1600000,allowance,2024-05-16 14:06
BGT04942,USR072,INC04267,5000000,2950000,1850000,9850000.00,7950000,investment_return,2023-01-02 01:30
BGT00562,USR008,INC04318,1150000,650000,650000,2450000,1800000,part_time,2023-08-13 05:02
BGT03216,USR032,INC01597,1450000,1000000,650000,3050000,2450000,internship,2023-02-21 23:17
BGT07918,USR053,INC08681,2650000,1750000,1500000,5900000,4400000,freelance,2024-04-05 06:31
BGT04347,USR072,INC08618,2900000,2050000,1400000,6350000,4950000,investment_return,2023-09-17 11:24
BGT02220,USR068,INC04480,2350000,1500000,1000000,4850000,3850000,freelance,2023-04-20 05:37
BGT02244,USR061,INC00037,3650000,2150000,700000,6550000,5800000,bonus,2023-04-17 00:19
BGT09807,USR040,INC06762,,650000,300000,1950000,1650000,allowance,23/10/2024 16:53
BGT02870,USR063,INC06206,5200000,2950000,1650000,9850000,8150000,investment_return,15/09/2023 10:55
BGT00983,USR028,INC07411,1400000,750000,650000,2750000,2150000,allowance,2024-10-19 22:45
BGT05952,USR019,INC04893,550000,350000,300000,1200000,900000,scholarship,2023-07-22 23:57
BGT02197,USR006,INC02436,1400000,800000,700000,2900000,2200000,scholarship,2023-02-01 18:31
BGT09311,USR031,INC06482,1650000,1000000,850000,3500000,2650000,freelance,2024-11-11 01:28
BGT08843,USR002,INC09928,1100000,700000,,2200000,1800000,PART_TIME,2023-04-10 15:19
BGT08252,USR067,INC01681,4200000,2750000,2200000,9100000,6950000,bonus,2023-03-31 12:21
BGT09768,USR041,INC03934,1550000,1000000,550000,3100000,2550000,bonus,2023-07-16 14:09
BGT08461,USR047,INC07742,4100000,2150000,1200000,7450000,6250000,salary,2023-04-30 21:21
BGT05238,USR022,INC08848,2100000,1500000,800000,4400000rb,3600000,allowance,2023-07-21 10:42
BGT05964,USR064,INC07173,2700000,1700000,1600000,6000000,4400000,salary,2023-02-03 07:05
BGT03207,USR046,INC05784,3750000,2100000,1650000,7500000,5850000,bonus,
BGT06579,USR050,INC04355,3000000,1950000,750000,5700000,4950000,,2023-11-14 17:15
BGT01813,USR032,INC05934,,1550000,950000,4850000,3900000,INTERNSHIP,2023-08-08 07:15
BGT06725,USR022,INC00038,2050000,1150000,550000,3750000,3200000,allowance,2024-06-08 15:53
BGT09474,USR046,INC04289,1500000,950000,800000,3250000,2450000,salary,
BGT01086,USR018,INC00205,600000,350000,150000,1150000,950000,part_time,2024-02-25 05:38
BGT05213,USR069,INC01209,2550000,1550000,1450000,5500000,4100000,freelance,2024-12-15 08:19
BGT06610,USR057,INC06759,2000000,1350000,1000000,4400000,3350000,bonus,2024-05-28 19:31
BGT07683,USR067,INC01490,3600000,2250000,2150000,7950000,5850000,freelance,2023-02-23 22:11
BGT06243,USR019,INC08605,1200000,750000,450000,2400000,1950000,part_time,2023-05-16 20:44
BGT07538,USR014,INC04628,1200000,750000,450000,2350000,1950000,scholarship,2024-02-29 10:07
BGT03938,USR048,INC04432,4000000,2050000,1600000,7650000,6050000,bonus,2023-11-30 12:20
BGT02005,USR011,INC06350,1100000,600000,600000,2300000,1700000,allowance,2023-07-10 02:30
BGT08402,USR013,INC04632,1600000,850000,550000,3000000,2450000,part_time,2023-03-10 03:28
BGT06686,USR068,INC03182,3750000,2400000,1550000,7700000,6150000,salary,2024-08-07 00:14
BGT01992,USR012,INC04635,1050000,800000,500000,2300000,1850000,allowance,2024-05-06 04:19
BGT09059,USR062,INC08184,4450000,2650000,1450000,8600000,7100000,bonus,2024-05-31 03:10
BGT02652,USR025,INC01368,950000,550000,600000,2100000,1500000,part_time,2023-07-21 05:14
BGT04546,USR047,INC01325,2100000,1050000,750000,3850000,3150000,freelance,2023-02-28 16:11
BGT03570,USR064,INC07474,2650000,1600000,1350000,5600000,4250000,investment_return,2024-10-15 01:40
BGT00690,USR017,INC07230,900000,600000,400000,1900000,1500000,part_time,2023-01-25 20:56
BGT01011,USR034,INC00791,1800000,1000000,500000,3300000,2800000,PART_TIME,2023-07-16 08:55
BGT03724,USR039,INC07499,2150000,1400000,550000,4050000,3550000,allowance,2024-02-06 23:45
BGT07285,USR008,INC03874,1450000,850000,550000,2850000,2300000,scholarship,2024-01-24 05:08
BGT07697,USR073,INC08731,3600000,2400000,2200000,8200000,6000000,bonus,2023-11-24 09:52
BGT08689,USR070,INC07662,3650000,2100000,1250000,7000000,5750000,bonus,2024-01-12 08:59
BGT07317,USR028,INC02555,1550000,950000,950000,3450000,2500000,part_time,2023-01-30 09:04
BGT03543,USR030,INC04053,1350000,850000,750000,2950000,2200000,part_time,2024-03-18 20:04
BGT04228,USR003,INC04079,1000000,650000,400000,2100000,1650000,allowance,2023-05-19 17:40
BGT05851,USR058,INC04581,2000000,1000000,600000,3600000,3000000,business,2023-04-02 03:42
BGT05793,USR005,INC09794,650000,400000,300000,1350000,1050000,part_time,2023-07-11 08:43
BGT01016,USR035,INC07990,2400000,1450000,950000,4850000,3850000,part_time,2023-03-20 13:06
BGT06821,USR065,INC06967,1800000,1250000,950000,4000000,3050000,business,2024-01-28 14:00
BGT03091,USR029,INC09215,2250000,1350000,1400000,4950000,3600000,freelance,2023-04-03 19:34
BGT06930,USR018,INC05420,700000,450000,250000,1400000,1150000,allowance,2024-05-27 11:09
BGT07305,USR020,INC01856,550000,300000,150000,1000000,850000,scholarship,2024-04-07 10:14
BGT09091,USR021,INC02308,1550000,1000000,500000,3050000,2550000,allowance,2023-05-21 14:51
BGT08243,USR026,INC02474,1450000,900000,350000,2700000,2350000,allowance,2024-07-27 03:34
BGT05722,USR001,INC07515,1000000,550000,300000,1850000,1550000,allowance,2023-05-16 12:42
BGT05607,USR035,INC06216,2500000,1500000,700000,4700000,4000000,allowance,2023-02-24 06:52
BGT04785,USR029,INC06331,1700000,800000,550000,3050000,2500000,part_time,2023-04-13 15:55
BGT03199,USR071,INC00422,4500000,3000000,2250000,9750000,7500000,salary,2023-05-18 23:01
BGT08211,USR005,INC07110,850000,500000,200000rb,1500000,1350000,allowance,2023-05-03 10:08
BGT03011,USR065,INC04362,4950000,2600000,1650000,,6300000,business,2023-03-09 04:08
BGT04262,USR058,INC07248,1800000,1250000,1000000,4100000,3050000,business,
BGT01890,USR037,INC09757,2600000rb,1550000,650000,4800000,4150000,internship,2023-02-09 13:48
BGT08701,USR062,INC09346,3450000,2000000,1450000rb,6900000,5450000,bonus,2023-11-01 14:37
BGT00534,USR033,INC02874,2350000,1250000,700000,4300000,3050000,allowance,2023-02-04 18:04
BGT09496,USR057,INC06130,3300000,2100000,1600000,7050000,5400000,bonus,2023-04-04 23:08
BGT09112,USR020,INC00016,1550000,800000,600000,2900000,2350000,allowance,2023-04-22 06:58
BGT01293,USR014,INC07118,600000,300000rb,,1100000,900000,part_time,2023-06-10 09:13
BGT08638,USR020,INC03930,1350000,950000,500000,2850000,2300000,part_time,2024-03-03 23:34
BGT08512,USR013,INC00514,700000,400000,400000,1500000,1100000,allowance,2024-11-25 03:55
BGT09060,USR008,INC08262,900000,550000,500000,1950000,1450000,allowance,2024-01-15 12:14
BGT00382,USR039,INC03170,2050000,1400000,900000,4400000,3900000,allowance,2024-07-11 11:50
BGT02372,USR057,INC02653,2350000,1550000,1100000,4950000,3900000,freelance,2023-09-04 23:37
BGT04380,USR001,INC00301,750000,400000,250000,1400000,1150000,allowance,2023-05-19 10:25
BGT02892,USR007,INC02063,1300000,-750000,350000,2400000,2050000,part_time,2023-06-12 05:08
BGT04467,USR075,INC04668,2100000,1250000,900000,4250000,3350000,business,2024-01-28 22:02
BGT00015,USR058,INC06980,2250000,,850000,4600000,3700000,bonus,2023-09-26 03:18
BGT07947,USR028,INC00508,1950000,1350000,,3900000,3300000,internship,2024-03-30 23:34
BGT00713,USR039,INC07046,1600000,950000,900000,3450000,2550000,internship,2024-07-15 10:59
BGT03298,USR032,INC09018,1050000,600000,250000,1950000,1650000,part_time,2023-01-30 06:39
BGT08104,USR020,INC05264,750000,400000,350000,,1150000,scholarship,2024-08-24 13:23
BGT00624,USR057,INC07275,1950000,1300000,800000,4050000,3250000,business,2024-03-09 13:16
BGT09544,USR023,INC00736,2000000,1500000rb,1050000,4550000,3500000,allowance,
BGT07612,USR033,INC01212,1750000,950000,700000,3400000,2700000,allowance,2023-05-26 01:54
BGT07244,USR060,INC09848,3850000,2500000,950000,7300000,6350000,freelance,08/06/2024 23:03
BGT08521,USR019,INC07320,500000,300000,200000,1000000,800000,scholarship,2024-07-30 09:58
BGT01819,USR062,INC04622,3550000,2100000,1150000,6800000,5650000,salary,2023-05-22 13:16
BGT02325,USR009,INC01096,1050000,700000,550000,2300000,1750000,scholarship,2023-01-14 02:21
BGT01763,USR029,INC00600,1450000,850000,800000,3100000,2300000,allowance,2024-06-13 11:10
BGT01336,USR008,INC00616,950000,500000,350000,1800000,1450000,allowance,2024/12/04 18:35
BGT01557,USR065,INC03871,-2850000,1850000,900000,5600000.00,4700000,bonus,2024-05-18 08:51
BGT07449,USR046,INC06138,2800000,1700000,1000000,5500000,4500000,freelance,2023-08-12 09:13
BGT03357,USR043,INC06382,3400000,2350000,1350000,7100000,5750000,salary,2024-02-13 07:56
BGT02879,USR058,INC02847,1600000,900000,950000,3450000,2500000,freelance,2024-09-09 17:31
BGT05639,USR064,INC07808,4800000,2750000,1050000,8550000,7550000,salary,2024-08-12 03:10
BGT00456,USR036,INC09952,1400000,700000,450000,2550000,2100000,part_time,2023-02-22 07:09
BGT00012,USR004,INC09739,1000000,600000,200000,1800000,1600000,scholarship,2023-03-24 11:25
BGT07049,USR064,INC00383,2950000,1650000rb,1700000,6300000,4600000,freelance,2024-02-03 02:27
BGT09985,USR062,INC06271,2950000,1500000,900000,5350000,4850000,BONUS,
BGT07945,USR031,INC00311,1250000,800000,650000,2700000,2450000,part_time,18/04/2024 14:26
BGT04672,USR041,INC04621,3350000,1900000,1850000,7100000,5250000,bonus,2024-08-24 18:10
BGT00646,USR060,INC04422,2900000,1800000,700000,5400000,4700000,business,2024-06-21 17:52
BGT01106,USR057,INC05538,3300000,1850000,1200000,6350000,5150000,freelance,2023-01-10 04:09
BGT01055,USR066,INC06550,2900000,1700000,750000,5350000,4600000,bonus,2024-10-20 05:03
BGT04919,USR006,INC03803,1050000,600000,450000,2150000,1650000,allowance,2023-10-12 10:31
BGT04231,USR042,INC04229,2900000,1900000,1600000,6400000,4800000,salary,2024-10-15 18:32
BGT04247,USR008,INC09024,600000,300000,250000,1150000,750000,allowance,2023-03-21 04:07
BGT08145,USR052,INC01414,3200000,1950000,1100000,6250000,5150000,freelance,2023-06-23 13:01
BGT08227,USR047,INC00906,2000000,1200000,800000,4000000,3200000,bonus,2024-08-31 08:40
BGT00618,USR061,INC04170,3750000,2250000,2000000,8000000,6000000,investment_return,2024-10-18 00:33
BGT06470,USR040,INC00928,1300000,900000,500000,2750000,2200000,freelance,2024-05-23 09:49
BGT05657,USR001,INC06003,700000,450000,250000,1400000,1150000,ALLOWANCE,2024-05-08 15:03
BGT06716,USR029,INC00688,900000,550000,500000,1950000,1450000,allowance,2023-12-04 03:17
BGT04084,USR032,INC03030,1900000,1150000,950000,4000000,3050000,allowance,2023-12-15 18:43
BGT08912,USR005,INC04855,700000,350000,250000rb,1300000,1050000,allowance,2024-07-22 05:42
BGT02571,USR066,INC08229,5250000,2550000,2100000,9900000,7800000,investment_return,2023/12/08 20:26
BGT07665,USR003,INC06407,1150000,650000,550000,2350000,1800000,allowance,2023-12-13 01:21
BGT03502,USR036,INC01849,2050000,1100000,950000,4100000,3150000,freelance,2023/10/31 11:18
BGT02703,USR001,INC06993,650000,500000,300000,1450000,1150000,part_time,2023-11-23 22:48
BGT09579,USR002,INC05115,850000,600000,300000,1700000,1450000,scholarship,2023-01-14 07:05
BGT08016,USR047,INC08199,1400000,850000,850000,3100000,2250000,salary,2023-07-16 06:11
BGT01271,USR068,INC07296,2550000,1500000,1500000,5500000,4050000,business,2023-08-04 23:43
BGT09577,USR017,INC09595,750000,450000,250000,1500000,1200000,scholarship,2023-03-24 16:54
BGT02460,USR036,INC01785,1800000,1050000,850000,3700000,2850000,part_time,2024-04-18 13:44
BGT08446,USR034,INC00562,,900000,,3250000,2550000,part_time,2023-02-01 20:45
BGT09114,USR050,INC07841,3750000,2400000,900000,7100000,6150000,freelance,2024-09-11 05:30
BGT02106,USR013,INC01981,800000,500000,400000,1700000,1300000,allowance,2024-08-01 16:34
BGT03462,USR048,INC09630,3500000,1850000,1700000,7050000,5350000,salary,2023-10-15 22:14
BGT00693,USR040,INC05684,1900000,,800000,3700000,2850000,freelance,20/09/2023 00:38
BGT01964,USR043,INC09718,2400000,1300000,950000,4650000,3700000,bonus,2023-10-01 18:50
BGT04271,USR025,INC01042,1150000,700000,700000,2550000,1850000,allowance,2023-06-22 07:17
BGT09044,USR028,INC04273,950000,650000,300000,1850000,1600000,part_time,2023-09-19 08:24
BGT09770,USR021,INC04507,1250000,800000,400000,2450000,2050000,internship,2023-12-13 09:27
BGT01834,USR064,INC02503,2650000,1200000,850000,,3850000,business,2023-10-23 12:13
BGT08325,USR053,INC01185,3750000,2050000,1700000,7500000,5800000,freelance,2023-04-25 17:03
BGT09426,USR048,INC04708,3800000,2300000,1350000,7450000,6100000,business,2023-02-05 11:58
BGT02718,USR058,INC09195,2650000,1850000,1400000,5900000,4500000,business,2023-08-29 15:26
BGT02500,USR069,INC01645,4150000,2250000,1600000,7950000,6400000,freelance,2023-11-12 01:17
BGT04220,USR059,INC00049,1850000rb,1350000,900000,4150000,3200000,salary,2023-07-09 07:18
BGT02618,USR074,INC09662,2700000,1450000,,5600000,4150000,freelance,2023-05-05 09:55
BGT05502,USR070,INC05777,2100000,1200000,900000,,3300000,salary,2024-06-13 19:06
BGT00258,USR026,INC07294,1150000,700000,400000,2300000rb,1850000,internship,2024-07-22 01:06
BGT09827,USR023,INC02222,2300000,1450000,650000,4450000rb,3750000,part_time,2024-02-19 23:34
BGT05339,USR060,INC03445,3500000,1900000,1900000,7300000,5400000,business,2023-08-16 07:19
BGT03457,USR046,INC02280,3500000,1800000,1100000,6400000,5300000,bonus,2024-10-22 10:03
BGT05676,USR070,INC06391,3750000,2550000,2200000,,6300000,bonus,2023-02-02 11:14
BGT07499,USR022,INC07943,2100000,1200000,900000,4200000,3300000,freelance,2024-12-15 17:54
BGT05874,USR004,INC09279,1300000,800000,700000,2800000,2100000,allowance,2024-09-21 08:24
BGT07075,USR024,INC02401,1750000,1050000,800000,3600000,2800000,part_time,2023-08-07 19:31
BGT02644,USR019,INC08794,1000000,650000,250000,1900000,1650000,part_time,2024-01-04 02:09
BGT08471,USR023,INC02230,1700000,950000,800000,3450000,2650000,allowance,2024-11-01 19:44
BGT06167,USR055,INC00726,1700000,1100000,900000,3650000,2800000,freelance,2023-08-27 20:58
BGT01369,USR059,INC09768,2900000,1550000,1300000,5750000,4450000,salary,2023-02-05 15:53
BGT01134,USR001,INC03702,900000,550000,250000,1700000,1450000,allowance,2023-09-20 06:04
BGT06126,USR074,INC01236,2900000,1750000,700000,5350000,4650000,investment_return,2024-07-04 22:32
BGT07514,USR031,INC06132,2000000,1200000,1100000,4300000,3200000,allowance,02/06/2023 09:10
BGT01905,USR004,INC07755,700000,350000,200000,1300000,1050000,allowance,2024-09-09 15:39
BGT02103,USR001,INC09396,1100000,550000,400000,2000000,1650000,part_time,2023-10-18 04:02
BGT03817,USR045,INC08036,3150000,2050000,1450000,6650000,5200000,salary,2023-10-15 18:33
BGT02737,USR009,INC02918,1050000,700000,550000,2300000,1750000,allowance,2024-06-27 05:31
BGT07866,USR070,INC07978,,1200000,700000,4250000,3600000,business,2024-06-29 21:36
BGT08595,USR072,INC06696,3400000,1900000,1250000,,5300000,salary,2023-07-23 04:59
BGT04559,USR070,INC07799,2650000,1650000,1600000,5850000,4300000,business,2023-02-08 15:09
BGT02178,USR061,INC09094,4400000,2600000,2600000,9600000,7000000,investment_return,2024-08-20 13:35
BGT09811,USR031,INC04753,2000000,1400000,1100000,4500000,3400000,freelance,2024-07-01 07:11
BGT02392,USR017,INC04366,1000000,600000,350000,1950000,1600000,allowance,2024-03-13 04:17
BGT06839,USR057,INC04031,1950000,1050000,800000,3800000,3000000,salary,2023-11-26 16:38
BGT07486,USR065,INC07131,2950000,,1100000,6000000,4950000,bonus,2023-08-30 02:25
BGT06425,USR060,INC03638,2700000,1550000,850000,5100000,4250000,salary,2023-05-12 02:08
BGT05823,USR050,INC07804,3300000,2150000,1050000,6450000,5450000,freelance,2023-04-25 04:18
BGT04921,USR007,INC01780,1250000,900000,600000,,2150000,allowance,2024-08-22 00:01
BGT03244,USR020,INC05146,800000,400000,250000,1450000,1200000,allowance,2024-03-23 04:59
BGT00310,USR026,INC04041,2300000,1550000,1150000,4950000,3850000,freelance,2024-01-17 02:06
BGT08675,USR024,INC00602,1400000,850000,550000,2800000,2250000,part_time,2023-09-10 00:51
BGT02691,USR001,INC06694,1400000,850000,400000,2650000,2250000,part_time,2023-02-02 02:14
BGT09168,USR066,INC05967,2750000,1550000,700000,5000000,4300000,business,2023-11-18 01:04
BGT09515,USR021,INC03520,900000,450000,350000,1700000,1350000,internship,2023-12-28 01:44
BGT03751,USR055,INC04138,3150000,1800000,1750000,6750000,4950000,business,2024-01-23 01:23
BGT09916,USR050,INC03779,4250000,2600000,850000,7700000,6850000,bonus,2024-08-10 10:29
BGT04368,USR060,INC04716,2400000,1700000,1100000,5200000,4100000,bonus,2023-11-13 13:42
BGT02026,USR010,INC02398,650000,400000,350000,1350000,1050000,part_time,2023-06-14 18:05
BGT09672,USR042,INC02632,1700000,1050000,500000,3250000,2750000,business,
BGT07710,USR012,INC02993,1200000,800000,650000,2650000,2000000,part_time,2024-11-13 13:58
BGT05895,USR009,INC05005,900000rb,550000,,1950000,1450000,allowance,29/04/2024 15:05
BGT05359,USR042,INC07212,2600000,1600000,1300000,5500000,4200000,salary,2024-01-16 10:06
BGT01010,USR030,INC02344,1350000,700000,400000,2450000,2050000,allowance,2023-07-16 09:01
BGT00936,USR068,INC01609,2550000,1750000,1200000,5500000,4300000,freelance,2023-09-26 19:44
BGT04753,USR035,INC01125,1900000,1100000,450000,3450000,3000000,allowance,2023-09-03 18:59
BGT05179,USR049,INC01250,3450000,2350000,1550000,7350000,5800000,salary,2023-11-16 01:42
BGT05016,USR060,INC00825,3350000,2200000,1550000,7150000,5550000,salary,2023-12-05 19:53
BGT08344,USR020,INC06066,900000,500000,300000,1700000,1400000,part_time,2023-05-23 15:50
BGT06202,USR022,INC03335,750000,500000,350000,1600000,1250000,part_time,2024-01-24 21:50
BGT02796,USR005,INC03940,850000,500000,500000rb,1850000,1000000,allowance,2023-08-27 00:55
BGT02072,USR013,INC09039,1150000,700000,400000,2250000,1850000,part_time,2024-02-05 01:04
BGT00337,USR019,INC06210,850000,550000,400000,1800000,1400000,scholarship,2024-07-31 00:14
BGT00941,USR033,INC04898,1200000,850000,500000,2550000,2050000,part_time,
BGT05718,USR047,INC04435,2500000,1550000,,5650000,4050000,bonus,2023-12-18 23:26
BGT08864,USR044,INC08653,1950000,1200000,700000,3850000.00,3150000,freelance,2024-12-03 05:43
BGT00181,USR021,INC04105,1650000,1100000,800000,3550000,2750000,freelance,18/11/2023 06:23
BGT09145,USR014,INC09478,1050000,550000,500000,2100000,1600000,scholarship,2024-05-21 02:13
BGT02962,USR039,INC09079,900000,550000,350000,1800000,1450000,internship,2024-02-16 02:27
BGT03710,USR008,INC08125,1150000,700000,600000,2450000,1850000,part_time,2024-05-28 06:53
BGT04955,USR023,INC01722,950000,500000,350000,1800000,1450000,internship,2024-12-09 13:48
BGT00490,USR074,INC05780,3300000,1900000,800000,6000000,5200000,bonus,2023-07-24 00:20
BGT02937,USR001,INC09488,950000,600000,250000,1800000,1550000,scholarship,2024-03-27 04:09
BGT05944,USR027,INC08882,1300000,800000,250000,2350000,2100000,freelance,2023-11-24 07:50
BGT02616,USR043,INC09961,1900000,1200000,550000,3650000,3100000,salary,2024-05-10 03:56
BGT06843,USR066,INC04709,4600000,,2500000rb,10000000,7500000,bonus,2024-11-09 08:33
BGT07461,USR049,INC04925,4250000,2250000,1050000,7550000,6500000,freelance,2023-12-09 06:10
BGT08168,USR060,INC05543,3650000,1950000,1300000,6900000,5600000,salary,07/08/2024 06:24
BGT09541,USR050,INC00128,1750000,850000,700000,3300000,2600000,freelance,2024-02-24 09:33
BGT08310,USR065,INC00061,3150000,2250000,1450000,6800000,5400000,freelance,14/07/2024 09:36
BGT00813,USR058,INC01712,4100000rb,2300000,1500000,7850000,6400000,salary,2024-03-29 14:51
BGT07512,USR072,INC01806,5050000,2650000,1800000,9550000,7700000,investment_return,2023-09-28 17:19
BGT01347,USR049,INC06829,3450000,1950000,1600000,7000000,5400000,freelance,2024-02-24 01:53
BGT04931,USR033,INC06650,1050000,600000,550000,2150000,1650000,allowance,2024-03-02 05:43
BGT07172,USR026,INC04048,2450000,1400000,800000,4600000,3850000,allowance,2024-10-05 11:33
BGT09270,USR064,INC02869,4900000,2350000,1800000,9100000,5450000,investment_return,2024-06-09 01:06
BGT02451,USR029,INC01870,2000000,1100000,500000,3600000,3100000,internship,2023-03-21 13:00
BGT07205,USR003,INC01620,600000,300000rb,200000,1100000,900000,allowance,2024-07-11 20:31
BGT08201,USR047,INC06409,2150000,1250000,1050000,4450000,3400000,bonus,2024-05-30 03:12
BGT04861,USR050,INC06930,2800000,1650000,1250000,5700000,4450000,freelance,2024-06-08 00:47
BGT06993,USR032,INC04270,1950000,1050000,,3900000,3000000,part_time,2023-06-29 12:07
BGT05414,USR003,INC02463,950000,650000,600000,2200000,1600000,allowance,2024-06-20 04:00
BGT01206,USR060,INC05285,2900000,1650000,1150000,5650000,4550000,,2023-08-19 06:14
BGT04733,USR002,INC09470,850000,,500000,1800000,1350000,scholarship,2023-01-27 09:04
BGT06816,USR074,INC09287,3450000,2400000,1200000,7050000,5850000,investment_return,2024-03-29 17:55
BGT09860,USR014,INC04049,1200000,750000,500000rb,2450000,1950000,allowance,2023-03-12 06:51
BGT05209,USR027,INC03752,2700000,1450000,650000,4800000,4150000,allowance,2024-10-27 22:00
BGT03503,USR062,INC02542,2350000,1150000,750000,4250000,3500000,business,2024-02-27 16:54
BGT05879,USR024,INC00985,2250000,1650000,1100000,4950000,3900000,,2023-07-26 06:30
BGT03866,USR002,INC05846,1100000,600000,500000,2150000,1700000,scholarship,2024-01-24 05:21
BGT02210,USR030,INC07343,1850000,1200000,1050000,4100000,3050000,internship,2024-09-18 19:56
BGT01208,USR024,INC09749,2300000,1400000,700000,4400000,3700000,allowance,2024-06-30 20:22
BGT07843,USR057,INC09009,-2900000,1800000,1550000,6250000,4700000,business,2023-12-17 03:43
BGT00899,USR062,INC02877,2850000,2100000,1250000,6200000,4950000,business,2024-11-17 13:39
BGT08186,USR058,INC03736,3100000,1550000,1000000,5650000,4650000,business,2024-05-13 04:56
BGT06489,USR069,INC06096,5300000,2700000,2000000,10000000,8000000,salary,2023-08-22 03:27
BGT08114,USR051,INC01532,3150000,1800000,850000,5800000,4950000,salary,2024-02-01 17:39
BGT09909,USR015,INC03490,1100000,700000,400000,2200000,1800000,scholarship,
BGT09189,USR066,INC01094,4600000,3100000,1700000,9350000,7700000,business,2023-08-09 06:21
BGT04736,USR009,INC00407,700000,450000,150000,1300000,1150000,scholarship,2023-04-23 14:46
BGT09394,USR021,INC04233,750000,500000,400000,1650000,1250000,part_time,2024-10-13 04:08
BGT07908,USR038,INC09315,1200000,700000,300000,2200000,1900000,freelance,2023-01-07 05:17
BGT07664,USR009,INC08801,800000,500000,250000,1550000,1300000,allowance,2024-05-17 23:30
BGT06818,USR028,INC09189,1450000,1050000,650000,3150000,2500000,internship,2023-10-01 01:03
BGT01177,USR050,INC08416,2900000,1700000,850000,5450000,4600000,salary,2024-11-27 12:26
BGT02423,USR044,INC06657,3200000,2150000,1000000,6350000,5350000,freelance,2023-04-23 12:10
BGT00837,USR061,INC06161,4250000,2950000,1500000,8700000,7200000,investment_return,2024-10-01 22:11
BGT04394,USR042,INC09368,3350000,1950000,1250000,6550000,5300000,,2024-09-23 16:44
BGT09746,USR053,INC09005,2500000,1550000,500000,4500000,4050000,bonus,2024-03-13 02:05
BGT03713,USR027,INC09111,900000,500000,200000,,1400000,allowance,2023-03-13 19:02
BGT03138,USR011,INC05402,1250000,,650000,2750000,2050000,scholarship,2024-03-13 16:54
BGT07729,USR016,INC09999,950000,650000,300000,1900000,1850000,allowance,2023-08-10 00:03
BGT04506,USR030,INC03793,1250000,950000,650000,2850000,2200000,allowance,2024-10-04 20:05
BGT03678,USR004,INC09473,750000,400000,250000,1400000,1150000,part_time,2024-10-21 18:12
BGT02154,USR043,INC05687,3000000,1700000,1400000,6150000,4700000,bonus,2024-11-16 20:59
BGT02662,USR015,INC08027,1450000,800000,450000,2700000,2250000,scholarship,2023-11-29 13:52
BGT07092,USR025,INC00030,1300000,750000,500000,2550000,2050000,internship,2023-12-31 18:49
BGT04987,USR037,INC01165,2200000,1450000,1200000,4850000,3650000,part_time,2024-03-22 05:10
BGT01570,USR032,INC07696,1200000,800000,500000,2450000,2000000,part_time,2023-07-21 18:36
BGT07121,USR015,INC02548,1050000,700000,650000,2350000,1750000,SCHOLARSHIP,2024-02-13 19:18
BGT02794,USR010,INC03963,550000rb,300000,200000,1100000,850000,,2024-07-18 17:25
BGT02113,USR005,INC06280,1400000,750000,600000,2700000,2150000,part_time,2023-12-09 21:26
BGT00911,USR044,INC06243,3800000,2000000,950000,6750000,5800000,salary,2023-11-01 19:01
BGT03144,USR059,INC07260,2200000,1300000,900000,4400000,3500000,freelance,05/04/2023 15:07
BGT03895,USR026,INC09403,1850000,1350000,950000,4150000,3200000,freelance,2023-02-02 14:04
BGT00240,USR044,INC02030,2700000,1950000,1400000,6050000,4650000,bonus,2023-07-30 22:05
BGT01386,USR055,INC08381,3500000,1850000,1500000,6900000,5350000,bonus,2024-02-18 17:54
BGT09046,USR031,INC05884,1700000,1000000,450000,3150000,2700000,allowance,2024/06/13 04:17
BGT03670,USR037,INC07281,1000000,500000,400000,1900000,1500000,allowance,2023-07-15 00:40
BGT08035,USR036,INC05168,1200000,850000,500000,,2050000,freelance,2023-03-06 20:22
BGT01398,USR048,INC04703,1750000,1000000,550000,3300000,2750000,bonus,2023-08-21 18:16
BGT05984,USR010,INC07641,600000,350000,250000,1200000,950000,part_time,2024-11-14 05:20
BGT06765,USR001,INC05957,1150000,850000,500000,2550000,2000000,part_time,2024-12-05 00:18
BGT07957,USR016,INC07067,500000,350000,250000,1100000,850000,scholarship,2024-02-05 14:06
BGT02641,USR015,INC03244,600000,400000,300000,1300000,1000000,part_time,2023-08-16 11:13
BGT09699,USR004,INC05197,1400000,850000,550000,2800000,2250000,part_time,2023-11-19 01:31
BGT04963,USR023,INC01162,2250000,1550000,1050000,4850000,3800000,internship,2024-12-22 09:52
BGT04777,USR007,INC09235,1400000,800000,450000rb,2650000,2200000,part_time,2023-07-02 04:53
BGT06616,USR002,INC02232,750000,500000,400000,1600000,1250000,part_time,2023-03-28 01:04
BGT06261,USR048,INC01017,2400000,1350000,900000,4650000,3750000,freelance,2024-05-10 22:45
BGT06926,USR008,INC07620,700000,450000,350000,1500000,1150000,part_time,2023-11-24 20:28
BGT04484,USR043,INC05326,3200000,1900000,850000,5900000,5100000,salary,2023-07-01 18:44
BGT01477,USR010,INC07083,700000,500000,350000,1500000,1200000,scholarship,2023-03-03 01:45
BGT06984,USR054,INC02937,1550000,850000,,3100000,2950000,bonus,2024-04-14 15:56
BGT02657,USR004,INC03559,850000,450000,200000,1500000,1300000,scholarship,2024-10-11 21:09
BGT08207,USR019,INC02651,800000,450000,350000,1600000,1250000,part_time,2023-11-19 19:11
BGT07504,USR024,INC06695,2650000,1600000,650000,4900000,4250000,freelance,2024-12-15 17:28
BGT03470,USR061,INC01249,3450000,2250000,2100000,7800000,5700000,salary,2023-07-17 07:32
BGT00132,USR071,INC01537,4150000,2200000,1200000,7500000,6350000,,2024-09-12 00:22
BGT08794,USR045,INC07714,1500000,850000,650000,3000000,2350000,business,23/07/2023 14:31
BGT07371,USR030,INC05019,1700000,1000000,450000,3150000,2700000,allowance,2023-08-30 16:41
BGT00090,USR016,INC04631,1150000,700000,350000,2200000,1850000,allowance,2024-03-13 19:21
BGT09430,USR005,INC09831,650000,400000,300000,1300000,1050000,part_time,2024-04-16 04:21
BGT01063,USR014,INC02239,1200000,650000,350000rb,2200000,1850000,scholarship,2024-10-09 00:52
BGT08011,USR071,INC01111,2700000,1550000,650000,4900000,4700000,freelance,2024-11-27 01:51
BGT06130,USR075,INC02457,1950000,1250000,1050000rb,4250000,3200000,bonus,2023-07-30 19:50
BGT04354,USR067,INC06399,4400000,2450000,1950000,8800000,6850000,freelance,2023-07-01 19:24
BGT01975,USR047,INC09968,2050000,1300000,450000,3800000,3350000,salary,2024-11-17 14:00
BGT02359,USR016,INC02022,750000,450000,350000rb,1550000,1200000,allowance,2023-04-05 11:32
BGT07212,USR061,INC01926,2650000,1800000,1100000,5550000,4450000,freelance,2023-08-24 08:27
BGT03808,USR001,INC02771,500000,300000,200000,1000000,800000,allowance,2024-07-13 15:05
BGT02358,USR040,INC05090,1250000,800000,700000rb,2750000,2050000,internship,2023-01-21 12:44
BGT05529,USR016,INC02464,700000,400000,250000,1350000,1100000,scholarship,2024-10-31 15:09
BGT00079,USR063,INC00336,3800000,2150000,1400000,7350000,5950000,bonus,2023-03-14 13:15
BGT02410,USR026,INC05099,900000,650000,450000,2000000,1550000,internship,2024-03-31 06:40
BGT08632,USR001,INC04021,750000,450000,300000,1500000,1200000,scholarship,2023-07-22 17:27
BGT07477,USR038,INC02074,2300000,1300000,1200000,4750000,3600000,allowance,2023-01-25 12:47
BGT03192,USR051,INC07773,2150000,1150000,1100000,4400000,3300000,bonus,2024-04-15 09:39
BGT05232,USR028,INC01233,2050000,1400000,800000,4300000,3450000,freelance,2023-02-03 11:18
BGT09402,USR038,INC07382,1200000,800000,650000,2650000,2000000,part_time,2023-04-10 01:37
BGT06528,USR046,INC02550,3000000,1600000,950000,,4000000,freelance,2024-04-22 08:11
BGT07622,USR045,INC06103,2700000,1800000,,5750000,4500000,business,2023-07-04 02:37
BGT00759,USR068,INC01133,2250000,1250000,750000,4250000,3500000,investment_return,04/11/2023 01:56
BGT01677,USR068,INC02447,2150000,1250000,1200000,4550000,3400000,freelance,2023-07-07 01:44
BGT08144,USR041,INC00312,2550000,1500000,800000,4850000,4050000,business,2024-02-08 15:39
BGT03260,USR071,INC07704,3250000,2100000,1150000,6500000,5350000,bonus,2023-05-30 03:06
BGT02700,USR062,INC09202,3400000,2050000,750000,6200000,5450000,freelance,2023-09-01 12:09
BGT02943,USR017,INC03286,950000,550000,350000,1850000,1500000,part_time,2024-01-06 21:20
BGT01945,USR061,INC03409,2450000,1600000,950000,4950000,4050000,investment_return,2023-06-29 13:43
BGT01968,USR003,INC07578,1250000,800000rb,400000,2450000,2050000,allowance,2023-05-22 08:25
BGT05082,USR071,INC04739,4300000,2450000,1700000,8450000,6750000,investment_return,2023-06-03 04:25
BGT08813,USR053,INC09033,2700000,1550000,650000,4900000,4250000,business,2023-07-12 02:13
BGT00913,USR060,INC06768,3700000,2250000,800000,6750000,5950000,,2024-02-22 01:36
BGT08672,USR017,INC05227,650000,400000,350000,1400000,1050000,allowance,2023-11-02 16:34
BGT00436,USR070,INC03582,3600000,2100000,1600000,7300000,5700000,investment_return,2024-09-01 15:25
BGT05140,USR021,INC05555,2400000,1450000,700000,4500000,3850000,allowance,2024-12-21 01:05
BGT06451,USR065,INC06131,2150000,1400000,750000,4300000,3550000,bonus,2023-05-10 07:42
BGT04274,USR039,INC04596,1300000,750000,700000,2750000,2050000,part_time,2023-11-10 01:13
BGT08968,USR043,INC06974,3050000,1800000,1800000,6650000,4850000,salary,2024-02-06 03:59
BGT00316,USR075,INC04190,2950000,1850000,650000,5450000,4800000,bonus,15/08/2024 03:45
BGT05145,USR030,INC07175,950000,650000,300000,1900000,1600000,internship,2023-08-03 05:47
BGT03106,USR037,INC07195,1350000,900000,750000,2950000,2250000,freelance,2024-05-29 04:32
BGT08709,USR039,INC05091,1250000,700000,400000,2350000,1950000,allowance,2023-03-08 03:22
BGT07376,USR023,INC06883,1700000,1050000,400000,3150000,2750000,part_time,2024-10-08 04:57
BGT07723,USR020,INC00350,1200000,650000,600000,2450000,1850000,allowance,2024-06-03 09:40
BGT07362,USR051,INC00678,2750000,2000000,1250000,6000000,4750000,bonus,2024-03-29 18:42
BGT08133,USR023,INC02985,2100000,1500000,950000,4550000,3600000,freelance,2023-12-20 00:26
BGT00648,USR049,INC06005,3450000,2050000,2050000,7550000,5500000,bonus,2023-05-27 18:54
BGT00406,USR050,INC09673,,1700000,1200000,6100000,4850000,salary,2023-02-08 09:52
BGT02417,USR051,INC04763,1900000,1200000,650000,3750000,3100000,freelance,2023-10-10 20:03
BGT01236,USR042,INC08531,3350000,2000000,1800000,7100000,5350000,salary,2023-12-26 14:21
BGT05624,USR031,INC09157,1300000,800000,400000,2500000,2100000,internship,2023-08-28 18:29
BGT05197,USR074,INC06120,3800000,1950000,1700000,,5750000,investment_return,2023-09-05 04:20
BGT08622,USR043,INC01925,2650000,1400000,1150000,5200000,4050000,business,2023-05-20 22:20
BGT02440,USR009,INC05392,1400000,950000,600000,2900000,2350000,allowance,2024-12-16 21:22
BGT05277,USR050,INC06789,2450000,1550000,700000,4700000,4000000,business,2023-09-05 17:31
BGT02271,USR011,INC02739,600000rb,300000,250000,1150000,900000,scholarship,2024-01-09 14:17
BGT05171,USR003,INC08287,1200000,700000,600000,2500000,1900000,part_time,2023-05-10 09:10
BGT09614,USR003,INC06606,1150000,750000,400000,2300000,1900000,part_time,2024-07-25 11:02
BGT09820,USR056,INC04413,2050000,1500000,850000,4400000,3550000,freelance,2024-09-26 10:18
BGT06247,USR021,INC06490,1900000rb,1050000,1000000,3950000,2950000,allowance,2023-07-01 12:55
BGT02977,USR030,INC00120,1950000,1200000,1150000,4300000,3150000,freelance,2023-06-24 04:53
BGT06704,USR035,INC08744,900000,600000,250000rb,1700000,1500000,internship,2023-05-09 11:18
BGT02906,USR054,INC05819,1800000,1100000,950000,3850000,2900000,bonus,2023-07-31 02:53
BGT05965,USR057,INC02641,4100000,2200000,1300000,7550000,6300000,freelance,2023-05-22 10:03
BGT06083,USR003,INC06318,500000,300000,200000,1000000,800000,allowance,2023-09-07 15:40
BGT08469,USR028,INC03969,1600000,750000,550000,2950000,2350000,internship,2023-07-26 09:04
BGT03627,USR063,INC02104,-2700000,1700000,,5750000,4400000,investment_return,2024-06-30 23:07
BGT08213,USR062,INC01230,2750000,1500000,1500000,5750000,4250000,freelance,2023-06-01 17:22
BGT06108,USR075,INC06922,4600000,3000000,1800000,9400000,7600000,business,2023-02-11 15:58
BGT07967,USR070,INC07113,2500000,1450000,1000000,4950000,3950000,freelance,2023-09-25 22:22
BGT05433,USR039,INC01231,1600000,1150000,850000,3600000,2750000,internship,2023-03-24 10:08
BGT09408,USR003,INC06356,700000,400000,400000,1500000,1100000,allowance,2024-09-06 08:49
BGT03379,USR035,INC07045,1500000,1050000,850000,3400000,2550000,internship,2023/06/27 09:03
BGT00014,USR003,INC03207,1200000,750000,350000,2300000,1950000,scholarship,2024-11-03 00:08
BGT05609,USR060,INC09634,3900000,,1800000,7850000,6000000,freelance,2024-12-19 10:31
BGT06614,USR018,INC00826,1550000,950000,400000,2950000,2500000,allowance,2024-02-01 03:48
BGT06677,USR004,INC09753,1200000,800000,300000,2300000,2000000,part_time,2023-03-29 19:28
BGT05933,USR006,INC03082,1250000,600000,450000,2300000,1850000,scholarship,2024-01-16 05:49
BGT05493,USR010,INC01080,700000,450000,300000,1450000,1150000,scholarship,2023-04-14 19:14
BGT00822,USR041,INC03661,3350000,2050000,1450000,6850000,5400000,freelance,2024-05-07 14:20
BGT00266,USR032,INC07351,1300000,950000rb,700000,2950000,2250000,allowance,2023-10-31 08:16
BGT02535,USR053,INC01752,2300000,1250000,1050000,4650000rb,3550000,business,
BGT02112,USR051,INC01833,1900000,1150000,500000,3550000,3050000,salary,2023-06-03 08:18
BGT08818,USR002,INC06608,1200000,650000,550000,,1850000,scholarship,2023-08-02 01:45
BGT01196,USR026,INC02681,1800000,1400000,900000,4100000,3200000,freelance,2023-03-29 22:10
BGT06520,USR017,INC00365,1150000,800000,550000,2550000,1950000,scholarship,2024-01-09 07:06
BGT02133,USR013,INC02531,850000,500000,,1700000.00,1350000,scholarship,2023-08-21 20:26
BGT00637,USR038,INC00472,2750000,1600000,650000,5000000,4350000,freelance,2023-06-07 01:18
BGT03784,USR061,INC05487,3700000,2300000,1700000,7700000,6000000,investment_return,2024-07-15 21:35
BGT08068,USR028,INC03065,1150000,750000,650000,2550000,1900000,internship,2023-09-15 10:15
BGT06496,USR029,INC08386,1300000,850000,500000,2650000,2150000,allowance,2024-03-01 21:57
BGT01709,USR052,INC07278,2100000,1300000,1050000,4450000,3400000,business,2023-04-17 13:06
BGT09464,USR074,INC08420,2500000,1450000,750000,4750000,3950000,investment_return,2023-02-07 01:23
BGT06795,USR036,INC01546,1300000,800000,250000,2350000,2100000,internship,2023-12-10 06:17
BGT00395,USR062,INC06817,4300000,2700000,1950000,8950000,7000000,bonus,2023-03-18 12:53
BGT00626,USR054,INC00530,2450000,1550000,1300000,5300000,4000000,salary,2024-06-25 22:44
BGT07153,USR045,INC05495,3700000,2500000,1550000,7750000,5050000,business,2023-12-08 02:06
BGT05584,USR056,INC09476,3900000,2100000,1800000,7800000,6000000,bonus,2024-02-21 21:31
BGT05939,USR013,INC08573,800000,500000,250000,1600000,1300000,scholarship,2023-04-30 11:29
BGT09238,USR062,INC08002,2050000,1250000,1300000,4600000,3300000,freelance,2023-06-22 23:55
BGT00991,USR058,INC05424,3350000,2100000,2000000,7450000,5450000,freelance,2024-08-18 14:07
BGT02455,USR015,INC00071,700000,400000,150000,1250000,1100000,scholarship,2024-01-12 08:03
BGT00252,USR037,INC05172,2050000,1050000,700000,3750000rb,3100000,internship,2023-04-01 16:25
BGT05314,USR029,INC02888,2550000,1450000,650000,4650000,4000000,freelance,2024-03-30 03:24
BGT01048,USR007,INC04140,700000,450000rb,200000,1350000,1150000,part_time,2023-07-14 02:08
BGT01674,USR014,INC03910,600000,400000,200000,1200000,1000000,scholarship,2024-07-02 17:31
BGT00856,USR012,INC06769,750000,400000,350000,1500000,1150000,allowance,2024-10-12 06:03
BGT06170,USR011,INC07861,750000,450000,400000,1600000,1200000,scholarship,2023-02-28 16:32
BGT04095,USR045,INC08018,2900000,1850000,1600000,6300000,4750000,freelance,2024-02-20 06:08
BGT09242,USR027,INC08331,1350000,850000,800000,3000000,2200000,allowance,
BGT02191,USR016,INC04991,500000,300000,250000,1050000,800000,scholarship,2024-02-28 03:03
BGT08685,USR048,INC09789,3100000,1850000,1250000,6200000,4950000,bonus,2023-03-23 00:10
BGT09773,USR035,INC06893,2450000,1450000,650000,4500000,3900000,internship,2024-03-30 16:19
BGT08076,USR070,INC06049,2650000,,550000,4850000,4300000,investment_return,2024-03-21 04:02
BGT06924,USR023,INC06871,2000000,1150000,800000,3900000,3150000,part_time,2024-03-28 21:36
BGT05831,USR058,INC04938,3400000,2250000,1150000,6750000,5650000,salary,2023-03-18 05:45
BGT06309,USR008,INC09857,1100000,600000,350000,2050000,1700000,scholarship,2023-08-11 17:24
BGT04023,USR026,INC06837,-1850000,1100000,450000,3400000,2950000,freelance,2023-07-20 14:41
BGT01339,USR043,INC03094,3550000,2550000,1600000,7700000,6100000,freelance,2023-09-04 04:24
BGT00867,USR011,INC09502,950000,550000,350000,1850000,1500000,allowance,2023-01-22 18:18
BGT04101,USR018,INC03604,700000,400000,450000,1550000,1100000,allowance,2023-05-03 18:14
BGT03902,USR061,INC02674,,1850000,1250000,6650000,5350000,salary,2024-11-19 05:35
BGT00726,USR038,INC01647,1100000,650000,700000,2450000,1750000,part_time,2023-05-23 19:43
BGT01389,USR065,INC06153,2750000,1550000,800000,5100000,4300000,freelance,2024-11-13 17:55
BGT09372,USR002,INC01289,1350000,850000,400000,2600000,2200000,scholarship,2023-05-01 14:29
BGT02264,USR011,INC09319,900000,500000,300000,1700000,1400000,part_time,2023-01-18 13:30
BGT00877,USR038,INC09482,1500000,950000,700000,3150000,2450000,freelance,2024-04-10 23:56
BGT01461,USR075,INC08296,4050000,2400000,1850000,8300000,6450000,investment_return,2024-03-07 14:28
BGT02795,USR072,INC06296,5100000,2850000,1500000,,7950000,salary,2023-04-28 17:32
BGT07327,USR020,INC00236,1250000,700000,500000,2450000,1950000,allowance,2024-07-18 04:44
BGT09036,USR028,INC05249,1150000,650000,550000,2350000,1800000,allowance,2023-02-28 00:35
BGT02883,USR054,INC02662,4300000,2450000,,7850000,7100000,freelance,2023-07-30 06:42
BGT00927,USR009,INC03366,850000,450000,300000,1600000,1300000,allowance,09/01/2023 20:20
BGT03478,USR041,INC09369,3350000,2150000,950000,6450000,5500000,salary,2024-01-02 22:52
BGT00621,USR055,INC08090,2450000,1400000,1300000,5150000,3850000,freelance,2023-06-03 20:10
BGT08719,USR033,INC08767,1550000,950000,900000,3400000,2500000,internship,2023-08-29 23:01
BGT07101,USR034,INC02667,1900000,1150000,800000,3900000,3050000,internship,2023-10-13 00:11
BGT03366,USR020,INC08193,1450000,850000,700000,3000000,2300000,scholarship,2024-05-05 00:56
BGT01364,USR033,INC08360,1100000,550000,350000,2000000,1650000,allowance,2023-12-01 00:07
BGT08807,USR003,INC07855,600000,350000,150000,1100000,950000,scholarship,2024-03-27 07:21
BGT09642,USR064,INC07154,2800000,1650000,1650000,6050000,4450000,investment_return,2023-07-07 15:39
BGT05480,USR020,INC08062,1350000,800000,300000,2450000,2150000,allowance,2023-10-12 20:02
BGT04846,USR026,INC08005,1900000,1100000,550000,3550000,3000000,allowance,2024-12-25 09:33
BGT04165,USR072,INC07497,2100000,1300000,650000,4050000,3400000,salary,2024-01-20 01:25
BGT01687,USR012,INC06811,1400000,800000,700000,2900000,2200000,scholarship,2024-12-21 15:40
BGT06667,USR047,INC01267,2850000,1750000,700000,5300000,4600000,freelance,2024-05-02 08:44
BGT05622,USR025,INC03069,950000,550000,450000,1950000,1500000,allowance,2024-09-27 22:22
BGT01401,USR028,INC09892,1750000,950000,950000,3600000,2700000,part_time,2024-04-20 16:34
BGT02145,USR022,INC02736,1950000,1250000,850000,4100000,3200000,allowance,2024-09-26 21:12
BGT07790,USR072,INC01411,4700000,2550000,2150000,9450000,7250000,salary,2024-12-03 21:31
BGT01536,USR003,INC03217,600000,300000,200000,1050000,900000,part_time,2023-05-15 23:13
BGT00307,USR007,INC07408,1100000,550000,350000,2000000,1650000,allowance,2023-01-11 06:46
BGT04808,USR035,INC01383,2250000,1400000,650000,4300000,3650000,part_time,07/02/2024 12:11
BGT07157,USR029,INC02215,1850000,1000000,1000000,3850000,2850000,ALLOWANCE,2024-11-16 21:40
BGT08024,USR015,INC04752,750000,450000,250000,1400000,1200000,scholarship,2023-10-23 23:16
BGT05483,USR054,INC08518,3100000,1800000,1150000,6050000,4900000,bonus,2023-08-25 07:03
BGT01926,USR046,INC06343,2650000,,1050000,5450000,4400000,freelance,2024-08-07 20:16
BGT00515,USR065,INC07549,2950000,1750000,1350000,6050000,4700000,freelance,2023-10-26 08:15
BGT05114,USR028,INC07231,700000,450000,400000,1550000,1150000,allowance,2023-12-25 22:32
BGT00491,USR072,INC07052,2600000,1650000,650000,4900000,4250000,investment_return,2023-12-17 18:35
BGT06766,USR066,INC08396,4550000,2400000,1950000,8900000,6950000,salary,2023-08-10 21:52
BGT04342,USR072,INC09643,2400000,1500000,1450000,5350000,3900000,salary,2023-06-19 10:36
BGT05091,USR020,INC00730,500000,300000,200000,1000000,800000,part_time,2023-04-19 04:25
BGT02377,USR075,INC01659,4600000,2600000,,9600000,7200000,BUSINESS,03/06/2024 03:32
BGT03600,USR026,INC08439,2300000,1400000,,4350000,4200000,internship,2023-02-17 06:14
BGT06240,USR024,INC03992,2050000,1500000,1100000,4650000,3550000,internship,2024-10-10 11:51
BGT07294,USR043,INC02747,2850000,2050000,1450000,6350000,4900000,salary,2024-09-08 12:07
BGT05779,USR068,INC05997,5100000,3150000,1350000,9600000,6900000,freelance,2023-03-09 11:28
BGT00221,USR069,INC06978,,2850000,2550000,9900000,9050000,salary,2024-08-23 03:02
BGT06837,USR004,INC06063,1400000,700000,600000,2700000,2100000,scholarship,2024-03-17 12:18
BGT04951,USR011,INC09884,700000,450000,300000,1450000,1150000,part_time,2023-11-23 06:53
BGT01657,USR040,INC01205,,700000,350000,2000000,1700000,part_time,2024-10-20 02:51
BGT06707,USR064,INC06670,3850000,2250000,2500000,8600000,6100000,freelance,2024-12-30 16:31
BGT00702,USR023,INC01811,1550000,850000,750000,,2400000,freelance,2023-01-09 14:54
BGT05688,USR019,INC07538,850000,500000,500000,1800000,1350000,scholarship,2024-02-18 13:39
BGT07110,USR059,INC03425,2100000,1050000,850000,4000000,3150000,bonus,2023-11-09 12:42
BGT07981,USR011,INC05754,950000rb,700000,450000,2100000,1650000,allowance,2023-02-24 04:20
BGT03668,USR005,INC06265,1500000,850000,300000,2700000,2350000,scholarship,2024-12-02 02:06
BGT06515,USR060,INC09230,1550000,950000,900000,3400000,2500000,salary,2024-10-31 01:49
BGT06025,USR028,INC08596,2050000,1100000,900000,4000000,3150000,internship,2023-04-23 07:44
BGT03200,USR054,INC08173,2500000rb,1350000,800000,4600000,3850000,freelance,2023-10-21 16:34
BGT09733,USR016,INC08728,1050000,650000,300000,2000000,1700000,allowance,2024-11-02 22:37
BGT08479,USR075,INC00503,3200000,1850000,1750000,6800000,5050000,investment_return,2023-08-04 05:11
BGT07445,USR060,INC00384,3400000,2350000,1650000,7400000,5750000,business,2023-11-06 17:35
BGT05552,USR040,INC04975,950000,450000,350000,1750000,1400000,part_time,2023-05-01 07:03
BGT03787,USR014,INC00829,1100000,800000,450000,2300000,1900000,part_time,2024-07-23 02:27
BGT00139,USR042,INC02849,2950000,1500000,,5750000,4450000,BONUS,2023-03-06 20:26
BGT05155,USR049,INC05994,3500000,2300000,1450000,,5800000,business,2023-03-06 16:58
BGT05097,USR043,INC01885,2750000rb,1450000,800000,,4250000,salary,2024-06-18 14:18
BGT08756,USR038,INC09716,1900000,1100000,650000,3700000,3000000,internship,2023-08-08 00:23
BGT04711,USR070,INC00110,2100000,1300000,1250000,4700000,3400000,bonus,2024-03-31 07:04
BGT08951,USR070,INC03269,4100000,2300000,1500000,7900000,6400000,business,2023/07/20 12:44
BGT05457,USR075,INC01905,4050000,2200000,1100000,7400000,6250000,bonus,03/04/2023 02:51
BGT06506,USR013,INC09256,1500000,900000,350000,2750000,2400000,allowance,2023/10/08 07:28
BGT02001,USR067,INC08169,3100000,2150000,1500000,6750000,5250000,investment_return,2023-08-03 16:08
BGT01203,USR048,INC03539,3800000,2150000,1400000,7350000,5950000,bonus,2024-04-05 10:24
BGT01180,USR005,INC04875,1350000,800000,700000,2900000,2150000,scholarship,2024-09-21 17:22
BGT06859,USR030,INC09645,2450000,1250000,800000,4550000,3700000,freelance,2023-12-05 14:42
BGT06460,USR009,INC01664,800000,500000,400000,1700000,1300000,part_time,2023-07-09 12:55
BGT02258,USR047,INC06122,2400000,1600000,900000,4900000,4000000,salary,2023-01-31 00:00
BGT03255,USR032,INC02160,1950000,1100000,1100000,4150000,3050000,allowance,2024-01-20 18:05
BGT08873,USR035,INC00260,1600000,1000000,450000,3050000,2600000,part_time,2023-12-12 10:52
BGT08725,USR035,INC04276,1100000,700000,450000,2250000,1800000,part_time,2023-05-30 10:18
BGT00722,USR031,INC08559,800000,450000,250000,1500000,1250000,allowance,2023-09-03 06:35
BGT00124,USR071,INC05529,4400000,2600000,2350000,9350000,7000000,freelance,2024-11-23 17:03
BGT06758,USR065,INC00724,3800000,2600000,1700000,8050000,6400000,investment_return,2023-12-31 19:22
BGT08897,USR028,INC05720,,900000,450000,2950000,2450000,part_time,
BGT08395,USR042,INC04241,2300000,1450000,950000,4700000,3750000,business,2023-05-27 16:22
BGT00324,USR035,INC04638,2550000,1550000,900000,5000000,4100000,freelance,2023-06-30 20:01
BGT01275,USR066,INC07916,4550000,2600000,2150000,9300000,7150000,business,2023-03-30 01:11
BGT04764,USR016,INC02750,1150000,700000,600000,2500000,1850000,part_time,2024-04-11 10:16
BGT08059,USR071,INC02405,4650000rb,2650000,2550000,9900000rb,7300000,salary,2024-07-17 19:11
BGT09646,USR071,INC08474,2750000,1900000,,6000000,4650000,business,2024-09-08 12:30
BGT01743,USR035,INC05869,2150000,1650000,1100000,4900000,3800000,internship,
BGT00681,USR060,INC05821,2050000rb,1200000,500000,3750000,3250000,freelance,2023-01-15 18:01
BGT00148,USR024,INC06515,1650000,850000,550000,3100000,2500000,part_time,2023-03-13 15:13
BGT04850,USR023,INC02319,1750000,1250000,850000,3850000,3000000,internship,2023-02-27 06:41
BGT04911,USR043,INC03568,2150000,1500000,850000,4500000,3650000,freelance,2024-11-28 13:53
BGT02628,USR045,INC09961,2950000,1750000,950000,5650000,4700000,bonus,2024-04-03 10:07
BGT03795,USR030,INC08120,1800000,1150000,950000,3900000,2950000,freelance,2023-01-16 02:44
BGT07647,USR026,INC05063,1050000,600000,350000,2050000,1650000,part_time,2023-02-10 21:28
BGT06428,USR021,INC08877,1450000,950000,400000,2800000,2400000,allowance,2023-04-12 03:45
BGT01955,USR006,INC06411,1150000rb,700000,600000,2400000,1850000,allowance,2024-07-31 06:50
BGT07868,USR053,INC08067,3400000,1700000,,6250000,5100000,salary,2023-10-12 18:09
BGT08780,USR049,INC06947,3050000,2300000,1600000,6950000,5350000,salary,2023-09-21 08:03
BGT01116,USR006,INC03156,1550000,850000,550000,2950000,2400000,part_time,2024-08-06 16:50
BGT05011,USR002,INC00923,1450000,900000,450000,2750000,2350000,allowance,2024-03-29 22:01
BGT08312,USR039,INC04007,1400000,850000,400000,2650000,2250000,part_time,2024-05-22 14:03
BGT05026,USR013,INC04035,1200000,600000,400000,2200000,1800000,scholarship,2024-01-04 05:38
BGT01323,USR005,INC03010,1300000,850000,700000,2850000,2150000,allowance,2023-09-05 04:55
BGT04405,USR069,INC04052,2500000,1850000,,5400000,4350000,salary,2024-11-07 19:58
BGT00239,USR038,INC09589,2100000,,900000,4350000,3450000,internship,2023-10-19 16:50
BGT07438,USR007,INC02301,1050000,550000,300000,1900000,1600000,part_time,2023-11-07 09:56
BGT07620,USR011,INC04464,650000,450000,250000,1350000,1100000,allowance,2023-09-21 02:56
BGT07826,USR004,INC01043,750000,400000,200000,1400000,1150000,part_time,2024-11-20 11:36
BGT02486,USR034,INC07736,1250000,600000,,2200000,1850000,internship,2023-03-05 14:32
BGT00970,USR062,INC08069,4150000,2300000,2400000,8850000,6450000,business,2024-12-24 08:12
BGT09409,USR024,INC06960,1750000,1050000,850000,3600000,2800000,internship,2024-04-01 01:45
BGT00997,USR027,INC09743,1850000,1200000,850000,3900000,3050000,part_time,
BGT09258,USR060,INC04777,3350000,2000000,1250000,6600000,5350000,freelance,2024-12-02 10:56
BGT04051,USR075,INC06834,4250000,2250000,,8700000,6500000,freelance,2024-11-09 03:53
BGT08994,USR020,INC04340,650000,400000,250000,1300000,1050000,allowance,2023-06-14 14:36
BGT04072,USR032,INC05959,1150000,850000,600000,2600000,2000000,allowance,16/11/2023 01:17
BGT00518,USR064,INC04711,2650000,1650000,1200000,5550000,4300000,investment_return,2023-05-12 12:25
BGT00342,USR022,INC07033,1700000,,600000,3300000,2700000,internship,2024-06-17 17:29
BGT01525,USR051,INC00222,2750000,1450000,800000,5000000,4200000,salary,2023-03-06 05:50
BGT06727,USR020,INC06172,1050000,600000,600000,2250000,1650000,scholarship,2023-08-31 14:25
BGT05635,USR032,INC04971,1200000,700000,650000,2550000,1900000,part_time,2024-06-21 19:55
BGT08225,USR071,INC04460,3200000,1950000,1150000,6300000,5150000,bonus,2024-03-02 10:42
BGT05656,USR029,INC06549,1100000,600000,350000,2050000,1800000,allowance,2024-07-05 05:45
BGT06453,USR005,INC01170,1200000,650000,600000,2450000,1850000,allowance,2024-05-26 03:38
BGT06681,USR040,INC04832,2200000,1350000,550000,4100000,3550000,part_time,2024-04-06 23:36
BGT03969,USR064,INC00887,4100000,,1900000,8700000,6800000,freelance,
BGT03697,USR053,INC09710,2900000,1850000,1600000,6300000,4750000,bonus,2024-01-19 06:23
BGT08496,USR034,INC02800,1600000,800000,600000,3050000,2400000,allowance,2023-01-15 10:48
BGT00119,USR034,INC04317,1850000,900000,650000,3400000,2750000,part_time,2023-05-20 00:07
BGT06850,USR061,INC04037,2500000,1800000,1200000,5500000,5250000,freelance,2024-05-13 10:22
BGT05239,USR053,INC08436,3550000,1700000,1300000,6600000,5250000,business,2023-11-13 13:39
BGT04074,USR068,INC07365,4350000rb,2550000,2550000,9450000,6900000,bonus,2023-04-28 13:05
BGT05112,USR065,INC01485,4050000,2300000,2100000,8450000,6350000,business,2024-04-13 11:52
BGT07870,USR053,INC01130,3250000,1750000,1400000,6400000,5000000,freelance,2023-10-27 02:28
BGT09096,USR005,INC01434,1100000,550000,450000,2100000,1650000,scholarship,2024-06-12 13:57
BGT05210,USR004,INC08357,950000,500000,250000,1700000,1450000,allowance,2023-08-27 09:17
BGT03604,USR011,INC01920,1600000,850000,,2850000.00,2450000,scholarship,20/08/2023 17:31
BGT09268,USR071,INC02138,3150000,2150000,1650000,6950000,5300000,business,2023-02-03 11:45
BGT03925,USR060,INC05941,1700000,1050000,650000,3400000,2750000,bonus,2023-01-19 06:16
BGT07817,USR004,INC02038,1450000,850000,500000,2800000,2300000,SCHOLARSHIP,2023-02-05 00:40
BGT04502,USR055,INC06431,3150000,1650000,900000,5700000,3950000,business,2024-05-31 02:42
BGT07326,USR002,INC03527,1050000,600000,450000,2100000,1650000,allowance,27/12/2024 02:39
BGT01129,USR017,INC04390,1350000,800000,500000,2650000,2150000,scholarship,2023-03-23 06:47
BGT00727,USR008,INC08966,1450000,750000,450000,2650000,2200000,part_time,2023-03-14 04:36
BGT04986,USR018,INC02309,1050000,550000,300000,1900000,1600000,part_time,2024-07-23 23:11
BGT03917,USR049,INC07942,3950000,2300000,1350000,7600000,6250000,business,2023-02-21 05:45
BGT08019,USR037,INC01441,2250000,1500000,800000,4550000,3750000,allowance,2023-05-22 02:58
BGT03441,USR058,INC05671,2250000rb,1400000,550000,4200000,3650000,bonus,2023-07-28 16:55
BGT07781,USR048,INC01789,3500000,2000000,750000,6250000,5500000,freelance,2023-11-03 07:33
BGT02550,USR007,INC05059,1300000,750000,700000,2750000,2050000,scholarship,2023-10-29 22:54
BGT08684,USR038,INC02306,1950000,1400000,1050000,4450000,3350000,part_time,2024-11-03 11:11
BGT03654,USR001,INC07598,550000,300000,200000,1050000,850000,allowance,2023-01-31 06:18
BGT02938,USR043,INC02822,2400000,1300000,800000,4500000,3700000,business,2023-11-29 01:40
BGT09263,USR067,INC03160,2250000,1400000,1500000,5100000,3650000,business,2024-05-01 22:14
BGT04984,USR025,INC03037,2600000,1500000,600000,4750000,4100000,internship,2024-03-20 09:09
BGT03107,USR041,INC05950,1700000,1050000,500000,3250000,2750000,freelance,2024-06-01 18:57
BGT01245,USR027,INC05096,950000,500000,250000,1750000,1450000,internship,2024-10-08 06:27
BGT02699,USR062,INC02689,4950000,3000000,1750000,9700000,7950000,salary,2023-02-18 09:10
BGT03191,USR057,INC00435,1800000,1250000,700000,3800000,3050000,bonus,2024-05-12 17:16
BGT02198,USR004,INC02446,1000000,550000,650000,2200000,1550000,part_time,2024-06-01 22:31
BGT08449,USR018,INC05765,850000,550000,250000,1650000,1400000,scholarship,2024-11-26 09:07
BGT08440,USR044,INC02508,1950000,1150000,800000,3900000,3100000,freelance,2023-12-29 05:38
BGT06377,USR051,INC09704,2550000rb,-1450000,1650000,5650000,4000000,business,2023-06-08 14:27
BGT08214,USR071,INC09153,,2350000,1450000,8050000,6600000,bonus,2024-11-19 18:58
BGT09828,USR041,INC00603,4100000,2400000,1250000,,6500000,business,2024-12-28 20:55
BGT02023,USR014,INC00060,750000,500000,350000,1600000,1250000,allowance,2024-07-03 00:04
BGT03013,USR031,INC06353,1100000,,550000,2200000,1650000,freelance,2023-05-07 08:32
BGT09621,USR023,INC05788,2400000,1400000rb,600000,4400000,3800000,allowance,2023-12-22 07:18
BGT00180,USR067,INC01330,3800000,2450000,1650000,7950000,6250000,business,2024-10-08 03:32
BGT01220,USR045,INC06322,3200000,1750000,1000000,5950000,4950000,freelance,2024-06-21 06:47
BGT00212,USR071,INC00547,3250000,1900000,1000000,6100000,5150000,bonus,2024-12-11 02:31
BGT01896,USR026,INC08842,850000,450000,350000,1650000,1300000,freelance,2024-12-21 15:00
BGT07635,USR002,INC01238,800000,600000,400000,1800000,1400000,part_time,2023-10-07 11:19
BGT09852,USR021,INC08140,1350000,800000,400000,2550000,2150000,freelance,2023-01-03 23:07
BGT03265,USR038,INC07891,1700000,900000,500000,3100000,2600000,allowance,2024-03-25 21:21
BGT07152,USR054,INC03531,3800000,2200000,1600000,7600000,6000000,bonus,2023-01-12 15:12
BGT02656,USR017,INC00293,1200000,850000,550000,2600000,2050000,SCHOLARSHIP,2024-08-23 10:10
BGT01726,USR024,INC09732,1650000,1000000,800000,3400000,2650000,internship,2023-03-15 17:36
BGT05418,USR011,INC02834,900000,550000,250000rb,1700000,1450000,scholarship,2023-06-28 09:33
BGT05061,USR021,INC04292,1150000,800000,500000,2450000,1950000,part_time,2023-06-23 01:48
BGT06676,USR020,INC02153,1000000,600000,200000,1850000,1600000,part_time,2024-01-03 06:31
BGT03920,USR057,INC02053,3900000,2400000,950000,7250000,6300000,salary,2023-09-09 00:57
BGT03903,USR033,INC05645,1800000,1200000,550000,3550000,3000000,freelance,2023-01-20 02:46
BGT08691,USR006,INC04847,-800000,500000,350000,1700000,1000000,scholarship,2023-04-18 01:57
BGT03195,USR002,INC01552,1600000,950000,350000,2900000,2550000,scholarship,2024-12-26 22:23
BGT01563,USR046,INC08684,1400000,1100000,700000,3200000,2500000,bonus,2023-12-31 16:40
BGT04957,USR059,INC05798,3950000,2350000,1050000,7350000,6300000,freelance,14/12/2024 17:17
BGT06896,USR005,INC09156,1150000,800000,600000,2600000,1950000,allowance,2023-08-24 00:15
BGT00800,USR032,INC08712,2300000,1450000,1150000,4900000,3750000,part_time,2023-06-08 20:43
BGT09448,USR013,INC08084,1000000,550000,450000,2050000,1550000,allowance,18/03/2023 00:01
BGT01197,USR009,INC09918,650000,400000,300000,1400000,1050000,allowance,2023-03-26 08:00
BGT06454,USR019,INC08233,650000,350000,250000,1250000,1250000,part_time,2023-02-02 06:10
BGT05160,USR070,INC00707,3200000,2050000,1150000,6350000,5250000,freelance,2023-09-13 12:31
BGT01425,USR071,INC07982,4300000,,2550000,9400000,6850000,salary,2024-08-14 23:22
BGT02140,USR017,INC06053,1500000,900000,550000,2950000,2400000,allowance,2024-11-17 03:16
BGT07417,USR057,INC05710,4150000,2050000,1450000,7650000,6200000,bonus,2024-03-27 03:04
BGT07088,USR006,INC06000,1050000,600000,250000,1950000,1650000,,23/03/2023 23:48
BGT00781,USR002,INC06397,1050000,-600000,300000,1950000,1650000,part_time,2024-07-10 01:56
BGT02743,USR059,INC07884,2500000,1400000rb,800000,4700000,3900000,freelance,2023-11-20 15:50
BGT01459,USR040,INC00008,1300000,750000,300000,2400000,2050000,part_time,2023-03-18 22:18
BGT06128,USR035,INC02191,2300000,1300000,600000,4200000,3600000,freelance,2023-01-23 03:00
BGT01124,USR022,INC08446,1150000,600000,450000,2150000,1750000,freelance,2023-04-23 09:01
BGT04414,USR017,INC04590,800000rb,500000,250000,1550000,1300000,part_time,2024-07-04 11:53
BGT05386,USR051,INC01458,1850000,1050000,950000,3850000,2900000,bonus,2024-07-04 05:13
BGT06064,USR046,INC05331,2350000,1600000,1300000,5250000,3950000,bonus,2024-06-09 03:46
BGT00961,USR001,INC08265,1100000,750000,400000,2250000,1850000,part_time,2023-09-05 23:58
BGT05640,USR006,INC04620,1350000,800000,600000,2750000,2150000,part_time,2023-07-05 02:32
BGT04178,USR066,INC07061,2450000,1500000,1050000,4950000,3950000,bonus,2024-07-04 17:16
BGT05336,USR057,INC06971,1800000,1100000rb,900000,3800000,2900000,business,2023-05-25 14:21
BGT01886,USR049,INC08405,,1650000,1350000,5950000,4550000,business,2023-06-16 22:28
BGT07026,USR037,INC01208,1650000,950000,400000,3000000,2600000,internship,2023-11-23 17:36
BGT03537,USR069,INC03691,2250000,1400000,800000,4450000,3650000,salary,2023-10-25 15:33
BGT00465,USR013,INC06628,1300000,900000,650000,2850000rb,2200000,allowance,2024-07-10 08:16
BGT05148,USR015,INC01456,1300000,800000,600000,2700000,2100000,scholarship,2024-03-04 14:50
BGT00801,USR011,INC03645,1250000,750000,350000,2350000,2000000,part_time,2023-09-05 00:23
BGT00806,USR014,INC01011,850000,450000,200000,1500000,1300000,scholarship,2024-03-24 17:23
BGT08143,USR013,INC04933,1000000rb,600000,650000,2300000,1600000,allowance,2024-02-26 22:10
BGT04639,USR036,INC08998,2400000,1200000,850000,4400000,3600000,allowance,
BGT05833,USR028,INC04751,1050000,550000,300000,1900000,1600000,allowance,2024-07-19 22:55
BGT01300,USR023,INC04880,1900000,1150000,1200000,,3050000,allowance,2024-11-05 23:23
BGT00348,USR031,INC00790,1850000,1000000,1050000,3900000,2850000,freelance,2024-03-02 05:02
BGT08518,USR012,INC06179,1550000,800000,450000,2800000,2350000,allowance,2024-10-31 12:51
BGT09398,USR057,INC00218,,1750000,1150000,6000000,4850000,salary,2023-11-27 06:03
BGT07530,USR053,INC07729,3500000,1700000,1150000,6350000,5200000,business,
BGT02899,USR060,INC06531,1650000,1000000,800000,3400000,2650000,salary,2023-07-27 05:43
BGT03832,USR063,INC02024,4100000,2600000,2000000,8750000,6700000,salary,2024-05-07 05:29
BGT04822,USR018,INC00420,850000,550000,500000,1900000,1400000,allowance,2023-04-25 16:01
BGT00904,USR042,INC06897,1750000,950000,450000,3150000,2700000,freelance,2024-08-06 14:04
BGT04814,USR017,INC05375,750000,,200000,1400000,1200000,scholarship,2023-08-15 15:01
BGT03964,USR035,INC08327,1950000,1050000,700000,3700000rb,3000000,part_time,2023-05-27 13:51
BGT07312,USR050,INC06072,3100000,1950000,1850000,6900000,5050000,freelance,2024-05-10 16:45
BGT00392,USR009,INC09306,850000,600000,500000,1900000,1450000,allowance,2023-05-03 21:40
BGT06306,USR035,INC01784,1400000,700000,500000,2600000,2100000,internship,2023-11-15 12:25
BGT04140,USR053,INC03975,2600000,1400000,1050000,5050000,4000000,freelance,2023-01-28 03:06
BGT07526,USR011,INC03218,900000,500000,450000,1850000,1400000,part_time,2024-01-26 12:59
BGT00429,USR009,INC09463,1050000,650000,400000rb,2100000,1700000,scholarship,2024-12-29 02:19
BGT03835,USR059,INC07270,1650000,1000000,600000,3250000,2650000,bonus,2024-03-07 16:43
BGT04346,USR041,INC00054,3100000,2100000,1300000,6500000,5200000,freelance,2023-08-22 03:51
BGT06282,USR034,INC07719,2150000,1500000,900000,4600000,3650000,part_time,2024-02-12 20:57
BGT04611,USR065,INC08847,2850000,1800000,750000,5400000,4650000,INVESTMENT_RETURN,2023-04-01 08:46
BGT04915,USR041,INC04282,3200000,1700000,1250000,6150000,4900000,FREELANCE,2024-04-06 08:03
BGT05650,USR031,INC02011,1700000,1050000,650000,3350000,2750000,allowance,2023-07-26 13:41
BGT02607,USR026,INC02842,1200000,650000,450000,2250000,1850000,allowance,2024-08-24 05:24
BGT06682,USR003,INC04640,1450000,900000,500000,2850000,2350000,scholarship,2024-04-28 17:07
BGT03101,USR065,INC05768,1900000,1200000,900000,4000000,3100000,investment_return,09/01/2024 21:37
BGT06002,USR072,INC09504,3800000,2400000,850000,7050000,6200000,salary,2024-02-16 00:27
BGT04456,USR052,INC09460,1450000,1000000,700000,3200000,2500000,bonus,2024-08-13 04:24
BGT07769,USR014,INC05315,600000,400000,300000,1300000,1000000,part_time,2023-12-18 22:41
BGT03088,USR019,INC05219,1000000,700000,400000,2100000,1700000,scholarship,2024-03-26 08:56
BGT07641,USR064,INC09087,4350000,2200000,1950000,,6550000,salary,2023-09-21 05:13
BGT04121,USR058,INC09367,2400000,1350000,1050000,4850000,3750000,freelance,2024-09-13 16:23
BGT01313,USR061,INC09280,4300000,,2050000,9000000,6900000,salary,2024-08-16 17:36
BGT03762,USR002,INC08052,1350000,900000,550000,2850000,2250000,allowance,20/04/2023 00:09
BGT08400,USR045,INC09185,3800000,2050000,1650000,7500000,5850000,salary,2024-04-29 17:30
BGT09912,USR037,INC02702,1400000,750000,550000,2700000,2150000,,2024-11-29 15:34
BGT09003,USR027,INC06349,2100000,1100000,950000,4150000,3200000,freelance,2023-04-23 01:07
BGT00976,USR021,INC09292,1300000,850000,500000,2700000,2150000,allowance,2024-01-23 06:09
BGT07864,USR044,INC07172,3550000,2150000,850000,6550000,5700000,freelance,2023-10-05 10:46
BGT03431,USR001,INC05109,650000,400000,200000,1200000,1050000,part_time,2024-08-07 06:10
BGT00989,USR038,INC04474,1550000,1000000,450000,3000000,2550000,freelance,2024-10-26 04:14
BGT05932,USR015,INC00022,850000,500000,400000,1750000,1350000,scholarship,2023-12-30 09:56
BGT04875,USR025,INC03326,1450000,800000,700000,3000000,2250000,allowance,2023-11-02 03:36
BGT00672,USR035,INC02033,1000000,650000,550000,2200000,1650000,freelance,2024-11-14 15:08
BGT04810,USR021,INC01041,1250000,650000,450000,2350000,1900000,freelance,2024-10-19 17:33
BGT09635,USR051,INC07756,2850000,1800000,1050000,5700000,4650000,bonus,2024-12-19 03:01
BGT04703,USR052,INC03487,2200000,1500000,700000,4400000,3700000,salary,2024-11-30 16:58
BGT05344,USR005,INC07800,1450000,700000,500000,2600000,2150000,allowance,2024-11-21 07:47
BGT00475,USR072,INC08304,4600000,2500000,1550000,8650000rb,7100000,salary,2024-04-05 20:16
BGT04517,USR037,INC00035,1600000,950000,350000,2900000,2550000,part_time,2024-05-24 17:40
BGT07702,USR050,INC04051,,1100000,550000,3300000,2750000,bonus,2023-12-05 13:48
BGT00700,USR004,INC01226,850000,450000,200000,1500000,1300000,part_time,2024-07-18 21:23
BGT08758,USR047,INC02045,2300000,1450000,1250000,5000000,3750000,freelance,2023-12-28 22:03
BGT01750,USR033,INC08323,2200000,1250000,1400000,4850000,3450000,part_time,2023-09-25 12:00
BGT04576,USR003,INC06699,550000,300000,300000,1150000,850000,allowance,2024-09-27 17:04
BGT00892,USR065,INC07360,2450000,1450000,650000,4550000,3900000,business,
BGT02630,USR066,INC07574,3600000,2000000,1050000,6700000,5600000,bonus,2024-10-22 10:58
BGT06149,USR021,INC04280,850000,550000,500000,1900000,1400000,part_time,18/07/2023 11:14
BGT01694,USR010,INC07842,700000,400000,300000,1400000,1100000,allowance,2024-09-03 11:09
BGT00590,USR025,INC02921,1200000,750000,500000,2450000,1950000,internship,2024-10-30 04:32
BGT09156,USR011,INC02291,1200000,,600000,2500000,1900000,scholarship,2024-09-30 09:16
BGT09362,USR008,INC05330,750000,500000,400000,1650000,1250000,scholarship,2023-02-26 08:39
BGT04607,USR020,INC02715,900000,400000,300000,1600000,1300000,scholarship,2023-07-14 10:41
BGT06298,USR072,INC04680,2450000,1450000,1200000,5100000,3900000,freelance,2024-08-15 04:24
BGT06483,USR025,INC09748,1700000,1200000,900000,3800000rb,2900000,freelance,2023-06-04 03:27
BGT04605,USR038,INC08243,1100000,650000,400000,2150000,1750000,internship,2024-09-16 00:33
BGT08514,USR074,INC00146,3900000,2450000,2100000,8450000,6350000,business,2024-04-26 16:48
BGT05663,USR075,INC06121,4000000,2200000,1100000,7250000,6200000,salary,2024-02-28 17:54
BGT03454,USR030,INC00592,1650000,1000000,800000,3400000,2650000,internship,2023-05-07 14:28
BGT09890,USR061,INC06723,2600000,,550000,4600000,4050000,freelance,2023-11-03 19:29
BGT05217,USR018,INC01244,1600000,850000,550000,,2450000,part_time,2023-10-03 13:32
BGT00614,USR049,INC06068,2200000,1550000,1250000,4950000,3750000,freelance,2023-03-03 02:45
BGT00314,USR068,INC03429,3100000,1650000,800000,5550000,4750000,INVESTMENT_RETURN,2024-06-23 14:20
BGT03509,USR017,INC02234,700000,400000,400000,1500000,1100000,scholarship,2023-03-01 00:32
BGT09513,USR055,INC02587,3550000,2100000,700000,6300000.00,5650000,freelance,2024-03-29 03:05
BGT06538,USR018,INC09820,1000000,700000,350000,2050000,1750000,allowance,2023-07-04 07:29
BGT07228,USR012,INC02824,700000,450000,200000,1300000,1150000,scholarship,2024-10-03 22:56
BGT09731,USR005,INC01175,1450000,950000,600000,3000000,2400000,part_time,2023-05-29 06:40
BGT00331,USR057,INC02513,1550000,1050000,450000,3050000,2600000,business,2024-03-30 05:58
BGT08250,USR056,INC03881,3900000,2600000,1450000,,6500000,business,
BGT03465,USR011,INC06827,950000,600000,300000,1850000,1550000,scholarship,2023-03-12 09:12
BGT01804,USR053,INC02716,3550000,2050000,1200000,6800000,5600000,salary,2024-04-09 01:06
BGT02610,USR045,INC06444,3500000,1800000,1100000,6400000,5300000,salary,2024-08-14 23:03
BGT00065,USR071,INC02509,2650000,1700000,,5600000,4350000,investment_return,2023-01-12 09:55
BGT03040,USR069,INC05485,2200000,,900000,4350000,3400000,freelance,2023-03-22 19:05
BGT04568,USR068,INC00070,4400000,2300000,1800000,8500000,6700000,investment_return,2024-06-25 23:49
BGT07020,USR059,INC07418,2300000,1250000,650000,4200000,3550000,bonus,16/02/2024 19:22
BGT03304,USR029,INC00804,,1200000,750000,3900000,3150000,freelance,2023-03-16 00:46
BGT00771,USR059,INC01202,3600000,1750000,1200000,6550000,5350000,salary,2024-01-16 03:23
BGT07197,USR030,INC09797,2600000,,700000,4650000,3950000,freelance,2024-10-21 11:08
BGT09226,USR073,INC07839,2250000,1500000,1050000,4800000,3750000,SALARY,2023-10-28 13:35
BGT05981,USR036,INC00094,1400000,800000,800000,3000000,2200000,freelance,2024-10-14 15:09
BGT06671,USR044,INC05510,,1050000,800000,3600000,2800000,bonus,2023-02-18 23:24
BGT03158,USR008,INC07667,550000,300000,150000,1000000,850000,scholarship,2023-11-18 00:28
BGT01958,USR016,INC01137,1100000,600000,450000,2150000,1700000,allowance,2023-03-31 02:09
BGT00203,USR066,INC00319,4700000,3400000,1900000,9950000,8100000,bonus,2023-02-25 07:14
BGT03989,USR021,INC02298,900000,650000,450000,1950000,1550000,freelance,2023/12/28 09:07
BGT07877,USR067,INC06530,2100000,1300000,950000,4400000,3400000,freelance,2023-05-12 18:37
BGT02254,USR002,INC06151,950000,750000,450000,2150000,1700000,allowance,2024-10-04 00:36
BGT00372,USR071,INC06047,3250000,2200000,1450000,6950000,5450000,business,2023/04/12 16:33
BGT01481,USR063,INC06451,3950000,2600000,2200000,8750000,6550000,freelance,2023-08-12 05:55
BGT03416,USR014,INC07635,850000,550000,450000,1850000,1400000,scholarship,2024-06-10 02:24
BGT07983,USR014,INC07874,950000,-600000,450000,2000000,1550000,allowance,2024-10-11 00:57
BGT06488,USR058,INC04250,2100000,1200000,1150000,4450000,3300000,business,2023-04-29 14:55
BGT09911,USR066,INC02933,3900000,1950000,1200000,7050000,5850000,freelance,2023-05-02 07:38
BGT01199,USR073,INC00162,2800000,1950000,1050000,5800000,4750000,bonus,2023-08-28 06:30
BGT01224,USR002,INC08385,600000,450000,250000,1350000,1050000,part_time,2023-08-10 15:40
BGT08612,USR038,INC03390,2250000,1250000,750000,4250000,3500000,FREELANCE,2024-08-25 19:18
BGT03528,USR038,INC05771,1250000,850000,600000,2700000,2100000,part_time,
BGT04289,USR055,INC04600,3250000,2450000,1700000,7400000,5700000,salary,2023-02-20 00:03
BGT00616,USR041,INC06398,2700000,1750000,1200000,5650000,4450000,freelance,2023-03-05 15:54
BGT05331,USR023,INC04005,1150000,700000,400000,2250000,1850000,allowance,2024-10-26 18:48
BGT09301,USR043,INC05448,3050000,2100000,1200000,6350000,6500000,bonus,2023-11-09 06:42
BGT01592,USR013,INC00441,1000000,450000,300000,1800000,1450000,scholarship,2024-04-22 03:27
BGT02682,USR023,INC09058,1500000rb,800000,400000,2700000,2300000,internship,2023-10-31 22:06
BGT06014,USR033,INC05119,1250000,650000,400000,2250000,1900000,freelance,2023-08-05 03:06
BGT06973,USR025,INC02325,1200000,900000,600000,2700000,2100000,freelance,2023-05-28 15:33
BGT06152,USR068,INC06569,4100000,,1400000,7700000,6350000,INVESTMENT_RETURN,2023-04-01 10:16
BGT02562,USR062,INC00858,3350000,-1750000,1450000,6550000,5100000,investment_return,2023-09-28 09:18
BGT09419,USR051,INC01436,3000000,1700000,1600000,6300000,4700000,salary,2024/05/18 08:53
BGT04181,USR007,INC08851,1350000,950000,650000,2950000,2300000,scholarship,2024-06-19 20:50
BGT05311,USR001,INC05092,950000,550000,500000,2000000,1500000,allowance,2023-04-27 21:01
BGT05098,USR068,INC08256,2750000,1600000,1050000,,4350000,business,2024-05-14 23:28
BGT01493,USR005,INC06558,900000,600000,500000,2050000,1500000,part_time,2023-08-12 02:22
BGT07568,USR069,INC03148,4400000,2550000,1200000,8150000,6950000,salary,2023-07-22 20:49
BGT08594,USR015,INC01428,950000,500000,450000,1850000,1450000,scholarship,2024-12-23 03:22
BGT05053,USR016,INC08730,1250000,750000,350000,2400000,2000000,scholarship,2024-06-03 05:54
BGT05142,USR070,INC04307,3500000,1750000,1250000,6450000,5250000,business,2023-06-19 20:15
BGT09536,USR017,INC01494,1300000,850000,500000,2650000,2150000,scholarship,2023-02-05 04:18
BGT06409,USR006,INC06201,1250000,750000,400000,2400000,2000000,scholarship,2024-02-21 17:58
BGT05257,USR055,INC05143,2250000,1600000,1300000,5150000,3850000,salary,
BGT06674,USR004,INC09277,1200000,750000,650000,2650000,1950000,scholarship,2023-01-05 15:28
BGT09508,USR005,INC04886,450000,300000,200000,1000000,750000,scholarship,2024-09-13 08:47
BGT09289,USR061,INC01466,2800000,1550000,,5550000,4350000,freelance,2023-04-01 06:42
BGT05695,USR044,INC04986,3450000,2200000,1000000,6650000,5650000,salary,2023-08-23 20:39
BGT04686,USR067,INC05633,4700000,3050000,1800000,9600000,7750000,salary,2024-04-25 23:57
BGT00142,USR046,INC02492,1550000,900000,1050000,3500000,2450000,freelance,2024-04-23 01:40
BGT07982,USR010,INC07479,1150000,750000,650000,2550000,1900000,allowance,2023-04-07 20:38
BGT08624,USR012,INC04219,1350000,850000,350000,2550000,2250000,scholarship,2024-11-11 14:56
BGT08229,USR064,INC05970,2650000,1600000,1500000,5800000,4250000,bonus,2023-10-06 02:55
BGT03540,USR005,INC02126,800000,500000,250000,1550000,1300000,part_time,2023-08-08 03:33
BGT01576,USR051,INC02892,4000000,2550000,1000000,7500000,6550000,salary,2023-05-06 21:40
BGT05469,USR056,INC07321,2800000,1650000,1100000,5550000,4450000,freelance,2024-10-17 19:13
BGT01911,USR041,INC08926,3600000,2350000,1200000,7150000,5950000,business,2024-08-09 04:20
BGT03568,USR052,INC05825,3800000,2550000,1600000,7900000,6350000,bonus,2023-01-03 10:56
BGT05543,USR012,INC07178,550000,300000,250000,1150000,850000,scholarship,2023-06-01 10:57
BGT02856,USR016,INC01845,800000,550000,350000,1750000,1350000,scholarship,2023-04-20 19:20
BGT05919,USR066,INC09057,4150000,2500000,1200000,7850000,6650000,bonus,
BGT06945,USR001,INC00079,1300000,850000,700000,2900000,2150000,part_time,2023-12-22 01:23
BGT08476,USR013,INC07754,1000000,550000,400000,1900000,1900000,allowance,2023-10-29 19:38
BGT06041,USR050,INC01197,4000000,2350000,800000,7100000,6350000,,2023-06-17 17:03
BGT03952,USR047,INC04665,2500000,1700000,1100000,5300000,4200000,bonus,2023-10-06 06:20
BGT07548,USR049,INC09137,1600000,850000,800000,3300000,2450000,freelance,2024-04-19 16:28
BGT07994,USR014,INC08281,800000,450000,450000,1700000,1250000,scholarship,2024-12-11 23:42
BGT06072,USR023,INC04958,1500000,1050000,750000,3350000,2550000,freelance,2023-05-20 12:47
BGT06065,USR065,INC00307,5300000,2850000,1650000,9850000,8150000,salary,
BGT07724,USR047,INC01506,3700000,1900000,1400000,,5600000,business,2024-05-14 03:16
BGT04002,USR064,INC08619,3400000,1800000,1450000,6700000,5200000,business,2023-04-23 00:48
BGT03565,USR074,INC04430,2100000,1300000,1250000,4700000,3400000,bonus,2024-03-24 03:05
BGT07106,USR041,INC08099,3450000,1850000,1100000,6350000,5300000,bonus,2024-08-13 15:58
BGT02478,USR006,INC04477,1650000rb,850000,500000,3000000,2500000,part_time,2024-10-31 15:17
BGT07478,USR040,INC06867,1700000,900000,550000,3150000,2600000,part_time,2023-01-07 03:38
BGT08546,USR029,INC02334,1950000,1100000,450000,3500000,3050000,freelance,2023-05-17 07:11
BGT02697,USR032,INC05272,1200000,650000,400000,2250000,1850000,internship,2023-06-30 22:23
BGT03361,USR002,INC01052,850000,450000,200000,1500000,1300000,part_time,2024-10-23 17:50
BGT09190,USR021,INC02081,1700000,950000,750000,3400000,2650000,part_time,2024-10-02 13:03
BGT08801,USR053,INC09449,-1400000,1000000,750000,3150000,2400000,freelance,2023-07-27 22:26
BGT09511,USR029,INC03263,2650000,1700000,600000,4950000.00,4350000,allowance,2024-08-04 04:09
BGT07463,USR001,INC08558,1050000,650000,600000,2300000,1700000,part_time,2024-01-10 07:44
BGT04045,USR072,INC01802,4200000,2300000,1150000,7600000,6500000,bonus,2024-07-07 07:03
BGT05184,USR011,INC08289,800000,500000,400000,1650000,1300000,allowance,2023-11-24 02:26
BGT01472,USR052,INC02378,3150000,1800000,850000,5800000,4950000,business,2024-07-02 09:52
BGT02617,USR045,INC02448,1750000,1250000,1000000,4000000,3000000,freelance,2023-02-07 23:18
BGT01948,USR003,INC02783,650000,400000,250000,1300000,1050000,part_time,2024-04-06 16:21
BGT04530,USR056,INC07762,2300000,,850000,4550000,3650000,freelance,2023/09/25 22:19
BGT06540,USR041,INC08528,1650000,950000,750000,3350000,2600000,bonus,2023-08-10 16:59
BGT01214,USR032,INC01603,1100000,750000,500000,2350000,1850000,internship,2023-12-20 05:53
BGT08278,USR048,INC06937,3200000,1850000,900000,5900000,6250000,freelance,07/06/2024 06:07
BGT06452,USR065,INC05718,2550000,1450000,1200000,,4000000,investment_return,2023-02-23 23:42
BGT01476,USR066,INC02694,3150000,1950000,1900000,7050000,5100000,business,2023-04-29 01:20
BGT03488,USR007,INC09101,1300000,-700000,700000,2700000,2000000,allowance,2023-02-17 06:32
BGT09216,USR072,INC00539,2700000,1850000,1200000,5750000,4550000,salary,2023-03-15 20:02
BGT06137,USR065,INC07707,2900000,1750000,750000,5400000,4650000,investment_return,2023-12-03 08:44
BGT02334,USR070,INC02789,4500000,2450000,1750000,8700000,6950000,business,2023-08-20 07:07
BGT08822,USR050,INC06994,2750000,1900000,1650000,6300000,4650000,freelance,2023-06-27 04:08
BGT09550,USR047,INC01889,4100000,2350000,1150000,7550000,6450000,business,2024-07-25 06:42
BGT01147,USR015,INC08299,1050000,600000,550000,2200000,1650000,scholarship,2023-06-11 16:27
BGT04513,USR037,INC08527,1700000,1100000,850000,3600000,2800000,allowance,2024-08-27 07:46
BGT00106,USR011,INC02137,1200000,,600000,2450000,1850000,part_time,2024-03-21 18:53
BGT04468,USR075,INC05411,2300000,1400000,1300000,5050000,3700000,freelance,2023-01-04 07:42
BGT07763,USR070,INC04732,3300000,,700000,6000000,5300000,investment_return,2024-04-27 12:01
BGT03518,USR026,INC01258,2200000,1300000,1000000,4500000,3500000,allowance,2023-05-08 15:13
BGT09668,USR010,INC07956,550000,300000,150000,1000000,850000,ALLOWANCE,2024-01-06 16:36
BGT00173,USR032,INC02312,1450000,850000,800000,3100000,2300000,freelance,2024-08-17 12:22
BGT00050,USR064,INC00946,2950000,2050000,1400000,6450000,5000000,investment_return,2023-06-26 05:59
BGT05583,USR003,INC06739,1400000,750000,650000,2800000,2150000,scholarship,2023-03-24 23:27
BGT00981,USR025,INC08796,2050000rb,1150000,1150000rb,4350000,3200000,allowance,2023-02-24 19:10
BGT08475,USR074,INC09735,2750000,1700000,550000,5000000,4450000,business,2024/12/06 14:15
BGT05598,USR046,INC09657,3850000,2250000,1450000,7550000,6100000,freelance,
BGT04049,USR005,INC02791,1200000,,550000,2450000,1900000,allowance,23/10/2024 23:45
BGT03839,USR046,INC05206,3700000,2300000,750000,6750000,6000000,salary,2023-02-06 10:39
BGT03594,USR064,INC08077,4100000,2700000,1400000,8250000,6800000,salary,2024-10-18 23:09
BGT08640,USR038,INC04275,2150000,1250000,900000,4300000,3400000,allowance,2023-07-14 03:19
BGT02073,USR036,INC06687,2400000,1250000,700000,4350000,3650000,internship,2024-10-13 13:02
BGT07887,USR050,INC07465,2950000,2050000,1050000,6050000,5000000,bonus,2023-03-11 07:08
BGT06708,USR032,INC05469,1100000,750000,500000,2350000,1850000,part_time,2024-09-09 09:05
BGT07195,USR065,INC04645,3550000,1700000,1250000rb,6450000,5250000,salary,2023-02-26 12:03
BGT00860,USR055,INC02544,3050000,2050000,1500000rb,6600000,5100000,business,2023-04-23 02:32
BGT07703,USR056,INC07498,3600000,1950000,1000000,6550000,5550000,business,2024-10-23 14:17
BGT09949,USR021,INC04194,1300000,750000,850000,2850000,2050000,allowance,2024-06-29 20:29
BGT08316,USR001,INC06089,650000,350000,250000,1250000,1000000,scholarship,2024-10-05 09:12
BGT03544,USR022,INC05405,2250000,1450000,700000,4400000,3700000,allowance,2024-12-14 00:40
BGT02226,USR061,INC03929,2850000,1800000,650000,,4650000,business,
BGT07145,USR056,INC09653,4400000,2150000,1450000,8000000,6550000,business,2024-12-29 04:48
BGT01479,USR024,INC06716,700000,400000,400000,1500000,1100000,freelance,2024-02-26 07:12
BGT08898,USR020,INC00605,1300000,800000,400000,2500000,2100000,scholarship,2023-02-11 12:05
BGT09560,USR005,INC01813,600000,300000,200000,1150000,900000,allowance,2023-03-21 14:32
BGT07943,USR010,INC03063,600000,400000,200000,1250000,1000000,scholarship,2024-04-10 00:52
BGT05930,USR021,INC05574,2200000,1700000,1100000,5000000,3900000,part_time,2024-04-14 02:34
BGT06190,USR010,INC02905,950000,550000,,1900000,1500000,part_time,2023-01-14 14:38
BGT01540,USR008,INC00398,,650000,450000,2000000,1550000,allowance,2024-02-22 21:22
BGT09812,USR020,INC02597,650000,350000,250000,1250000,1000000,part_time,2024-11-04 06:59
BGT08377,USR042,INC02170,3200000,2300000,1650000,7150000,5500000,freelance,2024-06-24 17:06
BGT00114,USR011,INC05519,950000,600000,250000,1750000,1550000,part_time,2023-11-12 21:20
BGT08931,USR061,INC08545,4650000,2800000rb,1300000,8800000,7450000,business,2024-06-18 21:55
BGT08327,USR060,INC01605,2250000,1500000,800000,4550000,3750000,salary,2023-11-19 16:38
BGT08646,USR064,INC00975,3550000,2300000,1100000,7000000,5850000,BUSINESS,2023-06-18 15:32
BGT05945,USR039,INC08086,2000000,1300000,900000,4200000,3300000,internship,2024-12-28 09:34
BGT07480,USR007,INC08346,650000,400000,200000,,1050000,part_time,2024-10-21 17:59
BGT06641,USR017,INC01010,,550000,500000,2050000,1550000,part_time,2023-12-05 17:30
BGT08806,USR061,INC00666,3250000,1800000,1700000,6750000,5050000,investment_return,2024-08-11 03:18
BGT05616,USR005,INC02912,1500000,1000000,450000,2950000,2500000,part_time,2023-05-01 18:33
BGT01670,USR061,INC08825,3700000,2650000,1400000,7750000,6350000,bonus,
BGT02442,USR030,INC02962,1600000,1200000,750000,3600000,2800000,internship,2024-12-01 07:16
BGT07656,USR019,INC00276,550000,400000,250000,1200000,950000,part_time,2024-03-09 13:32
BGT05361,USR040,INC02873,1250000,,700000,2750000,2050000,internship,2023-02-22 21:35
BGT08989,USR039,INC03674,1750000,1350000,800000,3900000,3100000,part_time,2023-10-30 12:51
BGT06284,USR054,INC04642,2250000,1150000,1000000,4450000,3400000,bonus,2023-08-04 10:39
BGT07214,USR008,INC09198,550000,300000,250000,1100000,850000,scholarship,2024-02-14 09:00
BGT03189,USR074,INC03417,,2500000,,8550000,6850000,business,2023-01-25 10:28
BGT07846,USR058,INC01150,1750000,,800000,3600000,2800000,salary,2024-11-12 23:40
BGT07704,USR038,INC01129,1050000,700000,350000,2100000,1750000,part_time,2023/06/16 19:15
BGT09532,USR035,INC03939,2500000,1200000,850000,4550000,3700000,part_time,2023-04-02 13:12
BGT00861,USR008,INC06379,950000,600000,400000,1950000,1550000,allowance,2023-11-08 07:08
BGT04206,USR037,INC01953,750000,400000,400000,1550000,1150000,part_time,2023-10-12 23:50
BGT08382,USR037,INC09908,1400000,750000,450000,2550000,2150000,part_time,2023-10-04 16:17
BGT04521,USR063,INC04114,2200000,1200000,,4600000,3400000,investment_return,2024-12-11 22:46
BGT04445,USR069,INC02967,4200000,2350000,,7600000,6550000,freelance,2023-07-20 11:56
BGT04992,USR034,INC03915,900000,550000,350000,1800000,1450000,part_time,2024-10-13 20:25
BGT04909,USR050,INC09154,4100000,2300000rb,1300000,7750000,5050000,business,2024-05-03 19:25
BGT08678,USR060,INC06038,1950000,1100000,550000,3600000,3050000,freelance,2024-10-10 05:13
BGT08836,USR019,INC01072,1250000,800000,800000,2850000,2050000,allowance,2024-04-05 09:02
BGT01655,USR002,INC09097,950000,700000,400000,2050000,1350000,part_time,2023-11-09 11:59
BGT08710,USR039,INC05643,2050000,1150000,800000,4050000,3200000,freelance,2024-06-15 08:11
BGT03444,USR036,INC07548,2350000,1400000,1250000,5000000,3750000,allowance,2023-08-16 07:09
BGT08013,USR042,INC09332,3050000,2200000,1400000,6650000,5250000,business,2024-03-22 05:57
BGT06352,USR006,INC08526,600000,300000,250000,1150000,900000,scholarship,2024-07-19 08:23
BGT02386,USR013,INC01062,650000,400000,200000,1250000,1050000,SCHOLARSHIP,2023-08-08 16:46
BGT03625,USR069,INC06965,2300000,1500000,800000,4600000,3800000,investment_return,2023/12/11 20:23
BGT07745,USR021,INC05815,2250000,1300000,1300000,4850000,3550000,internship,2023-05-24 09:08
BGT09241,USR064,INC00467,2300000,1350000,450000,4150000,3650000,freelance,2024-08-18 05:18
BGT07543,USR024,INC07964,950000,550000,300000,1800000,1500000,internship,21/02/2023 13:01
BGT07696,USR025,INC09056,1750000,1050000,1100000,3900000,2800000,part_time,2024-11-07 00:24
BGT08668,USR038,INC09353,1850000,1300000,800000,3950000,3150000,internship,2024-09-27 04:11
BGT03092,USR019,INC08103,1050000,,450000,2200000,1750000,allowance,2023-04-04 06:34
BGT09594,USR072,INC00277,4000000,2100000,1150000,7250000,6100000,salary,2024-02-13 10:22
BGT07797,USR005,INC06806,850000,500000,500000,1850000,1350000,part_time,2023-09-27 23:16
BGT02859,USR073,INC08276,3350000,1800000,1050000,6200000,5150000,freelance,2023-11-09 04:08
BGT08412,USR043,INC03237,2050000,1100000,700000,3850000,3150000,business,2024-04-20 15:10
BGT02826,USR029,INC04084,1650000,1050000,1000000,3700000,2700000,internship,2023-08-08 00:52
BGT07690,USR046,INC03740,3100000,2000000,,6100000,5100000,bonus,
BGT05436,USR011,INC04066,1400000,850000,350000,2550000,2250000,part_time,2023-01-15 11:54
BGT08661,USR053,INC04742,2600000,1300000,1150000,5050000,3900000,salary,2024-09-25 17:16
BGT08384,USR051,INC03552,3450000,2200000,2000000,7650000,5650000,salary,2024-06-02 17:34
BGT06337,USR063,INC07441,5000000,3350000,1450000,9800000,8350000,salary,2024-11-10 12:29
BGT07951,USR073,INC07166,3650000,2150000,950000,6750000,5800000,business,2023-04-16 19:36
BGT06754,USR052,INC01824,1900000,1300000,700000,3900000,3200000,bonus,2023-11-29 08:04
BGT01836,USR036,INC01355,1000000,600000,300000,1900000,1600000,part_time,2023-05-30 06:46
BGT04653,USR026,INC00136,2500000,1500000,950000,4950000,4000000,internship,2024-05-25 18:59
BGT08409,USR069,INC03005,2650000,1800000,1200000,5600000,4450000,salary,2024-04-01 04:53
BGT02390,USR065,INC09338,3150000,2350000,1400000,6900000,5500000,freelance,2024-12-22 13:18
BGT05797,USR031,INC01423,950000,600000,500000,2000000,1550000,internship,2023-02-18 05:59
BGT03934,USR028,INC01830,,1300000,1250000,,3350000,allowance,2023-01-26 07:27
BGT01230,USR001,INC09078,600000,350000,250000,1200000,950000,allowance,2023-09-03 21:38
BGT07217,USR066,INC06578,3650000,2050000,1350000,7000000,5700000,salary,2024-12-04 13:05
BGT09128,USR007,INC02685,750000,600000,350000,1700000rb,1350000,part_time,2023-09-29 12:22
BGT00764,USR053,INC05857,2800000,1850000,1750000,,4650000,bonus,2024-03-25 16:32
BGT03583,USR001,INC04883,,950000,450000,2900000,2450000,part_time,2024-12-03 21:08
BGT03172,USR036,INC05282,1050000,600000,500000,2150000,1650000,allowance,2023-09-03 19:44
BGT02302,USR036,INC02302,1600000,1000000,400000,3000000,2600000,internship,2024-07-17 08:32
BGT05099,USR032,INC00413,2600000,1250000,800000,4650000,3850000,allowance,2023-03-28 08:38
BGT09100,USR035,INC07322,1300000,650000,600000,2500000,1950000,freelance,2023-08-16 06:14
BGT02277,USR015,INC03342,1200000,850000,500000,2600000,2050000,allowance,2023/01/29 16:32
BGT01693,USR044,INC06764,1650000,800000,600000,3050000,2450000,business,2024-03-16 11:52
BGT09150,USR056,INC10000,3500000,2050000,,7250000,5550000,freelance,2023-08-29 06:15
BGT02222,USR037,INC06904,700000,500000,400000,1600000,1200000,internship,2024-07-15 11:00
BGT08673,USR038,INC03759,1450000,950000,900000,3250000,2400000,allowance,2024-11-10 16:27
BGT08436,USR014,INC05953,1100000,700000,650000,2450000,1800000,allowance,2024-06-08 20:40
BGT04076,USR061,INC03866,4900000,3250000,1650000,9850000,8150000,freelance,2023-01-18 11:49
BGT07912,USR005,INC00722,1050000,750000,400000,2200000,1800000,part_time,2023-10-24 15:50
BGT07633,USR042,INC02652,3400000,2050000,1100000,6550000,5450000,freelance,2024-03-08 00:29
BGT05289,USR034,INC08370,2400000,1250000,800000,4450000,3650000,part_time,2023-07-01 02:46
BGT01095,USR021,INC08222,1900000,1100000,800000,3800000,3000000,allowance,2024-05-04 17:11
BGT02601,USR015,INC00742,700000rb,400000,350000,1450000,1100000,scholarship,2023-05-03 00:06
BGT00089,USR025,INC05314,1400000,700000,550000,2650000,2100000,internship,2023-08-22 00:00
BGT05896,USR062,INC08722,2650000,1350000,950000,4950000,4000000,investment_return,2024-10-25 14:50
BGT01692,USR042,INC06850,2100000,1250000,,4000000,3350000,salary,2023-02-15 05:52
BGT01190,USR058,INC02658,3300000,1800000,900000,6000000,5100000,freelance,2024-10-31 07:15
BGT00606,USR037,INC06436,1800000,1150000,900000,3850000,2950000,freelance,2023-04-21 22:16
BGT06729,USR010,INC06735,850000,550000,150000,1550000,1400000,part_time,
BGT05482,USR059,INC08062,1600000,,500000,3000000,2500000,bonus,2024-08-22 22:13
BGT08105,USR026,INC08418,1700000,1000000,350000,3100000,2700000,allowance,2023-04-10 10:32
BGT01456,USR071,INC08166,3200000,1850000,750000,5800000rb,5050000,investment_return,2023-03-10 06:00
BGT06666,USR030,INC08362,1450000,700000,450000,2600000,2150000,part_time,2024-09-24 08:18
BGT03124,USR009,INC09654,1550000,950000,500000rb,3000000,2500000,scholarship,2023-03-14 17:39
BGT00757,USR015,INC01866,450000,300000,200000,1000000,750000,scholarship,2024-06-10 21:36
BGT01902,USR039,INC03463,1250000,800000,700000,2700000,2050000,freelance,2023-08-17 15:49
BGT02860,USR075,INC04837,3200000,2400000rb,1400000,7000000,5600000,salary,2024-03-26 09:59
BGT03228,USR069,INC03648,3550000,2300000,1350000,7200000,5850000,business,2024-07-02 01:01
BGT02009,USR011,INC06938,850000,550000,450000,1850000,1400000,allowance,2023-08-12 23:38
BGT01421,USR023,INC03473,750000,500000,300000,1500000,1250000,internship,2024-08-07 20:55
BGT06286,USR022,INC00456,900000,450000,350000,1700000,1350000,internship,2024-05-05 05:35
BGT09879,USR046,INC04315,2650000,1750000,1050000,5400000,4400000,salary,2023/01/20 14:36
BGT05556,USR009,INC08594,1150000,750000,600000,,1900000,scholarship,2023-02-04 02:14
BGT02852,USR048,INC01086,2950000,1600000,1350000,5900000,4550000,freelance,2024-10-05 12:39
BGT00638,USR020,INC08139,1550000,950000,500000,3000000,2500000,allowance,2023-03-30 13:38
BGT03770,USR041,INC01633,2750000,1950000,1100000,5800000,4700000,bonus,2023-03-04 04:37
BGT03854,USR064,INC07066,2600000,2000000,1300000,5900000,4600000,business,2023-08-12 14:20
BGT05924,USR018,INC09853,1250000,650000,300000,2200000,1900000,allowance,2024-10-17 19:14
BGT04170,USR043,INC02240,3400000,2150000,1200000,6750000,5550000,bonus,2024-09-05 12:54
BGT09107,USR023,INC04513,1350000,750000,500000,2550000,2100000,allowance,2023-09-06 19:40
BGT07691,USR058,INC02114,3500000,2200000,1150000,6850000.00,7400000,business,2024-10-03 05:13
BGT05014,USR020,INC05368,650000,300000,200000,1200000,950000,allowance,2023-10-12 04:37
BGT02834,USR018,INC03553,1400000,950000,650000,3000000,2350000,part_time,2024-03-17 11:31
BGT07226,USR010,INC04606,850000,500000,400000,1700000,1350000,allowance,2024-07-17 03:28
BGT02939,USR059,INC02296,4050000,2700000,1200000,7900000,6750000,freelance,2023-02-28 10:02
BGT06124,USR022,INC06920,1250000,700000,300000,2250000,1950000,,2024-04-05 05:00
BGT09004,USR005,INC01977,900000,600000,350000,1850000,1500000,allowance,2024-09-27 19:36
BGT05735,USR046,INC05872,4000000,2300000,1100000,7450000,6300000,salary,2023-09-18 08:18
BGT05878,USR026,INC04168,1350000,650000,400000,2400000,2000000,allowance,2023-08-28 10:17
BGT08490,USR069,INC08751,3550000,1900000,1550000,6950000,5450000,salary,2024-09-29 02:52
BGT00194,USR003,INC05623,1250000,750000,750000,2700000,2000000,part_time,2024-05-31 23:21
BGT09910,USR071,INC09178,3750000,2050000,1000000,6800000,5800000,investment_return,24/01/2023 22:38
BGT07653,USR060,INC09611,3800000,2000000,1650000,7450000,5800000,business,2023-07-19 10:18
BGT09700,USR050,INC07065,2100000,1500000,1100000,4700000,3600000,bonus,2023-10-30 10:27
BGT06552,USR027,INC02465,1450000,900000,750000,3050000,2350000,internship,2024-02-07 11:47
BGT04783,USR034,INC04221,900000,500000,350000,1750000,1400000,allowance,2023-12-12 10:08
BGT03725,USR052,INC01548,2750000,1650000,1500000,5900000,4400000,business,
BGT07711,USR012,INC01924,1200000,800000,450000,2450000,2000000,scholarship,2023-12-02 23:12
BGT04535,USR042,INC07269,2100000,1600000,1000000,4650000,3700000,bonus,2024-08-05 07:09
BGT04047,USR058,INC08737,1650000,1050000,500000,3250000,2700000,business,2024-01-07 20:49
BGT06879,USR049,INC05894,2100000,,750000,3850000,3100000,bonus,2024-09-16 12:04
BGT08191,USR052,INC05134,3250000,1850000,1050000,6150000,5100000,bonus,2023-12-30 20:43
BGT06248,USR044,INC09423,4100000,2650000,1000000,7750000,6750000,bonus,2023-04-29 22:15
BGT00353,USR019,INC07033,1500000,800000,500000rb,,2300000,scholarship,2023-10-09 06:39
BGT01399,USR044,INC07263,2450000,1750000,1250000,5450000,4200000,business,2023-12-04 09:31
BGT02540,USR031,INC07940,1650000,950000,400000,3000000,2600000,allowance,2023-11-01 13:38
BGT07114,USR055,INC08954,2500000,1700000,1000000,5200000,4200000,bonus,2023-08-30 22:39
BGT08020,USR073,INC08326,5150000,3150000,1250000,9500000,8300000,freelance,2024-10-15 08:39
BGT01603,USR063,INC03558,3650000,1900000,1500000,7050000,5550000,freelance,2024-03-08 03:13
BGT02979,USR041,INC03603,3450000,2050000,1150000,6650000,5500000,bonus,2023-03-08 00:15
BGT04328,USR039,INC04824,1600000,900000rb,650000,3150000,2600000,part_time,2023-05-07 15:54
BGT06007,USR025,INC03743,1550000,1000000,900000,3450000,2550000,internship,2023-09-12 23:27
BGT07752,USR064,INC09946,2950000,2150000,1450000,6550000,5100000,investment_return,2024-08-02 14:38
BGT06342,USR025,INC09016,1050000,600000,300000,1950000,1650000,internship,2024-12-06 06:46
BGT03019,USR025,INC06557,,1200000,1000000,4350000,3350000,internship,2023-08-02 03:29
BGT04387,USR037,INC07690,2300000,1350000,650000,4300000,3650000,internship,2024-01-09 18:56
BGT06429,USR048,INC05998,2750000,1550000,1700000,6000000,4300000,salary,2024-06-06 10:07
BGT05400,USR006,INC00548,1250000,750000,250000,2200000,2000000,allowance,2024-04-10 18:19
BGT03513,USR023,INC09380,2200000,1600000,950000,4750000,3800000,freelance,2023-12-24 05:05
BGT06828,USR036,INC04033,1950000,1200000,450000,3600000,3150000,part_time,2024-05-20 07:55
BGT01126,USR004,INC09712,800000,400000,300000,1500000,1200000,part_time,2023-08-20 09:46
BGT05875,USR027,INC02425,1400000,850000,400000,2650000,2250000,allowance,2023-11-01 22:24
BGT04730,USR057,INC00672,2100000,1150000,850000,4100000,3250000,business,2023-01-06 11:39
BGT00362,USR029,INC01390,1050000,700000,450000,2250000,1750000,allowance,2023-12-02 09:33
BGT04418,USR046,INC06458,3200000,1950000,1350000,6500000,5150000,freelance,2023-09-16 09:10
BGT02585,USR053,INC08345,1700000,800000,600000,3100000,2500000,salary,2023-03-20 22:09
BGT01088,USR046,INC00271,3700000,2500000,1200000,7350000,6200000,freelance,2023-10-30 18:06
BGT08358,USR069,INC03232,2550000,1300000,850000,4700000.00,3850000,investment_return,2024-09-22 05:01
BGT07064,USR030,INC03163,2700000,1300000,1000000,5000000,4000000,allowance,2024-04-10 02:46
BGT03942,USR033,INC03826,1350000,900000,750000,3000000,2250000,internship,2024-02-20 20:34
BGT06062,USR014,INC03464,850000,500000,250000,1600000,1350000,part_time,2024/04/22 12:37
BGT08456,USR069,INC04957,4600000,-3000000,1450000,9050000,7600000,salary,2024-02-26 03:11
BGT07363,USR060,INC06573,3100000,2100000,1400000,6550000,5200000,business,2023-11-27 12:28
BGT07403,USR002,INC06143,1150000,650000,350000,2150000,1800000,scholarship,2024-11-01 21:08
BGT02354,USR074,INC07124,2500000,1700000,1350000,5550000,4200000,salary,2023-06-27 05:25
BGT04287,USR072,INC02887,3000000,1700000,1600000,6300000,4700000,business,2024-07-10 12:44
BGT02468,USR059,INC01018,3000000,1950000,1000000,5950000,4950000,bonus,2023-07-25 01:35
BGT02289,USR004,INC04071,1050000,,450000,2150000,1650000,part_time,2023-01-24 12:05
BGT09363,USR006,INC09603,1400000rb,800000,,2700000,2200000,part_time,2024-06-04 11:45
BGT04563,USR008,INC06445,600000,450000,300000,,1050000,part_time,2023-12-30 01:03
BGT03957,USR033,INC00291,1400000,,500000,2900000,2400000,allowance,2024-03-15 02:29
BGT05364,USR072,INC02105,4000000,2450000,950000,7400000,6450000,freelance,2024-10-17 08:36
BGT07143,USR029,INC03868,1650000,1050000,750000,3450000,2700000,allowance,2024-02-28 09:04
BGT08157,USR002,INC06750,1250000,,300000,2300000,2000000,scholarship,2023-11-21 15:57
BGT04688,USR064,INC02572,2700000,1350000,1150000,5150000,4050000,business,2023-02-27 18:57
BGT02405,USR030,INC00518,1200000,750000,800000,2750000,1950000,internship,2024-05-31 14:32
BGT08767,USR032,INC06225,1850000,1000000,750000,3650000,2850000,allowance,2023-10-05 17:35
BGT09417,USR002,INC02688,850000,550000,500000,1900000,1400000,part_time,2024-01-02 10:02
BGT09891,USR022,INC06285,1150000,750000,700000,2600000,1900000,PART_TIME,2024-11-28 19:07
BGT04503,USR010,INC05557,1400000,850000,650000,2850000,2250000,part_time,2024-05-08 10:42
BGT03143,USR031,INC00526,1500000,1000000,650000,3150000,2500000,allowance,2024-02-16 12:23
BGT09321,USR043,INC04712,2500000,1350000,850000,4700000rb,3850000,business,2024-12-03 03:37
BGT02296,USR049,INC06810,3100000,1800000,2000000,6900000,4900000,bonus,2023-06-28 18:13
BGT06895,USR062,INC09316,2250000,1200000,850000,4350000,3450000,investment_return,2024-11-27 06:20
BGT04935,USR075,INC00253,4300000,2550000,2300000,9150000,6850000,freelance,2023-01-18 07:09
BGT04077,USR061,INC07060,2250000,1650000,1000000,4900000,3900000,investment_return,2023-01-11 11:11
BGT00978,USR061,INC08444,4550000,2800000,1200000,8550000,7350000,business,2024-09-24 00:40
BGT03008,USR047,INC00182,2600000,1400000,1350000,5350000,4000000,freelance,2023-09-17 15:51
BGT07073,USR012,INC02326,700000,500000,300000,,1200000,part_time,2023-07-13 14:37
BGT08604,USR026,INC00379,1550000,1150000,650000,3350000,2700000,freelance,2024-03-10 00:01
BGT09722,USR013,INC03806,1400000,800000,300000,2500000,2200000,scholarship,
BGT04471,USR045,INC07370,3650000,2150000,950000,6750000,5800000,salary,2023-02-24 14:31
BGT08081,USR043,INC04368,1700000,950000,450000,3100000,2650000,salary,2024-01-09 23:39
BGT07313,USR010,INC04175,1400000,800000,300000,2500000,2200000,part_time,04/04/2024 03:00
BGT06957,USR074,INC06370,2450000rb,1350000,950000,4750000,3800000,salary,2023-02-03 22:45
BGT02215,USR025,INC04516,1100000,650000,450000,2200000,1750000,part_time,2023-02-10 06:11
BGT03346,USR025,INC06906,1150000,700000,400000,2250000,1850000,part_time,2023-04-02 23:45
BGT00394,USR022,INC05062,1200000,850000,600000,2650000,2050000,internship,2024-09-24 12:12
BGT03393,USR057,INC07339,3550000,2300000,1550000,7350000,5850000,business,2023-09-14 15:46
BGT03430,USR053,INC03980,1950000,1200000,1050000,4200000,3150000,salary,2023-09-16 20:08
BGT02421,USR016,INC04040,800000,450000,,1600000,1250000,allowance,2023-06-03 10:50
BGT06187,USR014,INC07208,800000,550000,400000,1750000,1350000,allowance,2024-10-08 15:39
BGT07444,USR017,INC01225,1050000,600000,600000,2250000,1650000,scholarship,2023-08-30 17:09
BGT05645,USR057,INC09379,3950000,2300000,1350000,7600000,6250000,salary,2023-03-12 21:11
BGT01098,USR046,INC00560,2600000,1400000,1000000,5000000,4000000,bonus,25/02/2023 04:32
BGT04867,USR061,INC05041,2950000,2050000,,6400000,5000000,bonus,2024-02-10 18:42
BGT00916,USR016,INC00515,1300000,950000,550000,2800000,2250000,scholarship,2023-10-11 13:58
BGT06524,USR010,INC09970,950000,650000,350000,1950000,1600000,part_time,2023-01-10 11:03
BGT07066,USR005,INC03438,1150000,850000,650000,2650000,2000000,part_time,2023-07-04 11:18
BGT03142,USR068,INC09170,3900000,2750000,1650000,8350000,6650000,salary,2023-08-07 19:30
BGT03127,USR064,INC06351,2600000,1700000,800000,5100000,4300000,business,2024-09-05 03:01
BGT03372,USR030,INC08053,1400000,700000,450000,2500000,2100000,internship,2024-06-30 05:43
BGT03508,USR048,INC09213,2850000,1700000,950000,5450000,4550000,freelance,2024-06-25 13:13
BGT06953,USR036,INC03358,1550000,1100000,800000,3450000,2650000,freelance,2024-03-14 10:34
BGT08285,USR072,INC00231,,1950000,1200000,5900000,4700000,freelance,2023-08-18 23:12
BGT00673,USR058,INC01419,2850000,1600000,850000,5300000,4450000,freelance,2023-11-08 03:11
BGT07564,USR009,INC04944,950000,600000,450000,2000000,1550000,scholarship,2024-10-29 13:59
BGT01713,USR027,INC05400,750000,450000,350000,1550000,1200000,allowance,2024-02-14 13:10
BGT01473,USR037,INC02187,1700000,1050000,1000000,3750000,2750000,freelance,2023-03-02 00:51
BGT04913,USR051,INC03439,4150000,2100000,1750000,8000000,6250000,freelance,2024-03-23 20:27
BGT08268,USR041,INC00327,1550000,1000000,850000,3400000,2550000,business,2024-01-14 10:50
BGT07899,USR042,INC03498,2250000rb,1200000,800000,4200000,3450000,salary,2023-10-31 12:38
BGT04407,USR017,INC02015,1000000,-600000,400000,2000000,1600000,allowance,2023-06-01 08:19
BGT02841,USR016,INC09725,900000,500000,300000,1700000,1400000,part_time,2023-03-03 17:52
BGT05938,USR040,INC04217,1500000,900000,850000,3300000,2400000,part_time,2024-12-12 21:22
BGT08509,USR024,INC05595,2250000,1300000,900000,4450000,3550000,allowance,2024-12-26 07:56
BGT04108,USR035,INC06152,800000,450000,300000,1500000,1250000,part_time,2024-05-17 14:45
BGT06485,USR045,INC04367,2250000,1450000,1000000,4650000,3700000,salary,2024-10-18 09:57
BGT05876,USR060,INC05472,2750000,1550000,1700000,6000000,4300000,bonus,2024-04-30 21:21
BGT08904,USR066,INC05720,2000000,1450000,,4350000,3450000,freelance,2023-02-07 14:35
BGT05847,USR063,INC06780,2000000,1400000,700000,4100000,3400000,investment_return,18/07/2023 01:50
BGT07046,USR051,INC01703,2650000,1700000,1100000,5450000,4350000,salary,2023-09-03 02:06
BGT05637,USR064,INC05973,3700000,2200000,1400000,7250000,5900000,business,2023-03-06 23:26
BGT06563,USR059,INC04331,1750000,1150000,750000,3650000,2900000,salary,2023-10-30 02:56
BGT08189,USR061,INC07953,4200000,2550000,1000000,7800000,6750000,bonus,2024-04-21 22:19
BGT05029,USR015,INC05733,1400000,800000,400000,2600000,2200000,allowance,2023-11-05 22:33
BGT07239,USR003,INC08320,600000,250000,,1050000,850000,allowance,2024-08-18 21:36
BGT02019,USR045,INC04478,3550000,1900000,900000,6350000,4350000,business,2023-03-02 05:48
BGT03571,USR056,INC03588,2850000,1550000,950000,5350000,4400000,freelance,2023-03-21 00:14
BGT06573,USR066,INC01367,2300000,1400000,700000,4450000,3700000,investment_return,2024-12-25 11:18
BGT05795,USR032,INC03354,1800000,900000,650000,3300000,2700000,freelance,2024-10-12 19:24
BGT06192,USR059,INC09067,3350000,2350000,1900000,7650000,5700000,salary,2023-03-13 18:38
BGT01090,USR065,INC02002,3100000,2050000,900000,6050000,5150000,bonus,2023-08-11 08:41
BGT05669,USR039,INC06003,1650000,1000000,700000,3400000,2650000,allowance,2023-09-07 04:38
BGT05371,USR008,INC01990,1200000,700000,400000rb,2300000,1900000,SCHOLARSHIP,2024-05-09 11:31
BGT06444,USR008,INC02976,1250000,850000,350000,2450000,2100000,scholarship,2023-10-20 14:58
BGT04692,USR007,INC07864,750000,450000,350000,1550000,1200000,allowance,2024-03-11 21:30
BGT00605,USR071,INC05922,2950000,1900000,1900000,6750000,4850000,investment_return,2024-04-02 07:25
BGT08563,USR066,INC09756,4900000,2900000,2200000,9950000,7800000,business,2023-04-16 11:23
BGT06487,USR035,INC03474,1200000,800000,500000,2500000,1850000,internship,2024-01-30 00:19
BGT08909,USR057,INC06359,1950000,1300000,750000,4000000,3250000,business,
BGT06000,USR046,INC07912,4100000,2350000,900000,7350000,6450000,freelance,2023-12-06 01:49
BGT05970,USR016,INC00292,750000,,400000,1600000,1200000,allowance,2024-05-10 17:03
BGT05863,USR020,INC00460,950000,700000,400000,2100000,1650000,allowance,2024-10-27 14:03
BGT05041,USR029,INC09558,1450000,850000,700000,2950000,2300000,freelance,2023-02-03 08:49
BGT07541,USR050,INC03080,4150000,2250000,1600000,8000000,6400000,salary,2024-05-29 02:38
BGT01083,USR072,INC00689,4450000,2550000,2100000,9050000,7000000,INVESTMENT_RETURN,2024-04-26 00:53
BGT04143,USR061,INC07107,3200000,1900000,1200000,6300000,5100000,bonus,2024-04-17 20:35
BGT05681,USR072,INC02423,3750000,2600000,1800000,8200000,6350000,salary,2024-10-08 03:52
BGT07996,USR071,INC07426,4100000,2700000,1400000,8250000,6800000,bonus,2023-09-15 09:15
BGT06565,USR042,INC08054,2700000,1450000,800000,4950000,4150000,salary,2023-01-26 20:52
BGT00376,USR045,INC00025,4050000,2250000,1450000,7750000,6300000,business,2023-08-05 04:48
BGT02901,USR046,INC04799,3950000,1850000,1350000,7150000,5800000,salary,2024-12-22 03:59
BGT09842,USR034,INC02786,700000,500000,350000,1550000,1200000,part_time,2023-04-01 11:46
BGT02402,USR071,INC06657,4900000,2900000,1250000,9100000,7800000,bonus,2023-02-27 10:09
BGT03723,USR067,INC03451,3100000,1700000,900000,5700000,4800000,,2024-07-28 21:20
BGT00751,USR016,INC09995,850000,600000,450000,1900000,1450000,allowance,2023-06-03 06:15
BGT00639,USR045,INC08720,1750000,1100000,450000,3300000,2850000,business,2023-09-08 20:44
BGT05022,USR072,INC04774,4350000,3050000,2500000,9900000,7400000,salary,2024-08-15 07:25
BGT09245,USR055,INC07006,2650000,1750000,900000,5300000,4400000,business,2024-03-26 01:28
BGT05743,USR051,INC05727,2100000,1000000,750000,3850000,3100000,freelance,2024-01-25 18:03
BGT01361,USR003,INC00618,850000,550000,300000,1700000,1400000,part_time,2024-11-23 03:50
BGT02998,USR017,INC03957,600000,350000,350000,1250000,950000,scholarship,2023-09-09 01:20
BGT01580,USR050,INC02371,2350000,1550000,1450000,5350000,3900000,freelance,2023-09-25 16:07
BGT00383,USR013,INC09692,600000,400000,300000,1300000,950000,scholarship,2024-01-25 08:43
BGT04578,USR035,INC04065,1800000,1050000,900000,3800000,2850000,internship,2023-02-12 17:40
BGT09892,USR008,INC07348,1200000,750000,450000,2400000,1950000,scholarship,2024-12-12 15:11
BGT08953,USR067,INC08867,3950000,2350000,1300000,7550000,6300000,business,2024-05-02 09:02
BGT08889,USR071,INC08428,2900000,2000000,1700000,6600000,4900000,investment_return,2023-12-23 23:55
BGT05985,USR071,INC03526,2400000,1500000,1100000,4950000,3900000,freelance,2024-05-21 15:58
BGT04888,USR013,INC05933,850000,550000,400000,1800000,1400000,part_time,2024-10-24 01:37
BGT03392,USR037,INC06888,1850000,1100000,1300000,4250000,2950000,part_time,2023-07-28 16:47
BGT07334,USR004,INC03050,750000,500000,400000,1650000rb,1250000,allowance,2024-10-28 04:52
BGT01057,USR039,INC00166,2300000,1200000,800000,4300000,3500000,part_time,2023-04-21 10:05
BGT07772,USR024,INC04795,1800000,950000,450000,3200000,2750000,allowance,2023-08-26 01:46
BGT06733,USR055,INC09351,2950000,1900000,1450000,6250000,4850000,business,2023-02-28 20:42
BGT05943,USR040,INC01975,1800000,1050000,1150000,4050000,2850000,freelance,2023-03-28 11:24
BGT01131,USR050,INC02117,2400000,1400000,950000,4750000,3800000,,2023-01-05 15:39
BGT09477,USR021,INC04903,1450000,800000,500000,2700000,2250000,internship,2023-03-08 11:59
BGT04652,USR055,INC07854,2250000,1350000,900000,4500000,3600000,salary,2023-02-08 12:33
BGT09210,USR026,INC05530,750000,500000,350000,1550000,1250000,freelance,2023-11-24 02:17
BGT07390,USR023,INC01181,,1600000,700000,4800000,4100000,allowance,2024-05-23 06:46
BGT02510,USR038,INC05267,1700000,1200000,850000,3800000,2900000,freelance,2024-07-15 04:45
BGT05898,USR059,INC08430,2200000,1700000,1100000,5050000,3900000,business,2023-08-09 14:09
BGT05208,USR049,INC09104,3700000,2050000,1550000,7300000,5750000,salary,2024-07-29 21:59
BGT08791,USR012,INC00545,1400000,850000,400000,2650000,2250000,scholarship,2023-12-09 17:49
BGT07032,USR032,INC07003,2250000,1450000,1300000,5000000,3700000,internship,2023-09-01 16:58
BGT04197,USR003,INC07013,600000,400000,350000,1350000,1000000,allowance,2023-09-24 09:14
BGT01811,USR013,INC09632,1000000,,650000,2250000,1600000,allowance,2024-04-23 00:28
BGT08655,USR037,INC09233,2150000,1250000,1000000,4400000,3400000,part_time,2023-02-14 20:07
BGT06972,USR049,INC07392,3400000,1650000,,6050000,5050000,BUSINESS,2024-12-11 07:17
BGT06394,USR032,INC05918,2450000,1350000,1100000,4900000.00,3800000,freelance,2023-08-05 16:07
BGT09545,USR021,INC02363,1000000,800000,500000,2300000,1800000,internship,
BGT07730,USR016,INC04536,1000000,650000,350000,2000000rb,1650000,allowance,2024-12-01 10:00
BGT04670,USR035,INC09747,1600000,1050000,,3250000,2650000,freelance,2024-12-04 00:25
BGT00898,USR061,INC08715,4250000,2700000,1200000,8150000,6950000,salary,2024-09-06 18:35
BGT09822,USR022,INC02672,1800000,1100000,600000,3500000,2900000,part_time,2023-03-26 05:13
BGT04642,USR004,INC08519,1000000,600000,400000,2000000,1600000,part_time,2024-10-31 19:36
BGT02936,USR051,INC04879,1950000,,1050000,4200000,3150000,bonus,2024-05-04 00:08
BGT08504,USR068,INC06944,2750000,1700000,1250000,5750000,4450000,bonus,2023-11-09 15:52
BGT06533,USR012,INC01702,1250000,800000rb,450000,2500000,2050000,part_time,2023-08-20 13:21
BGT03618,USR049,INC04681,3150000,1600000,1200000,,4750000,business,2024-11-05 03:36
BGT05580,USR014,INC00965,800000,500000,150000,1450000,1300000,part_time,2024-07-10 21:36
BGT08261,USR012,INC06743,1000000,550000,350000,1900000,1550000,part_time,2024-02-29 15:45
BGT08058,USR019,INC05612,900000,550000,350000,1850000,1450000,allowance,08/11/2024 08:02
BGT09525,USR028,INC08616,700000,450000,450000,1600000,1150000,freelance,2024-07-28 17:37
BGT07515,USR041,INC01113,3600000,2050000,1250000,6900000,5650000,bonus,11/10/2023 03:40
BGT08438,USR003,INC02404,1450000,900000,300000,2650000,2350000,scholarship,2023-08-28 06:12
BGT01676,USR065,INC09224,4500000,2800000,1500000,8800000,7300000,business,2024-12-13 04:24
BGT08525,USR035,INC04360,2050000,1050000,650000,3750000,3100000,internship,2023-10-21 22:20
BGT02450,USR064,INC07020,3050000,1600000,1100000,5750000,4650000,freelance,2024-08-23 21:04
BGT08350,USR053,INC01513,3300000,2250000,1500000,7050000,5550000,freelance,2024-02-02 11:28
BGT01079,USR004,INC01076,1400000,800000,500000,2700000,2200000,part_time,2023-05-18 06:13
BGT09804,USR071,INC02848,3600000,2000000,1150000,6750000rb,5600000,salary,2024-02-22 01:47
BGT07125,USR065,INC07335,2650000,1550000,,5100000,4200000,bonus,2024-06-03 07:19
BGT03501,USR043,INC06160,3100000,2150000,1300000,6550000,5250000,bonus,2024-08-08 18:04
BGT00154,USR001,INC02896,800000,400000,250000,1450000,1200000,allowance,2024-07-06 11:33
BGT03380,USR064,INC09646,4250000,2550000,2650000,9400000,6800000,bonus,2024-08-29 07:05
BGT04100,USR064,INC02914,4150000,2250000,1700000,8100000,6400000,business,2024-08-11 01:52
BGT07335,USR063,INC00367,5000000,2900000,2100000,9950000,7900000,freelance,2024-05-08 14:11
BGT04908,USR049,INC00830,3000000,1550000,800000,5400000,4550000,business,2024-05-24 04:08
BGT07399,USR029,INC06337,1550000,900000,850000,3250000,2450000,internship,2023/10/06 03:09
BGT07405,USR027,INC06601,2050000,1300000,1000000,4350000,3350000,part_time,2023-07-28 15:11
BGT01682,USR070,INC05803,5400000,3050000,1150000,9600000,8450000,freelance,2024-11-16 02:52
BGT09342,USR020,INC05323,1050000,550000,450000,,1600000,allowance,2023-12-11 21:48
BGT09845,USR047,INC00489,3850000,2200000,850000,6900000,6050000,freelance,2024-05-16 09:28
BGT07802,USR002,INC07167,950000,600000,250000,1800000,1550000,allowance,2023-06-27 21:53
BGT08217,USR057,INC05380,3100000,1700000,,6150000,4800000,business,2024-10-10 11:23
BGT03675,USR051,INC09800,3700000,2050000,1800000,7600000,5750000,business,2024-03-13 08:36
BGT05206,USR008,INC04139,650000,,200000,1250000,1000000,allowance,2024-04-02 14:55
BGT06525,USR059,INC00169,3500000,2050000,1550000,7150000,5550000,business,2023-08-11 22:59
BGT03411,USR049,INC07896,3200000,2100000,1100000rb,6400000,5300000,bonus,2023-02-21 05:12
BGT06530,USR004,INC08756,950000,650000,400000,2000000,1600000,scholarship,2023-06-03 21:20
BGT00504,USR053,INC03560,2550000,1600000,800000,4950000,4150000,,2023-10-29 23:50
BGT09645,USR069,INC00374,5200000,2850000,1750000,9850000,8050000,salary,2023-02-21 04:52
BGT02974,USR053,INC04916,2300000,1350000,500000,4150000,3650000,salary,2024-09-08 23:27
BGT05458,USR029,INC06484,1400000,850000,350000,2600000,2250000,freelance,2023-05-13 22:30
BGT07646,USR042,INC05602,3300000,2250000,1750000,7300000,5550000,freelance,2024-10-03 08:46
BGT00765,USR012,INC03650,500000,300000,250000,1050000,800000,allowance,2024-10-17 07:09
BGT04907,USR009,INC09913,600000,350000,,1350000,950000,scholarship,2024-03-03 01:18
BGT09133,USR054,INC00044,2350000,1100000,750000,4200000,3450000,freelance,2024-09-16 08:44
BGT00859,USR019,INC08909,1000000,550000,350000,1900000,1550000,part_time,27/10/2024 13:03
BGT01357,USR026,INC03720,1500000,1000000,600000,3100000,2500000,internship,2024-10-21 14:16
BGT04827,USR025,INC04679,1600000,850000,500000,2950000,2450000,freelance,2024-08-08 09:49
BGT07580,USR044,INC09231,3400000,1850000,1850000,7100000,5250000,bonus,2024-09-25 11:09
BGT06900,USR055,INC03537,3450000,2050000,1550000,7000000,5500000,bonus,2023-01-01 02:24
BGT07325,USR037,INC00601,1450000,900000,,3350000,2350000,freelance,2023-11-12 02:36
BGT09944,USR014,INC00400,1300000,800000,800000,2900000,2150000,allowance,2024-04-29 17:03
BGT00408,USR031,INC04328,1250000,750000,750000,2750000,2000000,freelance,2023-12-08 02:39
BGT01758,USR038,INC07840,1950000,1000000,950000,3900000,2950000,internship,2023-01-19 04:58
BGT07716,USR052,INC06468,1700000,900000,450000,3050000,2600000,salary,2023-01-03 13:51
BGT00440,USR065,INC05208,2450000,1450000,,4900000,3900000,investment_return,2023-05-04 06:33
BGT05818,USR053,INC04099,2150000,1150000,550000,3800000,3300000,bonus,2024-09-03 03:31
BGT07423,USR050,INC02643,3200000,1850000,1350000,6400000,5050000,freelance,2024-07-01 19:58
BGT02815,USR057,INC00419,3700000,2200000,1400000,7300000,5900000,freelance,2024-03-11 21:29
BGT01494,USR071,INC05123,4250000,2500000,1300000,8050000,6750000,salary,2024-02-22 04:31
BGT04975,USR058,INC00988,3200000,2150000,1350000,6650000,5350000,salary,
BGT02995,USR074,INC01575,3250000,1950000,1450000,6650000,5200000,bonus,2023-12-27 03:16
BGT05295,USR021,INC05403,1200000,700000,550000,2450000,1900000,part_time,2023-04-12 05:56
BGT02951,USR007,INC07653,700000,400000,350000,1450000,1100000,scholarship,2023-11-30 13:23
BGT02989,USR047,INC01279,-2300000,1550000,1150000,4950000,3850000,salary,2024-03-25 01:59
BGT03986,USR049,INC04379,2450000,1300000,750000,4550000,3750000,freelance,2023-05-16 05:45
BGT05187,USR043,INC08866,3500000,2150000,1500000,7150000,5650000,business,2024-08-28 01:44
BGT01914,USR074,INC00326,3750000,2200000,1150000,7050000,5950000,salary,2023/07/22 08:46
BGT01075,USR058,INC08219,2600000,1550000,550000rb,4700000,4150000,BUSINESS,2024-03-19 14:33
BGT09407,USR038,INC09577,2150000,1250000,750000,4150000,3400000,allowance,2023-08-25 20:16
BGT09113,USR019,INC02028,900000,600000,200000,1700000,1500000,scholarship,2024-02-19 11:49
BGT07475,USR016,INC00500,600000rb,400000,200000,1200000,1000000,part_time,2024-12-09 18:48
BGT02171,USR010,INC09984,1550000,800000,,2800000,2350000,allowance,2023-03-26 01:10
BGT07496,USR054,INC02528,3750000,1750000,1300000,6800000,5500000,bonus,
BGT04857,USR043,INC02150,3950000,2300000,,7900000,6250000,bonus,2023-09-10 05:39
BGT07451,USR073,INC02882,4000000,2450000,1400000,7850000,6450000,freelance,24/04/2023 18:38
BGT07500,USR011,INC00595,1300000,650000,500000,,1950000,part_time,2023-02-19 21:23
BGT01856,USR006,INC07016,700000,450000,150000,1300000,1150000,scholarship,2023-12-13 23:10
BGT03889,USR064,INC04546,3150000,1700000,1000000,5800000,4850000,FREELANCE,2024-10-22 00:19
BGT05018,USR044,INC06881,2600000,1500000,1450000,5550000,4100000,salary,2023-09-27 08:44
BGT07935,USR075,INC06310,2100000,1150000,1200000,4500000,3600000,investment_return,2024-12-21 03:42
BGT04796,USR054,INC02241,3100000,1700000,1350000,6150000,4800000,freelance,2024-10-04 23:19
BGT01028,USR006,INC07146,650000,400000,300000,1400000,1050000,allowance,2024-02-17 11:08
BGT04366,USR025,INC05369,2200000,1400000,1150000,4750000,3600000,internship,2023-09-17 01:28
BGT04882,USR043,INC05987,2900000,1600000,650000,5150000,4500000,freelance,2024-10-15 05:08
BGT05000,USR065,INC01044,4550000,2600000,1250000,8400000,5600000,freelance,2024-01-16 14:15
BGT09725,USR068,INC02388,2700000,1850000,1000000,5550000,4550000,business,2024-01-17 01:09
BGT07099,USR063,INC01132,2200000,1150000,1100000,4500000,3350000,investment_return,2024-08-06 16:10
BGT08353,USR066,INC04978,2550000rb,1700000,1500000,5750000,4250000,investment_return,2024-04-28 14:26
BGT09422,USR026,INC04045,2250000,1100000,850000,4150000,3350000,part_time,2024-06-22 21:04
BGT01315,USR065,INC06887,4400000,2650000,950000,,7050000,salary,2023-06-09 00:51
BGT09962,USR026,INC05838,1250000,,600000,2650000,2050000,freelance,2024-12-10 09:59
BGT09739,USR068,INC02511,2400000,1600000,800000,4800000,4000000,investment_return,2023/04/07 08:35
BGT06215,USR002,INC03842,900000,550000,250000,1650000,1450000,part_time,05/09/2024 19:21
BGT04000,USR023,INC07834,2100000,1300000,950000,4350000,3400000,part_time,2024-04-04 14:00
BGT08674,USR041,INC05257,4050000,2050000,1250000,7400000.00,6100000,freelance,2024-03-17 20:15
BGT08769,USR025,INC03962,1200000,700000,450000,2350000rb,1900000,freelance,
BGT01770,USR006,INC07840,850000,450000,250000,1550000,1300000,allowance,2023-09-10 15:49
BGT06742,USR017,INC08607,1150000,800000,450000,2400000,1950000,scholarship,2024-10-22 22:59
BGT04954,USR036,INC06525,1800000,1150000,900000,3850000,2950000,freelance,2023-12-05 06:57
BGT06267,USR038,INC01223,1150000,800000,600000,2550000,1950000,allowance,2023-11-11 07:18
BGT00925,USR051,INC02432,3650000,2050000,2250000,7950000,5700000,business,2024-01-16 22:18
BGT04009,USR047,INC00296,1850000,1250000,950000rb,4050000,3100000,bonus,2024-05-09 17:39
BGT00884,USR036,INC04122,1950000,1200000,900000,4050000,3150000,internship,2024-04-11 16:35
BGT03527,USR056,INC07705,2000000,1150000,1100000,4250000rb,3150000,business,2023-11-05 03:00
BGT02493,USR052,INC03950,2300000,1100000,900000,4300000rb,3400000,bonus,2024-03-24 12:01
BGT06270,USR064,INC04089,4400000,2700000,1650000,8750000,7100000,salary,2024-08-12 13:27
BGT09689,USR009,INC04575,1200000,900000,600000,2700000,2100000,part_time,2023-08-05 15:30
BGT01286,USR051,INC02472,2950000,1600000,1700000,,4550000,salary,2023-03-25 05:10
BGT06853,USR053,INC05234,2800000,1900000,1550000,6250000,4700000,bonus,2023-07-07 23:37
BGT01397,USR029,INC04782,2200000,1500000,1050000,4750000,3700000,allowance,2024-10-14 08:22
BGT02371,USR031,INC08448,2100000,1300000,850000,4250000,3400000,internship,2024-12-20 22:40
BGT00498,USR024,INC00981,1950000,1100000,750000,3800000,3050000,internship,2024-08-05 23:04
BGT04940,USR046,INC09601,3400000,1750000,1300000,6450000,5150000,business,2023-07-31 03:23
BGT02070,USR008,INC01451,1350000,700000,550000,2600000,2050000,part_time,2024-02-06 19:02
BGT05200,USR033,INC01183,,1050000,650000,3550000,2900000,part_time,2023-04-01 11:28
BGT09677,USR015,INC09341,1250000,750000,400000,2400000,2000000,scholarship,2023-11-29 22:31
BGT04281,USR042,INC05067,2100000,1250000,500000,3850000,3350000,freelance,2024-03-24 10:32
BGT01867,USR029,INC05347,950000,600000,250000,1800000,1550000,internship,2023-03-10 11:55
BGT09948,USR004,INC02243,1250000,600000,350000,2200000,1850000,allowance,2024-02-05 07:10
BGT01269,USR067,INC07458,4900000,2600000,1750000,9200000,7500000,investment_return,2024-09-17 15:30
BGT00024,USR068,INC04214,2000000,1400000,950000,4300000,3400000,freelance,2023-07-20 23:13
BGT01730,USR028,INC01457,2150000,1200000,1300000,4700000,3350000,internship,2023-02-03 17:43
BGT00270,USR053,INC09717,2850000,1800000,800000,5500000,4650000,freelance,2024-12-07 09:45
BGT03129,USR046,INC01435,3600000,1950000,1000000,6500000,5550000,salary,2023-06-30 01:39
BGT06249,USR037,INC06880,2150000,1250000,1100000rb,4500000,3400000,freelance,2023-09-26 00:08
BGT04779,USR047,INC09652,2000000,1100000,600000,3700000,3100000,salary,2023-05-25 16:53
BGT09806,USR075,INC04153,2400000,1750000,,5350000,4150000,bonus,2024-12-01 06:08
BGT07184,USR017,INC09404,1300000,950000,600000,2850000,2250000,allowance,2023-10-24 14:37
BGT05058,USR046,INC02697,3900000,2550000,1050000,7500000,6450000,salary,2023-05-17 20:24
BGT00196,USR060,INC05069,3550000,1750000,1150000,6450000,5300000,bonus,2024-03-24 05:47
BGT09540,USR066,INC00428,3950000rb,2050000,1050000,7050000,6000000,salary,2023-05-21 23:37
BGT03648,USR013,INC01012,500000,300000,250000,1050000,800000,allowance,2023-09-27 19:15
BGT02920,USR043,INC04402,2800000,1800000,1450000,6050000,4600000,business,2024-12-05 19:16
BGT03947,USR052,INC03706,2200000,1200000,600000,4000000,3100000,freelance,2023-09-19 22:49
BGT01066,USR036,INC06865,2350000,1550000,1000000,4900000,3900000,freelance,
BGT04392,USR015,INC02726,1250000,700000,450000,2400000,1950000,scholarship,2023-06-22 02:01
BGT09131,USR069,INC01966,2000000,1300000,700000,,3300000,business,2024-02-11 17:05
BGT04455,USR016,INC05289,950000,650000,350000,1950000,1600000,allowance,2023-03-16 23:07
BGT04014,USR033,INC08587,1800000,1100000,600000,3500000,2900000,freelance,2024-03-24 18:46
BGT08997,USR040,INC01228,1450000,1000000,700000,,2450000,allowance,2023-04-29 22:50
BGT01108,USR058,INC01705,4050000,2050000,1400000,7500000,6100000,freelance,2024-10-28 05:00
BGT08699,USR068,INC06645,,2350000rb,1700000,8100000,6400000,investment_return,2024-07-17 16:24
BGT01294,USR012,INC02679,1400000,950000,650000,3000000,2350000,part_time,2024/05/27 07:01
BGT04588,USR005,INC02166,1400000,900000,650000,,2300000,allowance,2024-05-02 10:31
BGT07862,USR050,INC09981,4050000,2450000,900000,7400000,6500000,business,2023-12-16 08:51
BGT09199,USR074,INC09430,4950000,3050000,1300000,9300000,8000000,bonus,2023-07-03 23:27
BGT02885,USR075,INC04050,3100000,2300000,,6750000,5400000,investment_return,2024/07/16 09:21
BGT03383,USR066,INC02876,3450000,1800000,1150000,6350000,5250000,salary,2024-01-12 23:08
BGT03634,USR025,INC02118,850000,450000,400000,1700000,1300000,part_time,2024-05-31 19:02
BGT01802,USR057,INC05951,2200000,1350000,1300000,4900000,3550000,bonus,2023-10-13 19:50
BGT04561,USR041,INC03948,2500000,1350000,1350000,5250000,3850000,freelance,2023-06-13 15:57
BGT09358,USR073,INC02321,3750000,2200000,2200000,8150000,5950000,salary,2024-07-13 02:18
BGT07638,USR036,INC04770,1750000,1000000,1150000,3900000,2750000,part_time,2023-03-15 16:21
BGT04560,USR002,INC00067,550000,350000,250000,1150000,900000,part_time,2024-02-11 03:23
BGT04397,USR010,INC01264,1200000,700000,350000,2250000,1900000,allowance,2024-05-17 12:48
BGT02600,USR015,INC09982,800000,400000,200000,1400000,1200000,part_time,2023-05-27 01:57
BGT02522,USR036,INC09002,950000,600000,450000,2000000,1550000,part_time,2023-02-13 06:54
BGT04224,USR001,INC08211,,400000,200000,1200000,1000000,allowance,2023-07-16 18:17
BGT04891,USR010,INC07699,600000,300000,150000,1050000,900000,scholarship,2023-04-26 13:17
BGT01310,USR053,INC09670,1650000,850000,650000,3200000,2500000,business,2024-06-15 10:28
BGT09836,USR021,INC07668,1950000,1250000,900000,4100000,3200000,allowance,2024-06-06 05:04
BGT02904,USR053,INC08901,,1200000,600000,3600000,3050000,bonus,2023-12-30 17:01
BGT09964,USR014,INC01803,1550000,850000,350000,2750000,2400000,part_time,2023-10-27 10:18
BGT07268,USR039,INC05630,2150000,1400000,1150000,4700000,3550000,internship,2024-10-11 00:33
BGT05785,USR018,INC09093,1250000,700000,400000,2350000,1950000,scholarship,2024-03-26 07:01
BGT06699,USR019,INC09145,550000,300000,200000,1050000,850000,scholarship,2024-02-23 06:33
BGT02496,USR055,INC01504,2850000,2100000,1400000,6350000,4950000,freelance,2024-01-06 06:25
BGT04489,USR047,INC07654,2650000,1450000,1200000,5300000,4100000,bonus,2024-02-16 18:08
BGT01021,USR031,INC04054,1550000,1050000,600000,3200000,2600000,allowance,2024-01-01 18:20
BGT06678,USR019,INC06093,900000,550000,350000,1800000,1450000,allowance,2023-12-30 02:56
BGT04541,USR005,INC02192,1150000,800000,400000,2350000,1950000,allowance,2023-03-27 22:45
BGT09764,USR047,INC01410,2150000,1200000,1300000,4650000,3350000,freelance,2024-02-21 04:53
BGT06047,USR012,INC08960,1250000,850000rb,500000,2600000,2100000,part_time,2023-03-08 21:39
BGT05633,USR061,INC08713,2250000,1700000,1050000,4950000,3950000,salary,2024/08/28 16:40
BGT08508,USR059,INC02091,3500000,2150000,1800000,7450000,5650000,bonus,2023-06-08 15:48
BGT00787,USR054,INC08048,2650000,1500000,700000,4850000,4150000,business,2023-01-14 23:37
BGT08530,USR047,INC04624,3600000,2150000,,,5750000,business,2024-09-20 20:34
BGT08166,USR038,INC05220,2550000,1300000,800000,4600000.00,3850000,freelance,2024-06-20 08:39
BGT02130,USR008,INC09365,1650000,850000,500000,3000000,2500000,allowance,2023-04-26 16:47
BGT05158,USR073,INC07413,2600000,1450000,850000,4900000,4050000,freelance,2023-11-26 08:40
BGT08647,USR018,INC06080,1450000,750000rb,550000,2750000,2200000,allowance,2023-05-18 17:48
BGT09695,USR017,INC07029,1200000,750000,550000,2500000,1950000,allowance,2024-12-08 14:16
BGT00300,USR051,INC06900,2550000,1500000,900000,4950000,4050000,business,2023-03-30 06:32
BGT04327,USR007,INC07535,850000rb,550000,400000,1800000,1400000,ALLOWANCE,2024-02-12 22:47
BGT04540,USR066,INC01857,3400000,1750000,1300000,6400000,5150000,business,2023-10-28 22:58
BGT01163,USR061,INC00801,2900000,2050000,1300000,6250000,4950000,bonus,2024-12-24 12:50
BGT09142,USR058,INC04756,3400000,2050000,1600000,7050000,5450000,salary,2024-08-03 03:28
BGT05047,USR042,INC00069,2150000,1100000,1000000,4250000,3250000,bonus,2024-09-12 18:37
BGT05709,USR023,INC06459,1550000,900000,750000,3200000,2450000,part_time,2024-11-24 22:07
BGT09601,USR031,INC02121,1550000,850000,500000,2900000,2400000,allowance,2024-01-29 15:14
BGT01073,USR035,INC06923,1450000,1000000,800000,3250000,2450000,internship,2024-09-22 00:34
BGT05532,USR069,INC06378,4600000,2500000,2150000,9250000,7100000,salary,2024-12-06 22:53
BGT06734,USR060,INC04322,1800000,1350000,850000rb,3950000,3150000,business,2023-05-08 00:26
BGT06751,USR065,INC09021,2850000,1850000,1650000,6300000,4700000,INVESTMENT_RETURN,2023-03-06 06:22
BGT05375,USR064,INC05493,2400000,1450000,1500000,5350000,3850000,investment_return,2023-01-19 04:03
BGT09006,USR073,INC02179,4350000,2750000,950000,8050000,7100000,bonus,2024-05-12 02:20
BGT03590,USR009,INC09013,800000,550000,400000,1750000,1350000,scholarship,2023-08-18 10:24
BGT03017,USR005,INC07717,900000,450000,250000,1600000,1350000,allowance,2024-03-24 20:29
BGT01548,USR067,INC04417,3200000,1900000,1050000,6200000,5100000,salary,2024-05-21 13:44
BGT01510,USR003,INC07059,700000,350000rb,250000,1300000,1050000,part_time,2024-10-09 19:27
BGT08752,USR020,INC04442,450000,300000,250000,1000000,750000,scholarship,2023-02-24 10:55
BGT05870,USR028,INC03116,800000,450000,350000,1600000,1250000,allowance,2023-11-24 21:31
BGT06389,USR046,INC09877,2300000,1250000,600000,4150000,3550000,business,2023-12-12 17:25
BGT04775,USR032,INC06419,1200000,750000,600000,2550000,1950000,internship,2024-03-05 07:39
BGT05080,USR015,INC05910,750000,450000,200000,1400000,1200000,part_time,2023-11-30 15:20
BGT04462,USR066,INC05080,2550000,1250000,900000,4700000,3800000,business,2024-05-11 09:32
BGT02021,USR033,INC03933,1450000,900000,800000,3150000,2250000,allowance,2023-11-01 01:19
BGT07686,USR005,INC01486,1250000,750000,600000,2600000,2000000,part_time,2023-10-28 06:35
BGT06542,USR017,INC08951,450000,300000,200000,1000000,750000,allowance,2023-03-10 06:50
BGT09056,USR063,INC09405,3350000,2200000,1750000,7300000,5550000,bonus,2024-03-18 10:37
BGT07778,USR071,INC07213,4450000,2500000,1400000,8350000,6950000,business,2024-01-25 07:25
BGT00512,USR020,INC02874,600000,400000,400000,1400000,1000000,allowance,
BGT05081,USR066,INC07962,2250000,1350000,1250000,4850000,3150000,investment_return,2023-08-21 03:50
BGT08781,USR007,INC09076,1500000,950000,400000,2850000,2450000,part_time,2023-03-27 17:35
BGT06169,USR010,INC05713,1450000,750000,550000,2750000,2200000,part_time,2023-09-26 05:20
BGT07274,USR033,INC04420,1000000,700000,350000,2050000,1700000,internship,2024-02-12 03:11
BGT01587,USR010,INC04371,1050000,650000,350000,,1700000,scholarship,2023-10-10 11:06
BGT04173,USR020,INC08445,800000,450000,300000,1500000,900000,part_time,2023-08-30 16:34
BGT06987,USR051,INC01749,3500000,1800000,1150000,6500000,5300000,business,26/01/2024 19:05
BGT05682,USR011,INC09785,1100000,750000,500000,2350000,1850000,part_time,05/05/2024 02:56
BGT04194,USR033,INC05751,1850000,900000,700000,3450000,2750000,part_time,2023-04-10 17:06
BGT02381,USR068,INC04937,4900000,2650000,1650000,9200000,7550000,business,2024-09-16 08:05
BGT09641,USR066,INC03120,3050000,,900000,5850000,5000000,freelance,2024-10-07 13:10
BGT06099,USR066,INC04722,2700000,1700000,1100000,5500000,4400000,bonus,2024-04-19 17:40
BGT04238,USR030,INC09742,750000,400000,350000,1500000,1150000,internship,2024-11-11 05:47
BGT00457,USR063,INC00854,3950000,2600000,2450000,9000000,6550000,bonus,2023-06-25 00:04
BGT02233,USR004,INC07579,1100000,550000,350000,2050000rb,1650000,allowance,2024-06-12 23:58
BGT08613,USR029,INC08114,1300000,700000,400000,2400000,2000000,allowance,
BGT08715,USR058,INC04538,3800000,2350000,750000,6950000,6150000,business,2023-08-10 10:36
BGT05201,USR065,INC01632,3500000,2500000,1800000,7750000,6000000,salary,2024-07-23 22:16
BGT04547,USR063,INC07706,4250000,2400000,1850000,8500000,6650000,salary,2024-08-10 17:37
BGT00341,USR034,INC00617,,750000,700000,2700000,2000000,internship,2024-12-27 19:04
BGT06186,USR062,INC06955,2950000,1700000,1800000,6450000,4650000,salary,2024-01-27 19:28
BGT05426,USR013,INC02004,1050000,650000,600000,2250000,1700000,allowance,2023-11-26 09:43
BGT05490,USR071,INC03074,2750000,1800000,1300000,5800000,4550000,business,2024-09-01 20:09
BGT09493,USR032,INC05406,1300000,750000,500000,2550000,2050000,internship,2023-02-21 11:48
BGT08720,USR062,INC02124,4050000,2450000,1950000,8450000,6500000,investment_return,2023-05-03 09:24
BGT00910,USR035,INC08776,1650000,900000,700000,3250000,2550000,allowance,2023-05-20 16:29
BGT07421,USR013,INC04892,700000,450000,200000,1300000,1150000,part_time,2023-01-06 03:03
BGT05683,USR032,INC01210,2250000,1150000,600000,4050000,3400000,allowance,2024-07-01 09:28
BGT06223,USR045,INC01547,2700000,1550000,600000,4850000,4250000,freelance,2023-04-13 00:25
BGT03178,USR058,INC05018,2850000,1800000,1050000,5700000,4650000,bonus,2023-10-30 08:23
BGT08681,USR042,INC09197,1900000,1150000,1200000,4200000,2800000,freelance,2024-07-13 02:16
BGT02476,USR073,INC06064,3050000,1900000,600000,,4950000,freelance,2024-12-09 21:25
BGT02642,USR033,INC08028,1100000,700000,500000,2300000,1800000,freelance,2023-06-08 16:29
BGT04573,USR041,INC04934,1950000,1200000,850000,3950000,3150000,freelance,2024-09-02 10:54
BGT00900,USR065,INC00827,5300000,3000000,1350000,9650000,8300000,business,2023-05-14 09:38
BGT06743,USR043,INC07258,2000000,1500000,1050000,4600000,3500000,business,2024-01-06 01:32
BGT05578,USR027,INC06982,1300000,750000,700000,2750000,2050000,internship,2024-01-14 11:32
BGT01808,USR043,INC06094,2000000,1050000,550000,3600000,3050000,business,2024-01-25 01:21
BGT01067,USR073,INC02324,4200000rb,2150000,1300000,7650000,6350000,salary,2024-10-12 10:16
BGT07209,USR069,INC01315,2150000,1300000,850000,4300000,3450000,freelance,2024-10-13 15:33
BGT07694,USR013,INC00342,600000,400000,300000,1350000,1250000,allowance,2024-09-08 04:54
BGT01001,USR026,INC02776,1750000,1050000,900000,3700000,2800000,allowance,2024-11-11 21:26
BGT05377,USR061,INC02203,4700000,2650000,2450000,9750000,7350000,investment_return,2023-11-07 04:25
BGT06683,USR025,INC09210,1600000,900000,450000,2950000,2500000,part_time,2024-06-23 08:07
BGT02318,USR068,INC06976,3750000,2350000,1000000,7050000,6100000,bonus,2024-09-17 04:50
BGT07119,USR009,INC00586,1000000,550000,350000,1900000,1550000,part_time,2023-07-23 02:30
BGT07052,USR019,INC01724,1150000,550000,400000,,1700000,part_time,2023-12-06 20:24
BGT05813,USR002,INC04384,600000,400000,350000,1350000,1000000,scholarship,2024-02-25 01:19
BGT00569,USR043,INC04878,2050000,1150000,1050000,4250000,3200000,business,2023-04-15 14:23
BGT02598,USR027,INC03175,1200000,600000,350000,2100000,1800000,allowance,2023-11-13 10:48
BGT08844,USR006,INC06962,1200000,600000,,2200000,1800000,allowance,2024-12-24 20:45
BGT08167,USR006,INC06931,1000000,550000,400000,1950000,1550000,allowance,2023-01-20 02:56
BGT04399,USR013,INC07055,1300000,850000,600000,2800000,2150000,ALLOWANCE,2023-05-30 15:21
BGT04431,USR001,INC09184,1250000,800000,350000,2450000,2050000,allowance,2023-09-30 15:03
BGT08388,USR055,INC04159,1700000,1250000,850000,3800000,2950000,salary,2023-04-04 08:59
BGT01234,USR005,INC03185,500000,300000,200000,1000000,800000,allowance,2023-11-22 12:36
BGT00845,USR045,INC00932,3850000,2200000,1800000,7850000,4550000,freelance,2023-10-05 13:54
BGT09090,USR009,INC08175,1250000,900000,,2800000,2150000,scholarship,2024-07-20 16:21
BGT06680,USR029,INC09706,1050000,700000,400000,2150000,1750000,freelance,
BGT05173,USR009,INC09599,900000,500000,350000,1750000,1400000,allowance,2023-01-31 17:42
BGT06258,USR013,INC04602,1400000,750000,400000,2500000,2150000,allowance,2023-08-10 19:18
BGT06123,USR070,INC05611,4450000,3200000,1800000,9450000,7650000,freelance,17/12/2023 18:46
BGT04665,USR030,INC09609,1700000,1100000,550000,3300000,2800000,freelance,2024-02-02 02:46
BGT05917,USR075,INC01180,4750000,2900000,2050000,9650000,7650000,bonus,2024-07-22 02:14
BGT04794,USR037,INC09641,800000,500000,450000,1750000,1300000,allowance,14/09/2023 06:10
BGT02051,USR025,INC08880,2450000,1400000,1150000,4950000,3850000,allowance,2023-06-07 16:00
BGT02586,USR053,INC01536,3600000,2350000,1850000,7800000,5950000,business,2023-12-22 01:08
BGT02138,USR006,INC03889,650000,300000,250000,1200000,950000,allowance,2023-03-17 14:14
BGT09917,USR016,INC08493,900000,600000,450000,1950000,1500000,part_time,2023-03-16 22:17
BGT04203,USR037,INC02224,1900000,1250000,750000,3900000,3150000,part_time,2023-11-23 05:22
BGT00935,USR005,INC03411,1000000,550000,600000,2150000,1550000,part_time,2024-12-05 04:55
BGT00488,USR026,INC02738,,1100000,800000,3700000,2900000,internship,2023-01-26 01:25
BGT04636,USR057,INC02533,2100000,,1100000,4450000,3350000,bonus,2024-08-04 08:04
BGT03258,USR049,INC08394,1950000,1050000,850000,3850000,3000000,freelance,2024-11-25 22:36
BGT04350,USR014,INC00403,700000,500000,250000,1400000,1200000,part_time,2024-08-03 08:59
BGT06841,USR030,INC00458,2000000,1300000,1200000,4500000,3300000,internship,2024-11-27 05:07
BGT03436,USR015,INC07506,1000000,600000,450000,2000000,1600000,scholarship,2024-12-06 19:17
BGT04595,USR020,INC06494,600000,400000,300000,1250000,1000000,scholarship,2024-07-04 00:34
BGT07386,USR041,INC04572,1900000,1100000,800000,3800000,3000000,salary,2024-05-13 13:03
BGT02187,USR013,INC08610,850000,450000,350000,1600000,1300000,allowance,2024-01-16 08:38
BGT07701,USR007,INC00809,1150000,700000,400000,2250000,1850000,allowance,2024-11-13 21:34
BGT02790,USR021,INC08126,1700000,1050000,800000,3550000,2750000,internship,2023-01-12 17:57
BGT03946,USR039,INC04781,2650000,1550000,600000,4800000rb,4000000,internship,2024-11-21 07:35
BGT03951,USR016,INC07457,650000,350000,200000,1200000,1000000,scholarship,2023-07-08 21:48
BGT07554,USR017,INC03257,1000000,600000,450000,2050000,1600000,scholarship,2024-11-14 01:16
BGT06811,USR054,INC05594,2750000,1650000,1500000,5900000,4400000,salary,2024-08-24 03:05
BGT06131,USR019,INC00494,850000,550000,200000,1650000,1400000,part_time,2023-10-18 07:46
BGT07361,USR017,INC06498,1550000,900000,450000,2900000,2450000,allowance,2024-02-02 05:50
BGT04375,USR051,INC01795,2700000,-1450000,750000,4900000,4150000,salary,2023-01-26 21:41
BGT00034,USR026,INC06918,1800000rb,1200000,1000000,4050000.00,3000000,freelance,2024-07-31 20:43
BGT05887,USR017,INC09179,950000,550000,450000,1900000,1500000,allowance,2023-02-27 03:00
BGT09009,USR027,INC09945,800000,400000,300000,1500000,1200000,internship,2024-09-03 21:36
BGT09925,USR033,INC07663,1450000,800000,,3050000,2250000,internship,20/04/2023 00:31
BGT02249,USR005,INC02300,450000,250000,250000,1000000,700000,part_time,26/06/2024 17:28
BGT05675,USR001,INC06135,,900000,300000,2650000,2350000,part_time,2023-02-17 23:45
BGT02874,USR003,INC06586,1300000,850000,300000,2450000,2150000,allowance,01/03/2023 22:52
BGT06562,USR002,INC09840,900000,600000,300000,1750000,1500000,allowance,2023-11-12 15:37
BGT02541,USR053,INC09399,3200000,2000000,1450000,6700000,5200000,salary,2024-07-28 10:56
BGT09856,USR007,INC01913,1500000,750000,650000,2900000,2250000,allowance,2023-05-12 22:12
BGT04729,USR017,INC07205,600000,300000,250000,1150000,900000,allowance,2023-07-04 03:11
BGT02615,USR059,INC02952,1700000,850000,800000,3350000,2550000,salary,2024-06-04 01:34
BGT04355,USR039,INC07224,1300000,800000,650000,2750000,2100000,internship,2023-09-10 03:58
BGT02050,USR042,INC01286,3100000,1800000,1300000,6250000,4900000,freelance,15/06/2023 06:05
BGT00896,USR066,INC09411,4250000,2450000,1000000,7700000,6700000,business,2023-10-22 17:43
BGT02400,USR013,INC01450,1300000,850000,450000,2600000,2150000,allowance,2024-06-26 18:15
BGT00725,USR009,INC01408,1400000,800000,400000,2550000,2200000,allowance,2024-02-23 06:11
BGT00882,USR050,INC06541,3300000,2000000,950000,6200000,5300000,business,2023-01-07 01:40
BGT01148,USR040,INC03831,2100000,1150000,1050000,4300000,3250000,part_time,2024-09-06 13:06
BGT08658,USR055,INC05932,2850000,2050000,1300000,6150000,4900000,freelance,2023-04-22 10:21
BGT01825,USR009,INC01875,850000,500000,400000,1800000,1350000,allowance,2023-03-08 17:03
BGT03870,USR022,INC01930,900000,600000,500000,2000000,1500000,INTERNSHIP,27/10/2024 07:28
BGT01139,USR037,INC04191,1000000,550000,300000,1850000,1550000,freelance,2023-09-27 01:45
BGT07968,USR003,INC03278,800000,450000,250000,1500000,1250000,part_time,2023-02-28 06:54
BGT00216,USR057,INC07085,3100000,,1800000,6900000,5100000,salary,2023-04-11 22:25
BGT00931,USR071,INC03472,4500000,3250000,2050000,9800000,7750000,salary,
BGT00894,USR074,INC00636,4450000,2900000,1950000,9300000,7350000,bonus,2024-11-28 13:17
BGT09684,USR051,INC08151,1550000,900000,850000,3300000,2450000,bonus,2023-08-26 23:04
BGT01760,USR002,INC08718,1100000,750000,400000,2250000,1850000,scholarship,2024-10-18 22:03
BGT08346,USR019,INC02974,700000,450000,200000,1350000,1150000,SCHOLARSHIP,2023-12-29 13:53
BGT04440,USR013,INC07954,600000,350000,150000,1100000,950000,scholarship,2023-01-21 16:07
BGT09795,USR064,INC03462,2500000,1550000,950000,4950000,4050000,freelance,2024-08-04 13:46
BGT00745,USR036,INC09772,850000,500000,400000,1750000,1350000,part_time,2024-10-18 15:50
BGT04745,USR017,INC02620,1150000,750000,650000,2550000,1900000,part_time,
BGT00966,USR062,INC02017,4400000,2750000,2650000,9750000,7150000,salary,31/12/2023 10:10
BGT02353,USR004,INC09921,1200000,750000,300000,2250000,1950000,scholarship,2023-12-30 01:36
BGT04227,USR052,INC02656,1550000,1100000,700000,3350000,2650000,salary,2024-01-11 03:33
BGT05968,USR024,INC02142,700000,500000,350000,1500000,1200000,internship,2024-02-09 21:34
BGT07178,USR033,INC01600,2000000,1050000,850000,3950000,3050000,freelance,2023-03-18 10:15
BGT03526,USR007,INC08325,800000,550000,350000,1700000,1350000,part_time,2023-04-11 10:59
BGT08628,USR066,INC06035,4150000,2850000,1650000,8600000,7000000,business,2023-06-18 04:49
BGT07922,USR031,INC09891,1200000,750000,650000,2650000,1950000,part_time,2023-01-04 23:22
BGT04825,USR001,INC00986,650000,350000,350000,1350000,1000000,allowance,2024-04-10 14:10
BGT01754,USR057,INC08649,3000000,2000000,1250000,6200000,5000000,bonus,2024-10-07 20:24
BGT02294,USR024,INC02499,1500000,1000000,550000,3100000,2500000,part_time,2024-11-30 14:32
BGT02881,USR055,INC05277,1600000,1100000,700000,3450000,2700000,freelance,2024-01-06 00:48
BGT00886,USR068,INC06830,4000000,2450000,1400000,7850000,6450000,business,2023/04/26 17:03
BGT03560,USR052,INC02390,2400000,1300000,1100000,4800000,3700000,bonus,2023-12-17 13:08
BGT08313,USR046,INC05014,3150000,2050000,1000000,6200000,5200000,freelance,2023-02-20 14:03
BGT02728,USR061,INC00929,2700000,1500000,650000,4850000,4200000,business,2024-02-13 00:36
BGT02886,USR049,INC04725,1700000,1050000,500000,3250000,2750000,salary,02/10/2024 22:15
BGT05491,USR044,INC03007,1550000,,1050000,3550000,2500000,freelance,2024-04-10 23:59
BGT00715,USR059,INC01960,1550000,1100000,650000,3350000,2650000,freelance,2024-03-15 09:37
BGT05604,USR022,INC06986,1300000,950000,550000,2850000,2250000,allowance,2023-04-12 17:26
BGT09817,USR075,INC01879,4500000,2700000,1300000,8500000,7200000,bonus,2023-12-25 12:14
BGT09681,USR020,INC01993,800000,400000,250000,1450000rb,1200000,allowance,2024-02-28 05:58
BGT02839,USR074,INC03102,3300000,2300000,1600000,7200000,5600000,investment_return,2023-05-27 21:32
BGT00561,USR002,INC04364,1400000,700000,450000,2500000,2100000,part_time,2023-07-12 23:35
BGT02981,USR062,INC01839,4700000,2450000,1350000,8500000,7150000,investment_return,2023-09-09 06:56
BGT04894,USR038,INC04425,2150000,1450000,1150000,4750000,3600000,freelance,2023-08-31 04:31
BGT00283,USR036,INC08840,1800000,1150000,850000,3800000,2950000,allowance,2023-09-27 09:42
BGT09728,USR058,INC04394,2200000,1400000,1250000,4850000,3600000,business,2023-12-29 03:43
BGT00510,USR020,INC02069,1250000,900000rb,450000,2600000,2150000,scholarship,2023-05-18 14:16
BGT00259,USR016,INC01104,850000,450000,450000,1750000,1300000,part_time,2024-02-18 05:37
BGT04977,USR049,INC05378,,1800000,700000,5250000,4600000,salary,2024-11-20 04:21
BGT00484,USR039,INC03885,2150000,1300000,600000,4050000.00,3450000,,2023-11-14 22:30
BGT02352,USR023,INC02616,1150000,,350000,2050000,1750000,freelance,2024-12-20 20:03
BGT08591,USR053,INC09832,1700000,950000,800000,3450000,2650000,salary,2023/12/12 08:05
BGT07292,USR001,INC03576,1100000,600000,250000,1950000,1700000,scholarship,2023-05-30 14:00
BGT09518,USR001,INC09082,1200000,,700000,2550000,1850000,scholarship,2024/08/02 10:08
BGT00447,USR034,INC07093,850000,500000,400000,1750000,1350000,allowance,2024-04-03 09:41
BGT07855,USR020,INC04744,1350000,750000,550000,2600000,2100000,allowance,2024-08-06 23:08
BGT04584,USR055,INC08259,,2100000,750000,6350000,5600000,freelance,2024-08-12 08:35
BGT03566,USR039,INC08057,1800000,950000,850000,3600000,2750000,freelance,2024-01-20 08:22
BGT04877,USR021,INC05774,,900000,850000,3350000,2500000,internship,2023-08-22 18:33
BGT02044,USR054,INC04198,2600000,1850000,1050000,5500000,4450000,bonus,2023-09-30 12:15
BGT09721,USR032,INC07451,1000000,700000,500000,2200000,1450000,internship,2024-06-16 05:35
BGT03222,USR016,INC00422,1200000,650000,350000,2200000,1850000,part_time,2023-06-25 13:37
BGT07272,USR037,INC09077,1400000,900000,500000,2750000,2300000,part_time,2024-04-19 13:04
BGT09068,USR004,INC03383,1350000,900000,600000,2850000,2250000,part_time,2024-01-13 01:43
BGT04105,USR033,INC04738,1900000,1050000,550000,3550000,2950000,internship,2023-11-10 08:07
BGT02552,USR052,INC09659,4000000,2300000,1200000,7500000,6300000,bonus,2024-12-30 09:17
BGT09869,USR038,INC04094,,1250000,800000,3750000,2950000,part_time,2024-04-08 23:15
BGT05549,USR059,INC02676,3950000,2250000,850000,7050000,6200000,bonus,2024-01-20 08:22
BGT02544,USR072,INC08025,4200000,2800000,1750000,8700000,7000000,,2023-10-20 14:21
BGT06362,USR036,INC04093,1350000,850000,700000,,2200000,allowance,2024-10-19 18:56
BGT00238,USR061,INC00810,4250000,3000000,2150000,9450000,7250000,investment_return,2024-06-18 20:27
BGT07311,USR009,INC02495,700000,400000,200000,1300000,1100000,part_time,2023-04-13 15:57
BGT01215,USR053,INC06775,-2250000,1500000,1250000,5000000,3750000,freelance,2024-10-20 11:55
BGT02086,USR008,INC04001,1400000,750000,650000,2850000,2150000,scholarship,
BGT04533,USR059,INC02977,3400000,1700000,1450000,6500000,5100000,salary,13/11/2023 13:03
BGT07468,USR024,INC09188,950000,600000,250000,1800000,1550000,part_time,2024-04-04 14:08
BGT09494,USR019,INC03137,550000,350000,300000,1250000,900000,allowance,2023-10-29 02:56
BGT07148,USR057,INC02954,-4200000,2550000,1000000,7750000,6750000,business,2024-08-29 22:48
BGT00665,USR031,INC02238,2300000,1350000,1150000,4750000,3650000,allowance,2024-03-04 07:39
BGT08394,USR021,INC09707,1600000,950000,350000,2950000,2550000,allowance,2024-06-23 17:22
BGT07413,USR072,INC04919,3750000,2700000,1700000,8200000,6450000,salary,2023-09-09 13:09
BGT07164,USR016,INC05266,750000,450000,400000,1600000,1200000,part_time,2024-07-01 08:51
BGT09333,USR062,INC06972,2300000,1300000,800000,4400000,3600000,investment_return,2024-04-24 22:50
BGT05454,USR074,INC07748,4350000,2700000,2600000,9650000,7050000,business,2023-01-31 09:36
BGT03853,USR031,INC03003,1050000,700000,600000,2300000,1750000,internship,2024-08-23 14:07
BGT02709,USR061,INC01529,2750000,1550000,1000000,5300000,4300000,freelance,2024-10-17 08:09
BGT01725,USR013,INC02856,1000000,550000,500000,2000000rb,1550000,scholarship,2024-05-03 21:04
BGT08110,USR056,INC04304,1550000,1050000,600000,3200000,2600000,freelance,2023-08-10 20:00
BGT09556,USR030,INC04200,900000,650000,500000,2100000.00,1550000,internship,2023-04-05 15:49
BGT08802,USR031,INC00851,1700000,1150000,850000,3650000,2850000,allowance,2024-03-21 14:26
BGT04895,USR008,INC03660,1000000,600000,400000,2000000,1600000,allowance,2024-11-06 16:14
BGT03166,USR035,INC08686,900000,500000,350000,1750000,1400000,allowance,2024-07-13 01:06
BGT04851,USR041,INC09258,,2050000,1500000,7400000,5900000,freelance,2023-12-30 08:49
BGT07971,USR028,INC09436,2500000,1550000,900000,4950000,4050000,part_time,2023-07-01 21:58
BGT08924,USR067,INC02678,4300000,3050000,2200000,9500000,7350000,investment_return,2023-01-16 23:38
BGT09339,USR014,INC00239,1000000,550000,450000,2000000,1550000,allowance,2024-11-10 17:40
BGT06313,USR017,INC01804,1500000,850000,300000,2700000,2350000,part_time,2023-04-08 08:12
BGT02172,USR051,INC07283,2200000,1450000,900000,4550000,3650000,freelance,2023-10-03 12:25
BGT02279,USR027,INC05497,1150000,800000,600000,2550000,1950000,freelance,2024-08-28 16:21
BGT01608,USR012,INC02903,550000,350000,250000,1150000,800000,allowance,2023-09-23 13:33
BGT07556,USR003,INC06263,1250000,800000,800000,2850000,2050000,part_time,2023-08-25 05:39
BGT02888,USR013,INC08455,500000,350000,250000,1100000,850000,allowance,2023-08-06 21:00
BGT09478,USR051,INC06268,3550000,2300000,1750000,7600000.00,5850000,salary,2024-11-02 03:43
BGT00184,USR043,INC09972,2800000,1900000,1250000,5950000,4700000,salary,2023/06/27 19:41
BGT00946,USR010,INC02732,700000,500000,350000,1500000,1200000,allowance,2023-12-04 21:17
BGT03072,USR065,INC05657,-3800000,2600000,1500000,7950000,6400000,investment_return,2023-02-17 15:49
BGT07747,USR017,INC01344,1350000,900000,550000,2850000,2250000,scholarship,2024/05/31 19:27
BGT05085,USR072,INC09276,4250000,2150000,1200000,7600000,6400000,business,2024/12/05 19:09
BGT07224,USR070,INC01198,2400000,1450000,1350000,5200000,3850000,freelance,2023-07-10 18:26
BGT03262,USR014,INC03815,900000,550000,350000,1800000,1450000,scholarship,2024-12-15 19:41
BGT08077,USR037,INC06956,850000,450000,300000,1550000,1300000,internship,2023-12-26 16:47
BGT00719,USR020,INC05591,750000,500000,300000,1550000,1250000,allowance,2024-02-03 04:11
BGT09675,USR052,INC05081,1900000,1100000,600000,3600000,3000000,bonus,08/01/2023 19:59
BGT07481,USR006,INC08818,1300000,800000,500000,2600000,2100000,part_time,2024-12-14 23:45
BGT06414,USR013,INC08082,1600000,850000,,3000000,2450000,scholarship,2024-02-11 16:57
BGT05166,USR073,INC00191,3550000,2250000,800000,6550000rb,5800000,bonus,2023-01-10 06:59
BGT09335,USR009,INC00996,650000,400000,200000,1250000,1050000,scholarship,2023-01-04 14:57
BGT03609,USR059,INC03563,2500000,1750000,1350000,5600000,4250000,freelance,2023-03-18 09:35
BGT04848,USR030,INC01051,1150000,550000,400000,2100000,1700000,internship,2024-11-09 16:29
BGT04225,USR053,INC08628,3700000,2200000,1200000,7150000,5900000,salary,2024-02-09 04:17
BGT03032,USR069,INC01725,3800000,2350000,900000,7050000,6150000,investment_return,2024-06-18 01:30
BGT09611,USR010,INC00661,1150000,600000,550000,2300000,1750000,part_time,2024-12-22 23:15
BGT04625,USR052,INC07570,4150000,2500000,1150000,7800000,6650000,salary,2023-10-15 09:45
BGT02209,USR070,INC07836,3150000,1750000,1150000,6050000,4900000,freelance,2023-01-31 03:34
BGT06373,USR037,INC04127,2400000,1350000,600000,4350000,3750000,part_time,2024-06-04 10:21
BGT07277,USR018,INC05938,1100000,650000,600000,,1750000,scholarship,2023-06-30 23:17
BGT00088,USR064,INC07776,5250000,2500000,1950000,9700000,7750000,bonus,2023-11-01 15:48
BGT07107,USR048,INC02566,2650000,1600000,700000,4950000,4250000,business,2023-09-16 20:12
BGT03607,USR013,INC01983,1050000,750000,550000,2300000,1800000,scholarship,2024-10-12 01:06
BGT04591,USR034,INC04132,1550000,900000rb,500000,2950000,2450000,part_time,2024-02-27 15:03
BGT08124,USR021,INC01933,2350000,1500000,700000,4500000,3850000,part_time,2024-02-02 15:53
BGT09499,USR041,INC09116,2950000,2150000,1450000,6550000,5100000,business,2024-05-16 14:13
BGT00901,USR024,INC00878,1800000,1100000,750000,3650000,2900000,allowance,2024-09-12 16:18
BGT09236,USR012,INC07634,1050000,700000,350000,2100000,1750000,scholarship,2023-06-16 07:35
BGT01382,USR058,INC08248,2350000,1300000,850000,4500000,3650000,bonus,2024-07-21 05:09
BGT09961,USR014,INC02395,1700000,850000,450000,3000000,2550000,scholarship,2024-08-14 03:46
BGT09655,USR006,INC04691,1500000,800000,450000,2750000,2300000,allowance,
BGT06285,USR029,INC00841,1150000,600000,450000,2150000,1750000,internship,2023-09-25 15:45
BGT06607,USR012,INC01393,850000,450000,400000,,1300000,part_time,2023-10-30 01:17
BGT04024,USR073,INC07090,3700000,2300000,750000,6750000,6000000,freelance,2023-09-15 23:33
BGT01032,USR074,INC07300,2700000,1950000,1250000,5900000,4650000,business,2024-05-15 10:20
BGT08642,USR050,INC07401,2100000,1350000,750000,4150000,3450000,freelance,2024-05-22 20:02
BGT01164,USR066,INC06763,2400000,1300000,700000,4400000,3700000,investment_return,2024-02-20 14:32
BGT05335,USR054,INC08853,2750000,1800000,1650000,6200000,4550000,freelance,2023-04-26 15:57
BGT07028,USR041,INC05810,3600000,1950000,1650000,7150000,4300000,bonus,2023-01-14 06:45
BGT01653,USR041,INC05038,2200000,1300000,1050000,4550000,3500000,salary,2023-06-15 02:44
BGT01109,USR047,INC08371,3350000,2100000,1550000,,5450000,bonus,2023-03-05 16:36
BGT00674,USR016,INC05586,800000,550000,300000,1650000,1350000,part_time,2023-07-20 15:24
BGT03065,USR027,INC01923,2000000,1400000,1200000,4600000,3400000,internship,2023-05-12 07:53
BGT04809,USR012,INC07827,,600000,300000,2000000,1700000,scholarship,2023-12-12 10:47
BGT07662,USR053,INC03575,2400000,1200000,700000,4250000,3600000,freelance,2023-11-26 04:00
BGT03037,USR008,INC08351,800000,500000,300000,1600000,1300000,allowance,2023-06-09 21:13
BGT00529,USR049,INC03034,3200000,1700000,1150000,,4900000,bonus,2023-05-01 10:27
BGT00092,USR012,INC05025,550000,350000,250000,1150000,900000,scholarship,2023-09-14 14:44
BGT07688,USR073,INC01083,4100000,2250000,2000000,8400000,6350000,salary,
BGT05522,USR001,INC09410,1250000,650000,350000,2300000,1900000,allowance,2024-11-12 20:54
BGT00289,USR045,INC02825,1600000,1000000,550000,3150000,2600000,freelance,2023-05-07 04:54
BGT09530,USR024,INC07211,1600000,1050000,600000rb,3250000,2650000,freelance,2023-08-06 21:19
BGT01377,USR050,INC00879,3150000,1950000,2050000,7150000,5100000,salary,2023-05-07 11:38
BGT05203,USR052,INC05077,3600000,2500000,1400000,7500000,6100000,freelance,2023-04-01 09:58
BGT02952,USR054,INC09080,1750000,1150000,450000,3350000,2900000,business,2024/05/30 00:55
BGT08741,USR043,INC03657,3700000,2150000,1850000,7700000,5850000,bonus,2024-07-29 17:01
BGT05345,USR054,INC01397,2500000,1500000,1400000,5400000,4000000,business,2024-11-07 12:58
BGT06750,USR022,INC08589,1300000,650000,450000,2450000,1950000,freelance,2024-01-09 03:59
BGT04923,USR062,INC06283,4600000,2700000,1100000,8400000,7300000,freelance,2024-08-27 07:39
BGT01781,USR067,INC00536,2600000,1450000,1350000,5400000,4050000,investment_return,2024-03-04 10:34
BGT05297,USR005,INC09323,1600000,950000,400000,2950000,2550000,allowance,2023-07-04 09:12
BGT04169,USR003,INC03401,1500000,900000,350000,2750000,2400000,allowance,2023-08-14 02:12
BGT09089,USR043,INC00461,3600000,2400000,1700000,7700000,6000000,freelance,
BGT05591,USR004,INC08782,1000000,500000,350000,1850000,1500000,part_time,2024-11-06 08:25
BGT03733,USR064,INC03380,3750000,2100000,1850000,7700000,5850000,business,2023-08-19 22:22
BGT00421,USR021,INC08862,,400000,400000,1550000,1100000,allowance,2024-03-05 19:05
BGT09650,USR036,INC07542,2200000,1600000,900000,4700000,3800000,internship,2024-10-22 05:57
BGT08122,USR075,INC00142,3500000,1950000,800000,6250000,5450000,business,2023-07-21 00:02
BGT02027,USR011,INC04162,1250000,750000,400000,,2000000,allowance,2023-10-25 14:21
BGT08048,USR069,INC08238,4350000,2600000,2300000,9250000,6950000,investment_return,2023-03-29 02:05
BGT00364,USR049,INC05191,2550000,1700000rb,1200000,5450000,4250000,bonus,2024-05-08 08:25
BGT09095,USR002,INC08496,500000,300000,300000,1100000,800000,allowance,2024-06-27 17:59
BGT02789,USR053,INC05083,2450000,1400000,550000,4400000,3850000,bonus,2023-11-10 11:19
BGT08558,USR075,INC04387,3650000,2200000,1750000,7600000,5850000,business,2024/02/22 17:37
BGT04581,USR041,INC09521,2500000,1600000,1450000,5500000,4100000,freelance,2024-08-09 09:56
BGT00995,USR051,INC08110,2000000,1050000,900000,3950000,3050000,freelance,2023-07-11 15:03
BGT09013,USR041,INC08484,3150000,1900000,900000,5950000,5050000,freelance,2024-05-05 17:50
BGT01130,USR075,INC04768,3800000,2700000,1750000,8250000,6500000,investment_return,2024-05-26 08:13
BGT00724,USR040,INC04759,1550000,850000,450000,2850000,2400000,internship,2023-02-20 20:22
BGT02165,USR027,INC03481,1550000,950000,750000,3250000,2500000,allowance,2023-03-06 07:57
BGT02704,USR049,INC01617,3250000,1750000,1250000,6250000,5000000,bonus,2024-09-04 09:54
BGT07894,USR014,INC07198,650000,350000,150000,1150000,1000000,scholarship,2024-11-27 15:48
BGT01720,USR037,INC09893,2350000,1150000,700000,4200000,3500000,internship,2024-02-12 19:47
BGT05174,USR050,INC03311,3600000,2000000,1300000,6900000,5600000,business,
BGT02151,USR008,INC07280,450000,300000,250000,1050000,750000,part_time,01/01/2024 05:13
BGT07955,USR002,INC01116,1150000,600000,450000,2200000,1750000,scholarship,2024-01-04 14:16
BGT02655,USR035,INC00734,1650000rb,1100000,600000,3400000,2750000,freelance,2023-11-27 05:09
BGT04182,USR017,INC09828,1250000,750000,800000,2800000,2000000,allowance,2023-08-14 23:53
BGT06501,USR020,INC07176,1050000,550000,300000,1900000,1600000,allowance,30/01/2024 18:37
BGT03237,USR014,INC06469,1250000,750000,300000,2300000,2000000,scholarship,2024-06-13 01:43
BGT02591,USR058,INC05240,1400000,900000,700000,3000000,2300000,freelance,2023-06-17 04:35
BGT00632,USR015,INC06392,1100000,750000,550000,2400000,1850000,PART_TIME,2023-02-08 22:24
BGT01953,USR005,INC07991,600000,350000,250000,1150000,950000,allowance,2024-01-18 05:55
BGT08809,USR029,INC08745,1400000,1050000,600000,3050000,2450000,freelance,2024-06-26 14:47
BGT06543,USR020,INC05980,700000,350000,250000,1300000,1050000,scholarship,2023-10-15 02:57
BGT04008,USR011,INC05945,-1550000,950000,,2900000,2500000,scholarship,2024-12-13 11:21
BGT04843,USR011,INC09001,950000,550000,350000,1850000,1500000,part_time,2024-09-28 09:33
BGT09336,USR040,INC03404,1000000,550000,550000,2100000,1550000,freelance,2024-04-13 12:24
BGT00711,USR013,INC03918,600000,400000,350000,1350000,1000000,scholarship,2023-10-08 09:55
BGT02975,USR055,INC07390,2350000,1650000,850000,4850000,4000000,bonus,2023-11-06 01:47
BGT00833,USR068,INC07250,4150000,3150000,1950000,9200000,7300000,investment_return,2024-10-15 10:54
BGT09153,USR011,INC06075,1200000,750000,600000,2550000,1950000,part_time,2023-10-18 11:33
BGT06718,USR053,INC06651,3700000,1800000,1450000,7000000,5500000,salary,2023-09-09 19:18
BGT03480,USR051,INC02330,2650000,1500000,650000,4800000,4150000,business,2023-08-17 06:01
BGT03698,USR027,INC04025,1350000rb,850000,800000,,2200000,internship,2023-03-23 18:50
BGT06591,USR030,INC03605,1400000,850000,350000,2600000,2250000,allowance,2024-08-28 20:38
BGT05844,USR039,INC00112,1850000,1150000,900000,3900000,3000000,part_time,
BGT06343,USR073,INC05068,4200000,2450000,1000000,7600000,6650000,bonus,2024-10-20 05:37
BGT04946,USR054,INC00652,2850000,1750000,550000,5200000,4600000,business,2023-03-01 22:06
BGT04026,USR060,INC01584,1650000,950000,600000,3200000,2600000,freelance,2024-09-28 16:38
BGT00655,USR019,INC09333,900000,500000,250000rb,,1400000,scholarship,2024-03-14 20:04
BGT07350,USR023,INC00663,1650000,1050000,650000,3350000,2700000,part_time,2024-10-27 17:14
BGT02546,USR032,INC08694,2250000,1450000,1100000,4800000,3700000,allowance,2024-03-29 13:47
BGT02199,USR072,INC04872,2400000,1450000,1150000,5000000rb,3850000,bonus,2023-03-09 06:46
BGT09472,USR055,INC01092,2750000,1700000,750000rb,5200000,4450000,freelance,2024-12-27 10:07
BGT09578,USR017,INC02624,1050000,600000,250000,,1650000,scholarship,2024-11-04 15:00
BGT09558,USR013,INC05781,1350000,-750000,750000,,2100000,part_time,2024-02-06 21:23
BGT03908,USR056,INC07995,3950000,1950000,1400000,7300000,5900000,salary,2023-10-10 16:18
BGT03219,USR056,INC02781,2150000,1100000,550000,3800000,3250000,freelance,2023-09-13 08:24
BGT07136,USR006,INC08481,650000,350000,300000,1300000,1000000,scholarship,2024-07-17 18:27
BGT01771,USR017,INC08483,500000,300000,250000,1050000,800000,,15/11/2024 13:18
BGT09259,USR007,INC07597,1150000,650000,350000,2150000,1800000,part_time,2023-10-29 02:43
BGT05572,USR033,INC05755,1100000,700000,450000,2250000,1800000,freelance,2023-03-07 14:22
BGT03196,USR027,INC04399,2150000,1050000,750000,3950000,3200000,part_time,2023-01-03 07:53
BGT00291,USR008,INC06471,1350000,750000,550000,2650000,2100000,scholarship,
BGT03270,USR003,INC06149,1250000,850000,450000,2550000,2100000,scholarship,2023-08-16 07:35
BGT03068,USR049,INC02303,3150000,2000000,1550000,6650000,5150000,business,
BGT08743,USR012,INC04595,800000,500000,400000,1650000,1300000,allowance,2024-11-29 10:05
BGT02433,USR051,INC05769,1700000,1200000,750000rb,3650000,2900000,business,2023-11-25 22:38
BGT09029,USR031,INC02957,950000,,250000,1750000.00,1500000,freelance,2024-01-05 18:34
BGT09903,USR044,INC08769,3100000,1600000,1500000,6200000,4700000,freelance,07/05/2024 17:44
BGT04498,USR058,INC02720,3800000,2450000,1350000,7600000,6250000,freelance,2024-06-07 13:54
BGT01838,USR046,INC04625,1450000,900000,750000,3100000,1700000,bonus,
BGT08754,USR002,INC02606,1350000,900000,450000,2700000,2250000,scholarship,2024-07-30 16:15
BGT08712,USR058,INC08971,3350000,2150000,800000,6300000,5500000,bonus,2024-01-29 09:24
BGT02967,USR025,INC09091,1200000,750000,700000,2650000,1950000,internship,2024-04-16 15:28
BGT05551,USR065,INC08372,2350000,1550000,650000,4550000,3900000,freelance,2023-11-28 13:36
BGT03630,USR043,INC06939,2800000,1700000,1200000,5700000,4500000,business,2023-04-05 05:04
BGT04357,USR056,INC07533,2550000,1500000,1050000,5100000,4050000,bonus,2023-06-25 04:06
BGT07934,USR059,INC03925,2400000,1300000,1100000,4750000,3700000,bonus,2024-12-09 08:10
BGT00087,USR027,INC09160,1400000,750000,750000,2950000,2150000,internship,2024-05-13 19:14
BGT00116,USR068,INC03497,2100000,1350000,1150000,4600000rb,3450000,freelance,2024-01-12 06:26
BGT05264,USR037,INC07414,1400000,750000,,2600000,2150000,INTERNSHIP,2023-09-05 21:15
BGT02251,USR034,INC08236,2050000,1150000,500000,3700000,3200000,allowance,2024-09-07 07:09
BGT08236,USR017,INC08006,1350000,850000rb,400000,2650000,2200000,part_time,2023-11-05 15:13
BGT09140,USR005,INC04634,600000,350000,200000,1100000,950000,allowance,2023-02-08 04:09
BGT00133,USR046,INC02549,2450000,1300000,700000,4450000rb,3750000,bonus,2023-03-26 02:56
BGT07162,USR045,INC08832,1800000,1200000,650000,3650000,3000000,business,2023-10-15 11:00
BGT04313,USR020,INC00743,1350000,800000,500000,2650000,2150000,ALLOWANCE,2023-02-03 06:38
BGT05340,USR014,INC02920,1600000rb,850000,450000,2900000,2450000,allowance,2024-11-24 20:33
BGT06106,USR030,INC08015,700000,400000,400000,1500000,1100000,internship,2023-05-20 21:21
BGT05286,USR014,INC08920,1100000,700000,600000,2350000,1800000,scholarship,2024-03-29 09:37
BGT08102,USR059,INC09647,2250000,1450000,1000000,4650000,3700000,business,2024-11-26 11:31
BGT02849,USR047,INC05637,2150000,1300000,800000,4250000,3450000,freelance,2023-09-11 12:11
BGT05069,USR042,INC00534,1600000,1000000,1000000,3650000,2600000,salary,2023-06-13 12:25
BGT09501,USR045,INC02925,2150000,1550000,1100000,4800000,3700000,bonus,2023-01-12 08:11
BGT05190,USR054,INC02202,3450000,2050000,1100000,6600000,5500000,business,2023-10-14 00:30
BGT09876,USR065,INC05989,3250000,2050000,1600000,6900000,5300000,investment_return,2023-08-18 02:40
BGT01000,USR015,INC01888,1300000,700000,450000,2500000,2000000,allowance,2024-10-22 23:42
BGT08522,USR026,INC07057,700000,500000,400000,1600000,1200000,part_time,2024-05-14 08:05
BGT01133,USR028,INC00798,2050000,1050000,700000,3750000,3100000,freelance,2023-09-10 23:23
BGT02143,USR045,INC02774,2100000,1150000,950000,4200000,3250000,freelance,2024-12-23 23:28
BGT07321,USR042,INC00567,2350000,1750000,1050000,5150000,4100000,business,2024-05-28 13:38
BGT00123,USR071,INC08917,2700000,1650000,1150000,5550000,4350000,freelance,2024-11-21 23:27
BGT08677,USR053,INC03637,3200000,1700000,1150000,6050000,4900000,salary,2023-02-20 11:23
BGT00843,USR045,INC09302,3550000,2050000,2000000,7600000,5600000,freelance,2024-03-29 23:38
BGT07804,USR022,INC05844,2150000,1300000,950000,4400000,3450000,freelance,2024-07-24 15:41
BGT00897,USR044,INC01016,3550000,1700000rb,1300000,6600000,5250000,bonus,2024-08-03 01:05
BGT07847,USR007,INC09705,1300000,750000,650000,2750000,2050000,allowance,2024-05-22 00:12
BGT02754,USR033,INC06377,1550000,850000,450000,2850000,2400000,freelance,2024-02-29 06:37
BGT01254,USR035,INC06320,850000,550000,400000,1800000,1400000,allowance,2024-07-28 09:03
BGT06196,USR008,INC01085,950000,650000,500000,2100000,1600000,allowance,2024-12-23 11:50
BGT07476,USR068,INC03308,3050000,-1850000,1450000,6400000,4900000,freelance,
BGT02738,USR015,INC00543,-1200000,,350000,2250000,1900000,part_time,11/12/2024 09:03
BGT09881,USR013,INC08314,1050000,650000,650000,2350000,1700000,part_time,2023-11-24 15:13
BGT01638,USR018,INC08912,650000,400000,200000,1250000,1050000,allowance,2024-09-29 22:30
BGT09568,USR011,INC05022,700000,350000,200000,1300000,1050000,allowance,2024-12-28 12:34
BGT07520,USR013,INC05531,600000,300000,200000,1100000,900000,allowance,2023-03-09 23:20
BGT01668,USR024,INC05238,1900000,900000,650000,3450000,2800000,part_time,2023-09-30 12:14
BGT03104,USR072,INC05110,4150000,2350000,2500000,9000000,6500000,business,2023-04-08 10:51
BGT02194,USR027,INC01354,1800000,950000,900000,3700000,2750000,part_time,2023-12-23 21:26
BGT01195,USR025,INC01591,1750000,1200000rb,850000,3800000,2950000,freelance,2023-07-21 01:49
BGT06572,USR023,INC01721,1950000,,1050000,4400000,3950000,part_time,2024-11-12 17:23
BGT01691,USR045,INC03561,3200000,1700000,1450000,6350000,4900000,bonus,2024-02-22 20:43
BGT08069,USR028,INC07780,1850000,950000,750000,3600000,2800000,part_time,2024-01-03 23:50
BGT07969,USR012,INC06841,1050000,650000,250000,1900000,1700000,scholarship,2023-10-25 06:18
BGT09612,USR024,INC03071,1250000,750000,550000,2550000,2000000,internship,2023-06-23 03:49
BGT04926,USR075,INC08520,4500000,2450000,1550000,8500000,6950000,investment_return,2024-06-06 00:28
BGT09312,USR057,INC05741,3050000,1800000,1150000,6000000,4850000,salary,
BGT09604,USR004,INC09958,650000,400000,350000,1400000,1050000,allowance,2023-01-02 16:19
BGT07604,USR039,INC03935,1100000,750000,700000,2550000,1850000,allowance,2024-10-19 20:47
BGT01157,USR011,INC08416,,550000,300000,1900000,1550000,scholarship,2024-11-15 06:44
BGT05612,USR071,INC09209,2650000,1450000,950000,5050000,4100000,freelance,2023-09-07 01:51
BGT05701,USR041,INC05802,3450000,2100000,1500000,7050000,5550000,freelance,2023-01-21 19:19
BGT07707,USR031,INC03205,1800000,1200000,600000,3600000,3000000,freelance,2024-12-04 06:04
BGT01538,USR044,INC08398,2850000,1900000,1350000,6050000,4750000,freelance,2023-10-16 18:12
BGT05827,USR010,INC03171,1100000,,350000,2050000,1650000,scholarship,2023-11-06 17:14
BGT02542,USR069,INC09960,4500000,2600000,2500000,9550000,7100000,freelance,2023-09-13 15:04
BGT06776,USR061,INC05211,4100000,2100000,1550000,7750000,6200000,business,2023-07-17 13:30
BGT04230,USR021,INC03389,1550000,850000,450000,2900000,2700000,internship,2023-08-07 03:43
BGT09082,USR008,INC00905,1250000,750000,400000,2400000,2000000,part_time,2024-11-17 18:55
BGT04438,USR019,INC00486,1450000,900000,400000,2750000,2350000,scholarship,2024-11-25 23:04
BGT06925,USR043,INC06393,2400000,1600000,850000,4850000.00,4000000,salary,2023-02-07 20:31
BGT01667,USR013,INC08888,1200000,800000,450000,2500000,2000000,scholarship,2023-12-22 04:53
BGT06690,USR070,INC09826,3400000,1600000,1200000,6200000,5000000,investment_return,2024-04-03 12:52
BGT03136,USR026,INC02729,2000000,1200000,900000,4100000,3200000,allowance,
BGT02736,USR051,INC05031,1900000,1050000,1150000rb,4100000,2950000,freelance,2023-05-15 09:57
BGT09104,USR022,INC07608,1200000,600000,500000,2300000,1800000,allowance,2023-08-21 05:56
BGT07714,USR017,INC09878,1500000,750000,500000,2750000,2250000,scholarship,2024-11-24 08:04
BGT00388,USR043,INC04667,2150000,1350000,1150000,4650000,3500000,business,2024-02-12 12:15
BGT01988,USR042,INC06133,3250000,2150000,1350000,6750000,5400000,salary,2024-10-12 01:04
BGT06390,USR061,INC08487,3950000,2200000rb,,8550000,6150000,business,2023-04-10 13:59
BGT01567,USR035,INC08538,2250000,1550000,900000,4700000,3800000,allowance,2024-11-01 23:02
BGT09072,USR060,INC09565,2400000,1650000,1250000,5300000,4050000,bonus,2023-02-09 13:56
BGT04983,USR054,INC05486,2800000,1500000,900000,5150000,4300000,business,2023-01-06 22:45
BGT09423,USR028,INC03814,1250000rb,750000,700000,2700000,2000000,freelance,2023-08-12 16:04
BGT09061,USR047,INC09525,3700000,2050000,1800000,7600000,5750000,bonus,2024-05-13 05:43
BGT01524,USR004,INC01943,1150000,650000,650000,2450000,1800000,allowance,2023-11-30 06:06
BGT09435,USR037,INC03787,850000,500000,500000,1850000,1350000,freelance,2024-05-22 00:21
BGT05548,USR061,INC05955,3450000,1850000,1100000,6350000,4150000,business,2024-07-08 17:43
BGT09526,USR012,INC01767,550000,350000,300000rb,1150000,900000,allowance,2024-04-30 20:51
BGT01527,USR054,INC03418,3300000,2150000,1900000,7350000,5450000,business,2024-02-22 13:00
BGT06226,USR004,INC09110,1200000,700000,650000,2500000,1900000,part_time,2024-09-24 08:32
BGT07937,USR075,INC08279,3500000,1800000,1400000,6750000,5300000,investment_return,2023-08-01 10:09
BGT03466,USR060,INC00552,2050000,1250000,1150000,4500000,3300000,bonus,2024-11-02 22:47
BGT09244,USR010,INC06663,600000,450000,250000,1300000,1050000,allowance,
BGT04818,USR059,INC05616,2400000,1300000,700000,4400000,3700000,salary,2023-01-29 00:52
BGT04650,USR069,INC09266,,2700000,1700000,8200000,6450000,investment_return,2023-04-27 23:14
BGT09799,USR028,INC00531,1050000,650000,650000,2350000,1700000,allowance,2024-05-14 07:18
BGT01099,USR064,INC04018,2700000,1600000,700000,5000000,4300000,freelance,2024-12-18 05:08
BGT03083,USR049,INC03079,3650000,2350000,,6900000,6000000,salary,2024-07-15 14:39
BGT00023,USR051,INC06544,1850000,1150000,850000,3900000,3000000,freelance,2024-08-14 07:51
BGT07880,USR010,INC01577,1450000,750000,450000,2650000,1600000,allowance,2023-12-18 00:40
BGT09106,USR047,INC04817,2700000,1600000,1700000,6000000,4300000,bonus,2023-10-18 19:05
BGT08533,USR019,INC03216,900000,550000,200000,1650000,1450000,PART_TIME,2023-02-16 18:38
BGT05487,USR067,INC00541,3350000,2150000,1900000,7400000,5500000,bonus,2024-06-24 17:38
BGT06726,USR042,INC02454,1500000,900000,700000,3150000,2400000,freelance,2023-03-01 10:09
BGT08118,USR054,INC00048,2200000,1050000,800000,4050000,3250000,freelance,08/08/2023 21:36
BGT09715,USR020,INC04173,450000,300000,200000,1000000,750000,part_time,2023-09-08 03:22
BGT09952,USR059,INC05628,3800000,2300000,850000,6950000,6100000,freelance,2024-04-23 13:13
BGT02850,USR021,INC00086,1300000,-750000,800000,2850000,2050000,allowance,2023-06-10 10:17
BGT00385,USR063,INC02135,3900000,2250000,,7050000,6150000,investment_return,2023-06-10 18:30
BGT05249,USR020,INC08152,1200000,700000,300000,2250000,1900000,allowance,2023-04-11 11:01
BGT07561,USR073,INC08264,3800000,2000000,1550000,7350000,5800000,salary,2024-02-11 14:31
BGT08125,USR014,INC05177,1100000,800000,450000,2350000,1900000,scholarship,2023-05-15 05:35
BGT03948,USR032,INC04158,1900000,1400000,750000,4050000,3300000,internship,2024-02-19 05:56
BGT03203,USR068,INC00344,2200000,1350000,550000,4100000,3550000,business,2023-02-18 02:54
BGT07963,USR024,INC09560,1600000,950000,350000,2950000,2550000,internship,2024-05-05 00:39
BGT05568,USR002,INC08232,1050000,650000,350000,2050000,1700000,scholarship,2023-10-28 21:43
BGT08332,USR004,INC03002,800000,500000,250000,1550000,1300000,allowance,2023-02-22 05:21
BGT09716,USR030,INC06622,1050000,500000,300000,1850000,1550000,freelance,2024-09-15 21:40
BGT05538,USR014,INC04993,1350000rb,800000,600000,2750000,2150000,allowance,2024-04-18 08:40
BGT01335,USR019,INC05954,950000,-550000,450000,1950000,1500000,part_time,2024-08-23 17:37
BGT02930,USR051,INC04202,1600000,900000,550000,3050000,2500000,salary,2023-09-06 15:10
BGT00069,USR007,INC06319,1050000,500000,350000,1900000,1550000,allowance,2023-05-26 06:09
BGT07993,USR070,INC07938,4700000,2450000,2250000,9450000,7150000,business,
BGT01273,USR008,INC02397,750000,450000,350000,1550000,1200000,scholarship,2024-04-06 20:26
BGT02940,USR019,INC03142,1050000,650000,350000,2050000,1700000,allowance,2023-03-01 13:20
BGT09344,USR042,INC08218,3800000,1900000,,7300000,5700000,salary,2024-09-21 22:44
BGT02415,USR020,INC03098,1450000,900000,500000,2850000,2350000,scholarship,2023-09-08 07:58
BGT02505,USR040,INC00553,700000,450000,350000,1550000,1150000,internship,
BGT04656,USR056,INC07026,1700000,1150000,750000,3600000,2850000,salary,2024-07-27 22:42
BGT02693,USR038,INC03884,1450000,850000,450000,2750000,2300000,freelance,2023-06-02 12:49
BGT06653,USR047,INC04083,2100000,1050000,800000,3950000,3150000,salary,2023-06-03 03:38
BGT02029,USR072,INC04441,2400000,1300000,650000,4400000,3700000,salary,2023-08-27 19:57
BGT07337,USR022,INC08463,1000000,700000,450000,2150000,1700000,internship,2023-02-21 13:50
BGT00211,USR032,INC01443,1350000,900000,850000,3100000,2250000,internship,2023-07-07 12:15
BGT03266,USR004,INC08509,600000,350000,200000,1150000,950000,part_time,2023-11-25 16:28
BGT06104,USR070,INC07759,2500000,,900000,4800000,3900000,investment_return,2023-08-01 12:40
BGT03005,USR018,INC03784,1200000,700000,400000,2300000,1900000,part_time,2024-05-28 06:51
BGT05756,USR025,INC07951,1750000,800000,,3150000,2550000,part_time,20/08/2023 02:56
BGT09125,USR059,INC06067,2250000,1550000,1350000,5100000,3800000,business,2023-07-28 08:01
BGT01371,USR074,INC08280,4300000,2100000,1400000,7800000,6400000,bonus,2023-09-28 11:02
BGT05959,USR043,INC01624,2100000,1500000,950000,4600000,3600000,salary,2024-03-28 08:33
BGT08545,USR055,INC05327,2400000,1450000rb,1350000,5200000,3850000,bonus,2024-09-22 16:54
BGT03706,USR066,INC06584,3050000,1950000,950000,5950000,5000000,investment_return,2024-10-19 13:59
BGT03276,USR041,INC04287,3900000,2250000,1850000,8000000,6150000,freelance,2024-07-18 03:08
BGT02156,USR053,INC04758,3200000,1650000,850000,5700000,4850000,business,2024-06-17 19:41
BGT02626,USR018,INC04856,1200000,750000,400000,2400000,1950000,scholarship,2023-03-09 12:49
BGT09446,USR008,INC07226,1350000,900000,500000,2800000,2250000,scholarship,2024-01-17 22:30
BGT07917,USR064,INC08283,2150000,1450000,1150000,4750000,3600000,investment_return,2023-08-02 17:37
BGT05883,USR007,INC06449,600000,300000,150000,1050000,900000,allowance,2024-02-12 16:46
BGT05771,USR050,INC06571,1800000,1150000,700000,3650000,2950000,business,2023-10-01 11:15
BGT07525,USR040,INC03944,1900000,1150000,900000,4000000,3050000,allowance,2024-04-14 09:57
BGT08006,USR028,INC09042,2200000,1400000,750000,4300000,3600000,internship,2024-08-29 02:27
BGT00807,USR065,INC07851,4850000,2900000,1050000,8850000,7750000,freelance,2024-05-25 13:34
BGT01444,USR058,INC09135,3850000,2600000,1400000,7900000,6450000,freelance,2024-02-26 08:40
BGT05808,USR054,INC02502,1800000,1000000,950000,3750000,2800000,freelance,2024-03-06 17:01
BGT06398,USR024,INC08065,1150000,750000,350000,2300000,1900000,allowance,2024-07-04 01:06
BGT00521,USR067,INC00416,2800000,1800000,1200000,5800000,4600000,bonus,2023-10-01 07:35
BGT09379,USR044,INC00620,2800000,,,6100000,4800000,bonus,2024/11/02 00:45
BGT06030,USR046,INC07708,2900000,1700000,1050000,5650000,4600000,salary,2023-02-10 18:18
BGT02515,USR038,INC00262,2050000,1100000,850000,4000000,3150000,allowance,2024-10-25 23:01
BGT04147,USR066,INC00838,,2300000,2400000,8600000,6150000,bonus,2024-03-22 17:54
BGT03368,USR073,INC00013,4100000,2400000,1250000,7700000,6500000,bonus,2024-08-02 13:51
BGT07509,USR057,INC00937,3900000,2300000,750000,6950000,6200000,salary,2023/01/03 22:39
BGT08215,USR046,INC04629,2700000,1950000,1300000,5950000,4650000,bonus,2023-09-10 01:57
BGT07649,USR040,INC09064,2000000,1100000,550000,3600000,3100000,part_time,2024-08-09 17:57
BGT05211,USR020,INC09796,1250000,900000,500000,2650000,2150000,scholarship,2024-12-11 19:15
BGT04222,USR058,INC04131,3750000,2100000,1650000,7500000,5850000,freelance,2023-12-10 03:03
BGT00985,USR075,INC04088,4350000,2550000,1600000rb,8550000,6900000,salary,2024-08-08 20:39
BGT03734,USR027,INC07586,2500000,1500000,950000,4950000,4000000,internship,13/10/2023 04:06
BGT04240,USR049,INC08097,3950000,2350000,850000,7150000,6300000,business,2023-10-09 03:51
BGT03776,USR073,INC00207,4350000,2250000,1450000,8100000,6600000,business,2023-04-27 07:10
BGT07895,USR053,INC04521,3700000,2050000,1350000,7100000,5750000,freelance,2023-02-21 02:46
BGT06156,USR014,INC02599,850000,550000,450000,1850000,1400000,part_time,2024-07-28 17:54
BGT01907,USR009,INC03084,900000,550000,400000,1800000,1450000,scholarship,2023-03-04 19:11
BGT02909,USR059,INC08595,2950000,1550000,850000,5350000rb,4500000,bonus,2023-10-23 14:25
BGT09381,USR069,INC08319,3450000,2300000,1600000,7350000,5750000,SALARY,2024-10-24 19:57
BGT03324,USR003,INC01483,800000,500000,400000,1700000,1300000,part_time,2024-10-29 12:10
BGT06783,USR056,INC02644,3000000,1900000,850000,5750000,4900000,business,2023-09-26 12:01
BGT06587,USR067,INC06951,4400000,2550000,1050000,8000000,6950000,salary,2024-09-30 04:07
BGT02987,USR032,INC01948,1550000,850000,700000,3100000,2400000,freelance,2024-11-30 20:57
BGT05046,USR016,INC01644,1200000,600000,350000,2200000,1800000,allowance,2023-06-20 06:23
BGT01944,USR028,INC02174,850000,500000,350000,1700000,1350000,internship,2023-07-06 23:11
BGT02168,USR063,INC03786,3400000,2450000,1750000,7600000,5850000,bonus,2023-12-31 07:11
BGT04490,USR032,INC05849,2150000,1100000,550000,3800000,3250000,allowance,2024-06-08 07:09
BGT08903,USR054,INC02605,3500000,2100000,,7800000,5600000,business,2023-11-21 21:48
BGT02893,USR010,INC03541,550000,350000,100000,1000000,900000,allowance,2024-09-20 08:18
BGT05501,USR066,INC02910,3100000,1900000,950000,6000000,5000000,salary,2024-06-15 23:31
BGT02337,USR063,INC08664,3700000,2350000,1500000,7550000rb,6050000,investment_return,2023-02-08 11:55
BGT03647,USR054,INC04146,1950000,1200000,,3950000,3150000,freelance,2023-07-12 00:37
BGT01782,USR053,INC00766,1750000,900000rb,600000rb,3200000,1950000,salary,
BGT03080,USR044,INC07094,3750000rb,2150000,1450000,7350000,5900000,business,2024-09-05 23:42
BGT04055,USR058,INC07648,1750000,1100000,400000,3200000,2850000,bonus,2024-05-27 06:31
BGT08603,USR003,INC08855,1150000,650000,450000,2250000,1800000,allowance,2023-01-20 07:03
BGT03390,USR035,INC08303,2550000,1350000,900000,4800000,3900000,allowance,2024-04-06 05:05
BGT00112,USR048,INC06548,3350000,2050000,2200000,7650000,5400000,business,2024-12-15 15:46
BGT01285,USR020,INC04385,1450000,900000,,2700000,2350000,scholarship,2024-04-29 22:07
BGT07378,USR018,INC04015,900000,500000,400000,1750000,1400000,allowance,2024-03-07 08:41
BGT04039,USR056,INC08529,2400000,1350000,750000,4500000,3750000,bonus,2024-02-07 12:51
BGT05992,USR042,INC03993,2300000,1300000,1000000,4600000,3600000,freelance,2024-02-14 17:42
BGT03353,USR065,INC06599,3000000,1650000,1000000,5650000,4650000,investment_return,2024-12-20 19:01
BGT08136,USR046,INC02815,-2000000,1450000,750000,4200000,3450000,business,2023-10-04 01:47
BGT02928,USR028,INC01318,2200000,1400000,1250000,4850000,3600000,allowance,2023-09-17 07:41
BGT09019,USR040,INC02569,850000,550000,300000,1700000,1400000,freelance,2024-06-30 22:31
BGT07820,USR021,INC07539,1250000,750000,650000,2650000,2000000,allowance,2023-07-03 06:11
BGT01403,USR025,INC04016,1150000,700000,500000,2350000,1850000,part_time,2024-08-07 12:44
BGT09465,USR055,INC06238,2850000,1950000,1250000,6050000,4800000,freelance,2023-04-21 05:35
BGT07303,USR008,INC02780,1050000,600000,700000rb,2350000,1650000,scholarship,2024-03-11 14:06
BGT04932,USR065,INC06453,4900000,2700000,2000000,9600000,7600000,bonus,2024-04-27 09:45
BGT05250,USR024,INC07850,1500000,900000,900000rb,3300000,3100000,internship,2024-11-14 17:36
BGT08299,USR047,INC06045,3500000,2050000,,6450000,5550000,bonus,2023-01-08 18:41
BGT03873,USR040,INC07495,2400000,1500000,800000,4700000rb,3900000,part_time,2024-04-14 23:07
BGT02213,USR008,INC09845,700000,450000,450000,1600000,1150000,allowance,2024-09-05 17:28
BGT01417,USR024,INC01710,,1500000,600000,,4100000,freelance,02/10/2024 13:47
BGT02501,USR069,INC09331,4000000,2500000,1050000,7550000,6500000,salary,2023-06-30 03:10
BGT00802,USR034,INC06697,1650000,850000,650000,3150000,2500000,allowance,2023-11-07 02:27
BGT02205,USR056,INC03813,1600000,850000,600000,3050000,2450000,freelance,2024-10-08 19:03
BGT09500,USR041,INC01680,3350000,1950000,1700000,7000000,5300000,salary,2023-10-28 03:17
BGT04658,USR036,INC01900,850000,450000,300000,1600000,1300000,allowance,2024-11-05 23:40
BGT04061,USR012,INC00455,1100000,,300000,2050000,1750000,scholarship,2024-03-22 16:22
BGT05068,USR046,INC09038,2900000,1700000,700000,5300000,4600000,bonus,2023-02-05 06:47
BGT02757,USR068,INC07127,3250000,1900000,1900000,7050000,5150000,bonus,2024-09-10 14:23
BGT04254,USR027,INC04193,1800000,1000000,900000,3700000,2800000,allowance,2023-07-15 01:59
BGT00642,USR017,INC08501,1250000,750000,600000,2650000,2000000,allowance,2023-10-18 12:10
BGT03029,USR013,INC06496,800000,400000,200000,1400000,1200000,scholarship,2024-10-01 01:16
BGT05555,USR066,INC04429,4350000,2200000,1950000,8550000,6550000,investment_return,2023-10-28 00:18
BGT05690,USR049,INC03946,3850000,2550000,1600000,8000000,6400000,bonus,2024-04-30 15:01
BGT03153,USR072,INC00756,3500000,2350000,1450000,7300000,5850000,bonus,2024-09-28 08:24
BGT00852,USR018,INC09612,500000,350000,150000,1000000,850000,part_time,2024-06-29 14:35
BGT04480,USR012,INC03200,-1150000,700000,750000,2600000,1850000,allowance,2023-07-31 04:00
BGT05885,USR001,INC02625,1300000,800000,650000,2750000,2100000,allowance,2024-02-18 03:32
BGT06998,USR017,INC08934,600000,400000,250000,1250000,1000000,allowance,2023-05-07 07:53
BGT09449,USR075,INC06538,4300000,2850000rb,2400000,9500000,7150000,investment_return,2024-07-12 21:53
BGT04806,USR008,INC03460,900000,650000,450000,2000000,1550000,scholarship,2024-11-01 20:40
BGT00113,USR054,INC09897,1700000,1100000,700000,3500000,2800000,salary,2023-04-21 21:31
BGT02350,USR065,INC07792,2300000,1300000,1100000,4700000,3600000,salary,2023-12-04 04:21
BGT07271,USR047,INC01387,,-1300000,,4900000,4550000,freelance,2023-09-30 14:10
BGT09851,USR021,INC02961,850000,550000,400000,1800000,1400000,freelance,2024-12-05 09:46
BGT09512,USR014,INC05728,1050000,550000,300000,1900000.00,1600000,ALLOWANCE,2023-10-27 09:25
BGT09314,USR051,INC06957,3550000,-2000000,1400000,6950000,5550000,business,15/08/2023 21:15
BGT07394,USR046,INC02035,3050000,1650000,850000,5550000,4700000,bonus,2024-08-31 00:53
BGT00328,USR029,INC02431,,700000,450000,2450000,1950000,internship,2024-06-24 01:50
BGT00790,USR070,INC08543,4800000,2550000,1750000,9100000,7350000,salary,2024-11-12 12:30
BGT04700,USR017,INC05937,900000,600000,450000,1950000rb,1500000,allowance,2023-08-30 09:09
BGT07938,USR037,INC02554,1900000,1200000,550000,3650000,3100000,allowance,2024-09-28 14:43
BGT05762,USR027,INC01842,900000,650000,400000,1950000,1550000,internship,2024-12-09 20:03
BGT06507,USR056,INC05245,-2300000,1700000,1000000,5000000,4000000,business,2024-02-01 21:16
BGT09475,USR057,INC01698,3450000,1900000,950000,6300000,5350000,bonus,2024-07-21 09:23
BGT06205,USR073,INC02561,2300000,1200000,750000,4300000,3500000,salary,2024-05-14 14:32
BGT04781,USR024,INC01883,2000000,1150000,900000,4050000,3150000,freelance,2024-08-11 13:34
BGT02524,USR073,INC03096,3900000,2550000,2050000,8450000,6450000,bonus,2023-10-23 03:20
BGT03277,USR050,INC00769,2000000,1150000,650000,3800000,3150000,business,2024-05-04 00:06
BGT02188,USR036,INC03396,1250000,700000,350000,2250000,1950000,internship,03/04/2024 21:32
BGT05327,USR002,INC00366,1200000,750000,500000,2450000,1950000,part_time,2024-07-20 10:57
BGT05610,USR026,INC05324,2250000,1250000rb,950000,4450000,3500000,allowance,2024-02-06 05:29
BGT08178,USR016,INC08929,1150000,600000,450000,2150000,1750000,allowance,2023-11-24 06:56
BGT06929,USR064,INC05542,3350000,,850000,6200000,5350000,investment_return,2024-06-24 19:32
BGT01870,USR039,INC05347,1800000,900000,700000,3400000,2700000,freelance,2024-09-29 15:31
BGT00164,USR062,INC01298,2000000,1400000,1050000,4450000,3400000,business,2023-11-02 14:45
BGT06920,USR048,INC05627,3850000,2050000,1650000,7550000,5900000,bonus,2024-02-14 20:51
BGT08819,USR065,INC07838,4900000,2900000,1850000,9650000,7800000,bonus,2024-11-28 15:00
BGT07056,USR008,INC04455,1200000,600000,,2300000,1800000,part_time,2024-01-09 22:57
BGT08163,USR021,INC04532,1250000,800000,500000,2600000,2050000,internship,2024-12-14 23:42
BGT02361,USR008,INC01872,1000000,600000,200000,1750000,1600000,allowance,2024-12-04 17:18
BGT06033,USR065,INC03374,4550000,2400000,1950000,8950000,6950000,salary,
BGT01299,USR014,INC08892,800000,500000,450000,1700000,1300000,part_time,2023-01-08 19:03
BGT05103,USR005,INC04326,800000,400000,250000,1500000,1500000,scholarship,28/05/2024 23:15
BGT05325,USR019,INC07560,1300000,800000,550000,2650000,2100000,scholarship,2024-09-20 05:00
BGT07186,USR075,INC07849,2150000,1250000,900000,4300000,3400000,investment_return,2023-08-02 03:08
BGT00245,USR005,INC07072,600000,300000,250000,1150000,900000,part_time,2024-12-28 18:51
BGT03815,USR047,INC01329,1950000,1200000,,3800000,3150000,business,2023-07-09 17:59
BGT08429,USR052,INC05580,3200000,1750000,1300000,6250000,4950000,salary,2024-11-19 21:40
BGT03535,USR024,INC01748,2050000,1450000,1200000,4700000,3500000,allowance,2024-01-22 09:57
BGT04252,USR023,INC05875,2400000,1300000,1100000,4850000,3700000,part_time,2023-09-04 17:00
BGT05006,USR053,INC03059,1450000,950000,900000,3250000,2400000,business,2023-01-24 03:10
BGT03274,USR042,INC04434,3600000,2250000,1400000,7250000,5850000,freelance,2023-05-17 23:01
BGT03791,USR067,INC00209,4300000,-2600000,1750000,8650000,6900000,investment_return,2023-08-01 01:17
BGT07687,USR039,INC03592,1000000,650000,300000,2000000,1650000,internship,2023-05-19 10:10
BGT04500,USR039,INC02000,1900000,1150000,700000,3750000,3100000,freelance,2024-02-17 17:59
BGT02600,USR015,INC09982,800000,400000,200000,1400000,1200000,part_time,2023-05-27 01:57
BGT02957,USR071,INC05346,,2900000,,9750000,8050000,salary,2023-08-04 12:27
BGT00443,USR012,INC07925,1000000,650000,450000,2050000rb,1650000,SCHOLARSHIP,2024-08-30 00:28
BGT08198,USR059,INC08940,1350000,950000,700000,3000000,2300000,salary,2024-06-10 11:00
BGT02570,USR041,INC07619,2800000,1900000,,6050000,4700000,business,2024-01-15 22:43
BGT08505,USR007,INC03114,1150000,700000,450000,2300000,1850000,allowance,2023-02-21 08:03
BGT04478,USR071,INC07633,4050000rb,2500000,,9000000,6550000,investment_return,2024-07-26 06:49
BGT09735,USR016,INC02260,1200000,750000,300000,2250000,1950000,allowance,2023-12-25 15:01
BGT04188,USR003,INC06630,950000,550000,500000,2000000,1500000,scholarship,2024-11-27 14:45
BGT04834,USR038,INC02636,,900000,550000,3250000,2700000,allowance,2024-02-29 10:32
BGT05003,USR043,INC00114,3150000,1700000,1000000,5800000,4850000,business,2024-05-19 17:28
BGT08606,USR023,INC02120,1550000,1000000,500000,3050000,2550000,freelance,2023-07-18 02:30
BGT02475,USR065,INC06113,5450000,2700000,1800000,9950000,8150000,bonus,2024-02-03 16:40
BGT07669,USR062,INC02182,4000000,2300000,1100000,7400000,6300000,investment_return,2023-11-18 13:54
BGT00074,USR018,INC00463,1500000,850000,500000,2850000,2350000,part_time,2023-07-08 03:17
BGT07354,USR020,INC03735,850000,550000,300000,1650000,1400000,allowance,2024-04-18 08:34
BGT01835,USR015,INC04100,1550000,900000,350000,2800000,2450000,allowance,2023-04-13 14:08
BGT08641,USR064,INC06916,4050000,2400000,2500000,8950000,6450000,investment_return,2024-05-05 04:47
BGT01809,USR026,INC01831,1800000,1200000,,3500000,3000000,freelance,2024-06-12 16:04
BGT00125,USR028,INC07625,1300000,800000,500000,2550000,2100000,allowance,2024-10-21 15:36
BGT00169,USR068,INC03835,2600000,1400000,700000,4700000,4000000,investment_return,2024-08-27 12:35
BGT00992,USR070,INC06226,4350000,2850000,2250000,9450000,7200000,business,2024-01-27 13:55
BGT07995,USR036,INC01821,2450000,1300000,850000,4600000,3750000,freelance,2024-02-07 00:57
BGT08952,USR006,INC01574,950000,700000,450000,2150000,1650000,allowance,2023-04-26 21:20
BGT06851,USR023,INC02067,2200000,1250000,,4250000,3450000,part_time,2024-12-21 15:05
BGT07151,USR066,INC08460,3200000,1700000,1000000,5900000,4900000,bonus,2023-12-26 19:41
BGT03337,USR006,INC09395,900000,500000,400000,1800000,1400000,allowance,2023-07-16 01:42
BGT09375,USR065,INC04599,4700000,2850000,1150000,8700000,7550000,freelance,2024-06-29 16:38
BGT01649,USR043,INC06266,2400000,1500000,500000,4350000,3900000,freelance,2024-04-24 03:36
BGT01832,USR008,INC08221,900000,550000,250000,1700000,1450000,part_time,2024-10-06 01:54
BGT07094,USR036,INC03633,2300000,1400000,800000,4500000,3700000,allowance,2023-05-08 16:19
BGT07381,USR016,INC09092,1000000,550000,300000,1850000,1550000,scholarship,29/11/2024 19:33
BGT07367,USR039,INC06813,2500000,1450000,950000,4900000,3950000,part_time,2023-12-21 20:06
BGT08999,USR027,INC04543,1100000,600000,400000,2100000,1700000,allowance,2024-10-03 19:35
BGT01241,USR054,INC01674,4300000,2450000,1100000,7850000,6750000,freelance,2023-03-13 01:34
BGT00351,USR022,INC02068,2100000,1150000,650000,3900000,3250000,allowance,2024-12-08 12:19
BGT04854,USR011,INC03955,700000,450000,150000,1300000,1150000,allowance,2024-11-09 23:53
BGT06822,USR028,INC06208,1450000,850000,650000,2950000,2300000,freelance,2023-05-10 14:33
BGT09652,USR064,INC06429,2750000,1550000,1450000,5750000,4300000,salary,2024-04-02 22:24
BGT01101,USR016,INC09841,650000,350000,300000,1250000,1000000,scholarship,2023-09-07 03:41
BGT01023,USR023,INC01404,1200000,750000,400000,2350000,1950000,freelance,2023-11-27 12:18
BGT09997,USR019,INC06866,700000,450000,350000,1500000,1150000,part_time,2024-08-17 19:30
BGT00824,USR073,INC05490,3500000,2150000,850000,6450000,5650000,freelance,2024-07-16 19:55
BGT06884,USR013,INC03780,600000,350000,300000,1250000,950000,PART_TIME,
BGT09588,USR007,INC00853,1000000,-650000,500000,2150000,1650000,scholarship,2023-01-03 03:13
BGT05177,USR069,INC01407,2000000,,800000,4100000,3250000,investment_return,2023-01-10 08:20
BGT04463,USR075,INC06892,2700000,1550000,950000,5200000,4250000,freelance,2024-01-07 04:04
BGT01329,USR020,INC09384,950000,550000,300000,1800000,1500000,scholarship,2024-04-07 08:47
BGT08958,USR029,INC03733,1250000,800000,500000,2550000,2050000,freelance,2023-12-29 08:16
BGT07489,USR015,INC04184,1300000,650000,400000,2400000,1950000,allowance,2024-08-12 00:32
BGT03386,USR058,INC09133,3200000,1700000,1600000,6500000,4900000,salary,2024-05-22 16:34
BGT07961,USR014,INC07056,1550000,1000000,400000,2900000,2550000,scholarship,2023-11-17 07:51
BGT00758,USR007,INC04804,1550000,850000,400000,2800000,2400000,part_time,22/10/2023 17:19
BGT05010,USR055,INC02846,1900000,1350000,900000,4150000,3450000,freelance,2023-02-22 22:41
BGT07038,USR066,INC02631,1900000,1100000,1100000,4150000,3000000,bonus,2024-06-19 18:14
BGT06262,USR061,INC05275,4350000,2750000,1750000,8850000,7100000,business,2023-12-17 00:28
BGT06809,USR073,INC02603,4450000,2150000,1650000,8250000,6600000,business,2023-08-25 05:55
BGT05509,USR064,INC09649,4250000,2700000,950000,7900000,6950000,business,2024-02-02 01:55
BGT00187,USR033,INC04517,1750000,1000000,500000,3250000,2750000,internship,2023-01-15 00:50
BGT07412,USR035,INC06770,1300000,650000,450000,2400000,1950000,allowance,2024-11-12 17:04
BGT09401,USR050,INC06566,2400000,1250000,1150000,4850000,3650000,business,2023-04-03 16:58
BGT02247,USR066,INC05737,2300000,1600000,1100000,5050000,3900000,salary,2024-11-18 01:06
BGT02474,USR070,INC01123,3900000,2450000,2350000,8700000,6350000,investment_return,2023-03-22 17:41
BGT07921,USR072,INC02733,2950000,1650000,1100000,5700000,4600000,business,2024-01-23 07:24
BGT09906,USR035,INC04987,1400000,800000,700000,2900000,2200000,freelance,2023-10-28 03:53
BGT00262,USR035,INC01502,1400000,850000,600000,2850000,1800000,part_time,2023-04-25 22:38
BGT03564,USR042,INC07710,2850000,1500000,1150000,5500000,4350000,bonus,2023-05-03 17:19
BGT03410,USR064,INC00359,3750000,2300000,1350000,7400000,6050000,salary,2024-07-06 04:33
BGT01617,USR025,INC06099,1300000,800000,750000,2850000,2100000,freelance,2023-06-14 05:59
BGT06277,USR045,INC04812,2950000,2100000,1500000,6600000,5050000,freelance,2024-04-14 19:17
BGT00147,USR014,INC03798,550000,350000,150000,1050000,900000,scholarship,2024-08-11 05:52
BGT05260,USR028,INC00925,1700000,1050000,600000,3350000,2750000,internship,2023-06-09 07:17
BGT09374,USR059,INC07461,3400000,2050000,1900000,7400000,5450000,salary,2024-06-26 17:38
BGT03312,USR005,INC08819,1150000,750000,350000,2250000,1900000,part_time,2024-03-16 20:37
BGT09028,USR062,INC08995,,,1550000,7800000,6250000,salary,2024-05-21 19:37
BGT08774,USR051,INC03538,3800000,1900000,1250000,6950000,5700000,business,2023-06-06 18:18
BGT01303,USR015,INC08660,,350000,,,1000000,allowance,2023-08-21 04:28
BGT07210,USR044,INC01716,2400000,1300000,1100000,4850000,3700000,salary,2024-09-28 15:35
BGT05642,USR005,INC05488,750000,400000,300000,1450000,1150000,scholarship,2023-07-07 16:57
BGT07998,USR024,INC06443,950000,550000,600000,2150000,1500000,allowance,2024-06-15 16:15
BGT07003,USR050,INC03961,3300000,1700000,1350000,6350000,6300000,bonus,2023-07-18 01:55
BGT02040,USR004,INC07509,1300000,850000,300000,2500000,2150000,part_time,2023-07-12 03:54
BGT03248,USR026,INC07568,1800000,950000,750000,3500000,2750000,internship,2024-11-05 23:51
BGT06204,USR054,INC09855,1400000,900000,850000,3150000,2300000,freelance,2023-01-05 09:43
BGT07727,USR045,INC07504,,1100000,1050000,4000000,3000000,salary,2024-05-23 08:21
BGT06624,USR022,INC06006,1150000,750000,550000,2450000,1900000,freelance,2023-05-13 07:02
BGT04567,USR006,INC02106,1400000,800000,650000,2900000,2200000,part_time,2023-02-13 05:46
BGT05626,USR053,INC09065,2500000,1550000,1500000,5600000,4050000,bonus,
BGT01656,USR071,INC08980,2550000,1600000,550000,4750000,4150000,salary,2023-04-07 14:06
BGT09030,USR031,INC07997,1900000,1050000,900000,3850000,2950000,allowance,2024-06-08 17:45
BGT04249,USR050,INC03193,2450000,1250000,900000,4600000,3700000,business,2024-02-02 07:14
BGT05840,USR040,INC08408,2300000,1050000,750000,4100000,3350000,freelance,2024-02-05 06:06
BGT02080,USR010,INC07585,1050000,650000,250000,1900000,1700000,scholarship,2023-09-06 11:09
BGT08289,USR018,INC02855,800000,450000,450000,1750000,1250000,allowance,2024-07-26 04:16
BGT08051,USR004,INC06604,750000,450000,200000,1400000,1200000,part_time,2023-05-20 03:02
BGT07531,USR012,INC07561,1150000,600000,400000,2150000,1750000,scholarship,2024/10/18 14:42
BGT01342,USR050,INC05127,3150000,1900000,700000,5750000,5050000,bonus,2023-01-22 18:32
BGT00768,USR061,INC07763,3600000,2050000,1700000,7350000,5650000,BONUS,2024-11-07 06:28
BGT03020,USR067,INC05447,2850000,1450000,950000,5250000,4300000,investment_return,2023-10-22 09:11
BGT05382,USR037,INC00099,1150000,600000,550000,2300000,1750000,part_time,2024-12-09 18:08
BGT03650,USR068,INC04658,2900000,1950000,1450000,6300000,4850000,freelance,2024-10-09 02:26
BGT03631,USR029,INC05481,800000,500000,350000,,1300000,freelance,2024-01-26 01:21
BGT06617,USR067,INC08188,3350000,2300000,1300000,6950000,5650000,bonus,12/01/2024 06:23
BGT03422,USR063,INC04914,2100000,1250000,650000,4000000,3350000,salary,2023-10-09 20:21
BGT06271,USR012,INC06136,1150000,600000,400000,2150000,1750000,part_time,2024-09-27 12:38
BGT06193,USR059,INC06173,2250000,1250000,650000,4150000,3500000,freelance,2024-02-20 11:17
BGT03769,USR061,INC08257,4200000,3000000,1900000,9100000,7200000,investment_return,2024-10-01 11:02
BGT08203,USR001,INC08249,1200000,700000,600000,2500000,1900000,allowance,2024-11-22 16:01
BGT04734,USR039,INC01305,1350000,1000000,600000,2900000,2350000,internship,2023-09-18 09:39
BGT05627,USR030,INC07513,850000,500000,300000,1650000,1350000,freelance,2024-12-06 00:01
BGT00675,USR002,INC05190,1100000,600000,300000,2000000,1700000,allowance,2024-05-27 01:05
BGT01601,USR021,INC01186,1600000,950000,1000000,3500000,2550000,internship,2024-06-13 02:03
BGT08614,USR038,INC09927,1950000,1250000,900000,4100000,3200000,part_time,2023-09-26 22:17
BGT02142,USR048,INC08924,3100000,2000000,1100000,6250000,5100000,business,2023-09-16 03:59
BGT09805,USR069,INC05571,3100000,1900000,1550000,6550000,5000000,business,2024-03-13 09:52
BGT01482,USR014,INC08468,1500000,950000,400000,2850000,2450000,allowance,2023-02-03 14:17
BGT03133,USR062,INC03327,2650000,1550000,1550000,5750000,4200000,freelance,2023-12-12 12:28
BGT06814,USR070,INC09844,2000000,1250000,1200000,,3250000,business,2024-02-14 07:40
BGT01213,USR064,INC09496,2550000,1500000,950000,5000000,4050000,bonus,2024-02-21 23:15
BGT03148,USR072,INC09166,3950000,2700000,1750000,8450000,6650000,business,2023-11-12 14:13
BGT02461,USR008,INC01030,850000,550000,200000,1600000,1400000,scholarship,2024-03-03 17:20
BGT04091,USR047,INC02188,1800000,1150000,800000,3700000,2950000,salary,2023-08-23 17:59
BGT02345,USR015,INC01338,1050000,750000,400000,2200000,1800000,allowance,2023-01-12 12:19
BGT00704,USR027,INC07223,1200000,850000,500000rb,2500000,2050000,freelance,2023-05-10 07:52
BGT08537,USR042,INC04134,1750000,1000000,600000,3350000,2750000,salary,2023-09-20 22:32
BGT07469,USR069,INC06524,-2400000,1450000,900000,4750000,3850000,bonus,2023-08-13 14:16
BGT09479,USR017,INC02649,1550000,900000,550000,2950000,2450000,scholarship,2024-02-08 16:50
BGT00049,USR026,INC00685,2550000,1350000,750000,4600000,3900000,freelance,2023-06-17 04:57
BGT06529,USR062,INC02332,5300000,2750000,1750000,9800000,8050000,freelance,2023-10-23 01:35
BGT04258,USR013,INC04589,1050000,550000,400000,1950000,1600000,scholarship,2023-07-25 01:37
BGT06319,USR033,INC09522,850000,450000,300000,1600000.00,1300000,part_time,2023-08-31 10:46
BGT05671,USR034,INC01235,1400000,850000,650000,2900000,2250000,internship,2024-05-25 12:44
BGT07009,USR020,INC07830,600000,350000,300000,1250000,950000,allowance,2023-03-09 20:10
BGT06992,USR058,INC03265,3550000,2300000,1850000,7700000,5850000,salary,2024-04-14 00:48
BGT05329,USR029,INC05401,1450000,900000,800000,3100000,2350000,freelance,2023-09-25 16:27
BGT09551,USR027,INC09511,800000,550000,400000,1750000,1350000,freelance,2024-04-26 11:45
BGT07485,USR025,INC00352,1000000,500000,500000,2000000,1500000,ALLOWANCE,2023-03-01 12:01
BGT08309,USR005,INC02010,1100000,600000,550000,2250000,1700000,allowance,2023-08-25 09:37
BGT06827,USR010,INC02428,1150000,700000,700000,2550000,1850000,scholarship,2023-07-15 16:55
BGT00407,USR028,INC01057,2500000,1450000,850000,4850000,3950000,allowance,2024-02-29 05:36
BGT00889,USR074,INC09571,2350000,1200000,750000,4300000,3550000,investment_return,2023-07-15 03:02
BGT08335,USR062,INC03544,,2200000,1500000,8200000,6700000,bonus,2023-08-05 16:23
BGT02551,USR032,INC09363,2300000,1550000,1150000,5000000,3850000,freelance,2023-05-06 16:36
BGT08419,USR046,INC09226,1800000,950000,800000,3550000,2750000,business,2023-07-06 05:12
BGT08030,USR037,INC05187,1300000,850000,300000,2450000,2150000,internship,2024-09-09 12:12
BGT09299,USR027,INC04920,1250000,850000,550000,2650000,2100000,internship,2023-06-27 19:10
BGT07621,USR057,INC00948,2700000,1700000,1600000,,4400000,freelance,2023-09-28 23:54
BGT06439,USR046,INC05209,1550000,950000,850000,3350000,2500000,salary,2023-04-20 12:14
BGT02180,USR059,INC07338,2400000,1700000,1350000,5450000,4100000,bonus,2023-08-31 22:52
BGT03567,USR067,INC03629,2150000,1450000,1000000,4600000,3600000,investment_return,2023-10-03 17:24
BGT01522,USR038,INC04955,1800000,1150000,450000,3400000,2950000,part_time,2024-03-31 12:16
BGT09774,USR065,INC05047,4750000,2800000,2150000,9700000,7550000,bonus,2024-11-27 16:20
BGT01390,USR056,INC09615,3800000,2300000,700000,6800000,6100000,business,2024-04-03 07:47
BGT01604,USR069,INC04263,4650000,2600000,1500000,8750000,7250000,investment_return,2024-12-04 04:42
BGT07150,USR066,INC07530,3450000,1750000,1200000,6400000,5200000,freelance,2023-09-30 20:30
BGT05390,USR019,INC07324,600000,400000,300000,1300000,1000000,allowance,2024-07-17 01:12
BGT07753,USR008,INC04012,950000,550000,300000,1800000,1500000,scholarship,2024-01-14 12:35
BGT02483,USR043,INC06167,3200000,2250000,1350000,6850000,5450000,bonus,2024-02-27 17:32
BGT07047,USR020,INC02339,1600000,950000,350000,2950000,2550000,allowance,2023-09-24 20:30
BGT05721,USR050,INC02381,1450000,900000,,3050000,2350000,bonus,2024-06-10 23:35
BGT02436,USR020,INC01026,,550000,300000,1800000,1500000,part_time,2024-02-01 16:05
BGT07627,USR072,INC09636,3050000,1600000,1450000,6100000.00,4650000,business,2024-07-06 09:11
BGT00915,USR070,INC02279,4500000,3400000,2100000,9950000,7900000,investment_return,2023-09-04 09:32
BGT08593,USR075,INC07410,4250000,2150000,1600000,8050000,6400000,freelance,2024-11-11 08:06
BGT00516,USR073,INC02252,2300000,1300000,750000,4300000,3600000,business,2024-02-13 18:47
BGT05323,USR048,INC07967,1650000,1000000,450000,3100000,2650000,business,2023-02-17 18:10
BGT06411,USR056,INC02821,1600000,1000000,,3500000,2600000,freelance,2024-05-24 18:34
BGT05072,USR049,INC03880,2800000,1600000,600000,5000000,4400000,bonus,2023-06-11 21:59
BGT03968,USR019,INC04608,700000,350000,250000,1300000,1050000,allowance,2024-04-09 23:43
BGT09152,USR065,INC00050,2450000,1600000,1150000,5200000,4050000,investment_return,2024-09-07 02:42
BGT05432,USR072,INC00330,3400000,2500000,1850000,7750000,5900000,freelance,2023-09-15 10:32
BGT01237,USR039,INC04559,2250000,1150000,700000,4100000,3400000,freelance,2023-02-11 21:29
BGT09790,USR008,INC01753,1100000,650000,400000,2100000,1750000,allowance,2023-10-08 16:10
BGT06001,USR069,INC01871,3700000,2200000,1400000,7250000,5900000,investment_return,2023-12-10 14:25
BGT04868,USR004,INC06847,1450000,950000,400000,2800000,2400000,allowance,2023-01-04 23:41
BGT00538,USR013,INC08486,1550000,850000,450000,2850000,2400000,part_time,2023-09-15 12:12
BGT02356,USR038,INC00758,1200000,650000,550000,2350000,1850000,part_time,2024-09-06 18:00
BGT05659,USR034,INC08301,1650000,1000000,900000,3550000,2650000,freelance,2024-11-01 05:18
BGT02869,USR074,INC07386,2600000,1450000,600000,4600000rb,4050000,business,2023-12-28 04:32
BGT02801,USR059,INC07702,,1750000,1100000,5300000,4200000,business,2023-10-23 03:13
BGT06577,USR011,INC06114,1100000,750000,400000,2250000,1850000,part_time,2023-01-07 00:57
BGT01530,USR068,INC06596,4800000,3100000,2100000,10000000,7900000,investment_return,2023-11-09 13:39
BGT00819,USR069,INC06828,4000000,2650000,1200000,7850000,6650000,bonus,2024-09-02 04:59
BGT08385,USR068,INC03848,4500000,3050000,2000000,9550000,7550000,bonus,2023-06-28 20:26
BGT04070,USR020,INC02881,550000,300000,250000,1100000,850000,allowance,2023-04-06 14:47
BGT00570,USR022,INC06614,1250000,650000,350000,2300000,1900000,allowance,2023-05-19 12:48
BGT07076,USR036,INC04518,1200000,750000,800000,2700000,1950000,part_time,2023-06-02 16:14
BGT05049,USR032,INC03105,1700000,900000,850000,3450000,2600000,freelance,2024-10-08 16:15
BGT02095,USR014,INC09988,1300000,800000,300000,2450000,2100000,scholarship,2023-07-29 01:33
BGT02164,USR027,INC05726,1950000,1300000,900000,4150000,3250000,freelance,2024-10-24 02:45
BGT06490,USR069,INC08625,2400000,1600000,1450000,5450000,4000000,business,2024-10-31 02:29
BGT08750,USR006,INC09846,1300000,700000,500000,2500000,2000000,allowance,2024-06-27 03:12
BGT01821,USR043,INC06002,3250000,2350000,1800000,7400000,5600000,business,14/03/2024 18:37
BGT06049,USR027,INC02552,2200000,1200000,850000,4200000,3400000,internship,2023-09-30 02:43
BGT06225,USR051,INC08693,2450000,1350000,1000000,4850000,3800000,salary,2024-06-08 19:51
BGT09853,USR062,INC09454,4000000,2350000,1700000,8050000,6350000,investment_return,2024-01-28 16:53
BGT09194,USR001,INC00833,1400000,850000,650000,2900000,2250000,part_time,
BGT00909,USR061,INC03454,3850000,2600000,2150000,8600000,6450000,investment_return,2024-07-07 13:00
BGT07295,USR054,INC04749,1950000,1200000,1100000,4200000,3150000,salary,2024-10-07 18:49
BGT03931,USR009,INC08277,1300000,800000,800000rb,2900000,2100000,allowance,2023-01-27 21:15
BGT06208,USR050,INC09124,2000000,1150000,1300000,4400000,3150000,bonus,2023-05-28 12:49
BGT08988,USR065,INC07332,4300000,2300000,1850000,8450000,6600000,salary,2023-09-18 12:44
BGT06138,USR004,INC01139,1500000,800000,600000,2900000,2300000,allowance,2023-10-18 08:22
BGT09480,USR038,INC07992,1700000,1000000,1000000,3700000,2700000,freelance,2024-03-20 06:45
BGT01565,USR032,INC03149,2150000,1500000,1050000,4700000,3650000,part_time,2024-12-30 08:09
BGT05674,USR034,INC00606,1500000,950000,700000,3150000rb,2450000,part_time,2024-07-16 23:11
BGT06793,USR046,INC06061,2400000,1250000,1100000,4750000,3650000,bonus,2024-12-12 08:41
BGT08458,USR012,INC05580,1450000,800000,400000,2650000,2250000,part_time,19/08/2023 04:38
BGT04657,USR070,INC07117,5150000,2600000,1950000,9700000,7750000,business,2023-12-05 11:09
BGT05717,USR001,INC08981,1100000,750000,650000,2450000,1850000,scholarship,2023-08-30 15:50
BGT04212,USR017,INC03458,600000,400000,250000,1250000,850000,scholarship,2023-03-20 08:00
BGT09143,USR057,INC00174,2050000,1150000,600000,3800000,3200000,business,2024-09-10 06:31
BGT01600,USR004,INC06402,1100000,750000,450000,2300000,1850000,part_time,2023-03-14 08:03
BGT04558,USR016,INC03772,750000,400000,300000,1400000,1150000,allowance,13/06/2024 14:10
BGT08434,USR002,INC03554,950000,500000,300000,1800000,1450000,part_time,
BGT06464,USR031,INC05333,2300000,1600000,1100000,4950000,3900000,allowance,2024-05-15 00:12
BGT06901,USR060,INC03397,1550000,950000,500000,3000000rb,2500000,bonus,2024-07-28 01:03
BGT06197,USR024,INC04973,2350000,1450000,600000,,3800000,part_time,2024-05-19 05:31
BGT05619,USR006,INC05845,1150000,650000,600000,2400000,1800000,scholarship,2024-10-29 04:46
BGT09413,USR065,INC00315,4350000,2400000,1800000,8500000,6750000,investment_return,2024-08-05 19:36
BGT04376,USR054,INC03739,4150000,2400000,1000000,7550000,6550000,salary,2023-09-06 18:24
BGT05836,USR074,INC08846,5200000,2800000,1300000,9250000rb,8000000,bonus,2023-03-31 07:44
BGT08847,USR035,INC02396,1500000,800000,450000,2700000,1850000,freelance,2023-02-18 18:55
BGT00956,USR041,INC08507,2850000,1700000,1000000,5550000,4550000,,2024-06-21 14:43
BGT09761,USR036,INC03704,-1950000,1350000,950000,4250000,3300000,internship,2023-04-17 23:14
BGT01412,USR009,INC05242,1050000,700000,550000,2250000,1750000,scholarship,
BGT06935,USR012,INC07910,1050000,700000,450000,2150000,1750000,part_time,2023-05-26 01:03
BGT03330,USR059,INC06076,2800000,1550000,1250000,5600000,4350000,business,2024-05-18 00:36
BGT01592,USR013,INC00441,1000000,450000,300000,1800000,1450000,scholarship,2024-04-22 03:27
BGT07743,USR003,INC08488,1500000,850000,,2900000,2350000,part_time,2023-02-26 14:09
BGT00281,USR032,INC01261,1750000,1000000,950000,3700000,2750000,allowance,2024-09-22 20:05
BGT04337,USR055,INC01800,3150000,1900000,1800000,6850000,5050000,freelance,2024-09-08 18:16
BGT05198,USR041,INC07886,3400000,1800000,1050000,6250000,5200000,salary,2023-05-17 06:39
BGT01137,USR050,INC06346,1850000,1300000,900000,4050000,3150000,business,2024-11-30 23:31
BGT06237,USR045,INC08469,2550000,2000000,1300000,5850000,4550000,freelance,2024-01-26 02:33
BGT00607,USR029,INC09144,-1900000,1050000,800000,3700000,2950000,internship,2023-10-01 11:28
BGT06424,USR061,INC02162,3050000,1550000,1050000,5650000,4600000,salary,2024-04-25 13:03
BGT08894,USR021,INC01570,2200000,1300000,1000000,4500000rb,3500000,freelance,2023-08-06 06:32
BGT06867,USR015,INC04345,1250000,750000,350000,2350000,2000000,scholarship,2024-06-04 03:12
BGT05856,USR057,INC08988,2850000,1750000,800000,5400000,4600000,bonus,2024-06-17 03:04
BGT03977,USR034,INC06948,1000000,550000,400000,1950000,1550000,PART_TIME,2023-12-26 20:00
BGT08240,USR047,INC08658,2400000,1300000,950000,4650000,3700000,freelance,2023-12-23 21:19
BGT05248,USR039,INC06822,1100000,750000,600000,2400000,1850000,allowance,2024-12-04 23:25
BGT04419,USR023,INC05310,900000,550000rb,300000,1750000,1450000,freelance,
BGT05154,USR059,INC03320,2250000,1250000,550000,4050000,3500000,freelance,2024-10-09 03:08
BGT09230,USR012,INC08551,750000,450000,400000rb,1600000,1200000,allowance,2023-01-09 12:04
BGT06961,USR007,INC05511,800000,600000,300000,1700000,1400000,,2024-07-14 01:41
BGT00804,USR034,INC08860,1450000,850000,600000,2900000,2300000,internship,2024-05-16 17:53
BGT06764,USR040,INC09985,2150000,1250000,850000,4250000,3400000,part_time,2023-07-23 17:22
BGT04562,USR036,INC05642,2050000,1200000,950000,4200000,3250000,internship,2024-08-20 09:52
BGT08417,USR049,INC00299,2550000,1300000,700000,4550000,3850000,bonus,2024-11-06 22:39
BGT04033,USR019,INC07316,600000,300000,250000,1150000,900000,part_time,2024-04-23 21:34
BGT01751,USR047,INC03947,2450000,1450000,1300000,5200000,3900000,business,2023-04-03 03:41
BGT06844,USR069,INC06286,3800000,2150000,2000000,7950000,5950000,freelance,2024-06-12 13:09
BGT01280,USR026,INC06815,1250000,700000,400000,2400000,1950000,internship,2023-02-20 06:08
BGT09775,USR058,INC02253,3300000,1600000,1300000,6200000,4900000,freelance,2024-01-29 14:40
BGT08132,USR066,INC00197,2150000,1450000,,4550000,3600000,investment_return,2023-05-26 06:58
BGT03944,USR063,INC03365,3800000,2150000,1800000,7750000,5950000,bonus,2023-08-29 17:15
BGT07142,USR009,INC08978,1450000,900000,250000,2600000,2350000,part_time,2024-10-13 12:47
BGT01585,USR049,INC07162,3650000,2050000,1350000,7050000,5700000,bonus,2023-04-23 23:43
BGT06663,USR047,INC05601,2250000,1350000,550000,4150000,3600000,bonus,2023-09-18 10:27
BGT01903,USR071,INC08080,4000000,2850000,1850000,8700000,6850000,freelance,2023-03-14 21:31
BGT00450,USR038,INC09305,2500000,1450000,600000,4500000,3950000,part_time,2024-06-06 06:41
BGT03252,USR064,INC09694,2400000,1550000,800000,4750000,3950000,salary,2023-03-22 07:31
BGT03339,USR026,INC00355,1000000,750000,450000,2200000,1750000,allowance,2024-07-26 14:13
BGT07123,USR044,INC03581,3550000,2300000,1350000,7200000,5850000,freelance,2024-04-29 23:37
BGT02246,USR017,INC08928,750000,400000,350000,1550000,1150000,scholarship,2024-04-10 21:11
BGT09859,USR002,INC04995,1550000,750000,600000,2900000,2300000,part_time,2024-02-21 09:58
BGT06904,USR041,INC02931,2650000,-2000000,1400000,6000000,4650000,business,2024-12-08 08:39
BGT03541,USR074,INC02703,2900000,1500000,,5500000,4400000,salary,2024-04-12 01:14
BGT05104,USR059,INC07802,1950000,1050000,850000,3800000,3000000,bonus,2023-08-27 10:04
BGT07351,USR009,INC07789,650000,350000,150000,1200000,1000000,part_time,2023-12-01 22:36
BGT01024,USR027,INC00660,1900000,950000,600000,3450000,2850000,part_time,2023-07-26 04:42
BGT03587,USR025,INC03301,2350000,1450000,950000,4750000,3800000,freelance,2024-09-10 23:18
BGT03406,USR065,INC09613,3350000,2000000,950000,6300000,5350000,investment_return,2024-10-06 13:12
BGT06588,USR014,INC02471,1350000,800000,850000,3000000,2150000,allowance,2024-01-27 02:42
BGT02519,USR047,INC06714,3150000,2300000,1450000,6900000,5450000,salary,2023-07-01 20:49
BGT01102,USR039,INC00546,1800000,1000000,800000,3650000,2800000,internship,2024-09-10 14:00
BGT00094,USR008,INC00072,1000000,700000,550000,2250000,1700000,allowance,2023-02-28 15:06
BGT04968,USR055,INC03037,2350000,1500000,1350000,5200000,3850000,business,2024-01-23 22:34
BGT05220,USR003,INC05004,1100000,550000,350000,2000000,1650000,scholarship,2024-06-17 08:06
BGT00591,USR024,INC05865,1700000,950000,600000,3200000,2650000,freelance,2023-04-27 06:24
BGT05816,USR025,INC00540,2400000,1400000rb,900000,4750000,3800000,allowance,2024-02-23 16:54
BGT00774,USR050,INC07700,1500000,900000,850000,3300000,2400000,business,2023-05-04 16:23
BGT05861,USR038,INC00701,1750000,1050000,300000,,2800000,part_time,2023-04-30 09:15
BGT02530,USR006,INC07227,900000,500000,400000,1800000,1400000,part_time,2023-07-28 14:40
BGT01458,USR019,INC08843,800000,400000,350000,1550000,1200000,part_time,2023-02-13 04:44
BGT05521,USR007,INC08911,1200000,650000,500000,2350000,1850000,scholarship,2023-02-11 09:45
BGT09941,USR072,INC01653,3550000,2000000,1850000,7350000,5550000,investment_return,2023-07-12 16:32
BGT03532,USR003,INC00224,1150000,600000,550000,2300000,1750000,PART_TIME,2024-04-10 19:43
BGT01202,USR038,INC03718,850000,500000,,1800000,1350000,internship,2024-02-24 23:52
BGT06570,USR032,INC09538,1450000,850000,500000rb,2800000,2300000,freelance,2024-03-01 17:20
BGT04949,USR035,INC04503,2000000,1400000,1100000,4500000,3400000,freelance,2023-04-14 11:22
BGT08046,USR012,INC04446,1450000,900000,450000,2750000,2350000,allowance,2023-12-25 15:38
BGT03374,USR016,INC00211,600000,300000,150000,1050000,900000,part_time,2024-01-08 18:52
BGT07389,USR045,INC04767,2550000,1650000,1100000,5350000,4200000,business,2023-08-15 08:55
BGT05936,USR070,INC09164,2100000,1550000,1000000,4650000,3650000,business,2023-04-28 04:10
BGT04031,USR010,INC05859,1100000,750000,550000,2400000,1850000,allowance,2023-09-25 12:41
BGT03799,USR015,INC05433,550000,300000,200000,1050000,850000,scholarship,2023-04-22 19:02
BGT08665,USR046,INC00619,2400000,1450000,550000,4400000,3850000,salary,2024-03-07 08:39
BGT02256,USR005,INC04560,950000,600000,300000,1850000,1550000,scholarship,2024-02-27 08:20
BGT08627,USR015,INC09582,750000,450000,400000,1600000,1200000,scholarship,2023-01-04 16:11
BGT02444,USR019,INC05386,900000,700000,450000,2100000,1600000,allowance,2024-03-05 16:09
BGT02741,USR022,INC08603,1200000,650000,450000,2300000,1850000,part_time,2024-09-13 09:11
BGT04052,USR028,INC03384,,650000,,2250000,1750000,PART_TIME,2023-08-18 14:01
BGT01363,USR038,INC08795,2000000,1250000,650000,3900000,3250000,internship,2024-02-27 13:13
BGT03096,USR027,INC01551,2500000,1500000,650000,4650000,4000000,internship,2023-10-06 19:37
BGT01042,USR025,INC04823,1300000,850000,550000,2700000,2150000,internship,2023-12-07 11:49
BGT06075,USR027,INC05199,1500000,1000000,500000,3000000,2500000,internship,2023-08-05 18:05
BGT07850,USR025,INC04524,1950000,1400000,1050000,4450000,3350000,allowance,2024-10-05 13:15
BGT07031,USR047,INC07244,2750000,1450000,1200000,5400000,4200000,salary,2023-05-11 10:50
BGT08731,USR040,INC07342,1500000,850000,900000,3300000,2350000,allowance,2024-12-18 10:03
BGT03233,USR024,INC06275,1300000,800000rb,450000,2550000,2100000,freelance,2023-05-14 19:05
BGT00481,USR001,INC04996,1350000,850000,800000,2950000,2200000,scholarship,2023-06-20 00:19
BGT04251,USR072,INC03964,4800000,2700000,1750000,9250000,7500000,bonus,2024-12-03 03:40
BGT06477,USR015,INC05609,750000,450000,300000,1500000,1200000,scholarship,2023-08-08 15:02
BGT03027,USR032,INC00823,2350000,1400000,750000,4500000,3750000,part_time,2023-11-05 22:05
BGT07104,USR033,INC07427,1750000,1100000,750000,3600000,2850000,FREELANCE,2024-04-17 07:53
BGT01385,USR023,INC09339,1850000,900000,800000,3550000,2750000,internship,2023-12-19 19:13
BGT01284,USR057,INC02383,3500000,1900000,1700000,7100000,5400000,freelance,2024-05-20 12:45
BGT08464,USR074,INC05431,5000000,2900000,1400000,9300000,7900000,salary,2023-03-02 09:11
BGT09315,USR027,INC02421,2400000,1150000,900000,4400000,3550000,allowance,2023-01-22 20:52
BGT04999,USR006,INC07290,1350000,800000,500000,2600000,2150000,part_time,2023-06-27 23:39
BGT00150,USR017,INC04890,,900000,550000,3000000,2450000,allowance,2024/09/28 18:15
BGT04408,USR030,INC03504,1500000,700000,500000,2750000,2200000,part_time,2024-11-29 17:35
BGT02960,USR029,INC05461,1150000,650000,500000,2300000,1800000,freelance,2024-10-09 10:40
BGT00201,USR015,INC00285,1200000,750000,300000,2300000,1950000,scholarship,2024-03-12 09:45
BGT01110,USR021,INC09006,1100000,-700000,300000,2100000,1800000,internship,2024/04/01 19:22
BGT04499,USR014,INC06844,600000,350000,200000,1150000,950000,part_time,2023-01-31 11:46
BGT07731,USR033,INC00919,2500000,1650000,750000,4900000,4150000,freelance,2023-01-04 19:44
BGT08406,USR052,INC07000,2150000,1250000,1200000,4550000,3400000,salary,2024-03-10 20:21
BGT00375,USR032,INC01356,1350000,900000,600000,2850000,2250000,freelance,2023-07-10 18:27
BGT05319,USR058,INC00837,3900000,-2400000,950000,7250000,6300000,business,2024-01-14 01:34
BGT00958,USR071,INC01864,3100000,1850000,650000,5600000,4950000,salary,2023-12-06 13:08
BGT08895,USR067,INC04201,4200000,2850000,1900000,8950000,7050000,freelance,2023-10-27 03:21
BGT00556,USR058,INC01326,2900000,1800000,700000,5400000,4700000,salary,2023-01-09 07:06
BGT09571,USR017,INC07819,1300000,650000,350000,2300000,1950000,allowance,2024-04-27 04:29
BGT08915,USR009,INC07921,1200000,850000,450000,2450000,2050000,allowance,2024-06-29 22:10
BGT03730,USR025,INC09616,1050000,700000,450000,2200000,1750000,freelance,2023-12-11 21:58
BGT06098,USR020,INC04106,800000,450000,300000,1550000,1250000,allowance,2023-11-21 05:07
BGT04666,USR056,INC07044,2100000,1200000,750000,4050000,3300000,business,2023-01-23 09:30
BGT05105,USR017,INC08112,600000,350000,250000,1250000,950000,allowance,2024-10-07 14:45
BGT02996,USR052,INC06098,3150000,2200000,1600000,6950000,5350000,bonus,2024-05-05 00:24
BGT07682,USR039,INC04120,1400000,1000000,650000,3000000,2400000,internship,2023-02-24 15:37
BGT08053,USR062,INC09422,3000000,1650000,1700000,6350000,4650000,salary,2024-03-02 18:09
BGT05405,USR037,INC07871,1000000,550000,400000,1950000,1550000,internship,2023-12-08 00:56
BGT03309,USR049,INC02019,3200000,2200000,1050000,6450000,5400000,salary,2024-08-04 14:22
BGT06627,USR042,INC03557,3000000,1900000,1250000,6150000,4900000,bonus,2024-11-17 02:00
BGT08329,USR026,INC01167,1950000,1250000,950000,4100000,3200000,part_time,2023-12-26 05:53
BGT03516,USR026,INC04369,2150000,1300000,500000,4000000,3450000,allowance,2024-01-01 05:53
BGT09929,USR039,INC00492,2300000,1450000,1100000,4850000,3750000,allowance,2023-10-21 09:22
BGT02732,USR026,INC02027,1850000,1100000,400000,3400000,2950000,internship,2023-09-09 10:45
BGT03468,USR046,INC08829,3700000,1950000,1100000,6750000,5650000,salary,2024-03-31 16:45
BGT00401,USR063,INC09823,2150000,1400000,1250000,4750000,3550000,bonus,2023-12-30 00:51
BGT00918,USR024,INC03011,1750000,1250000,850000,3850000,3000000,part_time,2024-03-14 05:53
BGT00838,USR011,INC05140,1300000,900000,600000,2750000,2200000,scholarship,2024-10-04 02:57
BGT05313,USR044,INC09724,2950000,1900000,1700000,6550000,4850000,salary,2023-09-01 21:01
BGT03082,USR013,INC06336,1000000,650000,450000,2100000,1650000,scholarship,2023-07-25 00:25
BGT06056,USR018,INC03422,1400000,700000,450000,2500000,2100000,allowance,2024-05-15 22:47
BGT03122,USR065,INC03268,3500000,1800000,1150000,6450000,5300000,freelance,2023-09-19 23:44
BGT00835,USR055,INC08168,2700000,1400000,700000,4800000,4100000,bonus,2024-08-14 07:59
BGT07257,USR027,INC05237,1650000,1100000,850000,3600000,2750000,internship,2024-03-03 12:24
BGT07784,USR044,INC00571,2350000,1450000,1200000,4950000,3800000,salary,2023-05-24 08:50
BGT07262,USR002,INC08804,1300000,800000,250000,2400000,2100000,scholarship,2023-08-29 20:11
BGT09855,USR031,INC05465,2450000,1300000,850000,4600000,3750000,freelance,2024-11-03 13:11
BGT08992,USR020,INC01520,1000000,550000,400000,1950000,1550000,allowance,2024-01-07 16:45
BGT06340,USR069,INC07315,4100000,2850000,1950000,8950000,6950000,business,2023-07-04 10:12
BGT01355,USR075,INC04719,4950000,2750000,2050000,9750000,7700000,freelance,2024-03-02 07:47
BGT01188,USR007,INC01477,1250000,900000,450000,2600000,2150000,part_time,2023-08-02 20:44
BGT06338,USR052,INC04962,3550000,2500000,1800000,7850000,6050000,salary,2023-05-02 07:51
BGT01773,USR061,INC05278,2050000,1300000,1000000,4350000,3350000,business,2024-04-14 03:41
BGT07448,USR068,INC05408,5400000,3200000,1400000,10000000,8600000,salary,2023-03-10 23:25
BGT07755,USR025,INC00855,1100000,700000,400000,2200000,1800000,allowance,2024-06-10 05:52
BGT06510,USR056,INC06929,3150000,2350000,1350000,6850000,5500000,salary,2023-10-07 14:35
BGT04213,USR036,INC07255,2100000,,900000,4500000,3600000,part_time,2023-05-08 22:23
BGT02076,USR075,INC00186,4200000,2550000rb,1200000,7950000,6750000,business,2024-09-06 08:25
BGT05067,USR015,INC01792,900000,550000,300000,1750000,1450000,scholarship,2023-11-12 18:41
BGT05794,USR051,INC06740,3650000,2350000,1600000,7650000,6000000,business,2023-07-08 06:51
BGT09290,USR013,INC02650,1600000,850000,500000,2950000,2450000,scholarship,
BGT02747,USR051,INC06237,1450000,850000,850000,3150000,2300000,business,2024-10-15 10:27
BGT01217,USR061,INC07327,3350000,2000000,1500000,6850000,6000000,freelance,2023-07-16 06:19
BGT02688,USR061,INC01081,4000000rb,1950000,1500000,7450000,5950000,salary,2023-07-10 20:23
BGT07492,USR074,INC08387,2350000,1300000,1350000,5050000,3650000,salary,2024-04-11 16:16
BGT08416,USR058,INC01370,3250000,1900000,1350000,6500000,5150000,salary,2024-08-23 04:02
BGT00236,USR002,INC03075,900000,500000,250000,1650000,1400000,scholarship,2023-05-10 15:57
BGT09404,USR035,INC02414,2300000,1400000,1100000,4750000,3700000,,2024-05-31 21:35
BGT09935,USR059,INC00584,3050000,1750000,1050000,5900000,4800000,freelance,2024/10/01 14:09
BGT06916,USR030,INC02255,2500000,1300000,850000,4650000,3800000,part_time,2023-07-14 15:27
BGT05195,USR040,INC05773,1200000,750000,750000,2750000,1950000,internship,2023-12-24 05:25
BGT06003,USR039,INC04060,2600000,1500000,750000,,4100000,freelance,2024-04-16 04:51
BGT09747,USR012,INC01566,1200000,,500000,2400000,1900000,,
BGT05655,USR038,INC00834,1250000,850000,650000,2750000rb,2100000,internship,2024-09-16 03:37
BGT01167,USR008,INC07138,,400000,200000,1200000,1000000,part_time,2024-01-08 09:04
BGT04828,USR047,INC07476,2150000,1350000,550000,4050000,3500000,freelance,2023-06-05 14:55
BGT00109,USR019,INC06007,1650000,800000,550000,3000000,2450000,allowance,2024-12-19 16:15
BGT06353,USR007,INC00654,1450000,950000,500000,2900000,2400000,scholarship,2024-12-27 12:18
BGT06514,USR010,INC07492,1550000,900000,450000,2850000,2450000,scholarship,2024-10-15 06:06
BGT08817,USR028,INC09862,850000,600000,400000,1850000,1450000,allowance,2024/06/20 23:52
BGT05126,USR057,INC02003,3600000,2200000,850000,6700000,5800000,salary,2024-06-02 03:40
BGT03556,USR060,INC03588,2450000,1300000,,4800000,3750000,bonus,2024-06-23 16:02
BGT01324,USR026,INC00178,900000,550000,550000,2050000,1450000,freelance,2023-10-31 21:03
BGT07551,USR052,INC04020,1600000,1050000,450000,3100000,2650000,business,2023-11-01 05:24
BGT08600,USR011,INC06504,1300000,750000,600000,2650000,2050000,scholarship,2024-04-11 14:58
BGT03352,USR004,INC01268,600000,350000,250000,1200000,950000,scholarship,2024-10-17 20:51
BGT03334,USR011,INC05250,500000,,300000,1100000,850000,allowance,2024-02-04 16:26
BGT07495,USR049,INC09548,3300000,2200000,1000000,6500000,5500000,business,2023-01-02 02:08
BGT06105,USR072,INC00116,4350000,,2200000,9650000,7450000,salary,2024-03-24 14:10
BGT03652,USR020,INC03801,550000,350000,250000,1150000,900000,allowance,2024-11-26 15:52
BGT00391,USR010,INC08574,750000,400000,300000,1450000,1150000,part_time,2024-06-06 15:49
BGT05484,USR017,INC02376,900000,550000,550000,2000000,1450000,part_time,2023-12-09 21:46
BGT06250,USR051,INC02361,2050000,1350000,800000,4150000,3400000,business,
BGT01160,USR018,INC00757,850000,500000,250000,1600000,1350000,allowance,2024-02-08 10:26
BGT04613,USR075,INC01687,5000000,2550000,1550000,9050000,7550000,BONUS,2024-04-03 04:41
BGT05854,USR064,INC07419,4650000,3000000,2050000,9650000,7650000,salary,2023-09-30 10:08
BGT03317,USR040,INC02601,1950000,1400000,800000,4150000,3350000,allowance,2023-10-02 19:43
BGT08687,USR025,INC09220,1450000,800000,550000,2800000,2250000,ALLOWANCE,2023-07-26 20:26
BGT04426,USR042,INC04036,3700000,2450000,1450000,7600000,6150000,freelance,2024-02-25 04:30
BGT01225,USR066,INC08240,4650000,2650000,2550000,9850000,7300000,freelance,2024-04-20 07:39
BGT05192,USR071,INC05316,5200000,2700000,1750000,9650000,7900000,business,2024-03-29 16:18
BGT05489,USR055,INC08663,2000000,1400000,950000,4400000,3400000,salary,2023-11-20 04:30
BGT08253,USR008,INC01119,1350000,800000,400000,2500000,2150000,allowance,2023-07-07 14:32
BGT08891,USR016,INC00930,1300000,850000,300000,2450000,2150000,part_time,2024-12-24 23:48
BGT04473,USR043,INC06719,3400000,2100000,1750000,7200000.00,5500000,freelance,2023-09-12 02:01
BGT03253,USR056,INC08555,1900000,1050000,950000,3900000,2950000,bonus,2024-03-01 15:20
BGT09359,USR022,INC08565,2500000,-1500000,950000,4950000,4000000,allowance,2024-08-19 01:47
BGT08042,USR050,INC03484,2000000,1200000,,3800000,3200000,salary,2023-02-04 03:10
BGT09369,USR022,INC01308,2050000,1150000,1000000,4200000,3200000,internship,2023-09-05 02:00
BGT04065,USR037,INC03548,1650000,900000,650000,3200000,2550000,allowance,2023-06-27 04:30
BGT06651,USR021,INC02875,2100000,1550000,1000000,4650000,3650000,internship,2024-04-28 12:51
BGT06475,USR033,INC06533,1750000,950000,550000,3250000,2700000,part_time,2023-05-02 01:32
BGT09713,USR025,INC00664,2700000,1650000,600000,4950000,4350000,allowance,
BGT02824,USR068,INC03109,3050000,1950000,750000,5800000,5350000,salary,2023-10-20 11:38
BGT07956,USR003,INC03352,1500000,850000,500000,2850000,2350000,part_time,2024-02-16 08:52
BGT03408,USR024,INC07566,1000000,550000,300000,1850000,1550000,freelance,2024-02-20 12:20
BGT00275,USR019,INC09428,1400000,850000,700000,3000000,2250000,part_time,2023-11-18 13:39
BGT05899,USR005,INC01336,1450000,900000,400000,,2350000,allowance,2024-09-07 07:37
BGT04433,USR014,INC03991,600000,400000,300000,1250000,1000000,scholarship,2023-07-18 06:34
BGT07037,USR012,INC09467,1400000,750000,650000,2850000,2150000,scholarship,2023-07-24 01:33
BGT09092,USR010,INC04424,750000,450000,450000,1650000,1200000,allowance,2023-10-03 00:38
BGT06955,USR059,INC07019,1800000,1400000,900000,4050000,3200000,salary,2024-04-28 08:29
BGT02196,USR024,INC05764,1900000,,550000,3550000,2950000,freelance,2024-08-04 18:59
BGT08961,USR065,INC04039,2400000,1800000,1250000,5450000,4200000,freelance,14/02/2024 01:43
BGT01916,USR005,INC08885,500000,300000,250000,1000000,800000,allowance,2024-02-10 06:03
BGT06136,USR014,INC03675,1200000,800000,550000,2600000,2000000,allowance,2023-10-31 01:38
BGT04036,USR042,INC00627,2450000,1500000,750000,4700000,3950000,bonus,2023-07-18 10:09
BGT03888,USR036,INC03726,1600000,1100000,850000,3550000,2700000,allowance,2023-09-29 12:35
BGT04422,USR046,INC04013,2700000,1350000,800000,4850000,4450000,bonus,2023-04-05 21:57
BGT08002,USR075,INC07835,4700000,2550000,1800000,9050000,7250000,bonus,2023-03-13 00:55
BGT08840,USR062,INC00591,2700000,1650000,1400000,5750000,4350000,business,2023-05-16 07:10
BGT06655,USR075,INC02596,2800000,2050000,1400000,6250000,4850000,bonus,2023-11-06 20:11
BGT08378,USR074,INC08494,5300000,2600000,1750000,9600000,7900000,business,2023-04-29 09:27
BGT06596,USR006,INC01639,950000,600000,600000,2150000.00,1550000,scholarship,2023-11-14 09:26
BGT04784,USR041,INC05926,2300000,1400000,500000,4200000,3700000,freelance,2024-08-20 01:01
BGT08584,USR062,INC00029,3900000,2100000,1000000,7000000,6000000,investment_return,2023-08-06 11:46
BGT08917,USR029,INC06062,2000000,1400000,700000,4050000,3400000,ALLOWANCE,2023-05-17 15:19
BGT09653,USR040,INC04087,700000,500000,300000,1500000,1200000,part_time,2023-07-07 07:53
BGT09297,USR067,INC09590,4100000,2350000,1400000,7900000,6450000,investment_return,2023-09-06 01:25
BGT05941,USR002,INC07381,,400000,250000,1500000,1250000,scholarship,2023-01-20 14:00
BGT04128,USR008,INC08961,1100000,700000,450000,2250000,1800000,part_time,2024-09-20 04:58
BGT07194,USR028,INC09263,2100000,1250000,800000,4150000,3350000,internship,2024-10-10 10:47
BGT08711,USR068,INC02589,2600000,1350000,1000000,4950000,3950000,freelance,2023-06-29 13:09
BGT05512,USR073,INC08857,4250000,2550000,1500000,8300000,6800000,bonus,2024-04-18 15:56
BGT04334,USR030,INC01431,850000,550000,200000,1600000,1400000,allowance,2024-08-18 09:32
BGT06168,USR059,INC00158,2900000,2000000,1400000,6250000,4900000,bonus,2023-05-25 21:32
BGT05019,USR025,INC03317,1950000,1250000,600000,3850000,3200000,allowance,2023-09-30 17:55
BGT04325,USR001,INC00657,,400000,300000,1350000,1050000,allowance,2024-12-11 16:42
BGT06459,USR036,INC03879,2300000,1300000,1200000,4800000,3600000,part_time,2024-11-23 18:51
BGT05955,USR060,INC08349,2350000,1300000,950000,,3650000,freelance,01/08/2024 05:06
BGT02422,USR012,INC09418,1350000,850000,350000,2550000,2200000,part_time,2023-03-18 16:32
BGT08649,USR042,INC07629,3750000,2300000,1900000,,6650000,freelance,2024-12-29 19:41
BGT05494,USR028,INC02891,1300000,700000,600000,2650000,2000000,freelance,2024-04-15 03:44
BGT09939,USR018,INC07073,750000,450000,200000,1350000,1200000,allowance,2023-02-26 12:49
BGT04424,USR067,INC01939,1900000,1200000,1150000,4250000,3100000,business,2023-10-15 02:02
BGT01143,USR039,INC05088,1300000,850000,300000,2450000,2150000,internship,2023-03-03 15:02
BGT08727,USR053,INC08402,2750000,1400000,850000,,4150000,bonus,2023-04-01 11:20
BGT00459,USR002,INC06107,650000,400000,250000,1300000,1050000,allowance,2024-03-13 23:22
BGT05125,USR058,INC02790,2750000,1350000,950000,5050000,4100000,freelance,2023-12-25 16:15
BGT03100,USR038,INC06316,1250000,650000,400000,2300000,1900000,internship,2024-06-13 04:36
BGT06684,USR070,INC06547,3400000,1850000,1650000,6900000,5250000,investment_return,2023-07-04 14:08
BGT03950,USR019,INC06652,750000,450000,350000,1550000,1200000,scholarship,2023-01-27 21:48
BGT06448,USR066,INC06816,4100000,2050000,1750000,7850000,6150000,freelance,2024-01-23 06:29
BGT00076,USR024,INC05553,2300000,1300000,600000,4150000,3600000,internship,14/11/2024 05:09
BGT00830,USR016,INC00266,1150000,600000,600000,2350000,1750000,SCHOLARSHIP,
BGT02108,USR055,INC06071,2350000,1550000,1300000,5200000,3900000,salary,2023-12-24 11:55
BGT03782,USR015,INC08046,700000,450000,400000,1500000,1150000,part_time,2023-02-11 22:23
BGT04277,USR050,INC05122,3600000,1950000,1150000,6650000,5550000,freelance,2024-09-02 03:53
BGT06060,USR052,INC08116,2050000rb,1100000,900000,4000000,3150000,freelance,2023-08-14 22:54
BGT09116,USR016,INC08496,1350000,900000,750000,3000000,2250000,part_time,2024-12-25 00:12
BGT02927,USR066,INC03635,2950000,2050000,1650000,6650000,5000000,freelance,2023-01-07 19:02
BGT06102,USR036,INC02329,2500000,1400000,750000,4650000,3900000,freelance,2023-01-31 23:43
BGT05834,USR038,INC06511,1550000,950000,850000,3350000,2500000,freelance,2023-10-17 07:05
BGT02299,USR066,INC01999,3250000,1900000,1900000,7050000rb,5150000,bonus,2024-05-14 00:21
BGT02694,USR045,INC08007,3950000,2250000,1100000,7300000,6200000,freelance,2024-11-04 01:01
BGT00895,USR048,INC05271,2650000,1600000,1500000,5800000,4250000,salary,2023-07-29 04:58
BGT04175,USR028,INC04103,,450000,350000,1550000,1250000,part_time,2023-07-23 20:23
BGT06985,USR031,INC09325,1200000,650000,350000,2200000,1850000,allowance,2023-05-09 08:03
BGT09071,USR019,INC08839,1500000,800000,350000,2650000,2300000,part_time,2024-02-27 18:50
BGT01152,USR033,INC07606,1700000,1000000,350000,3050000,2700000,internship,2024-09-30 01:02
BGT08146,USR033,INC07935,1200000,750000,500000,2450000,1950000,allowance,2023-05-30 15:42
BGT06127,USR032,INC08631,900000,550000,400000,1850000,1450000,internship,2024-08-26 19:30
BGT03820,USR031,INC09412,1200000,700000,,2200000,1900000,freelance,2024-10-15 14:34
BGT07553,USR020,INC08260,1300000,850000,700000,2850000,2150000,scholarship,2024-04-14 12:41
BGT04123,USR053,INC00979,-3400000,2000000,1800000,7200000,5400000,business,2023-11-05 09:35
BGT04682,USR006,INC05779,800000,550000,200000,,1350000,allowance,2024-06-18 05:31
BGT03318,USR025,INC06461,1350000,800000,700000,,2150000,part_time,2023-06-18 09:27
BGT04260,USR003,INC05624,750000,450000,300000,1500000,1200000,scholarship,2023-08-20 18:00
BGT00363,USR050,INC01838,2100000,1350000,500000,3950000,3450000,freelance,2023-07-22 01:01
BGT07010,USR068,INC03265,4100000,2500000,1000000,7550000,6600000,salary,2024-06-20 11:59
BGT09552,USR065,INC05216,4350000,2800000,1050000,8250000,7150000,business,2024-03-17 02:26
BGT07563,USR020,INC05893,1500000,850000,350000,2700000,2350000,part_time,2024-12-12 05:12
BGT01064,USR020,INC01467,1250000,650000,600000,2500000,1900000,scholarship,2024-06-21 22:41
BGT03384,USR030,INC03562,1650000,1000000,450000,3150000,2650000,internship,2023-02-23 19:33
BGT03238,USR052,INC03611,3950000,2300000,1450000,7700000,6250000,freelance,2023-02-25 12:12
BGT09754,USR020,INC03274,950000,550000,300000,,1500000,allowance,2023-04-23 09:01
BGT02147,USR039,INC08180,2200000,1300000,700000,4200000,3500000,part_time,2023-08-18 05:25
BGT03425,USR023,INC01243,1050000,700000,400000,2150000,1750000,internship,2024-10-15 06:10
BGT02788,USR031,INC04639,,1150000,1150000,4350000,3200000,freelance,2023-10-31 02:16
BGT03671,USR013,INC05708,700000,350000,250000,1300000,1050000,part_time,2024-10-27 07:01
BGT09623,USR051,INC09025,3150000,2300000,1550000,6950000,5450000,business,2024-03-07 15:28
BGT09234,USR043,INC09782,2000000,1300000,750000,4050000,3300000,freelance,2023-04-28 12:33
BGT08728,USR069,INC07238,3250000,1650000,1000000,5950000,4900000,freelance,2023-09-27 03:48
BGT01219,USR048,INC00496,1850000,1100000,400000,3400000,2950000,freelance,2024-09-14 10:58
BGT09406,USR074,INC09888,1950000,1150000,1000000,4100000,3100000,business,2024-08-13 17:10
BGT09110,USR007,INC01071,900000,500000,200000,1650000,1400000,scholarship,2023-09-15 19:57
BGT06517,USR074,INC04299,3200000,2500000,1600000,7300000,6200000,business,2023-06-16 13:18
BGT04190,USR069,INC00604,1900000,1400000,950000,4250000,3300000,business,2023-07-25 00:51
BGT02776,USR021,INC01174,900000,550000,400000,1850000,1450000,freelance,2024-06-09 10:11
BGT09858,USR020,INC05422,650000,400000,250000,1300000,1050000,part_time,2024-02-27 00:24
BGT09383,USR044,INC03414,3050000,1950000,750000,5800000,5000000,bonus,2024-07-18 01:09
BGT01146,USR068,INC09520,4000000,3100000,2000000,9100000,7100000,salary,2024-05-11 01:13
BGT01816,USR021,INC03356,2000000,1200000,600000,3800000,3200000,internship,2024-09-07 21:59
BGT07070,USR040,INC07795,1400000,800000,750000,2950000,2200000,allowance,2023-03-15 23:22
BGT02638,USR032,INC01658,2400000,1350000,950000,4700000,3750000,freelance,2024-04-08 02:54
BGT04826,USR018,INC09617,1400000,850000,650000,2900000,2250000,part_time,2024-10-01 06:10
BGT02867,USR069,INC06627,4900000,2800000,1350000,9050000,7700000,business,2024-02-15 05:10
BGT02281,USR005,INC07134,1250000,700000,650000,2600000,1950000,part_time,2024-07-28 03:50
BGT07751,USR070,INC07097,4650000,2950000,2300000,9900000,7600000,business,2024-09-11 04:01
BGT06034,USR025,INC09541,2000000,1200000,950000,4200000,3200000,allowance,2023-11-04 23:01
BGT09597,USR011,INC09689,1200000,850000,550000,2600000,2050000,ALLOWANCE,2023-01-12 14:51
BGT08075,USR055,INC03266,1900000,1050000,600000,3550000rb,2950000,freelance,2024-08-16 18:39
BGT09991,USR033,INC01675,1300000,750000,450000,,2050000,internship,2023-07-11 14:29
BGT07208,USR008,INC08419,1000000,500000,300000,1800000,1500000,scholarship,2024-07-08 14:09
BGT07516,USR072,INC03500,2700000,1700000,1300000,5700000,4400000,bonus,2023-09-26 11:21
BGT02963,USR023,INC04879,1800000,1100000,1000000,3900000,2900000,freelance,2023-09-07 14:55
BGT05995,USR049,INC01399,3450000,,2200000,7850000,5650000,salary,
BGT04145,USR008,INC03033,850000,450000,400000,1700000,1300000,allowance,2023-10-02 00:10
BGT05185,USR019,INC06274,1400000,700000,550000,2650000,2100000,scholarship,2024-12-07 02:09
BGT05180,USR029,INC08497,2600000,1350000,850000,4850000,3950000,internship,2023-03-09 11:18
BGT00427,USR009,INC00935,1250000,800000,400000,2450000,2050000,allowance,2024-12-06 03:49
BGT07336,USR042,INC06415,2300000,1200000,850000,4350000,3500000,,2023-05-05 12:04
BGT03112,USR031,INC06639,1800000,1150000,500000,3500000,2950000,part_time,2024-05-16 15:50
BGT02724,USR063,INC08395,2800000,1650000,1750000,6200000,4450000,salary,2024-06-08 09:18
BGT03134,USR067,INC00646,5100000,2750000,1950000,9850000,7850000,freelance,2024-12-22 18:43
BGT07767,USR007,INC05714,650000,400000,400000,1450000,1050000,part_time,
BGT02465,USR021,INC08662,1900000,950000,700000,3600000.00,2850000,freelance,2023-04-11 11:19
BGT09915,USR029,INC09573,2100000,1200000,650000,3950000,3300000,freelance,2024-09-23 13:22
BGT02230,USR008,INC01444,700000,450000,200000,1350000,1150000,allowance,2023-05-12 02:13
BGT02526,USR053,INC05583,,1200000,850000,4350000,3500000,freelance,2024-07-29 02:42
BGT03116,USR064,INC04468,4500000,2300000,1400000,,6800000,bonus,2023-02-17 14:43
BGT06012,USR011,INC02633,1350000,950000,700000,3000000,2300000,scholarship,2023-04-24 05:44
BGT00254,USR067,INC06054,4600000,3250000,1700000,9550000rb,7850000,freelance,2024-10-28 08:44
BGT05096,USR044,INC09882,2250000,1300000,550000,4100000,3550000,salary,2024-10-28 16:38
BGT03049,USR042,INC03029,2400000rb,1600000,750000,4750000,4000000,bonus,2023-07-23 01:28
BGT06946,USR018,INC00372,900000,550000,550000,1950000,1450000,allowance,2024-01-09 22:10
BGT08428,USR054,INC06195,2200000,1400000,1000000,4600000,3600000,business,2023-01-27 04:22
BGT08026,USR060,INC05504,3050000rb,1600000,1100000,5750000,4650000,bonus,2024-04-01 01:08
BGT07891,USR038,INC02516,1500000,950000,550000,3000000,2450000,internship,2024-06-17 13:17
BGT06815,USR055,INC09336,2700000,1700000,1450000,5850000,4400000,bonus,2024-09-22 02:48
BGT06013,USR043,INC03374,3650000,-2450000,1500000,7600000,6100000,business,2024-03-09 20:55
BGT08724,USR059,INC08205,3650000,2200000,1200000,,5850000,salary,2023-02-27 23:29
BGT07793,USR023,INC09966,1750000,1050000,400000,3200000,2800000,freelance,2023-11-01 01:14
BGT09923,USR072,INC06649,2900000,1650000,1600000,6150000,4550000,salary,2023-10-20 19:58
BGT06026,USR020,INC04097,1300000,850000,450000,2650000,2150000,scholarship,2023-01-23 04:54
BGT07346,USR036,INC08738,1300000,900000,750000,2950000,2200000,internship,2024-04-02 19:31
BGT06174,USR067,INC01345,3700000,2150000,800000,6650000,5850000,INVESTMENT_RETURN,2024-05-26 03:12
BGT05169,USR034,INC00512,2700000,1400000,700000,4800000,4100000,freelance,2023-11-29 04:48
BGT09457,USR022,INC09873,1650000,1150000,950000,3750000,2000000,part_time,2024-06-24 00:06
BGT03732,USR003,INC01555,1450000,950000,500000,2900000,2400000,allowance,2023-11-14 07:00
BGT08744,USR067,INC04796,2800000,-1450000,1000000,5250000,4250000,bonus,2023-03-18 15:36
BGT01337,USR010,INC07038,750000,450000,250000,1450000,1200000,scholarship,2023-04-11 01:01
BGT02664,USR072,INC02895,2450000,1350000,700000,4500000,3800000,freelance,2023-01-29 20:12
BGT00595,USR024,INC02988,1400000,850000,600000,2850000,2250000,freelance,2023-09-28 22:58
BGT01768,USR069,INC05381,3000000,2100000,1700000,6850000,5100000,freelance,2023-05-29 12:17
BGT04416,USR030,INC08123,1300000,750000,500000,2550000,2050000,internship,2024-01-31 15:35
BGT07132,USR007,INC09289,600000,300000,200000,1050000,900000,scholarship,2023-10-06 11:05
BGT04978,USR037,INC04080,1450000,800000,350000,2600000,2250000,internship,2024-07-09 16:08
BGT02964,USR072,INC09031,4200000,2800000,2350000,9350000,7000000,freelance,2023-01-05 12:06
BGT01534,USR060,INC09911,3650000,2150000,,6650000,5800000,bonus,2023-10-23 18:39
BGT00054,USR071,INC05795,5200000,2450000,1800000,9450000,7650000,business,2023-02-26 17:05
BGT02192,USR028,INC03481,2100000,1100000,600000,3850000,3200000,part_time,2024-08-24 17:01
BGT04377,USR053,INC07152,1550000,800000,650000,3000000,2350000,business,2023-01-11 23:46
BGT09497,USR034,INC00564,1250000,600000,400000,2300000,1850000,allowance,2024-05-28 04:11
BGT02778,USR018,INC00642,900000,450000,250000,1600000,1350000,scholarship,2023-03-08 17:28
BGT06980,USR055,INC05478,3650000,1950000,1400000,7050000,5600000,salary,2024-01-18 15:39
BGT03475,USR058,INC02369,2400000,1350000,650000,4400000,3750000,freelance,2023-08-01 11:10
BGT00737,USR074,INC02112,2250000,1600000,950000,4800000,4800000,investment_return,2024-03-19 14:56
BGT03047,USR005,INC09530,1250000,750000,600000,2600000,2000000,allowance,2024-04-26 02:02
BGT09081,USR024,INC02547,1600000,950000,450000,3000000,2550000,part_time,2024-08-22 14:47
BGT09217,USR061,INC07186,1950000,1300000,700000,,3250000,investment_return,
BGT01871,USR040,INC08639,750000,500000,350000,1550000,1250000,freelance,2024-05-23 08:52
BGT01547,USR031,INC01827,1050000,650000,200000,1900000,1700000,allowance,2024-02-06 17:01
BGT08151,USR052,INC05173,3450000,2500000,1400000,7350000,5950000,salary,2023-07-25 18:29
BGT05914,USR007,INC02493,1100000,600000,300000,2000000,1700000,allowance,2024-04-28 09:14
BGT06950,USR009,INC00675,1200000,800000,350000,2350000,2000000,part_time,
BGT05033,USR051,INC00502,3400000,1950000,950000,6300000,5350000,bonus,2024-01-23 05:10
BGT00243,USR031,INC09811,1150000,650000,,2400000,1800000,allowance,05/04/2024 08:13
BGT03164,USR049,INC00532,2300000,1650000,850000,4800000,3950000,salary,2024-08-31 01:22
BGT00220,USR036,INC08640,1550000,800000,,2850000,2350000,freelance,2023-10-23 17:13
BGT05519,USR012,INC07341,1350000,850000,650000,2900000.00,2200000,part_time,2024-07-27 10:38
BGT08580,USR058,INC07009,3600000,2100000,,7250000,5700000,freelance,2023-11-07 03:12
BGT08457,USR031,INC07417,2150000,,700000,4250000,3550000,internship,2024-01-03 16:14
BGT03962,USR065,INC06217,3050000,1750000,1000000,5800000,4800000,investment_return,2024-08-22 00:39
BGT09686,USR036,INC03323,1250000,600000,400000,2250000,1850000,allowance,2024-12-01 06:11
BGT00798,USR071,INC06724,3600000,2050000,1150000,6800000,5650000,investment_return,2023-01-14 03:59
BGT00524,USR019,INC05641,1250000,900000,700000,2850000,2150000,allowance,2023-02-04 18:49
BGT03231,USR050,INC02570,2150000,1500000,800000,4450000,3650000,salary,2024-01-11 17:20
BGT09269,USR050,INC03951,3250000,2200000,1800000,7250000rb,5450000,salary,2023-01-29 04:57
BGT09509,USR014,INC05367,1000000,600000,600000,2200000,1600000,allowance,2023-04-28 04:45
BGT06316,USR060,INC02972,3750000,2450000,1650000,7850000,6200000,freelance,2023-10-21 01:27
BGT03659,USR072,INC02928,2800000,1900000,900000,5600000,4700000,business,2024-05-22 16:43
BGT05893,USR005,INC06843,900000,500000,400000,1800000,1400000,part_time,2023-04-15 15:50
BGT06940,USR048,INC02805,,2350000,950000,7300000,6350000,salary,2023-05-06 18:53
BGT04869,USR022,INC05589,1750000,950000,900000,3600000,2700000,freelance,2023-05-17 07:08
BGT01265,USR010,INC06646,1350000,800000rb,400000,2550000,2150000,part_time,2024-05-13 21:07
BGT02588,USR038,INC01027,2350000,1300000,700000,4350000,3650000,allowance,2023-09-13 22:10
BGT09163,USR020,INC05218,900000,650000,350000,1900000,1550000,part_time,2024-12-29 10:29
BGT06886,USR043,INC06189,2400000,1500000,800000,4700000,3900000,salary,2023-06-24 02:42
BGT00552,USR047,INC02690,2000000,1200000,1250000,4450000,3200000,salary,2023-10-09 00:44
BGT02092,USR060,INC07446,1550000,900000,900000,3400000,2450000,salary,2023-07-29 10:37
BGT04936,USR071,INC03508,4000000,2350000,1500000,7800000,6350000,investment_return,2023-05-27 22:34
BGT01017,USR074,INC01695,2250000,1350000,1200000,4750000,3600000,investment_return,2024-04-10 08:47
BGT06720,USR025,INC01283,2150000,1000000,700000,3850000,3150000,part_time,2023-02-07 17:47
BGT03367,USR009,INC05946,1400000,750000,700000,2850000,2150000,allowance,2023-12-25 14:51
BGT05281,USR057,INC03714,2600000,1450000,1300000,5350000,4050000,business,2024-07-28 01:50
BGT01488,USR047,INC06642,1850000,1350000,850000,4050000,2500000,bonus,2024-07-27 03:10
BGT04967,USR055,INC06889,1650000,900000,600000,3150000,2550000,freelance,2023-01-12 04:38
BGT02477,USR004,INC03197,700000,400000,,1400000,1100000,allowance,
BGT01132,USR070,INC09523,2100000,1250000rb,700000,4000000,3350000,freelance,2024-05-13 18:56
BGT09319,USR050,INC04613,1750000,1100000,750000,3600000,2850000,salary,2023-06-19 02:41
BGT00355,USR012,INC08429,1150000,900000,550000,2600000,2050000,allowance,2023-07-27 02:25
BGT02245,USR058,INC03997,3400000,2550000,1750000,7700000,5950000,salary,2024-03-24 16:53
BGT09599,USR063,INC01987,4700000,2950000,1550000rb,9250000,7650000,bonus,2024-07-06 22:18
BGT02338,USR062,INC02963,4200000,2700000,1300000,8250000,6900000,freelance,2023-03-08 22:24
BGT02891,USR044,INC05541,3400000,1750000,1050000,6200000,5150000,salary,2023-01-04 21:12
BGT08301,USR031,INC07671,2300000,1400000,1300000,5000000,3700000,allowance,2024-03-05 11:10
BGT02751,USR048,INC02318,3300000,1750000,1500000,6550000,5050000,bonus,2023-10-11 23:45
BGT06481,USR002,INC06635,800000,500000,400000,1650000,1300000,part_time,2024-10-28 06:04
BGT08184,USR060,INC05407,1750000,1000000,1100000,3850000,2750000,bonus,2023-04-09 11:44
BGT07739,USR031,INC07471,1050000,800000,500000,2350000,1850000,part_time,2024-02-03 13:19
BGT09232,USR011,INC02225,750000,550000,400000,1750000,1300000,part_time,2023-08-09 12:08
BGT06535,USR052,INC01908,3400000,2050000,1350000,6800000,5450000,salary,2023-06-16 12:40
BGT04444,USR052,INC04003,3400000,1850000,1400000,6650000,5250000,bonus,2024-12-04 14:23
BGT02119,USR064,INC00908,3400000,2300000,1000000,6700000,5700000,freelance,2023/05/01 14:01
BGT01884,USR069,INC05385,4650000,-2350000,1750000,8750000,7000000,business,
BGT00875,USR008,INC06516,900000,500000,500000,1900000,1400000,,2024-09-27 05:17
BGT00260,USR029,INC09350,1150000,700000,550000rb,2350000,1850000,part_time,2023-01-17 01:52
BGT06999,USR025,INC07483,1200000,850000,500000,2550000,2050000,allowance,2024-06-13 06:25
BGT06608,USR012,INC00555,600000,300000,200000,1150000,900000,scholarship,2023-07-22 06:01
BGT00374,USR014,INC07259,600000,350000,300000,1250000,950000,scholarship,2024-09-19 18:35
BGT06668,USR009,INC05382,1400000,800000,350000,2550000,2200000,allowance,2024-10-03 22:54
BGT02155,USR012,INC02959,800000,450000,400000,1650000,1250000,part_time,2023-05-31 13:20
BGT07012,USR044,INC06390,3200000,2000000,1950000,7150000,5200000,freelance,2024-05-18 06:31
BGT01135,USR050,INC02507,2500000,,650000,4550000,3900000,freelance,2024-05-24 06:00
BGT06581,USR075,INC05619,3750000,2300000,1900000,7950000,6050000,bonus,2023-08-25 16:31
BGT02054,USR017,INC04169,700000,400000,150000,1300000,1100000,allowance,31/12/2024 19:14
BGT02819,USR049,INC06517,3400000,1800000,1700000,6900000,5200000,salary,2023-01-13 21:21
BGT08369,USR045,INC09510,3100000,1450000,1050000,5600000,4550000,business,2023/09/11 17:44
BGT06564,USR070,INC08461,4750000,2700000,2250000,9700000,7450000,,2023-08-20 02:21
BGT09179,USR065,INC06574,4650000,2300000,,8450000,6950000,salary,2023-08-20 07:09
BGT02770,USR045,INC08950,,1350000,500000,4150000,3650000,salary,2023-04-01 03:45
BGT09755,USR058,INC00409,2700000,1750000,950000,,4450000,salary,2024-05-11 23:51
BGT07856,USR069,INC02648,4650000,2850000,1650000,9150000,7500000,investment_return,2023-05-11 16:07
BGT03519,USR075,INC04598,3500000,2350000,1050000,6900000,5850000,business,2023-09-02 04:38
BGT03004,USR025,INC06456,2350000,1250000,900000,4500000,3600000,allowance,2024-06-06 02:31
BGT06385,USR017,INC02372,1050000,600000,550000,2200000,1650000,part_time,2024-01-02 18:52
BGT01475,USR054,INC00477,3600000,2500000,1450000,7550000,6100000,business,2023-08-22 09:28
BGT02976,USR001,INC07781,1100000,550000,400000,2000000,1450000,allowance,2023-05-11 17:19
BGT01707,USR021,INC08350,1350000,800000,,2500000,2150000,part_time,2024-01-08 17:38
BGT07539,USR039,INC01994,1850000,1150000,450000,3450000,3000000,part_time,2023-08-07 08:19
BGT04961,USR025,INC09623,1350000,850000,350000,2550000,2200000,freelance,2023/02/17 10:10
BGT05900,USR037,INC07732,1150000,800000,400000,2350000,1950000,internship,2024-03-31 14:43
BGT09274,USR032,INC08511,1700000,1100000,1100000,3850000,2800000,allowance,2023-12-17 20:18
BGT06093,USR063,INC01121,3200000,1750000,1450000,6400000,4950000,salary,2024-04-08 10:17
BGT00545,USR044,INC06148,2250000,1200000,1200000,4700000,3450000,bonus,2023-04-09 20:38
BGT00002,USR009,INC08841,1450000,800000,400000,2650000,2250000,allowance,2024-01-01 09:28
BGT08155,USR057,INC01465,3200000,1750000,1550000,6500000,4950000,salary,2023-10-19 06:29
BGT04226,USR010,INC03928,900000,650000rb,400000,1950000,1550000,part_time,2023-11-29 16:13
BGT04555,USR074,INC09579,2600000,1450000,1300000,5350000,4050000,freelance,2023-01-07 09:45
BGT08561,USR053,INC02086,2200000,1300000,500000,4000000,3500000,business,2023-08-21 08:12
BGT09355,USR064,INC09158,4850000,2850000,2200000,9900000,7700000,business,2023-08-10 14:05
BGT09229,USR067,INC00746,2300000,1700000,1000000,5050000,4000000,investment_return,2023-04-17 17:09
BGT00038,USR017,INC02807,1450000,900000,300000,2650000,2350000,part_time,2024-05-14 22:26
BGT04720,USR015,INC03362,1550000,800000,650000,3000000,2350000,part_time,2024-09-19 03:16
BGT05977,USR071,INC00969,4200000,2350000,2400000,8950000,6550000,business,2024-03-15 12:03
BGT00541,USR068,INC08831,3250000,1800000,1600000,6650000,5050000,freelance,09/02/2023 02:30
BGT07089,USR003,INC03001,1400000,850000,500000,2700000,2250000,ALLOWANCE,2024-12-14 16:44
BGT06626,USR075,INC02990,4400000,2600000,2600000,9550000,7000000,salary,2024-06-19 20:30
BGT09717,USR056,INC06660,2850000,1900000,1200000,5900000,4750000,business,2023-12-03 13:20
BGT04237,USR055,INC07279,4350000,2250000,1150000,,6600000,salary,2024-02-07 19:34
BGT03975,USR072,INC00157,,2250000,850000,6650000,5750000,investment_return,2024-01-19 22:08
BGT09933,USR003,INC01756,900000,650000,400000,1950000,1550000,scholarship,2024-02-14 09:39
BGT00972,USR021,INC07889,1250000,650000,400000,2350000,1900000,allowance,2023-10-13 14:34
BGT01380,USR071,INC08134,2150000,1400000,950000,4450000,3550000,investment_return,2023-07-03 15:24
BGT02916,USR024,INC06380,2050000,1200000,600000,3850000,3250000,,2024-02-10 05:05
BGT04748,USR039,INC03275,2000000,1300000,950000,4250000,3300000,internship,2023-05-29 01:15
BGT01312,USR048,INC04671,2750000,1700000,650000,5100000,4450000,bonus,2024-03-08 00:34
BGT07007,USR036,INC03447,1100000,650000,550000,2300000,1750000,part_time,2023-06-28 13:57
BGT08626,USR039,INC05435,900000,600000,500000,2000000,1500000,freelance,2023-05-26 17:17
BGT04902,USR022,INC09138,2650000,1550000,500000,4700000,4200000,freelance,2024-08-08 05:04
BGT02661,USR002,INC08600,800000,450000,400000,1700000,1250000,part_time,2023-02-27 22:28
BGT03525,USR049,INC05303,2050000,1350000,600000,4000000.00,3400000,freelance,
BGT04529,USR036,INC09211,2050000,1450000,1000000,4500000,3500000,internship,2023-06-30 16:24
BGT04071,USR069,INC04248,2850000,1650000,700000,5200000,4500000,salary,2024-11-22 07:49
BGT07735,USR035,INC05351,2300000,1550000,700000,4550000,3850000,freelance,2024-05-19 11:42
BGT09295,USR048,INC07486,3000000,1950000,1300000,6250000,4950000,business,2023-03-11 09:45
BGT00306,USR047,INC08128,2300000,1500000,1400000,,3800000,freelance,2024-12-03 03:04
BGT04435,USR008,INC03370,750000,500000,400000,1700000,1250000,part_time,2023-08-15 16:47
BGT02046,USR074,INC09425,4700000,2400000,1450000,8500000,7100000,business,2024-01-10 04:27
BGT01200,USR021,INC00695,1450000,800000rb,500000,2700000,2250000,PART_TIME,2024-12-12 10:17
BGT00761,USR015,INC00612,1100000,650000,600000,2350000,1750000,scholarship,2024-11-09 15:54
BGT04859,USR003,INC09528,1100000,650000,400000,2150000,1750000,allowance,2023-10-21 11:34
BGT08867,USR049,INC09563,1900000,1200000,600000,3700000,3100000,freelance,2023-02-08 07:00
BGT00445,USR039,INC05084,-1450000,750000,400000,2600000,2200000,internship,2024-12-07 11:23
BGT04395,USR024,INC07758,1250000,700000,650000,2600000,1950000,allowance,2023-09-02 00:34
BGT08106,USR019,INC07716,1000000,650000,200000,,1650000,allowance,2023-06-12 07:52
BGT08041,USR017,INC08602,,750000,500000,2600000,2100000,scholarship,2024-09-24 01:14
BGT08320,USR023,INC00249,1100000,650000,350000,2100000,1750000,part_time,2024-01-16 20:04
BGT05293,USR034,INC02429,1900000,1200000,700000,3800000,3100000,allowance,2023-11-25 23:05
BGT00292,USR011,INC00747,1250000,700000,600000,2550000,1950000,part_time,
BGT06074,USR071,INC03817,4250000,2250000,1850000,8350000,6500000,business,2023-02-09 22:30
BGT04858,USR036,INC06953,1700000,,1050000,3850000,2800000,internship,2023-10-11 04:25
BGT07131,USR055,INC00464,2800000,1900000,1250000,,4700000,freelance,20/11/2024 05:16
BGT01577,USR055,INC02975,2000000,1150000,500000,3650000,3150000,freelance,2023-10-18 07:29
BGT00930,USR036,INC05043,850000,500000,200000,1500000,1350000,allowance,2023-10-26 19:09
BGT00682,USR038,INC01176,2400000,1550000,750000,4700000,3950000,internship,2023-11-12 18:47
BGT04694,USR027,INC04145,1400000,1000000,650000,3050000,2400000,freelance,2024-09-23 06:39
BGT00473,USR048,INC01673,2700000,1350000,800000,4850000,4050000,bonus,2023-09-10 01:47
BGT07946,USR045,INC03810,2700000,1350000,850000,4900000,4050000,salary,2024-08-21 20:25
BGT01257,USR073,INC05883,4750000,2450000,1900000,9100000,7200000,bonus,2023-03-01 08:09
BGT06360,USR016,INC07927,450000,300000,250000,1000000,750000,allowance,2023-10-02 13:47
BGT05646,USR051,INC02527,2450000,1400000,800000,4650000,3850000,bonus,2024-03-17 03:55
BGT03373,USR068,INC00132,2800000,1650000,750000,5200000,4450000,business,2024-04-12 05:45
BGT03686,USR068,INC06632,3100000,1950000,1700000,6700000,5050000,freelance,2024-02-16 07:52
BGT09682,USR067,INC09896,3600000,1700000,1250000,6500000,5300000,investment_return,2024-04-29 08:24
BGT07429,USR044,INC09661,3000000,2100000,1450000,6550000,5100000,freelance,2023-03-05 00:17
BGT05440,USR044,INC07387,1900000,1150000,,3900000,3050000,bonus,2023-03-20 22:38
BGT09572,USR050,INC02841,2050000,1450000,950000,4450000,3500000,business,2024-04-12 18:53
BGT01786,USR067,INC03154,4300000,2850000,2400000,9500000,7150000,salary,2024-01-29 18:49
BGT02564,USR045,INC04905,4050000,2700000,1200000,7950000,6750000,business,2024-08-25 19:48
BGT04512,USR074,INC04271,3350000,1950000,1150000,6450000,5300000,investment_return,2024-03-20 19:42
BGT03606,USR026,INC08157,1650000,950000,450000,3100000,2600000,part_time,2024-07-19 06:17
BGT03183,USR007,INC01218,550000,300000,150000,1000000,850000,allowance,2024-08-18 13:25
BGT07759,USR057,INC08879,3100000,2150000,1650000,6900000,5250000,salary,2024-10-16 19:55
BGT00066,USR066,INC06116,3200000,1950000,1200000,6350000,5150000,freelance,2024-11-19 07:28
BGT08073,USR038,INC01048,1050000,550000,500000rb,2100000,1600000,internship,2024-07-02 15:11
BGT05987,USR038,INC00141,1100000,700000,600000,2400000,1800000,part_time,2023-03-11 18:56
BGT06513,USR028,INC05980,2350000,1500000,,4700000,3850000,part_time,2023-04-11 07:50
BGT03155,USR046,INC05615,2600000,1300000,750000,4650000,3900000,salary,2023-07-02 18:53
BGT06523,USR053,INC06647,2300000,1400000,650000,4350000,3700000,business,2023-03-12 08:42
BGT09533,USR024,INC03890,1250000,750000,750000,2750000,2000000,internship,2023-08-02 00:18
BGT01227,USR057,INC09366,3500000,2100000,750000,6400000,5600000,freelance,2023-04-18 19:17
BGT03272,USR009,INC08802,1100000,800000,,2400000,1900000,scholarship,2023-05-19 04:23
BGT05259,USR037,INC00324,1800000,1050000,650000,3500000,2850000,freelance,04/12/2023 07:44
BGT06330,USR064,INC09750,3700000,2350000,1050000,7100000,6050000,bonus,2023-07-31 09:34
BGT07923,USR035,INC04521,900000,550000,250000,1700000,1450000,allowance,2024-10-21 19:26
BGT03472,USR028,INC04876,2100000,1250000rb,800000,4100000,3350000,internship,2023-08-29 01:37
BGT06088,USR004,INC02844,650000,350000,350000,1350000,1000000,scholarship,2023-04-14 01:54
BGT08472,USR032,INC09876,1800000,1150000,600000,3550000,2950000,allowance,2023-01-12 16:49
BGT09528,USR038,INC07095,1650000,1000000,450000,3100000,2650000,allowance,2023-11-28 09:15
BGT01772,USR068,INC00673,2850000rb,-1900000,1600000,6350000,4750000,investment_return,2023-08-06 08:16
BGT06995,USR040,INC07881,1600000,1000000,500000,3050000.00,2600000,part_time,2023-07-24 17:52
BGT01244,USR049,INC09722,2900000,2150000,1500000,6550000,5050000,business,2023-11-19 22:02
BGT02089,USR039,INC09806,1050000,650000,250000,1900000,1700000,part_time,2023-04-17 03:23
BGT06631,USR055,INC02144,3150000,1700000,1050000,5900000,4850000,bonus,2023-10-22 17:05
BGT07931,USR041,INC03643,3100000,1600000,1500000,6200000,4700000,business,02/03/2023 02:14
BGT06242,USR004,INC09429,1200000,800000,450000,2500000,2000000,part_time,2024-07-23 22:45
BGT06482,USR075,INC00575,3500000,2300000,1200000,7000000,5800000,bonus,2023-03-26 20:59
BGT03612,USR070,INC09439,4300000,2600000,1050000,7950000,6900000,freelance,2023-03-11 18:45
BGT08182,USR042,INC04187,3500000,2550000,1700000,7800000,6050000,bonus,2023-08-19 09:54
BGT06709,USR075,INC02434,3250000,1850000,1700000,6800000,5100000,business,2023-08-08 09:50
BGT02651,USR072,INC05661,3550000,2050000,1400000,7000000,5600000,investment_return,2023-06-03 20:47
BGT08087,USR016,INC07580,750000,450000,350000,1550000,1200000,part_time,2024-05-11 16:20
BGT00703,USR004,INC08251,950000,500000,450000,1900000,1450000,allowance,2023-11-27 16:26
BGT03719,USR048,INC07923,1800000,1150000,600000,3550000,2950000,freelance,2024-11-21 19:27
BGT07523,USR009,INC00411,1450000,850000,600000,2900000,2300000,scholarship,2023-08-17 17:08
BGT01495,USR031,INC08074,1800000,1200000,600000,3600000,3000000,allowance,2023-06-08 21:55
BGT03034,USR070,INC04714,3350000,1650000,1100000,6100000,5000000,salary,2024-11-25 19:50
BGT07545,USR019,INC03911,550000,300000,150000,1000000,850000,allowance,2024-09-25 09:47
BGT08721,USR042,INC01307,2150000,1400000rb,650000,4200000,3550000,salary,2024-08-07 20:15
BGT05261,USR068,INC04660,4200000,2900000,2500000,9600000,7100000,salary,2023-02-08 10:59
BGT02803,USR020,INC09765,850000,600000,400000,1850000,1450000,allowance,2024-02-02 12:07
BGT03572,USR002,INC07669,550000,400000,200000,1150000,950000,allowance,2023-03-03 22:25
BGT05672,USR011,INC08983,850000,550000,500000,1850000,1400000,part_time,2024-12-06 11:14
BGT09840,USR048,INC05988,2800000,1500000,750000,5050000,4300000,bonus,2023-06-04 12:57
BGT02627,USR052,INC09693,4100000,2300000,1050000,7450000,6400000,salary,2024-08-11 16:55
BGT04953,USR030,INC01271,2300000,1400000,800000,4500000,3700000,part_time,2023-07-31 12:50
BGT01579,USR038,INC05703,2100000,1250000,1200000,4550000,3350000,,2024-07-13 15:04
BGT04244,USR020,INC03432,1200000,650000rb,300000,2150000,1850000,allowance,2024-12-30 22:51
BGT02843,USR002,INC09830,500000,350000,300000,1150000,850000,allowance,2023-04-01 17:34
BGT02672,USR069,INC04024,3700000,2550000,1950000,8200000,6250000,SALARY,2023-08-03 07:10
BGT01514,USR020,INC04030,1250000,650000,400000,2250000,1900000,scholarship,2023-08-31 22:27
BGT04267,USR034,INC07631,2000000,1400000,850000,4300000,3400000,part_time,2023-06-08 19:26
BGT00850,USR051,INC03483,3050000,1650000,850000,5550000,4700000,freelance,2023-04-05 23:48
BGT08044,USR010,INC06405,1050000,650000,250000,1950000,1700000,part_time,2023-06-08 03:14
BGT03149,USR019,INC08300,700000,500000,200000,1400000,1200000,scholarship,2023-07-25 08:30
BGT08033,USR016,INC03711,1350000,750000,650000,2750000.00,2100000,part_time,2024/06/16 14:10
BGT00831,USR007,INC09125,800000,400000,300000,1450000,1200000,part_time,2024-09-26 19:22
BGT00712,USR041,INC07961,3400000,2100000,2050000,7500000,5500000,bonus,2023-05-26 14:43
BGT00984,USR075,INC07602,4500000,2450000,1250000,8200000,6950000,salary,2023-10-03 03:57
BGT04107,USR006,INC05561,1500000,800000,550000,2850000,2300000,part_time,2023-12-12 01:37
BGT00287,USR030,INC04683,2250000,1300000,500000,4050000,3550000,part_time,2023-04-12 17:15
BGT09865,USR048,INC03375,3400000,2100000,1300000,6850000,5500000,freelance,2024-03-12 23:20
BGT07659,USR023,INC09500,2350000,1250000,1000000,4650000,3600000,internship,2024-10-26 05:52
BGT03010,USR073,INC06354,-3050000,1550000,1400000,6000000,4600000,business,2023-01-21 17:50
BGT08770,USR008,INC05971,1250000,750000,400000,2450000,2000000,part_time,
BGT07699,USR013,INC02441,700000,550000,,1600000,1250000,scholarship,2023-02-08 02:17
BGT07077,USR031,INC03502,1850000,950000,700000,3500000,2800000,freelance,2023-05-19 04:12
BGT07575,USR001,INC08636,1250000,700000,600000,2500000,1950000,allowance,2024-11-02 23:33
BGT02528,USR023,INC04461,1000000,550000,550000,2100000,1550000,freelance,2024-09-22 04:21
BGT04097,USR005,INC08729,1450000,700000,550000,2650000,2150000,part_time,2023-02-02 09:16
BGT02680,USR064,INC09201,5200000,2600000,1500000,9300000,7800000,FREELANCE,2024-12-26 16:14
BGT03424,USR008,INC01746,500000,250000,250000,1050000,750000,scholarship,2024-01-12 10:41
BGT06775,USR007,INC08192,1050000,550000,350000,1900000,1600000,,2024-11-23 05:23
BGT09606,USR005,INC06924,550000,350000,200000,1100000,900000,ALLOWANCE,2023-03-29 13:08
BGT03601,USR028,INC02156,2250000,1300000,550000,4100000,3100000,freelance,2024-03-12 11:57
BGT02956,USR032,INC07583,1950000,1100000,850000,3900000,3050000,part_time,2023-11-02 16:50
BGT06392,USR017,INC09401,500000,300000,200000,1000000,800000,scholarship,2023-10-31 03:20
BGT07744,USR071,INC03971,2800000,2000000,1450000,6200000rb,4900000,freelance,2024-08-17 11:41
BGT03290,USR015,INC04568,800000,500000,250000,1550000,1300000,scholarship,2023-10-09 09:48
BGT01205,USR025,INC05672,1900000,1050000,800000,3750000,2950000,allowance,2023-08-23 10:19
BGT05948,USR049,INC02686,3650000,2400000,1150000,7200000rb,6050000,business,2023/05/10 05:14
BGT07691,USR058,INC02114,3500000,2200000,1150000,6850000.00,7400000,business,2024-10-03 05:13
BGT08425,USR019,INC08377,600000,400000,350000,1350000,1000000,scholarship,2024-02-05 13:24
BGT00182,USR070,INC09956,2550000,1300000,950000,4850000,3850000,,2024-11-03 07:17
BGT02851,USR051,INC02001,2400000,1350000,600000,4350000rb,3750000,bonus,2024/12/29 16:01
BGT01529,USR007,INC07403,500000,350000,200000,1050000,850000,scholarship,2023-09-02 03:45
BGT09999,USR051,INC04848,3300000,2100000,750000,6150000,5400000,bonus,2024-07-04 10:33
BGT00839,USR022,INC01846,1750000,850000,650000,,2600000,internship,2024-07-18 07:09
BGT07537,USR016,INC05544,1450000,800000,550000,2800000,2250000,scholarship,2023-11-10 03:50
BGT04266,USR070,INC09347,3900000,2300000,2050000,8250000,6200000,business,2023-09-06 13:05
BGT00581,USR074,INC04358,2800000,1850000,1300000,6000000,4650000,salary,2024-06-02 10:08
BGT08857,USR033,INC02777,1600000,800000,450000,2900000,2400000,internship,2023-09-22 07:48
BGT09797,USR032,INC07139,1950000,1200000,800000,,3150000,allowance,2023-09-15 10:34
BGT06022,USR046,INC03658,3100000,1600000,1150000,5850000,5050000,freelance,2023-09-29 21:38
BGT04714,USR051,INC02865,3250000,1900000,750000,5950000,5150000,bonus,2024-09-30 01:07
BGT04881,USR009,INC05302,1300000,750000,,2350000,2050000,scholarship,2023-04-19 14:51
BGT05294,USR028,INC04231,2600000,1400000,800000,4850000,4000000,internship,2023-12-15 08:47
BGT00612,USR009,INC01331,1200000,800000,400000,2350000,2000000,allowance,2023-09-04 20:51
BGT09590,USR073,INC06374,4550000,2250000,1500000,8250000,6800000,salary,2023-01-03 19:40
BGT00052,USR005,INC08045,650000,350000,400000,1400000,1000000,scholarship,2024-07-08 08:57
BGT05755,USR029,INC06941,1650000,850000,500000,3000000,2500000,part_time,2024-09-03 20:51
BGT03911,USR053,INC00125,1600000,950000rb,500000,3050000,2550000,business,2023-04-11 23:41
BGT06076,USR068,INC02491,4850000,2850000,2150000,9850000.00,7700000,bonus,2024-10-25 20:41
BGT00096,USR034,INC06116,2050000,1150000,950000,4150000,3200000,allowance,2023-03-25 14:14
BGT02511,USR064,INC02387,2750000,1650000,1300000,5700000,4400000,salary,2024-06-07 18:59
BGT09414,USR066,INC02110,3950000,2500000,2150000,8550000,6450000,salary,2024-06-04 19:06
BGT07738,USR041,INC01828,2250000,1450000,700000,4400000,3700000,salary,2023-10-22 12:12
BGT01426,USR015,INC08902,550000,300000,200000,1050000,850000,allowance,2023-01-23 00:52
BGT04737,USR023,INC00760,2050000,1050000,650000,3750000,3100000,allowance,2024-10-17 15:11
BGT06144,USR022,INC08890,1700000,900000,600000,3200000,2600000,freelance,2023-06-17 13:24
BGT01985,USR027,INC01206,1100000,650000,250000,2000000,1750000,part_time,25/09/2023 08:30
BGT06502,USR005,INC09970,650000,400000,250000,1300000,1050000,allowance,08/04/2024 10:41
BGT00462,USR008,INC01460,1250000,650000,550000,2450000,1900000,part_time,2023-10-11 01:26
BGT04221,USR007,INC08682,1100000,650000,350000,2150000,1750000,allowance,2023-11-23 18:21
BGT08557,USR022,INC01618,1250000,650000,400000,2300000,1900000,part_time,2023-07-06 15:38
BGT01184,USR036,INC01029,1450000,1000000,650000,3100000,2450000,freelance,2024-11-21 16:01
BGT01957,USR038,INC06355,1550000,850000,650000,3050000,2400000,part_time,2023-03-08 23:58
BGT03580,USR005,INC03564,650000,400000,200000,1300000,1050000,allowance,2023-08-15 07:43
BGT02034,USR063,INC03177,4250000,2750000,1850000,8900000,7000000,freelance,2024-05-26 02:46
BGT03940,USR060,INC02362,3400000,2550000,1800000,7750000,5950000,freelance,2023-04-27 14:56
BGT08477,USR057,INC00009,3400000,1950000,,6450000,5350000,salary,2023-11-08 09:49
BGT02414,USR071,INC01166,2500000,1500000,1550000,5550000,4000000,freelance,2024-12-14 07:32
BGT07443,USR031,INC03516,850000,500000,350000,1750000,1350000,allowance,2023-06-13 23:18
BGT02907,USR001,INC06190,1300000,800000,600000,2700000,2100000,scholarship,2024-11-16 00:53
BGT09744,USR057,INC08584,2150000,1250000,750000,4150000,3400000,freelance,2024-01-29 19:13
BGT07330,USR021,INC08361,1550000,850000,450000,2850000,2400000,internship,
BGT03928,USR050,INC02578,1650000,900000,850000,3400000,2550000,business,2024-11-12 21:05
BGT08746,USR072,INC00939,3700000,1950000,1500000,7150000,5650000,investment_return,2024-01-15 10:08
BGT09048,USR067,INC08588,3000000,2150000,1550000,6650000,5150000,investment_return,2024-10-26 07:24
BGT06419,USR024,INC09245,1550000,950000,800000,3300000,2500000,internship,2023-12-18 06:43
BGT07353,USR057,INC01715,3550000,2150000,850000,6550000,4350000,salary,2023-01-23 06:21
BGT00209,USR059,INC01524,3200000,1700000,1400000,6250000,4900000,salary,2024-10-29 19:55
BGT03404,USR020,INC01379,550000,350000,200000,1100000,900000,part_time,2023-03-08 10:50
BGT00951,USR053,INC08742,1450000,900000,650000,3000000,2350000,business,2023-04-07 04:02
BGT03875,USR024,INC08838,1350000,800000,300000,2450000,2150000,allowance,2023-08-10 05:26
BGT03046,USR066,INC00984,4100000,2350000,,7300000,6450000,freelance,2023-11-15 06:54
BGT09207,USR039,INC08308,1250000,750000,250000,2250000,2000000,allowance,2024-11-16 12:11
BGT09557,USR023,INC01865,950000,650000,400000,2000000,1600000,internship,2023-06-21 20:10
BGT06029,USR008,INC07751,1300000,750000,,2650000,2050000,allowance,2023-08-02 00:41
BGT08107,USR012,INC08747,1300000,750000,550000,2600000,2050000,allowance,2023-04-04 20:17
BGT04928,USR056,INC09922,3650000,2200000,800000,6600000,5850000,freelance,25/10/2023 08:43
BGT05156,USR024,INC05116,2250000,1300000,500000,4000000,3550000,part_time,2024-06-04 17:37
BGT02347,USR048,INC00787,1650000,850000,650000,3150000,2500000,salary,04/10/2023 12:52
BGT04980,USR005,INC03727,1350000,800000,600000,2800000,2150000,allowance,2023-08-29 07:25
BGT09428,USR026,INC00377,1100000,750000,550000,,1850000,allowance,30/05/2024 07:49
BGT08630,USR031,INC03341,2150000,1050000rb,700000,3950000,3200000,freelance,
BGT03702,USR060,INC02755,2150000,1150000,850000,4150000,3300000,salary,2023-04-29 19:43
BGT03534,USR043,INC06826,2250000,1250000,1350000,4900000rb,3500000,business,2024-06-28 16:16
BGT01433,USR070,INC02926,2400000,1350000,550000,4300000,3750000,bonus,2024-10-12 01:28
BGT08639,USR039,INC07299,1250000,850000,600000,2700000,2100000,allowance,2024-05-27 17:57
BGT08407,USR023,INC09036,1550000,1100000,750000,3400000,2650000,freelance,2024-09-13 21:31
BGT02067,USR001,INC08164,600000,400000,350000,1350000,1000000,part_time,
BGT08139,USR061,INC07724,4150000,2350000,2150000,8650000,6500000,business,2024-06-27 04:44
BGT07976,USR002,INC03644,1200000,900000,500000,2600000,2650000,part_time,2023-05-19 08:24
BGT05561,USR072,INC03353,3150000,1950000,1000000,6100000,5100000,business,
BGT08876,USR028,INC09301,1800000,1050000,950000,3800000,2850000,freelance,2024-08-03 00:03
BGT00276,USR016,INC01179,1150000,700000,600000,2450000,1850000,scholarship,2024-12-11 21:11
BGT06312,USR063,INC08035,3300000,2300000,1750000,7350000,5600000,investment_return,2023-01-19 07:03
BGT09438,USR005,INC02064,700000,450000,150000,1300000,1150000,part_time,2023-01-26 14:43
BGT08040,USR056,INC04115,2700000,1850000,1450000,6000000,4550000,salary,2023-05-11 20:52
BGT05282,USR009,INC01091,900000,550000,550000,1950000,1450000,scholarship,2023-09-10 02:36
BGT05045,USR073,INC03873,3500000,1900000,950000,6400000,5400000,salary,2024-08-10 03:29
BGT05448,USR064,INC04813,2550000,1650000,1100000,5350000,4200000,salary,2024/06/17 23:20
BGT06456,USR048,INC00549,3300000,2150000,900000,6300000,5450000,salary,2023-08-13 00:07
BGT07657,USR067,INC04074,5250000,2750000,1900000,9900000,8000000,business,2024-03-09 11:58
BGT04379,USR050,INC05817,2400000,1450000,,5000000,3850000,bonus,2023-06-17 05:05
BGT00717,USR046,INC00808,3250000,2250000,1300000,6800000,5500000,bonus,2023-01-14 06:50
BGT07246,USR010,INC07664,1350000,900000,750000,2950000,2250000,scholarship,2023-11-06 13:41
BGT05397,USR035,INC09774,2350000,1400000,650000,4400000,3750000,part_time,2024-05-04 12:35
BGT07339,USR060,INC05814,1900000rb,1250000,850000,4000000,3150000,bonus,21/01/2023 14:43
BGT06415,USR020,INC08891,800000,550000,350000,1700000,1350000,scholarship,2024-11-18 22:33
BGT02720,USR073,INC07632,3800000,2050000,950000,6800000,5850000,salary,2023-02-11 11:59
BGT08982,USR019,INC00749,450000,300000,250000,1000000,750000,scholarship,2024-08-15 01:57
BGT00663,USR060,INC07103,3950000,2050000,1300000,7300000,6000000,business,21/04/2023 00:32
BGT04264,USR015,INC00684,1000000,700000,550000,2250000,1700000,allowance,2024-10-07 17:22
BGT05976,USR022,INC09759,2400000,1450000,700000,4550000,3100000,freelance,2023-02-22 11:42
BGT06052,USR018,INC09008,700000,450000,400000,1550000,1150000,scholarship,2023-11-16 02:32
BGT03331,USR063,INC09939,,1750000,1450000,5800000,4350000,salary,2024-02-23 05:23
BGT01153,USR006,INC07655,1100000,650000,450000,2200000,1750000,part_time,2023-08-25 13:29
BGT01427,USR019,INC00313,1300000,,500000,2500000,2000000,allowance,2024-01-30 00:14
BGT05215,USR040,INC07366,1750000,900000rb,600000,3250000,2650000,allowance,2024-05-24 02:46
BGT09213,USR008,INC02365,950000,600000,250000,1800000,1550000,allowance,2024-07-13 01:19
BGT04269,USR040,INC00343,1600000,1000000,750000,3350000,2600000,internship,2023-03-19 15:27
BGT04423,USR028,INC00741,900000,600000,450000,1950000,1500000,internship,2024-01-18 07:47
BGT08452,USR011,INC01837,1300000,750000,350000,2400000,2050000,allowance,2024-05-26 20:17
BGT05116,USR001,INC04467,950000,500000,300000,1750000,1450000,part_time,2024-05-08 02:36
BGT08193,USR035,INC07163,1850000,900000,650000,3400000,2750000,freelance,2024-06-18 03:08
BGT08967,USR014,INC02577,1250000,800000,700000,2750000,2050000,allowance,2024-08-12 11:12
BGT00163,USR028,INC02231,1450000,850000,500000rb,2800000.00,2300000,freelance,2024-07-21 04:07
BGT09627,USR029,INC08976,2400000,1500000,850000,4750000,3900000,allowance,2023-07-01 14:39
BGT05084,USR057,INC06211,1750000,950000,950000,,2700000,,2024-08-30 14:57
BGT07400,USR011,INC05654,1100000,750000,500000,2350000,1850000,allowance,2023-07-30 21:41
BGT00522,USR049,INC09684,3350000,1850000,1250000,6450000,5200000,freelance,2023-12-14 20:50
BGT01295,USR010,INC00443,750000,550000,300000,1600000,1300000,allowance,2024-01-22 04:21
BGT00126,USR065,INC05529,2350000,1400000,750000,4500000,3750000,business,2024-09-18 01:14
BGT01686,USR038,INC09978,2250000,1150000,600000,4050000,3400000,allowance,2024-03-28 02:44
BGT09123,USR030,INC02452,1350000,1000000,700000,3050000,2350000,ALLOWANCE,2024-03-14 17:02
BGT05733,USR025,INC08267,1250000,800000,550000,2650000,2050000,internship,2024-04-12 12:52
BGT09969,USR057,INC01254,,1250000,800000,4100000,3250000,freelance,
BGT01663,USR003,INC05212,1450000,800000,350000,2600000,2250000,scholarship,2024-12-18 00:02
BGT04633,USR041,INC00709,3550000,2400000,1050000,7000000,5950000,bonus,2024-08-05 13:13
BGT04343,USR026,INC02286,2500000,1250000,700000,4450000,3750000,internship,24/12/2024 02:49
BGT05613,USR053,INC09481,3000000,,1850000,6800000,4950000,freelance,2023-07-31 19:04
BGT04614,USR065,INC07743,2850000rb,1900000rb,1200000,5950000,4750000,business,2024-08-19 16:58
BGT09928,USR069,INC00952,3050000,1800000,1900000,6750000,4850000,freelance,2023-07-05 06:09
BGT02127,USR041,INC01084,2900000,1950000,900000,5750000,4850000,salary,2024-11-04 22:26
BGT02170,USR075,INC08617,2950000,1450000,950000,5350000,4400000,business,2024-12-31 16:32
BGT03591,USR074,INC07766,2200000,1150000,950000,4300000,3350000,salary,2024-08-09 03:44
BGT01155,USR049,INC02615,2650000,-1500000,850000,5000000,4150000,freelance,2023-10-05 08:50
BGT08177,USR010,INC01557,1250000,750000,350000,2350000,2000000,allowance,2023-03-10 04:39
BGT05118,USR004,INC00983,1250000,800000,400000,2450000,2050000,part_time,2023-11-24 18:47
BGT07188,USR053,INC08856,2900000,1750000rb,1150000,5800000,4650000,freelance,2023-09-20 21:11
BGT01875,USR058,INC01217,3550000,2200000,1800000,7600000,5750000,business,2024-06-01 08:22
BGT01906,USR009,INC00427,900000,500000,300000,1650000,1400000,part_time,2023-08-28 23:26
BGT06401,USR036,INC00593,1000000,650000,500000,2100000,1650000,allowance,2024-05-31 05:01
BGT08165,USR036,INC02200,950000,600000,250000,1800000,1550000,freelance,2024-05-16 04:05
BGT05957,USR052,INC04454,3300000,1700000,1600000,6600000,5000000,business,2024-10-13 15:09
BGT07356,USR012,INC07571,1000000,550000,450000,1950000,1550000,allowance,2024-12-29 07:18
BGT05316,USR012,INC02424,800000,500000,250000,1550000,1300000,allowance,2023-03-26 11:52
BGT07684,USR003,INC03836,500000,350000,250000,1100000,850000,scholarship,2024-01-24 13:56
BGT08441,USR056,INC07142,2600000,1750000,1300000,5600000,4350000,bonus,2023-12-14 08:02
BGT07418,USR057,INC02793,1800000,950000,600000,3350000,2750000,freelance,2024-12-25 14:36
BGT00056,USR049,INC09863,2000000,1100000,700000,3800000,3100000,business,2024-05-31 04:50
BGT09291,USR012,INC01240,1400000,750000,600000,2750000,2150000,scholarship,2023-02-07 09:21
BGT06623,USR064,INC07565,3100000,2000000,1600000,6700000,5100000,bonus,2024-01-17 12:20
BGT05330,USR040,INC06048,850000,500000,300000rb,1650000,1350000,allowance,2024-11-19 14:55
BGT07966,USR024,INC04904,1700000,1300000,750000,3750000,3000000,freelance,2023-10-20 18:39
BGT03772,USR041,INC00566,4150000,2300000,1500000,8000000,6450000,bonus,2023-02-10 22:54
BGT02481,USR045,INC05578,3950000,2150000,1600000,7700000,6100000,salary,2023-10-03 18:57
BGT04690,USR038,INC04363,1650000,1000000,900000,3550000,2650000,internship,
BGT07678,USR064,INC08393,4100000,2850000,1950000rb,8900000,6950000,freelance,2024-05-18 19:39
BGT01861,USR045,INC01512,2500000,1450000,1050000,4950000rb,3950000,freelance,2024-06-20 17:39
BGT03114,USR045,INC07769,,1600000,600000,5050000,5650000,salary,2023-05-23 04:54
BGT04235,USR044,INC03336,3650000,2350000,1400000,7400000,6000000,BUSINESS,2023-10-04 09:24
BGT04458,USR054,INC00394,3850000,2500000,1700000,8000000,6350000,freelance,2024-11-05 03:56
BGT05204,USR040,INC09487,2000000,1200000,1100000,4300000,3200000,freelance,2024-04-16 18:50
BGT08733,USR053,INC04800,2900000,1550000,1500000,5900000,4450000,bonus,2024-05-12 11:52
BGT00537,USR015,INC03131,650000,400000,250000,1300000,1050000,scholarship,2023-11-01 06:00
BGT00796,USR075,INC05874,3800000,2150000,1800000,7750000,5950000,business,2023-10-15 08:15
BGT09373,USR048,INC02639,2950000,1900000,900000,5750000,4850000,business,2023-12-18 19:39
BGT04167,USR016,INC03058,750000,400000,350000,1500000,1150000,part_time,2024-03-31 20:07
BGT05778,USR063,INC01606,2050000,1450000,1000000,4500000,3500000,bonus,2023-10-16 00:48
BGT00950,USR049,INC07431,2850000,1550000,950000,5400000,4400000,bonus,2024-01-23 20:07
BGT01189,USR009,INC04500,650000,350000,250000,1250000,1000000,allowance,2024-11-22 10:31
BGT07324,USR048,INC01876,2850000,1650000,850000,5350000,4500000,salary,2023-04-08 23:06
BGT01553,USR020,INC02266,1000000,700000,550000,2250000,1700000,scholarship,2024-08-16 09:05
BGT01004,USR003,INC02886,1000000,500000,450000,1950000,1500000,scholarship,2023-08-03 09:19
BGT08112,USR073,INC06253,3800000,2400000,850000,7050000,6200000,bonus,2023-10-25 04:18
BGT04620,USR009,INC06510,1200000,700000,550000,2400000,1900000,part_time,2024-12-06 23:11
BGT06606,USR026,INC09924,1000000,700000,500000,2200000,1700000,allowance,2024-02-05 19:05
BGT09921,USR039,INC01260,1300000,800000,700000,2800000,2100000,allowance,2024-06-09 18:50
BGT00062,USR043,INC02655,4250000,2650000,1100000,8000000,6900000,freelance,2023-09-20 19:01
BGT00550,USR055,INC00066,3400000,1900000,1250000,6550000,5300000,bonus,2024-03-30 13:12
BGT02791,USR011,INC07122,550000,350000,200000,1100000,900000,scholarship,2023-08-17 07:27
BGT05581,USR074,INC07682,3900000,-2850000,2150000,8900000,6750000,investment_return,2023-01-27 06:50
BGT09039,USR031,INC00103,950000,550000,450000,1950000,1500000,part_time,2023-07-17 10:33
BGT06625,USR063,INC05372,3700000,2400000,900000,7000000,6100000,investment_return,2023-10-20 16:29
BGT09471,USR074,INC04218,3900000,2450000,850000,7200000,6350000,business,2023-06-24 16:16
BGT06504,USR027,INC05002,1400000,700000,500000,2600000,2100000,allowance,2023-05-14 21:04
BGT05138,USR022,INC03683,,1400000,950000,,4300000,part_time,2023-12-20 12:49
BGT06010,USR002,INC06163,1250000,750000,800000,2800000,2000000,allowance,2023-11-01 01:34
BGT05444,USR021,INC03734,,750000,600000,2650000rb,2000000,freelance,2024-06-24 06:57
BGT04520,USR053,INC03708,3150000,1700000,1200000,6050000,4850000,salary,2023-09-03 02:33
BGT08983,USR047,INC00764,4250000,2600000,750000,7600000,6850000,freelance,2024-11-25 01:25
BGT00671,USR011,INC06908,800000,,250000,1600000,1350000,allowance,2024-10-23 07:24
BGT00660,USR066,INC04486,4200000,2450000,1250000,7900000,6650000,salary,2024-02-03 14:46
BGT07365,USR006,INC00269,1550000,850000,450000,2850000,2400000,scholarship,2024-07-04 00:56
BGT00749,USR020,INC02132,1200000,,650000,2700000,2050000,part_time,2023-11-15 05:49
BGT07595,USR002,INC08659,650000,350000,350000,1350000,1000000,scholarship,2024-08-14 17:57
BGT07771,USR075,INC04427,5000000,3150000,1650000,9850000,8150000,business,2023-01-27 12:34
BGT05603,USR053,INC08946,3700000,2250000,1300000rb,7300000,5950000,freelance,26/10/2023 09:58
BGT03095,USR023,INC01985,1050000,800000,550000,2400000rb,2300000,freelance,2023-04-24 14:23
BGT05772,USR048,INC02979,3150000,2000000,1800000,6950000,5150000,business,2023-11-28 23:22
BGT04551,USR002,INC03738,1400000,750000,700000,2850000,2150000,part_time,2023-08-10 04:31
BGT01388,USR059,INC04797,4450000,2450000,1050000,7950000,6900000,freelance,2023-03-20 22:27
BGT02592,USR045,INC00622,2400000,1550000,1050000,5000000,2950000,salary,2024-08-06 11:26
BGT00186,USR027,INC02083,2200000,1300000,950000,4450000,3500000,part_time,2023-12-08 03:12
BGT00042,USR055,INC07703,3650000,1900000,1200000,6750000,6800000,salary,2024-12-25 08:21
BGT05651,USR011,INC01101,700000,400000,250000,1300000,1100000,allowance,2023-06-15 18:48
BGT08877,USR022,INC00570,1800000,1050000,700000,3550000,2850000,allowance,2024-11-03 01:30
BGT03074,USR058,INC00831,3150000,2050000,1000000,6200000,5200000,business,2023-06-18 08:41
BGT08357,USR035,INC07265,950000,550000,250000,1750000,1500000,part_time,2024-07-02 07:32
BGT09824,USR031,INC03004,1800000,1150000,1100000,4050000,2950000,allowance,2024-11-04 22:56
BGT04860,USR030,INC09419,850000,600000,450000,1900000,1450000,internship,2023-01-26 14:50
BGT04090,USR029,INC05505,1200000,750000,450000,2400000,1950000,internship,
BGT04708,USR037,INC04208,2200000,1400000,900000,4500000,3600000,allowance,2024-12-11 10:08
BGT02473,USR042,INC03465,2050000,1450000,1050000,4600000,3500000,salary,2024-10-03 12:36
BGT08323,USR043,INC06870,3250000,1850000,1550000,6650000,5100000,business,2024-08-30 01:17
BGT08195,USR038,INC00451,1100000,700000,450000,,1800000,part_time,2023-03-21 17:06
BGT07805,USR049,INC09205,2450000,1500000,950000,4900000,3950000,business,2024-10-08 02:51
BGT00863,USR018,INC02413,1100000,750000,450000,2250000,1850000,part_time,2023-02-19 16:13
BGT00940,USR042,INC06307,1750000,1050000,600000,3450000,2800000,freelance,2024-07-11 20:20
BGT07487,USR029,INC06505,1550000,950000,350000,2850000,2500000,part_time,2023-06-05 04:42
BGT04401,USR028,INC00741,1100000,600000,600000,2300000,1700000,internship,2024-08-18 22:57
BGT04081,USR037,INC05912,2350000,1600000,800000,4750000,3950000,allowance,2024-02-17 00:14
BGT04684,USR056,INC08962,3000000,1550000,1150000,5700000,4550000,freelance,2023-02-17 22:31
BGT00947,USR043,INC01375,4150000,2050000,1450000,7650000,6200000,freelance,2024-04-22 04:36
BGT02216,USR075,INC04349,5000000,2750000,1150000,8950000,7750000,bonus,2024-09-26 08:36
BGT09966,USR045,INC06115,3500000,1900000,1350000,6700000,5400000,,
BGT08596,USR002,INC00051,1300000,750000,650000,2750000,1500000,scholarship,2024-12-03 22:36
BGT09357,USR065,INC05253,2400000,1350000,1050000,4850000,3750000,investment_return,2023-04-15 15:15
BGT07409,USR003,INC02935,1200000,650000,550000,2400000,1850000,part_time,2023-05-30 04:11
BGT04583,USR021,INC06952,1800000,1050000,450000,3350000,2850000,freelance,2023-10-04 12:50
BGT06493,USR070,INC09318,2900000,1750000,500000,5150000,4650000,salary,2023-12-31 09:15
BGT06863,USR031,INC09554,2750000,1600000,650000,5000000,4350000,FREELANCE,2023-10-06 21:08
BGT02069,USR040,INC09455,1950000,1100000,450000,3500000,3050000,freelance,2023-05-10 08:59
BGT02495,USR070,INC03018,3450000,2350000,1550000,7350000,5800000,salary,2024-10-02 09:35
BGT05820,USR024,INC04644,2050000,1050000,800000,3900000,3100000,allowance,2023-01-08 14:43
BGT09502,USR056,INC06032,2400000,1300000,1100000,4800000,3700000,business,2024-11-17 03:17
BGT03350,USR045,INC00582,2950000,1900000,1900000,6750000,4850000,freelance,2024/09/26 22:34
BGT09753,USR023,INC03426,1050000,650000,,2300000,1700000,freelance,2023-07-03 02:48
BGT03825,USR050,INC03647,2600000,1300000,850000,4750000,3900000,freelance,2023-05-24 14:51
BGT03023,USR059,INC06984,2450000,1450000,650000,4550000,3900000,salary,2024-11-17 16:30
BGT02351,USR073,INC03229,3400000,2100000,1200000,6700000,5500000,business,19/03/2024 10:04
BGT03707,USR062,INC05470,3600000,2550000,2050000,8200000,6150000,freelance,2023-06-07 21:51
BGT05271,USR021,INC01979,1300000,750000,850000,2900000,2050000,freelance,2024-06-18 01:54
BGT04842,USR066,INC02415,4650000,2600000,1200000,8450000,7250000,freelance,2024-04-18 12:04
BGT08911,USR001,INC09741,950000,550000,300000,1750000,1500000,part_time,2024-07-11 03:34
BGT05708,USR021,INC00505,1900000,1050000,750000rb,3700000,2950000,freelance,2023-02-19 12:11
BGT00183,USR064,INC07543,2350000,1300000,650000,4300000,3650000,freelance,2024-08-07 10:26
BGT06802,USR073,INC02727,2200000,1350000,700000,4250000,3550000,freelance,2023-01-23 15:41
BGT08635,USR006,INC04591,1350000,800000,300000,2500000,2150000,scholarship,2023-04-28 15:54
BGT00172,USR058,INC04324,4200000,2300000,1450000,7950000,6500000,bonus,2024-09-30 14:39
BGT02536,USR024,INC07772,850000,550000,350000,1750000,1400000,internship,2023-12-08 20:33
BGT00358,USR018,INC06788,600000,350000,150000,1100000,950000,part_time,2023-02-25 13:33
BGT02890,USR048,INC00295,1700000,-1000000,1100000,3800000,2700000,freelance,2024-07-15 16:40
BGT00654,USR047,INC09335,1650000,1100000,1000000,3750000,2750000,bonus,2024-09-10 23:24
BGT06467,USR061,INC08291,3050000,1800000,1600000,6500000,4850000,bonus,2023/07/16 04:33
BGT08442,USR061,INC08020,3350000,2250000,1500000,7100000,5600000,investment_return,2023-11-29 08:53
BGT05130,USR071,INC03710,4350000,2700000,2250000,9300000,7050000,investment_return,2024-05-10 12:15
BGT03275,USR001,INC06442,450000,300000,250000,1000000,750000,allowance,2024-10-24 16:12
BGT09231,USR054,INC07735,1800000,1050000,500000,3350000,2850000,freelance,2024-08-11 01:04
BGT08348,USR066,INC02221,4800000,2550000,1750000,9100000,7350000,freelance,2024-04-09 08:27
BGT04363,USR019,INC06480,800000,600000,450000,1850000,1400000,allowance,2024-03-28 06:20
BGT04417,USR066,INC04323,2250000,1250000,1100000,4550000,3500000,investment_return,2023-10-28 12:51
BGT09404,USR035,INC02414,2300000,1400000,1100000,4750000,3700000,,2024-05-31 21:35
BGT02398,USR045,INC07902,2350000,1700000,1300000,5350000,4050000,business,2024-06-12 07:14
BGT03209,USR006,INC04335,550000,,300000,1150000,900000,allowance,2024-01-11 10:40
BGT09309,USR054,INC03678,2950000,2000000,1300000,6250000,4950000,bonus,2023-10-01 23:35
BGT08858,USR033,INC06797,1750000,1050000,400000,3200000,2800000,freelance,2023-03-11 01:49
BGT03399,USR062,INC06465,3600000,2150000,1450000,7200000,5750000,salary,2023-05-21 11:01
BGT05723,USR056,INC01262,1950000,900000,650000,3550000,2850000,business,2023-11-13 17:06
BGT00736,USR055,INC03351,2100000,1200000,800000,4100000,3300000,bonus,2024-03-06 09:46
BGT09066,USR007,INC01788,1300000,700000,450000,2450000,2000000,scholarship,22/08/2023 08:04
BGT04176,USR055,INC08648,3800000,2500000,1300000,7650000,6300000,freelance,2023-05-21 23:21
BGT07913,USR022,INC00172,1700000,1050000,400000,3150000,2750000,PART_TIME,2024-01-01 21:46
BGT09979,USR062,INC04279,3550000,2050000,1200000,6800000,5600000,freelance,2023-09-24 10:03
BGT06508,USR042,INC00406,2400000,1300000,650000,4400000,3700000,freelance,2023-05-06 16:52
BGT06979,USR019,INC05338,950000,600000,200000,1800000,1550000,allowance,2024-04-18 04:31
BGT00452,USR058,INC04874,2500000,1650000,1150000,5300000,4150000,business,2024-03-06 19:57
BGT05090,USR054,INC06690,3300000,2300000,1850000,7450000,5600000,business,2024-07-09 07:45
BGT01742,USR041,INC00788,4250000,2300000,1350000,7900000,6550000,bonus,2024-01-10 10:06
BGT01542,USR038,INC07393,1900000,1350000rb,700000,4000000,3250000,allowance,2023-09-29 04:54
BGT01454,USR018,INC00954,600000rb,300000,200000,1100000,900000,allowance,2024-08-08 02:05
BGT01232,USR016,INC02353,600000,350000,300000,1250000,950000,scholarship,2024-01-21 09:00
BGT05389,USR065,INC01161,4100000,2200000,1550000,7850000,6300000,business,2024-11-12 20:42
BGT09353,USR040,INC08042,1000000,600000,550000,2150000,1600000,part_time,2023-09-28 14:43
BGT03224,USR069,INC06291,2650000,1700000,850000,5200000,4350000,investment_return,2024-10-19 05:31
BGT00204,USR051,INC07468,2700000,-1700000,1250000,,4400000,salary,2023-12-20 15:45
BGT05594,USR045,INC06420,2750000,1950000,,5700000,4700000,freelance,2024-04-12 02:13
BGT01588,USR015,INC06907,,850000,450000,2850000,2400000,scholarship,2023-10-15 02:08
BGT09630,USR010,INC04475,1100000,700000,250000,2100000,1800000,scholarship,2024-01-01 13:16
BGT08528,USR067,INC07721,2850000,1950000,1250000,6050000,4800000,bonus,2024-03-16 20:26
BGT08676,USR037,INC02483,2450000,,750000,4550000,3750000,allowance,2023-06-23 20:13
BGT09531,USR059,INC09915,3200000,1850000,,5900000,5050000,freelance,2023-11-16 12:09
BGT03321,USR055,INC06787,3150000,1800000,1750000,6700000,4950000,bonus,04/07/2023 18:33
BGT00558,USR066,INC05489,4900000,2700000,2000000,9600000,7600000,bonus,2024-10-26 07:41
BGT07616,USR019,INC02897,1150000,600000,400000,2150000,1750000,part_time,2023-10-16 23:39
BGT01209,USR025,INC08454,1700000,850000,600000,3150000,2550000,part_time,2023-06-25 23:09
BGT05983,USR034,INC00523,1900000,950000,650000,3550000,2850000,part_time,2023-10-20 21:44
BGT08578,USR067,INC06812,3650000,1800000,1200000,6600000,4500000,business,2024-10-19 03:43
BGT05360,USR043,INC01360,2100000,1450000,1250000,4800000,3550000,bonus,2023-02-15 22:31
BGT04144,USR044,INC05359,2200000,1450000,1200000,4900000,3650000,freelance,2024-04-27 18:56
BGT09157,USR007,INC05776,650000rb,350000,250000,1250000,1000000,part_time,2024-04-12 03:26
BGT04798,USR074,INC08417,4500000,3050000,1450000,9000000,7550000,investment_return,2024-10-31 04:07
BGT01716,USR009,INC05834,1150000,550000,400000,2100000,1700000,part_time,2023-03-17 05:08
BGT06446,USR042,INC02833,2400000,1350000,850000,4600000,3750000,freelance,2023/10/30 19:41
BGT03656,USR028,INC05311,1600000,1100000,600000,3300000,2700000,internship,2023-06-26 05:04
BGT08484,USR043,INC01259,3000000,1850000,600000,5450000,4850000,bonus,2024-03-16 22:25
BGT09794,USR064,INC06485,,1900000,1300000,6600000,5250000,business,2024-07-11 20:06
BGT00531,USR006,INC06760,1500000,900000,550000,2950000,2400000,part_time,2024-12-15 11:28
BGT02126,USR016,INC07790,800000,500000,450000,1750000,1300000,scholarship,2024-01-22 14:24
BGT05956,USR033,INC02641,1850000,1250000,,,3100000,freelance,2023-05-17 15:39
BGT01118,USR063,INC07929,2400000,1500000,900000,4800000,3900000,bonus,2023-11-24 15:13
BGT00255,USR060,INC03867,3050000,2000000,1050000,,5050000,freelance,2024/12/29 04:46
BGT02547,USR054,INC03805,3850000,1800000,1350000,7000000,5650000,freelance,2024-06-15 18:07
BGT03933,USR054,INC04091,2750000,1500000,800000,5050000rb,4250000,business,2024-10-06 05:55
BGT06359,USR028,INC07246,700000,400000,400000,1500000rb,1100000,internship,2023-05-27 22:59
BGT08686,USR004,INC08465,950000,600000,400000,1950000,1550000,allowance,2023-10-14 02:34
BGT04027,USR028,INC06698,2550000,1550000,700000,4800000,4100000,part_time,2023-09-05 12:43
BGT09485,USR075,INC02889,4600000,3050000,1900000,9600000,7650000,investment_return,2024-01-16 22:53
BGT05969,USR029,INC09912,1400000,750000,,2850000,2150000,internship,2023-01-23 09:59
BGT06644,USR075,INC04401,3450000,1950000,1500000,6900000,5400000,business,2023-10-31 22:34
BGT07812,USR041,INC01521,2300000,1250000,900000,4400000,3550000,salary,2023-07-18 08:31
BGT03402,USR075,INC05576,3600000,2600000,1850000,8050000,6200000,business,2024-06-28 01:38
BGT00494,USR017,INC06145,800000,550000,350000,1700000,1350000,allowance,2024-05-14 18:49
BGT02310,USR041,INC07098,3050000,1600000,1550000,6250000,4650000,salary,2023-06-21 11:25
BGT07048,USR061,INC08896,4300000,-2550000,2650000,9500000,6850000,investment_return,2024-09-22 15:30
BGT05023,USR019,INC09435,500000,300000,200000,1000000,800000,allowance,2024-04-29 02:07
BGT04067,USR068,INC05379,3450000,1800000,1150000,6400000,5250000,bonus,2023-04-25 23:14
BGT01586,USR053,INC07293,3800000,2100000,900000,6750000,5900000,bonus,2023-11-10 22:35
BGT06603,USR030,INC07894,1450000,850000,400000,2700000,2300000,allowance,25/10/2024 13:22
BGT03736,USR059,INC00175,1550000,1050000,900000,3550000,2600000,bonus,2024-02-29 10:13
BGT05571,USR070,INC06742,4250000,2900000,1900000,9050000,7150000,salary,2024-01-09 17:17
BGT04871,USR072,INC09257,3650000,2450000,1350000,7450000,6100000,bonus,2024-04-30 02:01
BGT08949,USR073,INC00551,-3250000,2200000,950000,6400000,5450000,,2024-02-05 04:41
BGT00869,USR048,INC06328,2950000,1400000,1100000,5450000,4350000,business,2023-08-29 11:14
BGT08572,USR025,INC06942,2450000,1500000,650000,4600000,3950000,part_time,2023-11-29 00:09
BGT00032,USR047,INC02807,2700000,2000000,1350000,6050000,5000000,salary,2024-08-23 10:23
BGT08489,USR049,INC08943,2850000,1850000,1500000rb,6200000,4700000,freelance,2024-10-05 11:54
BGT04979,USR062,INC06178,4700000,2500000,2000000,9200000,7200000,salary,2024-11-19 20:51
BGT03024,USR073,INC00903,3000000,1850000,1300000,6100000,4850000,bonus,2024-04-28 22:43
BGT05219,USR053,INC06592,1850000,1050000,500000,3400000,2900000,bonus,2023-01-29 02:29
BGT01974,USR043,INC07182,4000000,2450000,1400000,7850000,6450000,bonus,2024-06-07 04:07
BGT09136,USR032,INC04619,800000,450000,400000,1600000,1250000,part_time,2024-01-14 15:53
BGT00514,USR009,INC03624,850000,600000,500000,1950000,1450000,allowance,2023-07-03 03:43
BGT05021,USR015,INC07080,500000,250000,250000,1000000,750000,allowance,2023-06-28 00:41
BGT04496,USR008,INC01604,1100000,-550000,350000,2000000,1650000,part_time,2024-05-11 04:32
BGT01270,USR033,INC05680,1000000,550000,400000,1950000,1600000,part_time,2023-07-31 09:35
BGT04549,USR051,INC05217,3650000,2250000,1150000,7050000.00,5900000,,2024-08-17 17:09
BGT09829,USR013,INC07677,800000,600000,300000,1700000,1400000,allowance,2024-04-29 18:36
BGT09328,USR045,INC07524,3450000,2100000,850000,6350000,5550000,bonus,2023-07-17 00:03
BGT07437,USR057,INC03260,1650000,1150000,650000,3450000,2800000,freelance,2023-05-16 22:43
BGT00366,USR012,INC05129,1350000,900000,750000,2950000,2250000,allowance,2023-12-21 03:26
BGT03418,USR005,INC00626,700000,350000,250000,1300000,1050000,allowance,2023-07-10 17:48
BGT02193,USR032,INC08369,1400000,800000,900000,3150000,2200000,freelance,2023-04-12 07:14
BGT03453,USR022,INC07733,1750000,1100000,1000000,3850000,2850000,freelance,2023-08-11 10:04
BGT07848,USR041,INC05247,2400000,1500000,750000,4650000,3900000,freelance,2024-02-19 03:25
BGT07844,USR005,INC04747,1000000rb,600000,250000,1800000,1600000,scholarship,2024-12-18 11:44
BGT01994,USR045,INC00130,2950000,2200000,1550000,6650000,5150000,freelance,2023-07-04 13:27
BGT08224,USR062,INC04687,5150000,2950000,,9900000,8100000,business,2024-12-29 15:53
BGT09454,USR032,INC04588,2550000,1400000,,4750000,3950000,allowance,2024-11-13 10:33
BGT05978,USR036,INC05086,900000,450000,350000,1750000,1350000,internship,2024-12-22 10:57
BGT08880,USR020,INC07276,1100000,600000,450000,2150000,1700000,allowance,2023-11-27 12:45
BGT08209,USR057,INC08644,3050000,2100000,1600000,6750000,5150000,bonus,2024-11-15 01:40
BGT03726,USR021,INC06551,1900000,1250000,1000000,4150000,3150000,internship,2024-03-20 12:03
BGT03878,USR072,INC05846,3250000,1600000,950000,5800000,4850000,investment_return,2023-09-12 14:19
BGT05113,USR039,INC00014,1100000,600000,350000,2000000,1700000,freelance,2023-10-11 08:49
BGT03492,USR070,INC06590,3450000,1800000,950000,6200000,5250000,freelance,2024-03-29 16:02
BGT09965,USR065,INC04356,1900000,1400000,850000,4150000,3300000,investment_return,2024-08-16 07:50
BGT06092,USR066,INC05491,2650000,1600000,1350000,,4250000,business,2023-11-27 10:14
BGT08294,USR015,INC09486,1150000,600000,350000,2100000,1750000,allowance,2023-11-12 13:40
BGT01469,USR035,INC00702,1300000,800000,,2350000,2100000,part_time,2024-12-30 07:24
BGT02284,USR038,INC00275,800000,450000,,1750000,1250000,,2023-01-07 17:24
BGT06712,USR054,INC07618,2800000,1750000,,6000000,4550000,bonus,2024-01-18 01:55
BGT00528,USR009,INC06513,900000,500000,250000,1650000,1400000,allowance,2023-03-18 12:53
BGT02301,USR036,INC03986,800000,-450000,400000,1650000,1250000,allowance,2024-03-15 15:35
BGT09351,USR007,INC04319,950000,600000,300000,,1550000,allowance,2024-05-15 16:59
BGT07815,USR072,INC05024,3700000,1950000,,7250000,7250000,investment_return,
BGT09459,USR033,INC07555,1300000,600000,450000,2400000.00,1900000,freelance,2023-08-07 12:20
BGT02321,USR066,INC05942,2200000,1300000,850000,4350000,3500000,,2023-04-07 18:12
BGT03458,USR010,INC03600,1150000,800000,400000,2350000,1950000,scholarship,2023-06-02 12:37
BGT08361,USR004,INC05573,950000,700000,450000,2100000,1650000,allowance,2024-04-29 19:24
BGT00589,USR009,INC07126,1400000,850000,500000,2750000,2250000,scholarship,2023-08-28 17:56
BGT09809,USR043,INC07242,2000000,1150000,400000,3550000,3150000,salary,2024-12-28 21:06
BGT06715,USR070,INC05357,3150000,2200000,1100000,6400000,5350000,salary,2024-03-13 19:37
BGT00134,USR006,INC06432,1050000,650000,650000,2350000,1700000,part_time,2024-01-12 16:27
BGT00140,USR054,INC00727,1700000,900000,450000,3050000,2600000,,2024-01-12 12:44
BGT04577,USR024,INC04816,900000,550000,450000,1850000,1450000,allowance,2023-05-29 10:40
BGT08420,USR067,INC08191,4500000,2550000,1450000,8450000,7050000,salary,2023-03-18 22:57
BGT08839,USR072,INC08343,3600000,1750000,1350000,6700000,5350000,salary,2023-11-19 23:55
BGT08270,USR022,INC03615,1450000,1100000,650000,3200000,2550000,freelance,2024-07-18 16:08
BGT07988,USR024,INC06272,2000000,1150000,800000,3900000,3150000,internship,2024-02-07 19:06
BGT07169,USR061,INC03394,2800000,1750000,750000,5300000,4550000,business,2023-07-23 11:18
BGT00048,USR026,INC07575,1100000rb,650000,250000,2000000,1750000,part_time,2024-04-05 06:09
BGT03151,USR016,INC05073,900000,600000,450000rb,2000000,1500000,ALLOWANCE,2024-04-10 06:45
BGT09237,USR001,INC00389,1000000,600000,350000,1950000,1600000,allowance,2024-05-12 07:46
BGT06539,USR027,INC02146,,1150000,450000,3650000,3200000,allowance,2024-10-28 03:29
BGT07521,USR012,INC09983,1100000,750000,400000,2250000,1850000,scholarship,2023-07-21 00:28
BGT08257,USR069,INC00836,2900000,1700000,1450000,6000000,4600000,business,2023-08-13 06:56
BGT04925,USR057,INC08171,2900000,1600000rb,1200000,5700000,4500000,salary,2023-11-06 00:36
BGT00707,USR049,INC03219,1550000,950000,700000,3200000,2500000,freelance,2024-12-06 21:49
BGT01552,USR051,INC01110,4000000,2000000,1400000,7450000,6000000,salary,2023-06-22 14:32
BGT00799,USR026,INC09580,1150000,700000,500000,2350000,1850000,part_time,2023-02-10 14:37
BGT08134,USR052,INC05823,2450000,1450000,550000,4450000,3900000,salary,2024-11-05 22:26
BGT07841,USR007,INC04330,750000,550000,350000,1650000,1300000,scholarship,2024-06-12 23:48
BGT06441,USR034,INC08224,2000000,1450000,900000,4400000,3450000,freelance,2023-07-25 08:46
BGT03884,USR031,INC01657,2350000,1600000,1050000,5000000,3950000,internship,2024-09-08 21:46
BGT04450,USR010,INC07125,1150000,700000,300000,2150000,1850000,part_time,
BGT05742,USR072,INC01610,3750000,2100000,1950000,7800000,5850000,business,2024-10-16 22:26
BGT00021,USR067,INC07036,3800000,2300000,2400000,8500000,6100000,salary,2024-11-20 19:33
BGT04465,USR072,INC03573,3850000,2650000,,8600000,6500000,investment_return,2024-09-03 19:08
BGT03071,USR033,INC09864,1850000,1250000,700000,3750000,3100000,internship,2024-11-28 00:50
BGT00423,USR039,INC05274,700000,500000,300000,1500000,1200000,internship,2024-12-10 02:22
BGT00396,USR025,INC03920,1600000,950000,650000,3150000,2550000,ALLOWANCE,2023-01-19 20:30
BGT02262,USR019,INC07141,900000,500000,300000,1700000,1400000,allowance,2023-02-22 13:16
BGT05595,USR031,INC08533,2100000,1150000,600000,3850000,3250000,part_time,2024-12-24 15:45
BGT06365,USR052,INC06943,2000000,1200000,1300000,4500000,3200000,bonus,2023-04-30 13:01
BGT01878,USR017,INC02764,600000,350000,300000,1250000,950000,allowance,2024-03-09 10:16
BGT01759,USR043,INC09979,3800000,2200000,1300000,7300000,6000000,freelance,2024-04-20 07:54
BGT07252,USR029,INC06499,1150000,800000,600000rb,2550000,1950000,,2024-10-17 07:18
BGT08959,USR013,INC06598,800000,500000,350000,1650000,1300000,allowance,2024-09-10 21:17
BGT07577,USR019,INC06200,1000000,500000,300000,1800000,1500000,scholarship,2023-04-12 19:16
BGT07655,USR048,INC02981,3000000,1700000,1050000,5750000,4700000,salary,2023-11-22 06:45
BGT08149,USR072,INC07684,4700000,3200000,,10000000,7900000,freelance,2023-07-12 22:11
BGT04483,USR040,INC06289,1600000,800000,600000,3050000,2400000,allowance,2023-02-08 22:58
BGT08805,USR001,INC09458,1250000,800000,500000,2500000,2050000,allowance,
BGT03213,USR064,INC09681,3050000,2000000,1600000,6650000,5050000,freelance,2023-10-23 12:44
BGT04217,USR012,INC03184,1300000,800000,400000,2500000,2100000,part_time,2024-09-01 19:58
BGT09947,USR016,INC02835,600000,300000,250000,1150000,750000,part_time,2023/04/18 05:01
BGT01043,USR025,INC06672,850000,450000,250000,1550000,1300000,freelance,2024-08-27 03:08
BGT08439,USR059,INC02404,2050000,1150000,1200000,4400000,3200000,salary,2024-02-24 10:06
BGT06198,USR018,INC07683,650000,400000,300000,1350000,1050000,allowance,2023-11-15 00:29
BGT02340,USR042,INC04907,3800000,2100000,1150000,7050000,5900000,salary,2024-09-21 11:45
BGT01235,USR046,INC05749,1850000,1250000,850000,3950000,3100000,bonus,2024-02-14 06:00
BGT08161,USR033,INC08564,1300000,750000,700000,2750000,2050000,internship,2023-04-11 20:41
BGT02425,USR030,INC07233,2250000,1300000,650000,4200000,3550000,freelance,
BGT02293,USR051,INC08037,1750000,900000,600000,3250000,2650000,freelance,2023-09-24 10:51
BGT08695,USR069,INC06495,4350000,2200000,1650000,8200000,6550000,freelance,2024-03-10 05:25
BGT08147,USR035,INC05325,1300000,900000,650000,2850000,2200000,allowance,2023-08-24 05:33
BGT03673,USR017,INC00278,1000000,600000,600000,2150000,1600000,allowance,2024-08-11 00:27
BGT07728,USR067,INC05516,4200000,2000000,1450000,7650000,6200000,business,2024-11-07 10:49
BGT01646,USR061,INC02379,4200000,2700000,1050000,7900000,6900000,bonus,2023-07-26 07:52
BGT05769,USR059,INC09186,3050000,1900000,600000,5550000,4950000,salary,2023-12-11 04:11
BGT00688,USR028,INC06581,1000000,550000,450000,2000000,1550000,part_time,2024-03-18 18:09
BGT04797,USR022,INC04258,1450000,800000,850000,3100000,2250000,INTERNSHIP,2024-03-18 08:46
BGT07582,USR069,INC02604,4350000,2850000,2050000,9250000,7200000,investment_return,2023-06-30 20:37
BGT05784,USR059,INC02256,-3850000,2250000,1150000,7300000,6100000,business,2023-08-05 12:40
BGT08341,USR025,INC06259,1450000,850000,,3100000,2300000,freelance,2024-11-26 19:04
BGT01348,USR016,INC09818,1000000,500000,350000,1850000,1500000,allowance,2023-04-20 06:10
BGT00237,USR034,INC09393,1500000,1000000,550000,3100000,2500000,internship,2024-04-07 17:40
BGT00430,USR042,INC04501,2950000,2200000,1550000,6650000,5150000,salary,2024-07-03 05:28
BGT07126,USR073,INC08144,4850000,2650000,2000000,9550000,7500000,investment_return,2023-09-13 03:14
BGT08520,USR022,INC03529,1050000,650000,600000,2250000,1700000,internship,2023-01-23 16:33
BGT09626,USR015,INC02915,700000,400000,250000,1350000,1100000,allowance,2023-06-11 04:07
BGT09750,USR042,INC06434,3200000,2050000,1150000,6400000,5250000,business,2023-01-28 14:46
BGT09636,USR028,INC01526,850000,450000,350000,1650000,1300000,internship,2023-09-04 07:45
BGT05499,USR002,INC02728,700000,400000,200000,1300000,1100000,scholarship,2023-04-16 10:29
BGT02060,USR064,INC01643,2200000,1250000,1350000,4800000,3450000,investment_return,2023-06-23 20:10
BGT02983,USR005,INC01575,1050000,750000,450000,2250000,1800000,part_time,2024-02-27 07:21
BGT00907,USR037,INC03501,1050000rb,650000,400000,2100000,1700000,freelance,2023-01-12 02:32
BGT03585,USR010,INC05058,950000,550000,450000,1950000,1500000,part_time,2024-02-15 11:07
BGT01185,USR037,INC05879,1500000,,600000,3100000,2500000,internship,2024-07-29 04:29
BGT06372,USR075,INC01163,3600000,2000000,1750000,7350000,5600000,investment_return,2023-02-28 20:49
BGT08318,USR012,INC00719,1350000,900000,750000,2950000,2250000,allowance,2024-04-17 01:44
BGT00914,USR002,INC05180,1300000,800000,650000,2750000,2100000,part_time,2024-10-26 18:49
BGT06251,USR063,INC05223,4400000,2750000,1650000,8800000,7150000,investment_return,2023-06-28 08:04
BGT09252,USR021,INC07218,1200000,650000,600000,2450000,1850000,freelance,2023-08-14 19:40
BGT01334,USR048,INC04298,1900000,1200000,750000,3850000,3100000,business,2023-04-10 02:20
BGT09927,USR062,INC05873,5000000,2900000,1400000,9300000rb,7900000,FREELANCE,2023-04-10 14:07
BGT08515,USR022,INC08710,900000,550000,550000,1950000,1450000,freelance,2024-10-06 11:27
BGT05949,USR023,INC06097,2100000,1400000,1000000,,3500000,internship,2023-04-29 21:42
BGT07287,USR004,INC09688,1400000,750000,400000rb,2550000,2150000,part_time,2023-01-01 08:31
BGT07874,USR025,INC05603,1000000,600000,550000,2150000,1600000,allowance,2024-07-02 22:38
BGT02240,USR023,INC03495,1900000,1050000,950000,3900000,2950000,PART_TIME,2023-02-22 17:02
BGT07857,USR001,INC01462,1000000,550000,400000,2000000,1550000,part_time,2024-10-18 23:27
BGT08216,USR025,INC03709,1200000,750000,250000,2200000,1950000,freelance,2023-09-02 13:21
BGT01176,USR019,INC02683,450000,300000,250000,1000000,750000,scholarship,15/08/2024 08:35
BGT01463,USR021,INC03261,2050000,1300000,1000000,4400000,3350000,freelance,
BGT04086,USR071,INC00971,4250000,2350000,1550000,8150000,6600000,bonus,2024-10-05 15:24
BGT01872,USR053,INC09517,3350000,1850000,1200000,6400000,5200000,freelance,2023-11-04 14:02
BGT02921,USR030,INC03220,2200000,1550000,1100000,4850000,3750000,FREELANCE,2024-03-14 10:21
BGT03595,USR041,INC06050,1550000,950000,850000,3350000,2500000,bonus,2024-08-02 18:23
BGT05848,USR032,INC09900,850000,450000,,1550000,1300000,freelance,2024-12-18 11:53
BGT00586,USR030,INC06329,2450000,1650000,,5000000,4100000,part_time,2023-06-05 02:05
BGT02346,USR064,INC01221,3700000,1900000,1800000,,5600000,business,2024/04/10 01:38
BGT09447,USR061,INC08665,3350000,2250000,,7000000,5600000,business,2024-08-26 12:41
BGT03494,USR039,INC01760,2250000,1300000,550000,4100000,3550000,allowance,2023-06-21 07:45
BGT03426,USR031,INC04235,1900000,1300000,750000,4000000,3200000,allowance,2023-08-19 11:41
BGT02190,USR016,INC05044,1100000,750000,350000,2250000,1850000,allowance,2023-04-30 15:51
BGT08782,USR071,INC03392,4150000,2600000,2500000,9250000,6750000,business,2023-07-04 19:00
BGT00689,USR004,INC07437,750000,400000,350000,1500000,1150000,scholarship,2024-08-22 16:44
BGT02707,USR022,INC01734,1200000,800000,500000,2500000,2000000,allowance,2024-10-18 12:16
BGT09436,USR060,INC05296,3000000,1700000,1200000,5900000,4700000,salary,2024-05-19 15:41
BGT02647,USR006,INC06782,600000,300000,200000,1050000,900000,part_time,2023-11-06 15:57
BGT01613,USR066,INC01339,2850000,1850000,1400000,6100000,4700000,investment_return,2023-11-17 03:42
BGT03103,USR070,INC05535,2150000,1200000,900000,4200000,3350000,bonus,2023-12-03 15:31
BGT08991,USR038,INC01914,2150000,1100000,800000,4100000,3250000,freelance,2023/12/05 21:50
BGT04341,USR029,INC03680,1550000,1050000,750000,3350000,2600000,internship,2023-02-21 11:54
BGT04171,USR026,INC05232,1900000,1000000,700000,3600000,2900000,part_time,2024-04-19 19:15
BGT05144,USR063,INC02878,2700000,1450000,1450000,5650000,4150000,freelance,2023-01-16 12:16
BGT00458,USR035,INC08076,1050000,650000,300000,2000000,1700000,part_time,2023-02-02 18:03
BGT02236,USR038,INC05985,1450000,900000,400000,2750000,2350000,internship,2024-12-26 02:17
BGT02313,USR001,INC03060,600000,400000,200000,1200000,1000000,allowance,2023-12-22 16:10
BGT01094,USR012,INC03333,1450000,800000,500000,2750000,2250000,part_time,03/10/2023 15:46
BGT09534,USR032,INC07400,1300000,750000,350000,2400000,2050000,allowance,2024-11-08 00:25
BGT08944,USR027,INC01341,2200000,1400000,900000,4450000,3600000,allowance,2024-10-27 07:13
BGT02363,USR021,INC05537,2100000,1150000,1000000,4250000,3250000,allowance,2023-02-22 06:04
BGT06495,USR073,INC09190,3800000,2300000,2150000,8300000,6100000,salary,2023-07-10 23:31
BGT00039,USR030,INC08215,850000,550000,300000,1700000,1400000,allowance,2024-12-13 05:39
BGT03036,USR012,INC01187,800000,500000,350000,1650000,1300000,part_time,2024-03-26 21:22
BGT09437,USR041,INC09358,1700000,1150000,550000,3350000,2850000,freelance,17/12/2024 11:01
BGT00118,USR072,INC02050,5300000,2850000,1650000,9800000,8150000,investment_return,2023-01-06 10:29
BGT01141,USR031,INC01306,2250000,1450000,,5000000,4200000,internship,2024-07-30 16:15
BGT07338,USR055,INC00143,4100000,2400000,1050000,7550000,6500000,salary,2024-09-22 15:00
BGT02304,USR046,INC07235,2450000,1300000,1050000,4800000,3750000,salary,2023-03-15 19:36
BGT00857,USR045,INC04966,3550000,2400000,1800000,7750000,5950000,business,2023-12-09 18:21
BGT05093,USR014,INC08959,550000,400000,300000,1250000,950000,allowance,2024-04-24 21:42
BGT00921,USR025,INC04866,1500000,950000,550000,2950000,2450000,freelance,2023-11-08 17:17
BGT04381,USR019,INC08295,700000,450000,150000,1300000,1150000,part_time,2023/08/06 17:45
BGT03223,USR009,INC01311,800000,450000,500000,1750000,1250000,scholarship,2023-02-13 14:09
BGT01712,USR030,INC03790,2550000,1500000,750000,4800000,4050000,allowance,2023-12-09 09:09
BGT09200,USR042,INC07643,2200000,1250000,650000,4100000,3450000,bonus,2024-05-19 08:27
BGT06698,USR022,INC09376,1450000,1000000,800000,3250000,2450000,allowance,2023-05-01 07:14
BGT06838,USR021,INC07308,850000,550000,500000,1900000,1400000,allowance,2024-02-29 11:55
BGT03610,USR053,INC04647,2250000,1500000,650000,4400000,3750000,freelance,2024-12-06 23:36
BGT04083,USR034,INC08414,750000,550000,400000,1700000,1300000,internship,2024-04-19 03:22
BGT07180,USR054,INC04661,3700000,1950000,1050000,6700000,5650000,freelance,2024-12-24 19:11
BGT10000,USR057,INC00152,1650000,850000,500000,3000000,2500000,bonus,2023-05-04 02:55
BGT02012,USR072,INC02228,2600000,1550000,1400000,5550000,4150000,bonus,2023-12-24 07:15
BGT08371,USR017,INC08334,550000,400000,200000,1150000,950000,part_time,2024-05-03 12:02
BGT08929,USR012,INC03078,1200000,700000,300000,2200000,1900000,,2024-07-10 08:33
BGT04430,USR024,INC03973,1500000,950000,600000,3100000,2450000,allowance,2023-02-02 04:17
BGT06326,USR031,INC07957,-2400000,1350000,1250000,5000000,3750000,part_time,2023-04-21 10:39
BGT06264,USR028,INC06741,1350000,800000,850000,2950000,2150000,freelance,2023-08-08 09:12
BGT04475,USR075,INC02677,3250000,2100000,1150000,6500000,5350000,bonus,2023-03-27 23:00
BGT04048,USR065,INC03636,2350000,1450000,800000,4600000,3800000,investment_return,2023-06-07 06:16
BGT01532,USR065,INC00581,2700000,,1350000,6050000,4700000,bonus,2023-05-11 12:09
BGT08025,USR068,INC01108,4500000rb,2500000,2200000,9200000,7000000,freelance,2024-07-21 13:03
BGT00416,USR027,INC02660,750000,450000,350000,1550000,1200000,internship,
BGT04831,USR065,INC01738,4700000,2350000,1650000,8700000,7050000,investment_return,2023-01-25 19:57
BGT03247,USR041,INC07243,3600000,2050000,2200000,7850000,5650000,business,2024-12-21 07:16
BGT09174,USR041,INC07470,2450000,1400000,1150000,5050000,3850000,salary,2023-01-30 18:48
BGT07741,USR025,INC07879,1350000,950000,600000,2900000,2300000,allowance,2024-09-24 16:05
BGT09354,USR007,INC07151,800000,550000,500000,1850000,1350000,SCHOLARSHIP,2024-04-18 19:15
BGT08957,USR025,INC06010,1450000,900000,550000,2900000,2350000,allowance,2023-03-22 14:50
BGT00321,USR055,INC00648,,2150000,1450000,7600000,6200000,bonus,2023-02-12 05:19
BGT04996,USR013,INC07305,1050000,600000,250000,1900000,1650000,allowance,2023-11-08 09:26
BGT07853,USR068,INC07510,2050000,1100000,900000,4000000,3150000,freelance,2024/09/18 17:05
BGT02756,USR021,INC04332,1700000,1250000,850000,3800000,2950000,allowance,2023-01-09 00:28
BGT02323,USR070,INC04502,2400000,1250000,1150000,4850000,3650000,bonus,2023-08-18 07:29
BGT09334,USR068,INC08059,3700000,2100000,1050000,6850000,5800000,freelance,2024-10-17 06:59
BGT00319,USR072,INC04779,,1700000,1250000,6250000,5000000,freelance,2023-12-06 18:51
BGT01882,USR020,INC09069,1450000,800000,400000,2650000,2250000,scholarship,2024-10-13 09:41
BGT08534,USR069,INC06945,2850000,2050000,1450000,6350000,4900000,investment_return,2024-05-09 15:09
BGT04443,USR004,INC06298,1300000,750000,250000,2300000,2050000,allowance,2024-01-06 09:57
BGT01500,USR068,INC06240,4950000,3000000,1750000,9700000,7950000,business,2023-09-01 21:16
BGT06028,USR066,INC03222,3150000,2050000,1200000,6400000,5200000,investment_return,2024-03-18 02:50
BGT01359,USR037,INC07553,2050000,1150000,700000,3900000,3200000,internship,2023-04-19 10:40
BGT09619,USR059,INC02600,,950000,850000,3450000,2600000,salary,2024-12-31 09:37
BGT05358,USR028,INC01332,1200000,700000,700000,2600000,1900000,freelance,2023-10-14 21:52
BGT05678,USR019,INC08443,1550000,750000,500000,2800000,2300000,scholarship,2023-02-01 17:50
BGT00080,USR074,INC00415,4700000,3100000,1600000,9350000,7800000,investment_return,2023-09-17 14:38
BGT09996,USR038,INC07078,1850000,1100000,400000,3350000,2950000,allowance,2024-11-06 17:01
BGT04384,USR008,INC05290,1500000,1000000,,2950000,2500000,scholarship,2023-05-05 16:11
BGT07930,USR024,INC01128,1800000,1150000,800000,3750000,2950000,internship,2024-09-17 17:19
BGT05628,USR050,INC06975,1950000,1100000,750000,3850000,3050000,freelance,2024-08-07 10:46
BGT03482,USR069,INC08477,2600000,1650000,1050000,5300000,4250000,freelance,2023-08-28 06:45
BGT02387,USR034,INC00875,850000,450000,400000,1700000,1150000,allowance,2024-06-19 16:26
BGT05697,USR060,INC09969,1750000,950000,550000,3200000,2700000,business,
BGT07473,USR033,INC02036,1100000,700000,600000,2400000,1800000,part_time,2023-05-22 12:41
BGT00876,USR027,INC09203,2500000,,1100000,4900000,3800000,internship,2023-03-07 04:18
BGT07811,USR009,INC03845,950000,700000,400000,2000000,1650000,allowance,2023-08-01 10:08
BGT03718,USR040,INC01961,950000,550000,400000,1900000,1500000,part_time,2023-07-04 20:36
BGT05801,USR034,INC00399,2750000,1450000,700000,4900000,4200000,internship,24/12/2024 02:45
BGT03169,USR032,INC04917,1650000,1000000,800000,3450000,2650000,part_time,2023-05-28 23:43
BGT03031,USR032,INC02130,2450000,1550000,700000,4700000,4000000,part_time,2023-12-09 00:27
BGT06015,USR060,INC00041,3400000,1800000,1650000,6850000,5200000,freelance,2024-10-31 18:33
BGT02902,USR022,INC05756,950000,550000,250000,1750000,1500000,freelance,2023-12-08 14:50
BGT03827,USR052,INC05599,1750000,1050000,,3600000,2800000,bonus,2023-01-29 22:15
BGT04209,USR025,INC03085,800000,450000,350000,,1250000,part_time,2024-10-02 03:42
BGT05152,USR030,INC02922,950000,550000,250000,1750000,1500000,part_time,2024-08-20 00:37
BGT01442,USR038,INC08957,1100000,650000,300000,2050000,1750000,part_time,2023-05-07 06:38
BGT02369,USR045,INC08875,4500000,2550000,950000,8000000,7050000,business,2024-06-08 23:19
BGT05456,USR034,INC06142,650000,500000,350000,1500000,1150000,freelance,2023-09-28 03:51
BGT00542,USR035,INC02171,1500000,1050000,550000,3100000,2550000,part_time,2024-07-17 21:34
BGT00192,USR013,INC06520,650000,500000,350000,1500000,1150000,part_time,2023-07-15 22:05
BGT09887,USR063,INC06059,3350000,1850000,1650000,6850000,5200000,business,2024-05-07 05:33
BGT08197,USR072,INC04026,2900000,1800000,1350000,6050000rb,4700000,business,2023-05-10 23:05
BGT08566,USR052,INC01744,1900000,1250000,1100000,4250000,3150000,business,2024-08-29 17:27
BGT09648,USR064,INC05608,3350000,1950000,1000000,6300000,5300000,salary,2023-11-12 18:45
BGT06500,USR047,INC00590,-3600000,1950000,,6700000,5550000,,2024-12-09 18:50
BGT00501,USR002,INC01392,450000,300000,250000,1000000,750000,part_time,2024-09-19 20:50
BGT03204,USR039,INC00753,1800000,1000000,650000,3450000,2800000,freelance,2023-07-09 20:34
BGT07382,USR073,INC07209,3750000,2250000,1200000,7200000,4400000,salary,2024-01-24 02:18
BGT05600,USR039,INC08495,1850000,950000,650000,3450000,2800000,internship,2023-04-02 20:00
BGT08360,USR025,INC07873,1700000,1000000,550000,3250000,2700000,freelance,2023-01-09 03:54
BGT07255,USR018,INC02268,1150000,550000,400000,2100000,1700000,allowance,2023-05-20 02:28
BGT00434,USR062,INC03819,2250000,1600000,900000,4750000,3850000,business,2024-03-13 14:26
BGT04551,USR002,INC03738,1400000,750000,700000,2850000,2150000,part_time,2023-08-10 04:31
BGT08494,USR030,INC06594,1250000,800000,650000,2700000,2050000,part_time,2023-05-31 03:17
BGT00979,USR073,INC01242,3700000,2150000,2150000,8000000,5850000,bonus,26/03/2023 15:46
BGT05388,USR039,INC03530,1300000,850000,450000,2650000,2150000,part_time,2024-08-31 15:01
BGT06410,USR026,INC05662,1500000,1100000,750000rb,3300000,2600000,internship,2023-10-02 20:26
BGT05967,USR023,INC06901,950000,550000,300000,1850000,1500000,internship,2024-12-25 02:49
BGT07166,USR031,INC07328,850000,500000,250000,1650000,1350000,internship,2023-09-17 22:44
BGT05476,USR049,INC01771,3150000,2050000,1450000,6650000,5200000,business,2023-04-06 17:29
BGT04183,USR069,INC07949,4100000,2150000,1450000,7700000,6250000,business,2024-08-28 10:25
BGT09266,USR010,INC09526,600000,350000,200000,1150000,950000,allowance,2023-12-15 08:41
BGT03554,USR061,INC07908,3700000,2150000,1850000,7700000,5850000,freelance,2023-04-20 06:09
BGT03858,USR025,INC09784,1250000,700000rb,300000,2300000,1950000,allowance,2024-03-29 19:22
BGT01467,USR062,INC01775,2950000,1500000,900000,,4450000,salary,2024-06-29 23:12
BGT09683,USR046,INC09883,2200000,1250000,1050000,4500000,3450000,freelance,2023-12-04 23:30
BGT02674,USR036,INC01697,1200000,550000,350000,2100000,1750000,allowance,2024-09-29 01:22
BGT03511,USR044,INC00176,2900000,1450000,1300000,5650000,4350000,business,2023-06-25 23:12
BGT02858,USR066,INC08563,2850000,,700000,5050000,4350000,freelance,2024-03-03 19:40
BGT07587,USR049,INC00614,3850000,2500000,1200000,7550000,6350000,business,2023-05-10 14:18
BGT06717,USR028,INC04322,2100000,1200000,900000,4200000,3300000,part_time,2023-02-17 05:45
BGT01695,USR022,INC06112,1650000,950000,850000,3450000,2600000,internship,2023-05-15 06:20
BGT04866,USR013,INC01142,750000,400000,350000,1500000,1150000,,2024-09-21 10:24
BGT08251,USR029,INC09763,1350000,650000,450000rb,2450000,2000000,internship,2024-02-01 14:55
BGT05570,USR064,INC04688,4000000,2050000,1900000,7950000,6050000,business,2023-08-16 18:20
BGT09826,USR043,INC06019,2900000,1550000,900000,5350000,4450000,bonus,2024-12-19 04:37
BGT09670,USR070,INC00215,3750000,2550000,1400000,7700000,6300000,salary,2023-01-14 06:47
BGT08368,USR007,INC00637,1250000,800000,300000,2350000,2050000,part_time,2023-09-06 01:56
BGT06321,USR065,INC03382,3000000,1600000,1300000,5900000,4600000,bonus,2024-01-26 20:12
BGT08208,USR034,INC04337,950000,450000,300000,1700000,1400000,part_time,2023-12-03 01:37
BGT06404,USR070,INC06487,4550000,2650000,1900000,9100000,7200000,salary,2024-04-30 15:18
BGT01411,USR075,INC03639,4150000,2400000,1150000,7700000,6250000,business,2024-02-15 18:30
BGT03812,USR011,INC09272,1200000,750000,750000,2700000,1950000,part_time,2023-12-04 10:39
BGT04557,USR011,INC05694,1350000,,450000,2550000,2150000,part_time,2024-10-25 07:58
BGT00352,USR027,INC00417,1600000,1050000,900000,3550000,2650000,allowance,2023-06-23 07:41
BGT07207,USR044,INC04482,2700000,1800000,1500000,6000000,4500000,bonus,07/07/2024 18:03
BGT04497,USR029,INC02879,2000000rb,1200000,850000,4050000,3200000,freelance,2023-05-08 07:50
BGT00862,USR047,INC08824,3150000,1800000,1500000,6450000,4950000,business,2023-01-19 04:15
BGT06526,USR018,INC08403,1200000,700000,550000,2500000,1900000,part_time,2023-01-18 04:09
BGT03320,USR006,INC04757,1000000,700000,400000,2100000,1700000,part_time,2023-03-19 02:23
BGT09275,USR070,INC03677,4450000,2300000,1500000,8200000,6750000,bonus,2023-10-24 21:32
BGT01959,USR055,INC07899,2300000,1600000,800000,4700000,3900000,business,2023-01-11 13:46
BGT03691,USR009,INC05593,1400000,1000000,,3000000,2400000,part_time,2024-07-19 21:12
BGT01794,USR036,INC01850,2000000,1150000,850000,4050000,3150000,freelance,2023-04-27 01:40
BGT06824,USR013,INC09336,1400000,950000,500000,2900000,2350000,part_time,2024-09-26 14:39
BGT01262,USR009,INC02455,550000,300000,150000,1000000,850000,allowance,2023-05-18 09:50
BGT03288,USR061,INC09751,4500000,2800000,1200000,8450000,7300000,bonus,
BGT06035,USR055,INC05159,1650000,1000000,550000,3200000,2650000,freelance,2024-10-22 14:33
BGT02731,USR072,INC00633,4350000,2200000,1950000,8500000,6550000,salary,2023-03-06 00:48
BGT09451,USR047,INC02177,3400000,2200000,850000,6400000,5600000,freelance,2023-03-29 02:04
BGT06801,USR004,INC06858,900000,450000,350000,1750000,1350000,part_time,2024-08-28 02:14
BGT00577,USR042,INC07040,1750000,850000,550000,3150000,2600000,freelance,2024-12-11 00:39
BGT05890,USR010,INC01107,1550000,900000,550000,3000000,2450000,scholarship,2024-11-19 03:53
BGT02749,USR011,INC00962,1050000,550000,400000,2000000,1600000,scholarship,28/04/2023 17:37
BGT02020,USR053,INC05439,1850000,1100000,800000,3750000,2950000,freelance,2023-04-05 15:24
BGT08966,USR012,INC05104,700000,500000,400000,1600000,1200000,part_time,2023-08-02 22:10
BGT06560,USR022,INC02484,1500000,950000,500000,2900000,2450000,part_time,2023-07-31 09:43
BGT02611,USR014,INC07257,1100000,800000,550000,2450000,1900000,allowance,2023-02-14 00:53
BGT00381,USR032,INC08143,750000,500000,350000,1600000.00,1250000,freelance,2023-10-30 01:12
BGT09418,USR008,INC07821,1500000,850000,650000,3000000,2350000,scholarship,2024-01-12 16:46
BGT02539,USR059,INC00506,1750000,900000,900000,,2650000,bonus,2024-09-05 15:53
BGT02658,USR061,INC08692,5200000,3200000,1250000,9650000rb,8400000,investment_return,2024-09-24 00:35
BGT02355,USR066,INC02983,4100000,2650000,1000000,7750000,6750000,salary,2024-04-21 18:22
BGT05004,USR049,INC04098,3600000,2500000,1550000,7650000,6100000,freelance,2023-11-03 10:58
BGT07435,USR034,INC01902,1100000,750000,350000,2250000,1850000,freelance,2023-12-08 01:32
BGT04721,USR059,INC00718,4100000,2150000,1350000,7600000,6250000,business,2024-08-15 14:03
BGT07555,USR059,INC09527,2800000,1700000,1600000,6100000,4500000,FREELANCE,2023-10-15 21:55
BGT01470,USR068,INC01892,1950000,1350000,1050000,4350000,3300000,investment_return,2023-07-08 21:31
BGT00280,USR057,INC07731,3750000,2300000,1400000,7500000,6050000,business,2024-06-11 20:45
BGT06962,USR046,INC06959,3050000rb,2000000,1600000,6650000,5050000,salary,2023-01-16 15:58
BGT00714,USR044,INC08755,3350000,2150000,1650000,7150000,5500000,freelance,2024-08-08 23:49
BGT07199,USR019,INC03724,1550000,900000,,2850000,2450000,part_time,2024-08-04 22:08
BGT02186,USR065,INC02809,4850000,2900000,1050000,,7750000,salary,2023-12-20 03:35
BGT08625,USR016,INC05928,1100000,600000,300000,2000000,1700000,allowance,2024-08-23 15:38
BGT08918,USR041,INC01949,3250000,1800000,1200000,6250000,5050000,bonus,2023-01-24 23:01
BGT05858,USR016,INC06919,1250000,600000,550000,2400000,1850000,scholarship,2023-06-21 02:04
BGT01497,USR053,INC05667,1600000,1050000,500000,3150000,2650000,salary,2024-05-11 04:13
BGT04319,USR031,INC08623,1700000,1100000,750000,3550000,2800000,allowance,2023-04-15 22:19
BGT05693,USR043,INC03628,2950000,1800000,1700000,6450000,4750000,freelance,2023-11-30 15:22
BGT03780,USR049,INC02237,2400000,,1250000,5300000,4050000,business,2024-06-16 16:09
BGT08922,USR075,INC07624,3000000,1700000,850000,,4700000,freelance,2023-09-11 04:47
BGT09223,USR033,INC00980,1600000,950000,1000000,3600000,2550000,freelance,2023-11-19 08:11
BGT01807,USR012,INC02867,650000,350000,250000,1250000,1000000,allowance,2024-02-10 18:51
BGT05625,USR042,INC00010,2850000,1700000,950000,5500000,4550000,bonus,2023-04-28 11:03
BGT02445,USR031,INC00045,850000,500000,250000,1600000,1350000,freelance,2023-08-10 03:57
BGT03296,USR017,INC04096,1100000,600000,600000,2300000,1700000,scholarship,
BGT06275,USR022,INC05496,1950000,950000,700000,3600000,2900000,freelance,2023-08-04 02:04
BGT08422,USR057,INC06195,3150000,1950000,1200000,,5100000,freelance,2024-12-10 16:21
BGT01452,USR019,INC00702,500000,300000,200000,1000000,800000,part_time,2024-02-25 03:10
BGT08946,USR019,INC05734,1200000,800000,450000,2400000,2000000,allowance,2023-11-25 07:07
BGT08247,USR056,INC07018,3450000,1900000,950000,6300000,5350000,bonus,2024-09-21 12:42
BGT06327,USR004,INC01480,1550000,850000,550000,3000000,2400000,part_time,2023-03-01 03:54
BGT01583,USR006,INC00468,1450000,850000,500000,2800000,2300000,scholarship,2024-09-09 02:43
BGT09987,USR072,INC07746,3200000,1900000,2000000,7100000,5100000,freelance,2023-12-18 19:01
BGT07231,USR044,INC04473,3500000,2100000,,6750000,5600000,business,2024-02-17 12:06
BGT00446,USR062,INC02619,3000000,1650000,1500000,6150000,4650000,salary,
BGT03489,USR009,INC08881,700000,450000,400000,1500000,1150000,allowance,2023-01-22 18:36
BGT01258,USR036,INC04230,1100000,650000,650000,2400000,1750000,allowance,29/09/2024 10:32
BGT06854,USR029,INC06166,800000,450000,200000,1500000,1250000,freelance,
BGT09729,USR023,INC06809,1750000,1200000,850000,3800000,2950000,internship,2023-02-20 16:33
BGT07904,USR057,INC04664,3150000,2000000,1550000,6650000,5150000,business,2024-03-10 08:17
BGT00055,USR019,INC01717,1000000,550000,300000,1850000.00,1550000,scholarship,2024-04-18 17:47
BGT05855,USR043,INC08335,3300000,1800000,900000,6000000,5100000,freelance,05/10/2023 23:13
BGT01365,USR035,INC05458,2250000,1300000,1300000,4900000,3550000,,2024-11-15 10:10
BGT04683,USR073,INC05835,2050000,1500000,1100000,4650000,2950000,business,2024-08-14 06:40
BGT09193,USR028,INC01599,2450000,1450000,900000,4800000,3900000,allowance,2023-05-21 00:20
BGT02873,USR043,INC03013,3350000,2150000,2150000,7650000,5500000,business,2024-11-11 14:44
BGT00593,USR036,INC00792,2350000,1150000,750000,4300000,3500000,freelance,2023-09-24 15:27
BGT05711,USR033,INC06012,1000000,550000,300000,1850000,1550000,freelance,2023-04-26 07:51
BGT06862,USR029,INC01761,1200000,900000,550000,2700000,2100000,internship,2024-11-03 14:45
BGT04598,USR054,INC03249,2850000,1400000,850000,5100000,4250000,bonus,2024-05-22 11:45
BGT04210,USR011,INC05782,-900000,450000,450000,1800000,1350000,scholarship,2023-06-28 08:52
BGT08392,USR042,INC01996,2000000,-1150000,950000,4100000,3150000,salary,2023-03-22 02:40
BGT08233,USR051,INC08923,2850000,1450000,800000,5100000,4300000,bonus,
BGT04378,USR010,INC04710,1000000,550000,300000,1850000,1550000,scholarship,2023-11-09 03:10
BGT09264,USR014,INC06508,750000,500000,250000,1500000,1250000,part_time,2024-06-26 17:58
BGT01435,USR007,INC00528,900000,500000,500000,1850000,1400000,part_time,2023-02-10 11:47
BGT01806,USR018,INC04400,900000,500000,450000,1850000,1400000,scholarship,2023-07-06 03:47
BGT02211,USR015,INC07859,950000,550000,450000,1950000,1500000,scholarship,2023-10-28 20:57
BGT02470,USR067,INC08194,3200000,2150000,1800000,7100000,5350000,investment_return,2023-04-20 21:05
BGT05907,USR056,INC02197,1450000,1000000,700000,3150000,2450000,salary,2023-10-08 03:55
BGT09707,USR064,INC01592,3600000,2000000,2100000,7700000,5600000,freelance,2024-08-28 02:22
BGT08363,USR075,INC06552,,3000000,1350000,9700000,8350000,bonus,2023-03-19 00:27
BGT00253,USR065,INC08974,2400000,1500000,900000,4850000,3900000,salary,2023-02-15 05:36
BGT01938,USR061,INC04900,3450000,1800000,1400000,6650000,5250000,business,2024-12-04 12:59
BGT07410,USR067,INC05921,2350000,1250000,900000,4550000,3600000,bonus,2024-05-24 15:28
BGT05408,USR015,INC04988,600000,300000,,1150000,900000,scholarship,2024-01-31 17:44
BGT05150,USR042,INC09626,3450000,1850000,1500000,6800000,5300000,salary,2024-08-25 04:02
BGT08421,USR069,INC01082,2950000,1800000,1700000,6450000,4750000,business,2023-12-30 11:30
BGT06046,USR074,INC01087,3150000,2100000,1750000,7000000,5250000,salary,2024-05-26 20:54
BGT05514,USR023,INC08447,1900000,950000,600000,3450000,2850000,internship,2024-12-15 13:07
BGT00651,USR062,INC05920,4150000,2650000,2400000,9200000,6800000,business,2023-09-28 15:23
BGT00817,USR071,INC09229,4250000,2650000,1150000,8050000,6900000,freelance,2023-01-11 17:16
BGT09894,USR007,INC08930,1550000,800000,600000,2950000,2350000,scholarship,2023-03-19 19:40
BGT02173,USR041,INC00497,2700000,1650000,500000,4800000.00,4350000,SALARY,2023-01-14 12:17
BGT09127,USR035,INC00445,1700000,950000,450000rb,3050000,2650000,allowance,2024-12-02 05:23
BGT03558,USR017,INC09604,600000,450000,350000,1400000,1050000,part_time,2023-06-12 11:06
BGT02252,USR052,INC08365,2750000,1850000,1350000,5950000,4600000,bonus,2024-01-08 04:32
BGT09467,USR044,INC00623,1700000,900000,400000,3000000,2600000,freelance,2024-06-20 17:17
BGT03792,USR053,INC01385,3600000,2200000,1550000rb,7300000,5800000,salary,2023-09-29 21:10
BGT02793,USR047,INC04561,1950000,1250000,450000,3650000,3200000,bonus,2024-10-13 13:28
BGT08846,USR032,INC09529,1800000,1200000,600000,,3000000,part_time,21/01/2024 16:32
BGT01451,USR026,INC08089,2250000,1450000,800000,4500000,3700000,part_time,2023-03-18 06:38
BGT02449,USR019,INC01272,1250000,900000,500000,2650000,2150000,part_time,2023/12/09 18:43
BGT00858,USR067,INC02927,2650000,1450000,700000,4800000,4100000,freelance,2024-10-12 03:51
BGT06458,USR050,INC04666,1950000,1250000,1150000,4350000,3200000,freelance,2024-09-07 14:32
BGT04193,USR070,INC02476,3750000,2600000,,7850000,6350000,bonus,2024-01-05 00:47
BGT05451,USR064,INC03729,4750000,2750000,1300000,8800000,7500000,bonus,2024-09-13 13:08
BGT00760,USR010,INC07288,1350000,800000,500000,2650000,2150000,part_time,2024-10-09 17:03
BGT02954,USR042,INC08550,3900000,2100000,1800000,7850000,6000000,salary,2024-05-28 10:03
BGT07464,USR072,INC09228,4300000,2350000,2350000,8950000,6650000,business,2023-01-25 10:38
BGT05702,USR003,INC00944,1050000,700000,450000,2250000,1750000,,2023-04-11 10:32
BGT01685,USR012,INC02759,900000,550000,200000,1650000,1450000,part_time,2023-03-03 17:24
BGT01487,USR031,INC05474,2000000,1050000,600000,3600000,3050000,part_time,2023-05-19 00:29
BGT00487,USR010,INC08304,,500000,300000,1550000,1300000,scholarship,2024-03-26 15:05
BGT00100,USR026,INC09904,2250000,1200000,550000,4000000,3450000,part_time,2024-11-28 16:15
BGT09177,USR019,INC06612,1050000,650000,400000,2100000,1700000,allowance,2024-10-25 08:51
BGT01077,USR034,INC08560,900000,450000,250000,1600000,1350000,allowance,2023-03-09 08:33
BGT04813,USR016,INC03517,,400000,400000,1550000,1150000,part_time,2023-05-24 02:10
BGT04728,USR064,INC09761,3300000,2200000,1550000,7050000,5500000,investment_return,2023-12-11 15:29
BGT04056,USR004,INC07284,1500000,1000000,,2900000rb,2500000,part_time,2023-11-27 16:12
BGT05008,USR008,INC07361,900000,600000,250000,1800000,1500000,scholarship,2024-08-29 04:14
BGT06417,USR041,INC01976,2850000,1750000,1300000,5900000.00,4600000,bonus,2023-12-04 09:48
BGT05381,USR063,INC00611,2300000,1450000,1100000,4850000,3750000,salary,2024-09-27 11:33
BGT08970,USR002,INC04340,800000,550000,450000,1800000,1350000,scholarship,2024-10-03 08:14
BGT05070,USR053,INC08972,3850000,2550000,1150000,7550000,6400000,bonus,2023-05-14 11:05
BGT02275,USR012,INC03111,600000,350000,300000,1250000,950000,scholarship,2024-12-15 09:34
BGT03798,USR014,INC03654,950000,650000,500000,2100000,1600000,PART_TIME,17/04/2023 02:36
BGT05504,USR067,INC06384,3150000,1700000,1600000rb,6450000,4850000,freelance,2024-07-03 13:31
BGT02816,USR008,INC02708,1350000,,700000,2850000,2200000,allowance,
BGT04773,USR036,INC09118,1000000,600000,400000,2000000,1600000,internship,2024-11-16 06:22
BGT01031,USR001,INC08680,1250000,750000,400000,2350000,2000000,part_time,2023-08-31 04:27
BGT00213,USR061,INC06257,3750000,2300000,1400000,7500000,6050000,business,2024-11-09 16:07
BGT04553,USR075,INC07028,2500000,1450000,850000,4850000,3950000,bonus,2024-04-17 20:22
BGT08892,USR067,INC05336,3000000,1900000,750000,5650000,5200000,business,2024-07-22 03:04
BGT04803,USR013,INC02136,1250000,800000,400000,2450000,2050000,allowance,2024-09-30 21:06
BGT09696,USR024,INC04651,950000,750000,450000,2150000,1700000,allowance,2023-11-12 04:24
BGT02094,USR072,INC04490,1900000,1350000,750000,4000000,3250000,business,2023-08-03 18:55
BGT00195,USR026,INC00304,2600000,1300000,800000,4700000,3900000,allowance,2023-05-03 22:30
BGT07507,USR007,INC09914,1500000,950000,450000,2900000,2450000,scholarship,2024-07-16 20:04
BGT02997,USR068,INC00529,4350000,2600000,1250000,8200000,6950000,investment_return,2023-12-02 17:53
BGT05884,USR013,INC00214,1400000,950000,650000,3000000,2350000,allowance,2024-10-07 03:03
BGT07273,USR045,INC04696,2200000,1100000,750000,4050000,3300000,salary,2024-06-04 23:12
BGT06907,USR019,INC09752,1250000,650000,450000,2350000,1900000,allowance,2024-04-13 02:52
BGT04898,USR056,INC09971,2250000,1650000,1100000,5050000,3900000,freelance,2023-03-14 17:46
BGT00492,USR016,INC00789,1250000,750000,700000,2700000,2000000,allowance,2023-05-20 06:07
BGT03347,USR014,INC03982,800000,,250000,1550000,1300000,allowance,2024-12-08 09:03
BGT09122,USR050,INC06588,2850000,1750000,1200000,5800000,4600000,freelance,2024-02-18 04:36
BGT00738,USR052,INC01685,2100000,1150000,1000000,4250000,3250000,business,2024-03-12 04:14
BGT02424,USR029,INC03038,850000,550000,500000,1900000,1400000,internship,2023-09-09 19:22
BGT05434,USR046,INC05301,3700000,2200000,1400000,7250000,5900000,bonus,2024-01-22 11:31
BGT08883,USR007,INC07650,700000,450000,400000,1500000,1150000,scholarship,2024-10-01 03:44
BGT01979,USR073,INC02155,4000000,2700000,2000000,8750000.00,6700000,bonus,2023-02-08 12:20
BGT08854,USR014,INC05425,950000,600000,300000,1850000,1550000,scholarship,2024-06-30 07:27
BGT01509,USR017,INC09326,1400000,800000,550000,2750000,2200000,part_time,2024-04-20 05:26
BGT08592,USR022,INC08987,,1150000rb,700000,3450000,2750000,internship,2024-03-13 01:26
BGT01616,USR012,INC07466,1300000,900000,400000,2650000,2200000,scholarship,2023-09-24 03:04
BGT05486,USR067,INC07359,3850000,2600000,1600000,8050000,6450000,salary,2023-07-16 23:27
BGT07198,USR070,INC06556,3600000,1700000,1250000,6550000,5300000,salary,03/08/2024 23:08
BGT01210,USR034,INC05054,2050000,1350000,,4100000,3400000,internship,2024-02-25 07:55
BGT01919,USR007,INC04972,900000,600000,250000,1750000,1500000,part_time,2024-06-13 18:38
BGT09963,USR070,INC05738,2600000,1950000,1200000,5800000,4550000,salary,2023-12-12 03:48
BGT00573,USR065,INC02593,2900000,1950000,1050000,5900000,4850000,investment_return,2024-04-30 20:31
BGT02896,USR039,INC08013,1400000,800000,450000,2650000,2200000,freelance,2023-10-14 22:13
BGT07960,USR066,INC09954,3450000,1750000,1300000,6550000,5200000,freelance,2024-08-29 04:17
BGT06820,USR034,INC05689,1150000,550000,350000,2050000,1700000,part_time,2024-10-05 16:38
BGT00461,USR072,INC09320,2950000,1900000,,6400000,4850000,business,2023-05-02 07:08
BGT01762,USR059,INC03602,1700000,1100000,850000,3650000,2800000,bonus,2024-02-27 18:37
BGT01703,USR012,INC01124,900000,600000,450000,1950000,1500000,scholarship,2023-03-05 04:55
BGT06673,USR013,INC06607,950000,600000,350000,1900000,1550000,part_time,2023-08-10 07:47
BGT00762,USR075,INC05167,4250000,2300000rb,1450000,8000000,6550000,salary,2024-07-05 17:21
BGT02559,USR055,INC09293,2400000,1350000,1050000,4750000,3750000,salary,2023-08-11 20:46
BGT03906,USR058,INC00338,1950000,1300000,800000,4100000,3250000,business,2023-04-01 08:26
BGT01741,USR042,INC09799,3450000,2050000,1550000,7000000,5500000,bonus,2024-07-19 05:07
BGT06536,USR057,INC01836,3100000,2100000,1400000,6600000,5200000,business,2023-06-26 23:10
BGT07808,USR023,INC03421,1600000,1100000,750000,3500000,2700000,freelance,2023-04-26 06:59
BGT06799,USR037,INC06156,1300000,650000,500000,2450000,1950000,internship,2023-11-28 14:38
BGT04830,USR067,INC07501,2700000,1650000,1550000,5900000,4350000,salary,2023-09-28 23:50
BGT02557,USR002,INC07940,850000,600000,350000,1850000,1450000,scholarship,2023-07-13 05:11
BGT03055,USR017,INC04068,1450000,900000,300000,2700000,2350000,scholarship,2023-09-08 04:59
BGT09078,USR058,INC09181,2850000,1550000,900000,5300000,4400000,freelance,07/12/2024 05:12
BGT06412,USR037,INC00183,1250000,700000,250000,2200000,1950000,freelance,
BGT06147,USR057,INC08762,2150000,1300000,850000,4300000,3550000,business,2023-02-02 07:17
BGT07676,USR024,INC07353,1150000,600000,600000,2350000,1750000,internship,2023-01-29 03:11
BGT06586,USR003,INC03192,1000000,600000,400000,2000000,1900000,allowance,2023-09-03 02:13
BGT02717,USR023,INC09071,1150000,650000,450000,2300000,1800000,internship,2024-02-08 18:08
BGT09871,USR074,INC00439,3600000,2300000,1050000,6950000,5900000,investment_return,2024-04-23 15:13
BGT07796,USR066,INC07372,2250000,1100000,650000,4000000,3350000,bonus,2024-01-22 10:37
BGT04937,USR017,INC08695,800000,500000,250000,1500000,1300000,,2024-09-18 05:07
BGT03721,USR072,INC03686,3450000,2300000,1700000,7500000,5750000,bonus,2024-02-02 21:16
BGT06273,USR073,INC03646,3900000,2200000,1150000,7250000,6100000,freelance,2024-01-07 10:10
BGT05868,USR030,INC00890,1100000,800000rb,550000,2500000,1900000,internship,2024-03-25 09:07
BGT07890,USR069,INC07919,4450000,2600000,850000,7950000,7050000,SALARY,2023-11-01 21:53
BGT07299,USR030,INC02555,2300000,1500000,750000,4550000,3800000,allowance,2024-12-19 07:23
BGT00301,USR004,INC01650,,700000,550000,2300000,1750000,part_time,2024-07-31 09:13
BGT02882,USR016,INC06433,1100000,600000,400000,2100000,1700000,part_time,2024-08-16 14:11
BGT02590,USR061,INC04196,3850000,1900000,1500000,7250000,5750000,business,2023-05-24 10:20
BGT02573,USR008,INC07517,1050000,600000,400000,2000000,1650000,allowance,2024-10-17 18:18
BGT01822,USR012,INC01656,1100000,600000,300000,2000000,1700000,scholarship,2024-08-08 15:05
BGT03971,USR071,INC03755,3200000,1850000,1350000,6350000,5050000,business,11/06/2024 20:08
BGT01740,USR015,INC08432,1250000,750000,750000,2750000,2000000,part_time,2024-07-12 04:47
BGT07964,USR001,INC09010,1150000,650000,500000,2300000,1800000,scholarship,2023-07-16 11:10
BGT01136,USR066,INC05521,3600000,1950000,1400000,6950000,5550000,business,2024-02-11 03:04
BGT04215,USR055,INC09497,3150000,1850000,1400000,6400000,5000000,freelance,2024-09-28 15:56
BGT01279,USR006,INC03607,900000,500000,500000,1850000,1400000,scholarship,2024-06-29 21:59
BGT02081,USR022,INC04626,2350000,1650000rb,1000000,5000000,4000000,allowance,2024-02-04 18:44
BGT06402,USR038,INC07473,-1450000,750000,550000,2750000rb,2200000,part_time,2024-01-27 17:46
BGT08935,USR005,INC01100,650000,450000,250000,1350000,1100000,allowance,2024-01-28 20:18
BGT03490,USR049,INC08570,2000000,1150000,950000,4050000,3150000,salary,2023-01-28 15:38
BGT08202,USR058,INC05923,4250000,2100000,1400000,7700000,6350000,salary,2023-08-05 03:17
BGT04461,USR007,INC09180,1100000,650000,200000,1950000,1750000,scholarship,2023-02-10 23:07
BGT03463,USR070,INC04305,3900000,1900000,1300000,7100000,5800000,investment_return,2023-07-06 11:04
BGT02177,USR045,INC06911,4100000,2500000,1000000,7600000,6600000,business,2024-08-18 19:17
BGT05791,USR002,INC07140,1200000,600000,350000,2150000,1800000,scholarship,
BGT06278,USR071,INC09948,4200000,2650000,2050000,8900000,6850000,investment_return,2023-06-12 11:14
BGT06779,USR058,INC00891,3200000,2300000,1200000,6700000,5500000,business,2023-01-07 23:28
BGT05845,USR043,INC09650,3450000,2200000,1700000,7350000,5650000,freelance,2023-11-11 16:47
BGT07200,USR028,INC04825,1950000,900000,600000,3450000,2850000,freelance,2023-07-18 15:36
BGT04441,USR003,INC05677,800000,550000,450000,1800000,1350000,scholarship,2024-01-28 17:16
BGT09227,USR047,INC09114,2500000,1550000,950000,5050000,4050000,freelance,2023-07-13 13:48
BGT06219,USR019,INC01682,1250000,600000,500000,2400000,1850000,allowance,2023-07-09 10:08
BGT06728,USR021,INC03770,850000,400000,300000,1550000,1250000,freelance,2024-12-08 12:06
BGT03576,USR071,INC08677,2400000,1450000,1300000,5100000,3850000,freelance,2024-06-12 07:29
BGT01338,USR074,INC07357,5100000,2850000,1500000,9450000,7950000,freelance,2023-11-03 05:34
BGT02560,USR054,INC06290,1450000,1050000,700000,3250000,2500000,freelance,2024-01-03 03:08
BGT02253,USR047,INC09556,,1500000,900000,4700000,3800000,salary,2024-11-30 07:51
BGT07628,USR064,INC08196,4750000,2600000,2300000,9650000,7350000,bonus,2024/03/16 02:25
BGT00906,USR020,INC00693,800000,450000,400000,1650000,1250000,scholarship,2024-08-21 13:13
BGT01640,USR057,INC02218,3900000,2300000,1750000,8000000,6200000,bonus,2024-02-08 02:42
BGT05379,USR014,INC06791,1250000,600000,400000,2250000,1850000,allowance,2024-07-18 16:18
BGT04631,USR050,INC00589,4250000,2300000,1150000,7750000,6550000,freelance,2024-01-03 02:20
BGT08200,USR046,INC07980,3100000,1700000,,5600000,4800000,salary,2023-02-18 20:46
BGT08050,USR037,INC04391,1800000,1050000,900000,3800000,2850000,part_time,2023-09-23 17:02
BGT01777,USR018,INC03154,950000,550000,400000,1900000,1500000,allowance,2023-06-30 20:03
BGT09103,USR007,INC03685,850000,500000,400000,1750000,1350000,allowance,2024-01-06 19:21
BGT02292,USR011,INC03386,1650000,950000,300000,2950000,2600000,scholarship,2023-09-13 07:26
BGT04391,USR044,INC00806,2500000,1650000,1050000,5200000,4150000,freelance,2023-04-18 16:30
BGT09282,USR010,INC03689,1100000,650000,500000,2250000,1750000,part_time,2023-10-12 10:16
BGT03130,USR019,INC03067,1100000,600000,550000,2250000,1700000,allowance,2024-02-15 14:52
BGT09786,USR068,INC07622,2600000,1650000,1150000,5400000,4250000,investment_return,2024-10-18 21:18
BGT06913,USR036,INC05975,1800000,1250000,850000,3900000,3050000,internship,2024-04-26 17:59
BGT03617,USR032,INC03283,950000,450000,300000,1700000,1650000,allowance,2023-08-21 00:24
BGT08426,USR049,INC03543,2400000,1450000rb,1350000,5200000,3850000,salary,2024-06-13 17:11
BGT03857,USR041,INC05356,3200000,1900000,1450000,6500000,5100000,salary,2024-10-28 11:31
BGT06928,USR050,INC00480,1600000,1000000,1050000,3650000,2600000,business,2023-10-26 00:22
BGT02606,USR057,INC08241,4200000,2300000,1450000,7950000,6500000,business,2024-09-17 21:37
BGT07871,USR010,INC02500,950000,700000,550000,2200000,1650000,allowance,2024-08-12 23:00
BGT00599,USR047,INC09062,3050000,1850000,850000,5800000,4900000,bonus,2023-02-24 15:39
BGT02033,USR043,INC06711,1550000,850000,600000,3000000,2400000,bonus,2023-12-31 03:58
BGT08631,USR028,INC07100,1500000,950000,450000,2900000,2450000,part_time,
BGT08277,USR013,INC02661,1100000,650000,550000,2300000,1750000,scholarship,2024-03-28 20:00
BGT07074,USR032,INC01246,2250000,1500000,800000,4550000,3750000,freelance,2023-11-29 10:21
BGT09235,USR011,INC00504,1250000,950000,650000,2850000,2200000,PART_TIME,2023-03-16 20:55
BGT05658,USR043,INC02687,2550000,1650000,600000,4800000,4200000,freelance,2024-02-14 00:00
BGT00823,USR058,INC01281,2150000,1550000,850000,4600000,3700000,bonus,2023-02-16 10:11
BGT00600,USR075,INC09390,2700000,1450000,1250000,5400000,4150000,bonus,2023-03-29 09:33
BGT01248,USR037,INC01112,1750000,1150000,500000,3400000,2900000,freelance,2024-07-23 07:17
BGT02631,USR060,INC08630,2700000,1650000,1050000,5400000,4350000,business,2023-05-25 10:14
BGT06534,USR056,INC09861,3200000,1600000,1100000,5900000,4800000,freelance,2024-11-11 18:21
BGT03186,USR045,INC01401,2750000,1550000,750000,5050000rb,4300000,freelance,2023-11-01 07:34
BGT04113,USR070,INC05364,2000000,1100000,1150000,4250000,3100000,business,2024-04-06 02:07
BGT02037,USR033,INC00087,1350000,750000,550000,2650000,2100000,freelance,2023-01-10 10:15
BGT05652,USR015,INC06435,550000,300000,250000,1150000,850000,allowance,2023-08-11 15:11
BGT03232,USR041,INC05888,2150000,1200000,550000,3950000,3350000,freelance,2024-03-04 09:15
BGT06158,USR027,INC09194,2300000,1400000,1200000,4900000,3700000,part_time,2024-07-13 14:47
BGT01478,USR007,INC00436,850000,450000,250000,1550000,1300000,scholarship,2024-05-03 23:05
BGT00155,USR051,INC08070,1950000,1100000,1050000,4100000,3050000,salary,2024-09-14 02:54
BGT04939,USR062,INC00615,3850000,2100000,1900000,7850000,5950000,salary,
BGT04018,USR029,INC06489,950000,700000,550000,2200000,1650000,allowance,2024-11-02 17:22
BGT09034,USR020,INC04555,550000,350000,150000,1050000,900000,part_time,25/05/2024 08:38
BGT05704,USR060,INC04549,3150000,1600000,1100000,5850000,4750000,freelance,2023-06-29 13:34
BGT08345,USR034,INC01455,1250000,800000,350000,2350000,2050000,,2024-04-14 14:26
BGT03800,USR071,INC03304,4450000,2400000,1400000,8200000,6850000,business,2023-08-19 10:32
BGT05429,USR059,INC01442,3800000,2050000,2050000,7900000,5850000,business,2023-10-27 17:29
BGT08480,USR029,INC02005,850000,500000,300000,1650000,1350000,freelance,2024-02-21 11:31
BGT07975,USR073,INC04694,3200000,2150000,1150000,6500000,5350000,salary,2023-06-21 06:34
BGT00294,USR002,INC03126,1150000,650000,500000,2300000,1800000,scholarship,2023-02-06 08:25
BGT03856,USR060,INC09269,1950000,1200000,1100000,4250000,3150000,salary,2024-09-13 08:15
BGT07828,USR036,INC01672,2000000,1150000,700000,3850000,3150000,freelance,2024-10-31 17:29
BGT02924,USR066,INC08524,3350000,2050000,1000000,6400000,5400000,freelance,2024-02-04 12:31
BGT03063,USR071,INC03415,2200000,1500000,750000,4450000,3700000,freelance,2024-06-02 14:58
BGT06866,USR075,INC03542,2800000,1700000,1000000,5450000,4500000,investment_return,2024-02-05 14:32
BGT08835,USR026,INC07532,1150000,700000,400000,2250000,1850000,allowance,2023-03-04 20:34
BGT03064,USR049,INC03014,3650000,1850000,1650000,7200000,5500000,salary,2023-08-20 01:49
BGT07897,USR021,INC07007,1950000,1350000,1100000,4400000,3300000,allowance,2023-04-21 09:33
